original_SNP	pvalue	CHR	POS	input_A1	input_A2	reason
rs9272709	3.09e-217	NA	NA	NA	NA	rsid_not_found_in_bim
rs112796194	1.04e-211	NA	NA	NA	NA	rsid_not_found_in_bim
rs9274207	9.69e-204	NA	NA	NA	NA	rsid_not_found_in_bim
rs1048439	3.91e-202	NA	NA	NA	NA	rsid_not_found_in_bim
rs5002183	3.91e-201	NA	NA	NA	NA	rsid_not_found_in_bim
rs5002182	3.91e-201	NA	NA	NA	NA	rsid_not_found_in_bim
rs5002184	4.2e-201	NA	NA	NA	NA	rsid_not_found_in_bim
rs5002185	5.26e-201	NA	NA	NA	NA	rsid_not_found_in_bim
rs9274240	1.38e-200	NA	NA	NA	NA	rsid_not_found_in_bim
rs9274242	1.38e-200	NA	NA	NA	NA	rsid_not_found_in_bim
rs6926894	3.05e-200	NA	NA	NA	NA	rsid_not_found_in_bim
rs9274269	1.51e-199	NA	NA	NA	NA	rsid_not_found_in_bim
rs9274270	1.8e-199	NA	NA	NA	NA	rsid_not_found_in_bim
rs9274292	2.45e-199	NA	NA	NA	NA	rsid_not_found_in_bim
rs9274177	2.03e-195	NA	NA	NA	NA	rsid_not_found_in_bim
rs9274176	2.1e-195	NA	NA	NA	NA	rsid_not_found_in_bim
6:32630661_T_C	3.88e-192	6	NA	NA	NA	invalid_coordinate_id
rs796429679	5.01e-192	NA	NA	NA	NA	rsid_not_found_in_bim
rs9274205	7.8e-192	NA	NA	NA	NA	rsid_not_found_in_bim
6:32630543_C_T	1.02e-191	6	NA	NA	NA	invalid_coordinate_id
6:32630619_G_A	1.77e-191	6	NA	NA	NA	invalid_coordinate_id
6:32631496_C_A	1.59e-189	6	NA	NA	NA	invalid_coordinate_id
6:32631499_G_A	1.59e-189	6	NA	NA	NA	invalid_coordinate_id
rs281864341	1.19e-187	NA	NA	NA	NA	rsid_not_found_in_bim
rs9272545	1.06e-183	NA	NA	NA	NA	rsid_not_found_in_bim
17:39908216:C:T	1.12e-182	17	39908216	C	T	no_position_allele_match_in_bim
rs3864307	6.23e-149	NA	NA	NA	NA	rsid_not_found_in_bim
rs4625927	2.16e-141	NA	NA	NA	NA	rsid_not_found_in_bim
6:32623372_A_G	1.1e-133	6	NA	NA	NA	invalid_coordinate_id
rs2760984	3.03e-129	NA	NA	NA	NA	rsid_not_found_in_bim
6:32625319_A_G	3.82e-124	6	NA	NA	NA	invalid_coordinate_id
rs71565338	8.45e-119	NA	NA	NA	NA	rsid_not_found_in_bim
rs17843719	4.38e-116	NA	NA	NA	NA	rsid_not_found_in_bim
rs10185897	1.85e-114	NA	NA	NA	NA	rsid_not_found_in_bim
6:32496471_G_A	1.7e-113	6	NA	NA	NA	invalid_coordinate_id
rs9268744	1.6e-112	NA	NA	NA	NA	rsid_not_found_in_bim
6:32621590_T_C	2.39e-111	6	NA	NA	NA	invalid_coordinate_id
6:32620184_G_A	3.56e-108	6	NA	NA	NA	invalid_coordinate_id
rs9268795	4.75e-107	NA	NA	NA	NA	rsid_not_found_in_bim
rs9274167	1.15e-105	NA	NA	NA	NA	rsid_not_found_in_bim
6:32630610_C_A	1.73e-105	6	NA	NA	NA	invalid_coordinate_id
rs779124117	3.71e-105	NA	NA	NA	NA	rsid_not_found_in_bim
6:32630721_A_G	2.16e-104	6	NA	NA	NA	invalid_coordinate_id
rs9274229	8.23e-103	NA	NA	NA	NA	rsid_not_found_in_bim
6:32631178_G_A	2.1e-102	6	NA	NA	NA	invalid_coordinate_id
rs17843579	3.88e-100	NA	NA	NA	NA	rsid_not_found_in_bim
rs9273532	2.01e-99	NA	NA	NA	NA	rsid_not_found_in_bim
rs9274235	2.01e-99	NA	NA	NA	NA	rsid_not_found_in_bim
6:32631428_T_C	8.92e-99	6	NA	NA	NA	invalid_coordinate_id
rs9268438	2.12e-97	NA	NA	NA	NA	rsid_not_found_in_bim
rs9268437	2.13e-97	NA	NA	NA	NA	rsid_not_found_in_bim
rs2647024	5.79e-97	NA	NA	NA	NA	rsid_not_found_in_bim
6:32631218_T_G	7.89e-95	6	NA	NA	NA	invalid_coordinate_id
6:32631273_A_T	9.83e-95	6	NA	NA	NA	invalid_coordinate_id
rs9274198	9.9e-95	NA	NA	NA	NA	rsid_not_found_in_bim
rs9268694	1.33e-94	NA	NA	NA	NA	rsid_not_found_in_bim
rs9272722	3.98e-94	NA	NA	NA	NA	rsid_not_found_in_bim
rs3828850	1.04e-93	NA	NA	NA	NA	rsid_not_found_in_bim
rs9272723	2.05e-93	NA	NA	NA	NA	rsid_not_found_in_bim
rs6913173	2.58e-91	NA	NA	NA	NA	rsid_not_found_in_bim
rs9405036	4.31e-91	NA	NA	NA	NA	rsid_not_found_in_bim
rs9391782	4.32e-91	NA	NA	NA	NA	rsid_not_found_in_bim
1:152313385:A:G	7.65e-91	1	152313385	A	G	no_position_allele_match_in_bim
rs9274227	3.48e-89	NA	NA	NA	NA	rsid_not_found_in_bim
6:32630916_G_T	7.55e-89	6	NA	NA	NA	invalid_coordinate_id
rs9273216	6.91e-87	NA	NA	NA	NA	rsid_not_found_in_bim
rs281862065	3.22e-86	NA	NA	NA	NA	rsid_not_found_in_bim
rs2647027	3.97e-86	NA	NA	NA	NA	rsid_not_found_in_bim
rs9271358	1.29e-82	NA	NA	NA	NA	rsid_not_found_in_bim
6:32631456_G_T	1.03e-80	6	NA	NA	NA	invalid_coordinate_id
rs9268696	1.88e-79	NA	NA	NA	NA	rsid_not_found_in_bim
rs1140347	3.1e-79	NA	NA	NA	NA	rsid_not_found_in_bim
6:32631313_G_A	1.22e-78	6	NA	NA	NA	invalid_coordinate_id
rs71542441	2.17e-78	NA	NA	NA	NA	rsid_not_found_in_bim
rs74222206	2.63e-78	NA	NA	NA	NA	rsid_not_found_in_bim
rs66615660	2.95e-78	NA	NA	NA	NA	rsid_not_found_in_bim
rs58359033	3.57e-78	NA	NA	NA	NA	rsid_not_found_in_bim
rs758190520	4.41e-78	NA	NA	NA	NA	rsid_not_found_in_bim
rs36174316	4.63e-78	NA	NA	NA	NA	rsid_not_found_in_bim
rs71542448	5.28e-78	NA	NA	NA	NA	rsid_not_found_in_bim
6:32623434_T_C	3.06e-77	6	NA	NA	NA	invalid_coordinate_id
rs71542446	3.32e-77	NA	NA	NA	NA	rsid_not_found_in_bim
rs71542447	3.34e-77	NA	NA	NA	NA	rsid_not_found_in_bim
rs36229770	3.82e-77	NA	NA	NA	NA	rsid_not_found_in_bim
rs114903158	3.91e-77	NA	NA	NA	NA	rsid_not_found_in_bim
rs66812757	5.22e-77	NA	NA	NA	NA	rsid_not_found_in_bim
6:32631289_T_C	7.98e-77	6	NA	NA	NA	invalid_coordinate_id
6:32630403_A_G	8.34e-77	6	NA	NA	NA	invalid_coordinate_id
rs9273349	1.63e-76	NA	NA	NA	NA	rsid_not_found_in_bim
rs67534230	3.86e-76	NA	NA	NA	NA	rsid_not_found_in_bim
rs66924243	4.1e-76	NA	NA	NA	NA	rsid_not_found_in_bim
rs113192023	7.6e-76	NA	NA	NA	NA	rsid_not_found_in_bim
rs281864275	3.08e-75	NA	NA	NA	NA	rsid_not_found_in_bim
6:32631079_G_A	7.91e-75	6	NA	NA	NA	invalid_coordinate_id
6:32537822_A_G	9.9e-75	6	NA	NA	NA	invalid_coordinate_id
rs762069821	1.03e-74	NA	NA	NA	NA	rsid_not_found_in_bim
rs11534137	1.21e-74	NA	NA	NA	NA	rsid_not_found_in_bim
6:32630925_A_T	2.81e-74	6	NA	NA	NA	invalid_coordinate_id
rs9256933	3.25e-74	NA	NA	NA	NA	rsid_not_found_in_bim
rs3134980	3.65e-74	NA	NA	NA	NA	rsid_not_found_in_bim
rs9274411	4.27e-74	NA	NA	NA	NA	rsid_not_found_in_bim
6:32630829_A_G	5.26e-74	6	NA	NA	NA	invalid_coordinate_id
6:32630836_G_A	5.36e-74	6	NA	NA	NA	invalid_coordinate_id
rs9274273	7.59e-74	NA	NA	NA	NA	rsid_not_found_in_bim
rs9274274	8.62e-74	NA	NA	NA	NA	rsid_not_found_in_bim
6:32620740_C_T	1.78e-73	6	NA	NA	NA	invalid_coordinate_id
rs10815409	2.95e-73	NA	NA	NA	NA	rsid_not_found_in_bim
6:32631446_A_G	6.16e-73	6	NA	NA	NA	invalid_coordinate_id
6:32631449_T_C	6.18e-73	6	NA	NA	NA	invalid_coordinate_id
rs41270927	2.44e-72	NA	NA	NA	NA	rsid_not_found_in_bim
6:32623585_G_A	3.43e-72	6	NA	NA	NA	invalid_coordinate_id
rs768229919	4.51e-72	NA	NA	NA	NA	rsid_not_found_in_bim
rs41270923	1.39e-71	NA	NA	NA	NA	rsid_not_found_in_bim
6:32623463_A_G	1.89e-71	6	NA	NA	NA	invalid_coordinate_id
rs1143089	3.98e-71	NA	NA	NA	NA	rsid_not_found_in_bim
6:32631311_G_T	1.33e-70	6	NA	NA	NA	invalid_coordinate_id
6:32631309_T_G	1.37e-70	6	NA	NA	NA	invalid_coordinate_id
rs9274196	1.43e-70	NA	NA	NA	NA	rsid_not_found_in_bim
6:32623371_C_T	1.85e-70	6	NA	NA	NA	invalid_coordinate_id
rs3902920	4.46e-70	NA	NA	NA	NA	rsid_not_found_in_bim
6:32631221_A_G	8.07e-70	6	NA	NA	NA	invalid_coordinate_id
rs4947344	1.23e-69	NA	NA	NA	NA	rsid_not_found_in_bim
6:32631291_G_C	6.06e-69	6	NA	NA	NA	invalid_coordinate_id
6:32631288_G_A	6.81e-69	6	NA	NA	NA	invalid_coordinate_id
rs28895058	2.2e-68	NA	NA	NA	NA	rsid_not_found_in_bim
6:32631563_T_G	1.61e-67	6	NA	NA	NA	invalid_coordinate_id
6:32630930_G_C	2.07e-67	6	NA	NA	NA	invalid_coordinate_id
6:32630967_C_A	5.09e-67	6	NA	NA	NA	invalid_coordinate_id
rs9272937	9.25e-67	NA	NA	NA	NA	rsid_not_found_in_bim
rs3828794	1.05e-66	NA	NA	NA	NA	rsid_not_found_in_bim
rs41270925	2.27e-66	NA	NA	NA	NA	rsid_not_found_in_bim
6:32537804_G_T	2.73e-66	6	NA	NA	NA	invalid_coordinate_id
6:32631039_A_G	3.2e-66	6	NA	NA	NA	invalid_coordinate_id
6:32631113_C_T	6.25e-66	6	NA	NA	NA	invalid_coordinate_id
6:32631430_G_A	1.73e-65	6	NA	NA	NA	invalid_coordinate_id
rs9274222	1.57e-63	NA	NA	NA	NA	rsid_not_found_in_bim
rs28895162	3.69e-63	NA	NA	NA	NA	rsid_not_found_in_bim
rs28895111	4.47e-63	NA	NA	NA	NA	rsid_not_found_in_bim
rs13220258	1.07e-62	NA	NA	NA	NA	rsid_not_found_in_bim
rs9274213	6.32e-62	NA	NA	NA	NA	rsid_not_found_in_bim
6:32631500_A_T	7.79e-62	6	NA	NA	NA	invalid_coordinate_id
rs504594	8.59e-62	NA	NA	NA	NA	rsid_not_found_in_bim
6:32630968_A_C	8.64e-62	6	NA	NA	NA	invalid_coordinate_id
6:32625209_C_T	1.03e-61	6	NA	NA	NA	invalid_coordinate_id
6:32631381_C_T	6.5e-61	6	NA	NA	NA	invalid_coordinate_id
6:32631345_A_C	1.55e-60	6	NA	NA	NA	invalid_coordinate_id
rs17613606	1.69e-60	NA	NA	NA	NA	rsid_not_found_in_bim
rs17613599	1.76e-60	NA	NA	NA	NA	rsid_not_found_in_bim
rs9407317	1.7e-59	NA	NA	NA	NA	rsid_not_found_in_bim
rs9272679	1.77e-59	NA	NA	NA	NA	rsid_not_found_in_bim
6:32631300_A_G	5.09e-59	6	NA	NA	NA	invalid_coordinate_id
rs7223717	5.11e-59	NA	NA	NA	NA	rsid_not_found_in_bim
rs13220590	7.49e-59	NA	NA	NA	NA	rsid_not_found_in_bim
rs56105755	3.03e-58	NA	NA	NA	NA	rsid_not_found_in_bim
6:32631448_A_G	1.18e-57	6	NA	NA	NA	invalid_coordinate_id
rs113322920	1.85e-57	NA	NA	NA	NA	rsid_not_found_in_bim
rs150231066	5.34e-57	NA	NA	NA	NA	rsid_not_found_in_bim
6:32620741_A_C	5.76e-57	6	NA	NA	NA	invalid_coordinate_id
rs4993986	2.46e-56	NA	NA	NA	NA	rsid_not_found_in_bim
rs398600	2.63e-56	NA	NA	NA	NA	rsid_not_found_in_bim
6:32630788_C_A	1.7e-55	6	NA	NA	NA	invalid_coordinate_id
rs2299015	2.43e-55	NA	NA	NA	NA	rsid_not_found_in_bim
rs9274181	6.86e-55	NA	NA	NA	NA	rsid_not_found_in_bim
rs340903	7.01e-55	NA	NA	NA	NA	rsid_not_found_in_bim
6:32443258:C:A	9.31e-55	6	32443258	C	A	no_position_allele_match_in_bim
rs17843657	1.63e-54	NA	NA	NA	NA	rsid_not_found_in_bim
6:32655866_G_A	2.24e-54	6	NA	NA	NA	invalid_coordinate_id
rs1794488	2.61e-54	NA	NA	NA	NA	rsid_not_found_in_bim
6:32623646_G_C	3.2e-54	6	NA	NA	NA	invalid_coordinate_id
rs7212938	4.93e-54	NA	NA	NA	NA	rsid_not_found_in_bim
rs9274614	1.6e-53	NA	NA	NA	NA	rsid_not_found_in_bim
rs62385262	4.24e-53	NA	NA	NA	NA	rsid_not_found_in_bim
rs5002181	2.61e-52	NA	NA	NA	NA	rsid_not_found_in_bim
rs78043146	4.35e-52	NA	NA	NA	NA	rsid_not_found_in_bim
rs5002180	5.36e-52	NA	NA	NA	NA	rsid_not_found_in_bim
rs5002179	5.57e-52	NA	NA	NA	NA	rsid_not_found_in_bim
6:32620828_G_A	6.63e-52	6	NA	NA	NA	invalid_coordinate_id
rs1049062	7.96e-52	NA	NA	NA	NA	rsid_not_found_in_bim
rs12525943	1.46e-51	NA	NA	NA	NA	rsid_not_found_in_bim
rs9274267	5.66e-51	NA	NA	NA	NA	rsid_not_found_in_bim
rs4742164	6.18e-51	NA	NA	NA	NA	rsid_not_found_in_bim
rs369515426	1.24e-50	NA	NA	NA	NA	rsid_not_found_in_bim
rs6901009	3.5e-50	NA	NA	NA	NA	rsid_not_found_in_bim
rs28895121	1.86e-49	NA	NA	NA	NA	rsid_not_found_in_bim
rs12528365	4.16e-49	NA	NA	NA	NA	rsid_not_found_in_bim
6:32611449_T_G	4.82e-49	6	NA	NA	NA	invalid_coordinate_id
rs2057656	1.45e-48	NA	NA	NA	NA	rsid_not_found_in_bim
rs74867190	2.47e-48	NA	NA	NA	NA	rsid_not_found_in_bim
6:31157480:A:C	2.97e-48	6	31157480	A	C	no_position_allele_match_in_bim
rs112391576	3.34e-48	NA	NA	NA	NA	rsid_not_found_in_bim
6:32630837_G_T	3.61e-48	6	NA	NA	NA	invalid_coordinate_id
rs76965357	3.76e-48	NA	NA	NA	NA	rsid_not_found_in_bim
rs34578704	4.12e-48	NA	NA	NA	NA	rsid_not_found_in_bim
rs7556917	5.48e-48	NA	NA	NA	NA	rsid_not_found_in_bim
rs200771848	8.28e-46	NA	NA	NA	NA	rsid_not_found_in_bim
rs9270798	1.27e-45	NA	NA	NA	NA	rsid_not_found_in_bim
rs71534507	1.52e-45	NA	NA	NA	NA	rsid_not_found_in_bim
rs112973951	1.62e-45	NA	NA	NA	NA	rsid_not_found_in_bim
rs71565332	2.24e-45	NA	NA	NA	NA	rsid_not_found_in_bim
rs9268996	4.35e-45	NA	NA	NA	NA	rsid_not_found_in_bim
rs4577793	5.24e-45	NA	NA	NA	NA	rsid_not_found_in_bim
rs11965063	2.24e-44	NA	NA	NA	NA	rsid_not_found_in_bim
rs9268937	5.7e-44	NA	NA	NA	NA	rsid_not_found_in_bim
rs4424125	9.77e-44	NA	NA	NA	NA	rsid_not_found_in_bim
rs7596970	1e-43	NA	NA	NA	NA	rsid_not_found_in_bim
rs2858874	1.63e-43	NA	NA	NA	NA	rsid_not_found_in_bim
rs6543120	4.77e-43	NA	NA	NA	NA	rsid_not_found_in_bim
rs9274483	2.15e-42	NA	NA	NA	NA	rsid_not_found_in_bim
rs9275559	1.1e-41	NA	NA	NA	NA	rsid_not_found_in_bim
rs4476871	5.43e-41	NA	NA	NA	NA	rsid_not_found_in_bim
rs770696540	7.5e-41	NA	NA	NA	NA	rsid_not_found_in_bim
rs9380318	7.63e-41	NA	NA	NA	NA	rsid_not_found_in_bim
rs3200488	1.24e-40	NA	NA	NA	NA	rsid_not_found_in_bim
rs778393561	3.16e-40	NA	NA	NA	NA	rsid_not_found_in_bim
rs6543122	5.15e-40	NA	NA	NA	NA	rsid_not_found_in_bim
rs866379110	5.57e-40	NA	NA	NA	NA	rsid_not_found_in_bim
rs2647006	6.17e-40	NA	NA	NA	NA	rsid_not_found_in_bim
rs9274194	6.3e-40	NA	NA	NA	NA	rsid_not_found_in_bim
rs28891394	6.53e-40	NA	NA	NA	NA	rsid_not_found_in_bim
chr10:21023210	1.37e-39	chr10	21023210	NA	NA	invalid_coordinate_id
6:32631133_C_T	3.15e-39	6	NA	NA	NA	invalid_coordinate_id
rs114931587	6.21e-39	NA	NA	NA	NA	rsid_not_found_in_bim
rs6543121	1.18e-38	NA	NA	NA	NA	rsid_not_found_in_bim
rs1048643	1.95e-38	NA	NA	NA	NA	rsid_not_found_in_bim
rs116518618	4.12e-38	NA	NA	NA	NA	rsid_not_found_in_bim
rs112648389	5.05e-38	NA	NA	NA	NA	rsid_not_found_in_bim
rs28747010	5.05e-38	NA	NA	NA	NA	rsid_not_found_in_bim
rs12211942	1.11e-37	NA	NA	NA	NA	rsid_not_found_in_bim
rs7771548	1.14e-37	NA	NA	NA	NA	rsid_not_found_in_bim
rs34951355	1.24e-37	NA	NA	NA	NA	rsid_not_found_in_bim
rs765366415	1.27e-37	NA	NA	NA	NA	rsid_not_found_in_bim
rs67939787	1.55e-37	NA	NA	NA	NA	rsid_not_found_in_bim
rs593635	2.34e-37	NA	NA	NA	NA	rsid_not_found_in_bim
rs1694112	2.93e-37	NA	NA	NA	NA	rsid_not_found_in_bim
15:50492793:C:T	3.56e-37	15	50492793	C	T	no_position_allele_match_in_bim
rs28534539	3.65e-37	NA	NA	NA	NA	rsid_not_found_in_bim
6:32623277_C_T	7.56e-37	6	NA	NA	NA	invalid_coordinate_id
rs3129962	9.1e-37	NA	NA	NA	NA	rsid_not_found_in_bim
rs3998176	9.27e-37	NA	NA	NA	NA	rsid_not_found_in_bim
rs17145253	1.24e-36	NA	NA	NA	NA	rsid_not_found_in_bim
rs28383263	1.5e-36	NA	NA	NA	NA	rsid_not_found_in_bim
chr1:160392399	2.77e-36	chr1	160392399	NA	NA	invalid_coordinate_id
rs9275519	2.84e-36	NA	NA	NA	NA	rsid_not_found_in_bim
rs527589011	4.25e-36	NA	NA	NA	NA	rsid_not_found_in_bim
rs2289277	5.64e-36	NA	NA	NA	NA	rsid_not_found_in_bim
rs17843658	7.91e-36	NA	NA	NA	NA	rsid_not_found_in_bim
rs79028790	1.76e-35	NA	NA	NA	NA	rsid_not_found_in_bim
rs2034896	6.11e-35	NA	NA	NA	NA	rsid_not_found_in_bim
rs113650892	1.02e-34	NA	NA	NA	NA	rsid_not_found_in_bim
rs9267986	1.54e-34	NA	NA	NA	NA	rsid_not_found_in_bim
rs72657657	1.99e-34	NA	NA	NA	NA	rsid_not_found_in_bim
6:32581599:G:C	2.17e-34	6	32581599	G	C	no_position_allele_match_in_bim
rs28893529	2.27e-34	NA	NA	NA	NA	rsid_not_found_in_bim
rs1059351	2.28e-34	NA	NA	NA	NA	rsid_not_found_in_bim
rs6457621	3.34e-34	NA	NA	NA	NA	rsid_not_found_in_bim
rs66479476	4.18e-34	NA	NA	NA	NA	rsid_not_found_in_bim
rs9272699	5.84e-34	NA	NA	NA	NA	rsid_not_found_in_bim
rs3132953	6.32e-34	NA	NA	NA	NA	rsid_not_found_in_bim
Affx-22527329	2.23e-33	Affx-22527329	NA	NA	NA	invalid_coordinate_id
rs7710757	6.53e-33	NA	NA	NA	NA	rsid_not_found_in_bim
rs12552626	6.58e-33	NA	NA	NA	NA	rsid_not_found_in_bim
rs3828831	8.59e-33	NA	NA	NA	NA	rsid_not_found_in_bim
rs3213735	1.07e-32	NA	NA	NA	NA	rsid_not_found_in_bim
rs10056340	1.3e-32	NA	NA	NA	NA	rsid_not_found_in_bim
rs7749350	1.45e-32	NA	NA	NA	NA	rsid_not_found_in_bim
rs79941607	1.46e-32	NA	NA	NA	NA	rsid_not_found_in_bim
rs41270931	2.54e-32	NA	NA	NA	NA	rsid_not_found_in_bim
rs28893552	4.2e-32	NA	NA	NA	NA	rsid_not_found_in_bim
rs28893531	5.05e-32	NA	NA	NA	NA	rsid_not_found_in_bim
rs2894257	5.3e-32	NA	NA	NA	NA	rsid_not_found_in_bim
rs28893530	5.92e-32	NA	NA	NA	NA	rsid_not_found_in_bim
rs9274217	6.44e-32	NA	NA	NA	NA	rsid_not_found_in_bim
rs2300827	7.03e-32	NA	NA	NA	NA	rsid_not_found_in_bim
rs28893543	1e-31	NA	NA	NA	NA	rsid_not_found_in_bim
rs9268998	1.03e-31	NA	NA	NA	NA	rsid_not_found_in_bim
rs28893540	1.07e-31	NA	NA	NA	NA	rsid_not_found_in_bim
rs28893541	1.07e-31	NA	NA	NA	NA	rsid_not_found_in_bim
rs4705930	1.3e-31	NA	NA	NA	NA	rsid_not_found_in_bim
rs28893542	1.33e-31	NA	NA	NA	NA	rsid_not_found_in_bim
rs28986344	1.36e-31	NA	NA	NA	NA	rsid_not_found_in_bim
rs9271473	2.12e-31	NA	NA	NA	NA	rsid_not_found_in_bim
rs769477711	2.32e-31	NA	NA	NA	NA	rsid_not_found_in_bim
rs28986339	2.84e-31	NA	NA	NA	NA	rsid_not_found_in_bim
rs2300825	4.78e-31	NA	NA	NA	NA	rsid_not_found_in_bim
rs9271893	6.25e-31	NA	NA	NA	NA	rsid_not_found_in_bim
rs1064695	6.98e-31	NA	NA	NA	NA	rsid_not_found_in_bim
6:32634952_G_T	9.58e-31	6	NA	NA	NA	invalid_coordinate_id
rs9269799	1.04e-30	NA	NA	NA	NA	rsid_not_found_in_bim
rs9272133	1.21e-30	NA	NA	NA	NA	rsid_not_found_in_bim
6:32631256_A_G	2.55e-30	6	NA	NA	NA	invalid_coordinate_id
rs112430285	3.76e-30	NA	NA	NA	NA	rsid_not_found_in_bim
rs62192026	6.43e-30	NA	NA	NA	NA	rsid_not_found_in_bim
rs62322707	1.16e-29	NA	NA	NA	NA	rsid_not_found_in_bim
rs4993988	1.59e-29	NA	NA	NA	NA	rsid_not_found_in_bim
rs756687619	2.12e-29	NA	NA	NA	NA	rsid_not_found_in_bim
rs35644187	2.24e-29	NA	NA	NA	NA	rsid_not_found_in_bim
rs28986345	2.44e-29	NA	NA	NA	NA	rsid_not_found_in_bim
rs28986346	2.44e-29	NA	NA	NA	NA	rsid_not_found_in_bim
rs28589949	2.48e-29	NA	NA	NA	NA	rsid_not_found_in_bim
rs28372285	2.54e-29	NA	NA	NA	NA	rsid_not_found_in_bim
rs189302941	2.62e-29	NA	NA	NA	NA	rsid_not_found_in_bim
rs2395228	2.73e-29	NA	NA	NA	NA	rsid_not_found_in_bim
rs17613636	3.53e-29	NA	NA	NA	NA	rsid_not_found_in_bim
rs17613629	3.54e-29	NA	NA	NA	NA	rsid_not_found_in_bim
rs769554727	3.79e-29	NA	NA	NA	NA	rsid_not_found_in_bim
rs4426156	3.89e-29	NA	NA	NA	NA	rsid_not_found_in_bim
6:32631109_A_T	3.94e-29	6	NA	NA	NA	invalid_coordinate_id
rs28366348	4.06e-29	NA	NA	NA	NA	rsid_not_found_in_bim
rs11655056	4.41e-29	NA	NA	NA	NA	rsid_not_found_in_bim
rs398122357	4.56e-29	NA	NA	NA	NA	rsid_not_found_in_bim
rs11756836	5.49e-29	NA	NA	NA	NA	rsid_not_found_in_bim
rs9865817	7.4e-29	NA	NA	NA	NA	rsid_not_found_in_bim
chr3:149324262	1.02e-28	chr3	149324262	NA	NA	invalid_coordinate_id
rs9865528	1.04e-28	NA	NA	NA	NA	rsid_not_found_in_bim
6:32507498_G_T	1.11e-28	6	NA	NA	NA	invalid_coordinate_id
rs1281932	1.56e-28	NA	NA	NA	NA	rsid_not_found_in_bim
rs3957140	2.2e-28	NA	NA	NA	NA	rsid_not_found_in_bim
rs12661142	3.03e-28	NA	NA	NA	NA	rsid_not_found_in_bim
rs116831885	3.04e-28	NA	NA	NA	NA	rsid_not_found_in_bim
rs440047	3.35e-28	NA	NA	NA	NA	rsid_not_found_in_bim
rs72774898	4.22e-28	NA	NA	NA	NA	rsid_not_found_in_bim
rs9272697	4.48e-28	NA	NA	NA	NA	rsid_not_found_in_bim
rs9272698	4.48e-28	NA	NA	NA	NA	rsid_not_found_in_bim
rs1129738	4.59e-28	NA	NA	NA	NA	rsid_not_found_in_bim
rs11967719	4.87e-28	NA	NA	NA	NA	rsid_not_found_in_bim
rs6916742	6.96e-28	NA	NA	NA	NA	rsid_not_found_in_bim
rs28895251	7.41e-28	NA	NA	NA	NA	rsid_not_found_in_bim
rs4947337	9.42e-28	NA	NA	NA	NA	rsid_not_found_in_bim
rs140344625	9.86e-28	NA	NA	NA	NA	rsid_not_found_in_bim
rs9269103	1.18e-27	NA	NA	NA	NA	rsid_not_found_in_bim
chr6:152905432	1.58e-27	chr6	152905432	NA	NA	invalid_coordinate_id
rs17843716	1.6e-27	NA	NA	NA	NA	rsid_not_found_in_bim
rs112796209	1.82e-27	NA	NA	NA	NA	rsid_not_found_in_bim
rs17843715	2.49e-27	NA	NA	NA	NA	rsid_not_found_in_bim
rs2621350	2.73e-27	NA	NA	NA	NA	rsid_not_found_in_bim
rs11071558	2.93e-27	NA	NA	NA	NA	rsid_not_found_in_bim
rs9721434	3.86e-27	NA	NA	NA	NA	rsid_not_found_in_bim
rs17613549	4e-27	NA	NA	NA	NA	rsid_not_found_in_bim
6:32660883:C:T	4.65e-27	6	32660883	C	T	no_position_allele_match_in_bim
rs62559598	5.69e-27	NA	NA	NA	NA	rsid_not_found_in_bim
rs4487569	7.26e-27	NA	NA	NA	NA	rsid_not_found_in_bim
rs9272853	7.62e-27	NA	NA	NA	NA	rsid_not_found_in_bim
rs9275490	9.12e-27	NA	NA	NA	NA	rsid_not_found_in_bim
rs32702	1.03e-26	NA	NA	NA	NA	rsid_not_found_in_bim
rs9273212	1.11e-26	NA	NA	NA	NA	rsid_not_found_in_bim
rs11648679	1.72e-26	NA	NA	NA	NA	rsid_not_found_in_bim
rs7454108	2.18e-26	NA	NA	NA	NA	rsid_not_found_in_bim
rs28453249	2.83e-26	NA	NA	NA	NA	rsid_not_found_in_bim
rs9274271	4.45e-26	NA	NA	NA	NA	rsid_not_found_in_bim
rs11637671	4.82e-26	NA	NA	NA	NA	rsid_not_found_in_bim
6:32631434_T_C	5.99e-26	6	NA	NA	NA	invalid_coordinate_id
rs1322171	9.2e-26	NA	NA	NA	NA	rsid_not_found_in_bim
rs12220518	9.54e-26	NA	NA	NA	NA	rsid_not_found_in_bim
rs9272300	1.13e-25	NA	NA	NA	NA	rsid_not_found_in_bim
rs6920123	1.18e-25	NA	NA	NA	NA	rsid_not_found_in_bim
rs602875	1.42e-25	NA	NA	NA	NA	rsid_not_found_in_bim
rs28830553	1.64e-25	NA	NA	NA	NA	rsid_not_found_in_bim
rs9272512	2.19e-25	NA	NA	NA	NA	rsid_not_found_in_bim
6:32533999_C_T	2.41e-25	6	NA	NA	NA	invalid_coordinate_id
chr17:26932958	2.66e-25	chr17	26932958	NA	NA	invalid_coordinate_id
rs9272145	2.8e-25	NA	NA	NA	NA	rsid_not_found_in_bim
rs6920533	2.84e-25	NA	NA	NA	NA	rsid_not_found_in_bim
rs28561769	2.89e-25	NA	NA	NA	NA	rsid_not_found_in_bim
rs9272144	3.7e-25	NA	NA	NA	NA	rsid_not_found_in_bim
6:32537532_C_T	4.48e-25	6	NA	NA	NA	invalid_coordinate_id
rs2243274	5.14e-25	NA	NA	NA	NA	rsid_not_found_in_bim
rs9394100	5.46e-25	NA	NA	NA	NA	rsid_not_found_in_bim
chr3:85056701	6.34e-25	chr3	85056701	NA	NA	invalid_coordinate_id
rs4993140	8.62e-25	NA	NA	NA	NA	rsid_not_found_in_bim
rs9273015	1.29e-24	NA	NA	NA	NA	rsid_not_found_in_bim
6:32631452_C_T	1.53e-24	6	NA	NA	NA	invalid_coordinate_id
rs6925893	1.72e-24	NA	NA	NA	NA	rsid_not_found_in_bim
rs184755809	1.74e-24	NA	NA	NA	NA	rsid_not_found_in_bim
rs2299006	2.17e-24	NA	NA	NA	NA	rsid_not_found_in_bim
rs12517135	2.42e-24	NA	NA	NA	NA	rsid_not_found_in_bim
chr7:67934197	2.5e-24	chr7	67934197	NA	NA	invalid_coordinate_id
rs80341527	2.86e-24	NA	NA	NA	NA	rsid_not_found_in_bim
rs41263787	3.14e-24	NA	NA	NA	NA	rsid_not_found_in_bim
rs57276537	3.33e-24	NA	NA	NA	NA	rsid_not_found_in_bim
rs11754883	3.5e-24	NA	NA	NA	NA	rsid_not_found_in_bim
rs3957145	4.88e-24	NA	NA	NA	NA	rsid_not_found_in_bim
chr4:34050006	5.01e-24	chr4	34050006	NA	NA	invalid_coordinate_id
rs11078917	7.21e-24	NA	NA	NA	NA	rsid_not_found_in_bim
rs9273016	7.99e-24	NA	NA	NA	NA	rsid_not_found_in_bim
rs11958559	8.29e-24	NA	NA	NA	NA	rsid_not_found_in_bim
rs9272511	9.33e-24	NA	NA	NA	NA	rsid_not_found_in_bim
rs112107897	9.86e-24	NA	NA	NA	NA	rsid_not_found_in_bim
rs2856703	9.96e-24	NA	NA	NA	NA	rsid_not_found_in_bim
rs7754518	1.16e-23	NA	NA	NA	NA	rsid_not_found_in_bim
rs7999348	1.26e-23	NA	NA	NA	NA	rsid_not_found_in_bim
rs10815417	1.33e-23	NA	NA	NA	NA	rsid_not_found_in_bim
rs777160357	1.95e-23	NA	NA	NA	NA	rsid_not_found_in_bim
rs116571774	2.6e-23	NA	NA	NA	NA	rsid_not_found_in_bim
chr7:67943386	2.62e-23	chr7	67943386	NA	NA	invalid_coordinate_id
rs1598728	3e-23	NA	NA	NA	NA	rsid_not_found_in_bim
rs3130060	3.13e-23	NA	NA	NA	NA	rsid_not_found_in_bim
rs7748494	3.24e-23	NA	NA	NA	NA	rsid_not_found_in_bim
rs9274219	3.5e-23	NA	NA	NA	NA	rsid_not_found_in_bim
rs9274220	3.5e-23	NA	NA	NA	NA	rsid_not_found_in_bim
rs2571388	3.58e-23	NA	NA	NA	NA	rsid_not_found_in_bim
rs9273211	4.01e-23	NA	NA	NA	NA	rsid_not_found_in_bim
rs30533	5.06e-23	NA	NA	NA	NA	rsid_not_found_in_bim
6:32631426_G_A	5.28e-23	6	NA	NA	NA	invalid_coordinate_id
rs13190001	5.78e-23	NA	NA	NA	NA	rsid_not_found_in_bim
chr16:57892373	6.96e-23	chr16	57892373	NA	NA	invalid_coordinate_id
rs9274178	1e-22	NA	NA	NA	NA	rsid_not_found_in_bim
rs256874	1.01e-22	NA	NA	NA	NA	rsid_not_found_in_bim
rs41263829	1.05e-22	NA	NA	NA	NA	rsid_not_found_in_bim
rs11242103	1.12e-22	NA	NA	NA	NA	rsid_not_found_in_bim
rs1762	1.16e-22	NA	NA	NA	NA	rsid_not_found_in_bim
rs9274168	1.24e-22	NA	NA	NA	NA	rsid_not_found_in_bim
rs9827392	1.41e-22	NA	NA	NA	NA	rsid_not_found_in_bim
rs72508452	1.44e-22	NA	NA	NA	NA	rsid_not_found_in_bim
6:32630798_G_A	1.58e-22	6	NA	NA	NA	invalid_coordinate_id
rs867983601	1.74e-22	NA	NA	NA	NA	rsid_not_found_in_bim
rs7754498	1.8e-22	NA	NA	NA	NA	rsid_not_found_in_bim
rs7723666	1.84e-22	NA	NA	NA	NA	rsid_not_found_in_bim
rs9272308	2.17e-22	NA	NA	NA	NA	rsid_not_found_in_bim
rs6914950	2.22e-22	NA	NA	NA	NA	rsid_not_found_in_bim
chr2:25055580	2.55e-22	chr2	25055580	NA	NA	invalid_coordinate_id
rs2735103	2.65e-22	NA	NA	NA	NA	rsid_not_found_in_bim
rs12660719	2.7e-22	NA	NA	NA	NA	rsid_not_found_in_bim
rs6908943	2.7e-22	NA	NA	NA	NA	rsid_not_found_in_bim
rs11751846	3e-22	NA	NA	NA	NA	rsid_not_found_in_bim
rs11751439	3.22e-22	NA	NA	NA	NA	rsid_not_found_in_bim
rs11758307	3.28e-22	NA	NA	NA	NA	rsid_not_found_in_bim
rs7449587	3.37e-22	NA	NA	NA	NA	rsid_not_found_in_bim
rs7451882	3.38e-22	NA	NA	NA	NA	rsid_not_found_in_bim
rs117601730	3.44e-22	NA	NA	NA	NA	rsid_not_found_in_bim
rs73728638	3.74e-22	NA	NA	NA	NA	rsid_not_found_in_bim
rs6457589	3.98e-22	NA	NA	NA	NA	rsid_not_found_in_bim
rs6468	4.42e-22	NA	NA	NA	NA	rsid_not_found_in_bim
rs9268796	4.51e-22	NA	NA	NA	NA	rsid_not_found_in_bim
rs34212923	4.51e-22	NA	NA	NA	NA	rsid_not_found_in_bim
chr20:7933955	4.68e-22	chr20	7933955	NA	NA	invalid_coordinate_id
rs55912244	5e-22	NA	NA	NA	NA	rsid_not_found_in_bim
rs10947317	5.49e-22	NA	NA	NA	NA	rsid_not_found_in_bim
Affx-28496120	5.53e-22	Affx-28496120	NA	NA	NA	invalid_coordinate_id
rs6916876	6.28e-22	NA	NA	NA	NA	rsid_not_found_in_bim
rs1794524	6.99e-22	NA	NA	NA	NA	rsid_not_found_in_bim
rs28895246	7.13e-22	NA	NA	NA	NA	rsid_not_found_in_bim
rs431204	8.17e-22	NA	NA	NA	NA	rsid_not_found_in_bim
chr4:78413050	8.26e-22	chr4	78413050	NA	NA	invalid_coordinate_id
rs13215135	8.41e-22	NA	NA	NA	NA	rsid_not_found_in_bim
Affx-28495596	8.52e-22	Affx-28495596	NA	NA	NA	invalid_coordinate_id
rs602427	8.75e-22	NA	NA	NA	NA	rsid_not_found_in_bim
rs11752503	8.86e-22	NA	NA	NA	NA	rsid_not_found_in_bim
rs9274260	9.39e-22	NA	NA	NA	NA	rsid_not_found_in_bim
rs371299642	1.29e-21	NA	NA	NA	NA	rsid_not_found_in_bim
Affx-28498831	1.29e-21	Affx-28498831	NA	NA	NA	invalid_coordinate_id
rs6491495	1.42e-21	NA	NA	NA	NA	rsid_not_found_in_bim
rs9407322	1.52e-21	NA	NA	NA	NA	rsid_not_found_in_bim
rs76415681	1.52e-21	NA	NA	NA	NA	rsid_not_found_in_bim
rs4607429	1.61e-21	NA	NA	NA	NA	rsid_not_found_in_bim
rs2308818	1.89e-21	NA	NA	NA	NA	rsid_not_found_in_bim
rs375541050	1.97e-21	NA	NA	NA	NA	rsid_not_found_in_bim
rs2232237	2.01e-21	NA	NA	NA	NA	rsid_not_found_in_bim
Affx-28495784	2.01e-21	Affx-28495784	NA	NA	NA	invalid_coordinate_id
Affx-28495974	2.01e-21	Affx-28495974	NA	NA	NA	invalid_coordinate_id
Affx-28496787	2.01e-21	Affx-28496787	NA	NA	NA	invalid_coordinate_id
Affx-28498697	2.01e-21	Affx-28498697	NA	NA	NA	invalid_coordinate_id
rs2523863	2.02e-21	NA	NA	NA	NA	rsid_not_found_in_bim
Affx-37072023	2.05e-21	Affx-37072023	NA	NA	NA	invalid_coordinate_id
rs7743506	2.21e-21	NA	NA	NA	NA	rsid_not_found_in_bim
6:32631490_G_A	2.36e-21	6	NA	NA	NA	invalid_coordinate_id
rs9517681	2.44e-21	NA	NA	NA	NA	rsid_not_found_in_bim
rs12654933	2.59e-21	NA	NA	NA	NA	rsid_not_found_in_bim
rs28749156	2.76e-21	NA	NA	NA	NA	rsid_not_found_in_bim
Affx-28496168	3.08e-21	Affx-28496168	NA	NA	NA	invalid_coordinate_id
rs3135383	3.64e-21	NA	NA	NA	NA	rsid_not_found_in_bim
rs13311581	3.83e-21	NA	NA	NA	NA	rsid_not_found_in_bim
rs9273562	4.17e-21	NA	NA	NA	NA	rsid_not_found_in_bim
rs2765396	4.54e-21	NA	NA	NA	NA	rsid_not_found_in_bim
rs4501637	4.73e-21	NA	NA	NA	NA	rsid_not_found_in_bim
rs539638110	4.93e-21	NA	NA	NA	NA	rsid_not_found_in_bim
6:31770041:G:C	5.59e-21	6	31770041	G	C	no_position_allele_match_in_bim
rs9260270	5.65e-21	NA	NA	NA	NA	rsid_not_found_in_bim
rs373540266	6.63e-21	NA	NA	NA	NA	rsid_not_found_in_bim
6:32630750_G_A	6.73e-21	6	NA	NA	NA	invalid_coordinate_id
Affx-28496494	7.17e-21	Affx-28496494	NA	NA	NA	invalid_coordinate_id
rs3129731	7.33e-21	NA	NA	NA	NA	rsid_not_found_in_bim
rs2395205	8.31e-21	NA	NA	NA	NA	rsid_not_found_in_bim
rs17209747	1.02e-20	NA	NA	NA	NA	rsid_not_found_in_bim
rs2157339	1.05e-20	NA	NA	NA	NA	rsid_not_found_in_bim
rs9271783	1.09e-20	NA	NA	NA	NA	rsid_not_found_in_bim
chr6:160757017	1.16e-20	chr6	160757017	NA	NA	invalid_coordinate_id
rs9269189	1.25e-20	NA	NA	NA	NA	rsid_not_found_in_bim
rs2395227	1.4e-20	NA	NA	NA	NA	rsid_not_found_in_bim
rs116603449	1.51e-20	NA	NA	NA	NA	rsid_not_found_in_bim
rs9274502	1.56e-20	NA	NA	NA	NA	rsid_not_found_in_bim
rs7748925	1.57e-20	NA	NA	NA	NA	rsid_not_found_in_bim
6:29835518_T_A	1.67e-20	6	NA	NA	NA	invalid_coordinate_id
chr2:213369205	1.71e-20	chr2	213369205	NA	NA	invalid_coordinate_id
rs9274241	1.73e-20	NA	NA	NA	NA	rsid_not_found_in_bim
Affx-28498955	2.15e-20	Affx-28498955	NA	NA	NA	invalid_coordinate_id
rs34084957	2.2e-20	NA	NA	NA	NA	rsid_not_found_in_bim
6:89951235:C:G	2.53e-20	6	89951235	C	G	no_position_allele_match_in_bim
rs114655816	2.87e-20	NA	NA	NA	NA	rsid_not_found_in_bim
6:32630991_G_A	2.97e-20	6	NA	NA	NA	invalid_coordinate_id
rs9273476	3.56e-20	NA	NA	NA	NA	rsid_not_found_in_bim
rs17612774	3.68e-20	NA	NA	NA	NA	rsid_not_found_in_bim
chr8:68846282	3.98e-20	chr8	68846282	NA	NA	invalid_coordinate_id
rs1464510	4.1e-20	NA	NA	NA	NA	rsid_not_found_in_bim
rs256867	4.16e-20	NA	NA	NA	NA	rsid_not_found_in_bim
chr15:57727008	4.35e-20	chr15	57727008	NA	NA	invalid_coordinate_id
rs1473072	5.16e-20	NA	NA	NA	NA	rsid_not_found_in_bim
rs11641734	5.65e-20	NA	NA	NA	NA	rsid_not_found_in_bim
rs1140317	6.02e-20	NA	NA	NA	NA	rsid_not_found_in_bim
rs9271349	6.36e-20	NA	NA	NA	NA	rsid_not_found_in_bim
rs9273207	6.78e-20	NA	NA	NA	NA	rsid_not_found_in_bim
rs13188165	8.41e-20	NA	NA	NA	NA	rsid_not_found_in_bim
chr8:116069024	1e-19	chr8	116069024	NA	NA	invalid_coordinate_id
rs1987947	1.21e-19	NA	NA	NA	NA	rsid_not_found_in_bim
rs12193208	1.29e-19	NA	NA	NA	NA	rsid_not_found_in_bim
rs11759557	1.32e-19	NA	NA	NA	NA	rsid_not_found_in_bim
chr12:53715288	1.52e-19	chr12	53715288	NA	NA	invalid_coordinate_id
rs2523819	1.68e-19	NA	NA	NA	NA	rsid_not_found_in_bim
rs11752288	1.68e-19	NA	NA	NA	NA	rsid_not_found_in_bim
rs57878651	1.84e-19	NA	NA	NA	NA	rsid_not_found_in_bim
chr7:9208578	1.86e-19	chr7	9208578	NA	NA	invalid_coordinate_id
chr4:26718642	2.39e-19	chr4	26718642	NA	NA	invalid_coordinate_id
rs2735091	2.51e-19	NA	NA	NA	NA	rsid_not_found_in_bim
rs11756432	2.51e-19	NA	NA	NA	NA	rsid_not_found_in_bim
rs28772300	2.53e-19	NA	NA	NA	NA	rsid_not_found_in_bim
rs301817	2.65e-19	NA	NA	NA	NA	rsid_not_found_in_bim
6:31298229_C_G	2.7e-19	6	NA	NA	NA	invalid_coordinate_id
rs10447257	2.73e-19	NA	NA	NA	NA	rsid_not_found_in_bim
rs9274456	2.81e-19	NA	NA	NA	NA	rsid_not_found_in_bim
chr22:44385963	2.96e-19	chr22	44385963	NA	NA	invalid_coordinate_id
rs34591351	3.11e-19	NA	NA	NA	NA	rsid_not_found_in_bim
rs12654282	3.34e-19	NA	NA	NA	NA	rsid_not_found_in_bim
rs9272415	3.36e-19	NA	NA	NA	NA	rsid_not_found_in_bim
chr16:54265291	3.42e-19	chr16	54265291	NA	NA	invalid_coordinate_id
6:32554203_T_A	3.45e-19	6	NA	NA	NA	invalid_coordinate_id
rs3117214	3.53e-19	NA	NA	NA	NA	rsid_not_found_in_bim
rs114559131	4.23e-19	NA	NA	NA	NA	rsid_not_found_in_bim
chr11:11625540	4.24e-19	chr11	11625540	NA	NA	invalid_coordinate_id
rs11757159	4.55e-19	NA	NA	NA	NA	rsid_not_found_in_bim
6:29835026_G_A	5.83e-19	6	NA	NA	NA	invalid_coordinate_id
rs28895252	6.03e-19	NA	NA	NA	NA	rsid_not_found_in_bim
rs2856449	6.47e-19	NA	NA	NA	NA	rsid_not_found_in_bim
rs45532838	7.64e-19	NA	NA	NA	NA	rsid_not_found_in_bim
rs162902	8.53e-19	NA	NA	NA	NA	rsid_not_found_in_bim
chr12:113196016	8.6e-19	chr12	113196016	NA	NA	invalid_coordinate_id
chr9:22472187	8.69e-19	chr9	22472187	NA	NA	invalid_coordinate_id
rs2072631	8.71e-19	NA	NA	NA	NA	rsid_not_found_in_bim
chr15:25235582	9.71e-19	chr15	25235582	NA	NA	invalid_coordinate_id
rs13207997	1.05e-18	NA	NA	NA	NA	rsid_not_found_in_bim
rs2523811	1.13e-18	NA	NA	NA	NA	rsid_not_found_in_bim
rs114041453	1.43e-18	NA	NA	NA	NA	rsid_not_found_in_bim
rs17365084	1.49e-18	NA	NA	NA	NA	rsid_not_found_in_bim
rs4713558	1.52e-18	NA	NA	NA	NA	rsid_not_found_in_bim
rs28747027	1.63e-18	NA	NA	NA	NA	rsid_not_found_in_bim
6:32623584_C_T	1.65e-18	6	NA	NA	NA	invalid_coordinate_id
rs12924273	1.81e-18	NA	NA	NA	NA	rsid_not_found_in_bim
chr4:109072271	1.81e-18	chr4	109072271	NA	NA	invalid_coordinate_id
9:129142898:G:T	1.82e-18	9	129142898	G	T	no_position_allele_match_in_bim
6:29795747_G_C	1.94e-18	6	NA	NA	NA	invalid_coordinate_id
Affx-28491886	2.26e-18	Affx-28491886	NA	NA	NA	invalid_coordinate_id
rs114780493	2.29e-18	NA	NA	NA	NA	rsid_not_found_in_bim
rs115495316	2.57e-18	NA	NA	NA	NA	rsid_not_found_in_bim
rs9267985	2.62e-18	NA	NA	NA	NA	rsid_not_found_in_bim
rs11241081	2.83e-18	NA	NA	NA	NA	rsid_not_found_in_bim
rs9272954	2.93e-18	NA	NA	NA	NA	rsid_not_found_in_bim
rs10060857	3.02e-18	NA	NA	NA	NA	rsid_not_found_in_bim
rs796139742	3.2e-18	NA	NA	NA	NA	rsid_not_found_in_bim
rs10239099	3.39e-18	NA	NA	NA	NA	rsid_not_found_in_bim
rs9263672	3.72e-18	NA	NA	NA	NA	rsid_not_found_in_bim
rs3129723	4.07e-18	NA	NA	NA	NA	rsid_not_found_in_bim
chr2:23181390	4.08e-18	chr2	23181390	NA	NA	invalid_coordinate_id
chr3:147678740	4.31e-18	chr3	147678740	NA	NA	invalid_coordinate_id
chr14:69147595	4.57e-18	chr14	69147595	NA	NA	invalid_coordinate_id
rs7760168	4.61e-18	NA	NA	NA	NA	rsid_not_found_in_bim
chr13:103393580	4.7e-18	chr13	103393580	NA	NA	invalid_coordinate_id
rs192519916	4.77e-18	NA	NA	NA	NA	rsid_not_found_in_bim
rs1056242	4.83e-18	NA	NA	NA	NA	rsid_not_found_in_bim
rs41542423	4.92e-18	NA	NA	NA	NA	rsid_not_found_in_bim
rs2395265	5.06e-18	NA	NA	NA	NA	rsid_not_found_in_bim
6:32621793_G_T	5.11e-18	6	NA	NA	NA	invalid_coordinate_id
chr3:68391299	5.2e-18	chr3	68391299	NA	NA	invalid_coordinate_id
rs9268505	5.35e-18	NA	NA	NA	NA	rsid_not_found_in_bim
rs2646389	5.36e-18	NA	NA	NA	NA	rsid_not_found_in_bim
rs13208948	5.87e-18	NA	NA	NA	NA	rsid_not_found_in_bim
rs10042663	6.05e-18	NA	NA	NA	NA	rsid_not_found_in_bim
rs1363477	6.12e-18	NA	NA	NA	NA	rsid_not_found_in_bim
rs1048087	6.92e-18	NA	NA	NA	NA	rsid_not_found_in_bim
rs3179306	7.44e-18	NA	NA	NA	NA	rsid_not_found_in_bim
chr4:134525229	7.46e-18	chr4	134525229	NA	NA	invalid_coordinate_id
6:29791033_C_T	7.78e-18	6	NA	NA	NA	invalid_coordinate_id
Affx-25366072	8.02e-18	Affx-25366072	NA	NA	NA	invalid_coordinate_id
6:29784503_A_G	8.45e-18	6	NA	NA	NA	invalid_coordinate_id
rs12719453	9.13e-18	NA	NA	NA	NA	rsid_not_found_in_bim
6:29785101_G_A	9.13e-18	6	NA	NA	NA	invalid_coordinate_id
chr2:229760387	9.29e-18	chr2	229760387	NA	NA	invalid_coordinate_id
6:29787202_G_A	9.52e-18	6	NA	NA	NA	invalid_coordinate_id
6:26463347:T:G	9.98e-18	6	26463347	T	G	no_position_allele_match_in_bim
rs28746990	1.04e-17	NA	NA	NA	NA	rsid_not_found_in_bim
Affx-28491545	1.08e-17	Affx-28491545	NA	NA	NA	invalid_coordinate_id
rs3844313	1.09e-17	NA	NA	NA	NA	rsid_not_found_in_bim
chr5:23284306	1.31e-17	chr5	23284306	NA	NA	invalid_coordinate_id
rs9273308	1.38e-17	NA	NA	NA	NA	rsid_not_found_in_bim
rs281860809	1.42e-17	NA	NA	NA	NA	rsid_not_found_in_bim
6:29826092_C_T	1.49e-17	6	NA	NA	NA	invalid_coordinate_id
rs1058152	1.64e-17	NA	NA	NA	NA	rsid_not_found_in_bim
chr17:76992654	1.71e-17	chr17	76992654	NA	NA	invalid_coordinate_id
rs372805558	1.75e-17	NA	NA	NA	NA	rsid_not_found_in_bim
rs201931294	2.06e-17	NA	NA	NA	NA	rsid_not_found_in_bim
chr9:31702586	2.22e-17	chr9	31702586	NA	NA	invalid_coordinate_id
Affx-28491490	2.46e-17	Affx-28491490	NA	NA	NA	invalid_coordinate_id
rs371327801	2.55e-17	NA	NA	NA	NA	rsid_not_found_in_bim
chr10:36914269	2.65e-17	chr10	36914269	NA	NA	invalid_coordinate_id
chr3:63571793	2.78e-17	chr3	63571793	NA	NA	invalid_coordinate_id
rs9263610	2.8e-17	NA	NA	NA	NA	rsid_not_found_in_bim
rs6477	2.93e-17	NA	NA	NA	NA	rsid_not_found_in_bim
chr6:140835160	3.07e-17	chr6	140835160	NA	NA	invalid_coordinate_id
rs1003603	3.36e-17	NA	NA	NA	NA	rsid_not_found_in_bim
rs368470290	3.5e-17	NA	NA	NA	NA	rsid_not_found_in_bim
rs244410	3.66e-17	NA	NA	NA	NA	rsid_not_found_in_bim
rs41554620	3.88e-17	NA	NA	NA	NA	rsid_not_found_in_bim
chr9:19715715	4.2e-17	chr9	19715715	NA	NA	invalid_coordinate_id
rs9268228	4.33e-17	NA	NA	NA	NA	rsid_not_found_in_bim
rs6895490	4.57e-17	NA	NA	NA	NA	rsid_not_found_in_bim
rs17205775	4.63e-17	NA	NA	NA	NA	rsid_not_found_in_bim
rs3117209	4.65e-17	NA	NA	NA	NA	rsid_not_found_in_bim
rs4294241	4.82e-17	NA	NA	NA	NA	rsid_not_found_in_bim
chr4:116570795	4.86e-17	chr4	116570795	NA	NA	invalid_coordinate_id
chr16:7405739	4.92e-17	chr16	7405739	NA	NA	invalid_coordinate_id
rs17843574	5.07e-17	NA	NA	NA	NA	rsid_not_found_in_bim
chr2:12827483	5.71e-17	chr2	12827483	NA	NA	invalid_coordinate_id
rs6002466	5.73e-17	NA	NA	NA	NA	rsid_not_found_in_bim
Affx-28491842	6.37e-17	Affx-28491842	NA	NA	NA	invalid_coordinate_id
Affx-28491938	6.77e-17	Affx-28491938	NA	NA	NA	invalid_coordinate_id
rs3000483	7e-17	NA	NA	NA	NA	rsid_not_found_in_bim
rs41270933	7.05e-17	NA	NA	NA	NA	rsid_not_found_in_bim
chr9:32708402	7.09e-17	chr9	32708402	NA	NA	invalid_coordinate_id
1:152305146:T:G	7.58e-17	1	152305146	T	G	no_position_allele_match_in_bim
chr3:86978464	7.93e-17	chr3	86978464	NA	NA	invalid_coordinate_id
rs11158728	8.88e-17	NA	NA	NA	NA	rsid_not_found_in_bim
rs12890167	9.12e-17	NA	NA	NA	NA	rsid_not_found_in_bim
chr10:52095631	9.41e-17	chr10	52095631	NA	NA	invalid_coordinate_id
rs9267987	1.02e-16	NA	NA	NA	NA	rsid_not_found_in_bim
rs1144710	1.03e-16	NA	NA	NA	NA	rsid_not_found_in_bim
rs13354207	1.05e-16	NA	NA	NA	NA	rsid_not_found_in_bim
1:152307547:A:G	1.08e-16	1	152307547	A	G	no_position_allele_match_in_bim
chr6:105383493	1.12e-16	chr6	105383493	NA	NA	invalid_coordinate_id
rs9271263	1.17e-16	NA	NA	NA	NA	rsid_not_found_in_bim
rs9271267	1.18e-16	NA	NA	NA	NA	rsid_not_found_in_bim
rs75445223	1.19e-16	NA	NA	NA	NA	rsid_not_found_in_bim
rs4352902	1.21e-16	NA	NA	NA	NA	rsid_not_found_in_bim
rs4291329	1.36e-16	NA	NA	NA	NA	rsid_not_found_in_bim
rs4449972	1.42e-16	NA	NA	NA	NA	rsid_not_found_in_bim
chr19:43669513	1.49e-16	chr19	43669513	NA	NA	invalid_coordinate_id
chr1:247225443	1.58e-16	chr1	247225443	NA	NA	invalid_coordinate_id
rs4833249	1.61e-16	NA	NA	NA	NA	rsid_not_found_in_bim
chr11:66726473	1.67e-16	chr11	66726473	NA	NA	invalid_coordinate_id
rs9261476	1.73e-16	NA	NA	NA	NA	rsid_not_found_in_bim
chr12:15886430	1.83e-16	chr12	15886430	NA	NA	invalid_coordinate_id
rs3115587	1.89e-16	NA	NA	NA	NA	rsid_not_found_in_bim
rs2736201	1.94e-16	NA	NA	NA	NA	rsid_not_found_in_bim
rs184339030	2e-16	NA	NA	NA	NA	rsid_not_found_in_bim
chr5:179768860	2.01e-16	chr5	179768860	NA	NA	invalid_coordinate_id
rs5021729	2.06e-16	NA	NA	NA	NA	rsid_not_found_in_bim
rs4546475	2.22e-16	NA	NA	NA	NA	rsid_not_found_in_bim
rs34422170	2.28e-16	NA	NA	NA	NA	rsid_not_found_in_bim
chr2:188574645	2.35e-16	chr2	188574645	NA	NA	invalid_coordinate_id
rs59289417	2.44e-16	NA	NA	NA	NA	rsid_not_found_in_bim
rs74163912	2.49e-16	NA	NA	NA	NA	rsid_not_found_in_bim
rs9915658	2.54e-16	NA	NA	NA	NA	rsid_not_found_in_bim
rs3130301	2.59e-16	NA	NA	NA	NA	rsid_not_found_in_bim
rs9272263	2.65e-16	NA	NA	NA	NA	rsid_not_found_in_bim
rs9271322	2.79e-16	NA	NA	NA	NA	rsid_not_found_in_bim
rs2437062	2.82e-16	NA	NA	NA	NA	rsid_not_found_in_bim
rs676882	2.86e-16	NA	NA	NA	NA	rsid_not_found_in_bim
rs9271270	2.89e-16	NA	NA	NA	NA	rsid_not_found_in_bim
rs727922	3.03e-16	NA	NA	NA	NA	rsid_not_found_in_bim
chr3:11942053	3.05e-16	chr3	11942053	NA	NA	invalid_coordinate_id
rs9273181	3.15e-16	NA	NA	NA	NA	rsid_not_found_in_bim
rs9273670	3.35e-16	NA	NA	NA	NA	rsid_not_found_in_bim
chr1:231025852	3.92e-16	chr1	231025852	NA	NA	invalid_coordinate_id
rs6901830	3.94e-16	NA	NA	NA	NA	rsid_not_found_in_bim
chr6:56777909	4.26e-16	chr6	56777909	NA	NA	invalid_coordinate_id
chr5:23291483	5.4e-16	chr5	23291483	NA	NA	invalid_coordinate_id
rs6002409	5.57e-16	NA	NA	NA	NA	rsid_not_found_in_bim
chr2:4305321	5.88e-16	chr2	4305321	NA	NA	invalid_coordinate_id
chr5:133429881	6.98e-16	chr5	133429881	NA	NA	invalid_coordinate_id
rs2395535	7.53e-16	NA	NA	NA	NA	rsid_not_found_in_bim
chr10:80834113	8.08e-16	chr10	80834113	NA	NA	invalid_coordinate_id
chr3:127651208	8.18e-16	chr3	127651208	NA	NA	invalid_coordinate_id
chr17:39223901	8.31e-16	chr17	39223901	NA	NA	invalid_coordinate_id
rs772081778	8.33e-16	NA	NA	NA	NA	rsid_not_found_in_bim
rs56233750	8.38e-16	NA	NA	NA	NA	rsid_not_found_in_bim
chr10:35739100	9.17e-16	chr10	35739100	NA	NA	invalid_coordinate_id
chr22:47907176	9.17e-16	chr22	47907176	NA	NA	invalid_coordinate_id
rs371441676	9.5e-16	NA	NA	NA	NA	rsid_not_found_in_bim
rs72778304	9.51e-16	NA	NA	NA	NA	rsid_not_found_in_bim
chr11:28180403	9.77e-16	chr11	28180403	NA	NA	invalid_coordinate_id
chr15:68339477	9.77e-16	chr15	68339477	NA	NA	invalid_coordinate_id
rs17005630	1.01e-15	NA	NA	NA	NA	rsid_not_found_in_bim
chr9:16314780	1.01e-15	chr9	16314780	NA	NA	invalid_coordinate_id
chr20:33779991	1.09e-15	chr20	33779991	NA	NA	invalid_coordinate_id
chr8:129406940	1.11e-15	chr8	129406940	NA	NA	invalid_coordinate_id
rs9273522	1.22e-15	NA	NA	NA	NA	rsid_not_found_in_bim
chr4:60562966	1.25e-15	chr4	60562966	NA	NA	invalid_coordinate_id
rs9262161	1.26e-15	NA	NA	NA	NA	rsid_not_found_in_bim
rs2734937	1.26e-15	NA	NA	NA	NA	rsid_not_found_in_bim
chr2:222393371	1.31e-15	chr2	222393371	NA	NA	invalid_coordinate_id
chr7:119020963	1.31e-15	chr7	119020963	NA	NA	invalid_coordinate_id
chr17:68800858	1.42e-15	chr17	68800858	NA	NA	invalid_coordinate_id
chr16:7579252	1.43e-15	chr16	7579252	NA	NA	invalid_coordinate_id
rs12054751	1.44e-15	NA	NA	NA	NA	rsid_not_found_in_bim
Affx-28494708	1.66e-15	Affx-28494708	NA	NA	NA	invalid_coordinate_id
chr3:65775062	1.68e-15	chr3	65775062	NA	NA	invalid_coordinate_id
rs111487784	1.76e-15	NA	NA	NA	NA	rsid_not_found_in_bim
rs9274437	1.77e-15	NA	NA	NA	NA	rsid_not_found_in_bim
rs28698533	1.88e-15	NA	NA	NA	NA	rsid_not_found_in_bim
chr4:48148793	1.89e-15	chr4	48148793	NA	NA	invalid_coordinate_id
chr12:67679949	2.07e-15	chr12	67679949	NA	NA	invalid_coordinate_id
rs9263664	2.28e-15	NA	NA	NA	NA	rsid_not_found_in_bim
chr15:59624026	2.43e-15	chr15	59624026	NA	NA	invalid_coordinate_id
rs2237058	2.5e-15	NA	NA	NA	NA	rsid_not_found_in_bim
rs35840551	2.61e-15	NA	NA	NA	NA	rsid_not_found_in_bim
Affx-17140840	2.68e-15	Affx-17140840	NA	NA	NA	invalid_coordinate_id
rs274948	2.77e-15	NA	NA	NA	NA	rsid_not_found_in_bim
chr16:12477010	2.84e-15	chr16	12477010	NA	NA	invalid_coordinate_id
rs9751951	2.97e-15	NA	NA	NA	NA	rsid_not_found_in_bim
chr19:35638459	2.97e-15	chr19	35638459	NA	NA	invalid_coordinate_id
rs867496239	3.06e-15	NA	NA	NA	NA	rsid_not_found_in_bim
6:26368051:A:G	3.09e-15	6	26368051	A	G	no_position_allele_match_in_bim
rs9469219	3.16e-15	NA	NA	NA	NA	rsid_not_found_in_bim
rs13186410	3.17e-15	NA	NA	NA	NA	rsid_not_found_in_bim
rs28746828	3.44e-15	NA	NA	NA	NA	rsid_not_found_in_bim
rs9262160	3.55e-15	NA	NA	NA	NA	rsid_not_found_in_bim
rs775335627	3.59e-15	NA	NA	NA	NA	rsid_not_found_in_bim
chr6:15496093	3.65e-15	chr6	15496093	NA	NA	invalid_coordinate_id
chr14:65985453	3.92e-15	chr14	65985453	NA	NA	invalid_coordinate_id
chr3:60965428	4.31e-15	chr3	60965428	NA	NA	invalid_coordinate_id
rs17193640	4.42e-15	NA	NA	NA	NA	rsid_not_found_in_bim
chr15:71777276	4.66e-15	chr15	71777276	NA	NA	invalid_coordinate_id
rs13077913	4.69e-15	NA	NA	NA	NA	rsid_not_found_in_bim
rs4465142	4.81e-15	NA	NA	NA	NA	rsid_not_found_in_bim
rs9274265	5.21e-15	NA	NA	NA	NA	rsid_not_found_in_bim
rs4706006	5.29e-15	NA	NA	NA	NA	rsid_not_found_in_bim
rs369580	5.37e-15	NA	NA	NA	NA	rsid_not_found_in_bim
rs9896530	5.43e-15	NA	NA	NA	NA	rsid_not_found_in_bim
rs6541092	5.44e-15	NA	NA	NA	NA	rsid_not_found_in_bim
rs2263323	5.99e-15	NA	NA	NA	NA	rsid_not_found_in_bim
rs6421571	5.99e-15	NA	NA	NA	NA	rsid_not_found_in_bim
chr5:5255143	6.08e-15	chr5	5255143	NA	NA	invalid_coordinate_id
rs9274238	6.18e-15	NA	NA	NA	NA	rsid_not_found_in_bim
rs72799929	6.38e-15	NA	NA	NA	NA	rsid_not_found_in_bim
rs55887250	6.6e-15	NA	NA	NA	NA	rsid_not_found_in_bim
rs281864338	6.6e-15	NA	NA	NA	NA	rsid_not_found_in_bim
chr5:67609454	6.61e-15	chr5	67609454	NA	NA	invalid_coordinate_id
chr22:47320144	7.46e-15	chr22	47320144	NA	NA	invalid_coordinate_id
chr1:189840967	7.73e-15	chr1	189840967	NA	NA	invalid_coordinate_id
rs7775028	7.94e-15	NA	NA	NA	NA	rsid_not_found_in_bim
rs180875021	7.98e-15	NA	NA	NA	NA	rsid_not_found_in_bim
rs36007540	7.99e-15	NA	NA	NA	NA	rsid_not_found_in_bim
chr12:40137382	8.09e-15	chr12	40137382	NA	NA	invalid_coordinate_id
chr19:47864888	8.15e-15	chr19	47864888	NA	NA	invalid_coordinate_id
chr10:83263673	8.4e-15	chr10	83263673	NA	NA	invalid_coordinate_id
chr6:46011898	8.51e-15	chr6	46011898	NA	NA	invalid_coordinate_id
chr7:12663787	8.81e-15	chr7	12663787	NA	NA	invalid_coordinate_id
rs8075042	9.3e-15	NA	NA	NA	NA	rsid_not_found_in_bim
rs9274172	9.61e-15	NA	NA	NA	NA	rsid_not_found_in_bim
rs28362358	9.64e-15	NA	NA	NA	NA	rsid_not_found_in_bim
rs72773182	9.76e-15	NA	NA	NA	NA	rsid_not_found_in_bim
Affx-12359778	9.85e-15	Affx-12359778	NA	NA	NA	invalid_coordinate_id
chr6:7821714	1.04e-14	chr6	7821714	NA	NA	invalid_coordinate_id
rs9268844	1.06e-14	NA	NA	NA	NA	rsid_not_found_in_bim
Affx-28473993	1.08e-14	Affx-28473993	NA	NA	NA	invalid_coordinate_id
rs11745929	1.2e-14	NA	NA	NA	NA	rsid_not_found_in_bim
rs7754396	1.25e-14	NA	NA	NA	NA	rsid_not_found_in_bim
chr19:44203848	1.25e-14	chr19	44203848	NA	NA	invalid_coordinate_id
rs2856719	1.26e-14	NA	NA	NA	NA	rsid_not_found_in_bim
rs7754731	1.37e-14	NA	NA	NA	NA	rsid_not_found_in_bim
chr19:6023668	1.45e-14	chr19	6023668	NA	NA	invalid_coordinate_id
chr18:35240592	1.49e-14	chr18	35240592	NA	NA	invalid_coordinate_id
Affx-28494632	1.69e-14	Affx-28494632	NA	NA	NA	invalid_coordinate_id
rs9274423	1.74e-14	NA	NA	NA	NA	rsid_not_found_in_bim
rs9270915	1.75e-14	NA	NA	NA	NA	rsid_not_found_in_bim
chr2:129827024	1.81e-14	chr2	129827024	NA	NA	invalid_coordinate_id
rs144190239	1.83e-14	NA	NA	NA	NA	rsid_not_found_in_bim
chr6:164286920	1.85e-14	chr6	164286920	NA	NA	invalid_coordinate_id
chr12:29790774	1.86e-14	chr12	29790774	NA	NA	invalid_coordinate_id
rs28532242	1.91e-14	NA	NA	NA	NA	rsid_not_found_in_bim
Affx-12359961	1.91e-14	Affx-12359961	NA	NA	NA	invalid_coordinate_id
chr15:60050626	2.02e-14	chr15	60050626	NA	NA	invalid_coordinate_id
rs17613643	2.08e-14	NA	NA	NA	NA	rsid_not_found_in_bim
rs6465	2.09e-14	NA	NA	NA	NA	rsid_not_found_in_bim
rs112405212	2.21e-14	NA	NA	NA	NA	rsid_not_found_in_bim
rs72779073	2.21e-14	NA	NA	NA	NA	rsid_not_found_in_bim
chr15:78974837	2.39e-14	chr15	78974837	NA	NA	invalid_coordinate_id
rs2811386	2.43e-14	NA	NA	NA	NA	rsid_not_found_in_bim
rs9274190	2.53e-14	NA	NA	NA	NA	rsid_not_found_in_bim
chr5:124034772	2.56e-14	chr5	124034772	NA	NA	invalid_coordinate_id
chr2:222732447	2.72e-14	chr2	222732447	NA	NA	invalid_coordinate_id
rs10265043	2.84e-14	NA	NA	NA	NA	rsid_not_found_in_bim
rs10275468	2.84e-14	NA	NA	NA	NA	rsid_not_found_in_bim
chr16:65164365	2.91e-14	chr16	65164365	NA	NA	invalid_coordinate_id
rs138115437	2.93e-14	NA	NA	NA	NA	rsid_not_found_in_bim
rs13156086	2.95e-14	NA	NA	NA	NA	rsid_not_found_in_bim
rs2596490	3e-14	NA	NA	NA	NA	rsid_not_found_in_bim
chr10:134383712	3.02e-14	chr10	134383712	NA	NA	invalid_coordinate_id
rs2855416	3.26e-14	NA	NA	NA	NA	rsid_not_found_in_bim
Affx-20653752	3.31e-14	Affx-20653752	NA	NA	NA	invalid_coordinate_id
chr8:124714795	3.52e-14	chr8	124714795	NA	NA	invalid_coordinate_id
19:7643172:T:C	3.53e-14	19	7643172	T	C	no_position_allele_match_in_bim
chr10:110398797	3.57e-14	chr10	110398797	NA	NA	invalid_coordinate_id
rs17132319	3.72e-14	NA	NA	NA	NA	rsid_not_found_in_bim
chr3:160915801	3.84e-14	chr3	160915801	NA	NA	invalid_coordinate_id
rs9271388	4.01e-14	NA	NA	NA	NA	rsid_not_found_in_bim
rs62401696	4.12e-14	NA	NA	NA	NA	rsid_not_found_in_bim
chr4:130632119	4.22e-14	chr4	130632119	NA	NA	invalid_coordinate_id
rs74180217	4.37e-14	NA	NA	NA	NA	rsid_not_found_in_bim
rs12188558	4.47e-14	NA	NA	NA	NA	rsid_not_found_in_bim
chr10:93448307	4.93e-14	chr10	93448307	NA	NA	invalid_coordinate_id
chr9:82623434	5.05e-14	chr9	82623434	NA	NA	invalid_coordinate_id
chr4:20221897	5.62e-14	chr4	20221897	NA	NA	invalid_coordinate_id
Affx-28493999	5.75e-14	Affx-28493999	NA	NA	NA	invalid_coordinate_id
chr11:78100752	5.92e-14	chr11	78100752	NA	NA	invalid_coordinate_id
chr8:82144816	5.96e-14	chr8	82144816	NA	NA	invalid_coordinate_id
rs3132487	5.99e-14	NA	NA	NA	NA	rsid_not_found_in_bim
rs145649164	6.2e-14	NA	NA	NA	NA	rsid_not_found_in_bim
chr16:89220607	6.22e-14	chr16	89220607	NA	NA	invalid_coordinate_id
rs2395523	6.25e-14	NA	NA	NA	NA	rsid_not_found_in_bim
rs3997867	6.46e-14	NA	NA	NA	NA	rsid_not_found_in_bim
chr15:95120692	6.67e-14	chr15	95120692	NA	NA	invalid_coordinate_id
chr5:179600827	6.67e-14	chr5	179600827	NA	NA	invalid_coordinate_id
rs115453070	7.23e-14	NA	NA	NA	NA	rsid_not_found_in_bim
rs113546599	7.24e-14	NA	NA	NA	NA	rsid_not_found_in_bim
chr6:104689890	7.59e-14	chr6	104689890	NA	NA	invalid_coordinate_id
chr2:121580066	7.65e-14	chr2	121580066	NA	NA	invalid_coordinate_id
rs10965937	7.74e-14	NA	NA	NA	NA	rsid_not_found_in_bim
rs9267970	7.87e-14	NA	NA	NA	NA	rsid_not_found_in_bim
chr7:145740799	7.93e-14	chr7	145740799	NA	NA	invalid_coordinate_id
rs7970701	8.02e-14	NA	NA	NA	NA	rsid_not_found_in_bim
chr2:17708861	8.1e-14	chr2	17708861	NA	NA	invalid_coordinate_id
rs9268985	8.2e-14	NA	NA	NA	NA	rsid_not_found_in_bim
chr1:12206501	8.41e-14	chr1	12206501	NA	NA	invalid_coordinate_id
chr4:3155133	8.62e-14	chr4	3155133	NA	NA	invalid_coordinate_id
rs9256945	9.06e-14	NA	NA	NA	NA	rsid_not_found_in_bim
rs1064587	9.26e-14	NA	NA	NA	NA	rsid_not_found_in_bim
rs1130389	9.35e-14	NA	NA	NA	NA	rsid_not_found_in_bim
chr6:105201029	9.42e-14	chr6	105201029	NA	NA	invalid_coordinate_id
chr22:45180329	9.62e-14	chr22	45180329	NA	NA	invalid_coordinate_id
chr1:26866798	1.06e-13	chr1	26866798	NA	NA	invalid_coordinate_id
chr10:100418401	1.07e-13	chr10	100418401	NA	NA	invalid_coordinate_id
chr2:22180617	1.08e-13	chr2	22180617	NA	NA	invalid_coordinate_id
Affx-25366148	1.19e-13	Affx-25366148	NA	NA	NA	invalid_coordinate_id
chr17:64224272	1.21e-13	chr17	64224272	NA	NA	invalid_coordinate_id
chr18:7808853	1.21e-13	chr18	7808853	NA	NA	invalid_coordinate_id
rs10957969	1.23e-13	NA	NA	NA	NA	rsid_not_found_in_bim
chr1:34126531	1.24e-13	chr1	34126531	NA	NA	invalid_coordinate_id
6:31157072:T:C	1.26e-13	6	31157072	T	C	no_position_allele_match_in_bim
rs75460132	1.27e-13	NA	NA	NA	NA	rsid_not_found_in_bim
rs62401695	1.31e-13	NA	NA	NA	NA	rsid_not_found_in_bim
chr1:63703516	1.32e-13	chr1	63703516	NA	NA	invalid_coordinate_id
rs17200109	1.35e-13	NA	NA	NA	NA	rsid_not_found_in_bim
rs1768	1.39e-13	NA	NA	NA	NA	rsid_not_found_in_bim
rs6906026	1.49e-13	NA	NA	NA	NA	rsid_not_found_in_bim
rs2985860	1.52e-13	NA	NA	NA	NA	rsid_not_found_in_bim
6:139013379:G:A	1.55e-13	6	139013379	G	A	no_position_allele_match_in_bim
6:41936060:A:C	1.56e-13	6	41936060	A	C	no_position_allele_match_in_bim
chr17:32562453	1.57e-13	chr17	32562453	NA	NA	invalid_coordinate_id
rs13131724	1.58e-13	NA	NA	NA	NA	rsid_not_found_in_bim
chr16:25230566	1.58e-13	chr16	25230566	NA	NA	invalid_coordinate_id
chr1:192135802	1.58e-13	chr1	192135802	NA	NA	invalid_coordinate_id
chr16:81449395	1.6e-13	chr16	81449395	NA	NA	invalid_coordinate_id
chr4:131730031	1.61e-13	chr4	131730031	NA	NA	invalid_coordinate_id
chr5:146561444	1.61e-13	chr5	146561444	NA	NA	invalid_coordinate_id
rs6925439	1.63e-13	NA	NA	NA	NA	rsid_not_found_in_bim
rs112140494	1.69e-13	NA	NA	NA	NA	rsid_not_found_in_bim
rs78570891	1.71e-13	NA	NA	NA	NA	rsid_not_found_in_bim
chr21:35414590	1.72e-13	chr21	35414590	NA	NA	invalid_coordinate_id
rs34285452	1.78e-13	NA	NA	NA	NA	rsid_not_found_in_bim
chr2:76016125	1.8e-13	chr2	76016125	NA	NA	invalid_coordinate_id
chr5:1089280	1.8e-13	chr5	1089280	NA	NA	invalid_coordinate_id
rs539260903	1.88e-13	NA	NA	NA	NA	rsid_not_found_in_bim
rs34314655;rs510205	1.88e-13	rs34314655;rs510205	NA	NA	NA	invalid_coordinate_id
chr11:64327246	1.91e-13	chr11	64327246	NA	NA	invalid_coordinate_id
chr7:77710705	1.98e-13	chr7	77710705	NA	NA	invalid_coordinate_id
chr5:54757296	2.01e-13	chr5	54757296	NA	NA	invalid_coordinate_id
rs35745547	2.07e-13	NA	NA	NA	NA	rsid_not_found_in_bim
Affx-28494819	2.13e-13	Affx-28494819	NA	NA	NA	invalid_coordinate_id
chr5:54724352	2.17e-13	chr5	54724352	NA	NA	invalid_coordinate_id
rs3128760	2.19e-13	NA	NA	NA	NA	rsid_not_found_in_bim
Affx-3824617	2.19e-13	Affx-3824617	NA	NA	NA	invalid_coordinate_id
Affx-28475631	2.2e-13	Affx-28475631	NA	NA	NA	invalid_coordinate_id
Affx-28475636	2.2e-13	Affx-28475636	NA	NA	NA	invalid_coordinate_id
rs28471056	2.39e-13	NA	NA	NA	NA	rsid_not_found_in_bim
rs2071546	2.48e-13	NA	NA	NA	NA	rsid_not_found_in_bim
rs983561	2.54e-13	NA	NA	NA	NA	rsid_not_found_in_bim
8:47260961:T:G	2.59e-13	8	47260961	T	G	no_position_allele_match_in_bim
rs7917085	2.6e-13	NA	NA	NA	NA	rsid_not_found_in_bim
Affx-28475621	2.62e-13	Affx-28475621	NA	NA	NA	invalid_coordinate_id
rs6928272	2.67e-13	NA	NA	NA	NA	rsid_not_found_in_bim
chr11:35295724	2.67e-13	chr11	35295724	NA	NA	invalid_coordinate_id
Affx-28493737	2.68e-13	Affx-28493737	NA	NA	NA	invalid_coordinate_id
rs3891174	2.71e-13	NA	NA	NA	NA	rsid_not_found_in_bim
Affx-28474440	2.77e-13	Affx-28474440	NA	NA	NA	invalid_coordinate_id
chr15:55313062	2.86e-13	chr15	55313062	NA	NA	invalid_coordinate_id
chr1:249081735	3.06e-13	chr1	249081735	NA	NA	invalid_coordinate_id
rs1794265	3.09e-13	NA	NA	NA	NA	rsid_not_found_in_bim
chr17:28600375	3.15e-13	chr17	28600375	NA	NA	invalid_coordinate_id
rs2394252	3.18e-13	NA	NA	NA	NA	rsid_not_found_in_bim
Affx-28472464	3.19e-13	Affx-28472464	NA	NA	NA	invalid_coordinate_id
rs3095317	3.29e-13	NA	NA	NA	NA	rsid_not_found_in_bim
rs28747054	3.29e-13	NA	NA	NA	NA	rsid_not_found_in_bim
chr6:158528101	3.41e-13	chr6	158528101	NA	NA	invalid_coordinate_id
Affx-28494787	3.45e-13	Affx-28494787	NA	NA	NA	invalid_coordinate_id
Affx-28471526	3.49e-13	Affx-28471526	NA	NA	NA	invalid_coordinate_id
Affx-28472176	3.49e-13	Affx-28472176	NA	NA	NA	invalid_coordinate_id
rs756277816	3.62e-13	NA	NA	NA	NA	rsid_not_found_in_bim
rs9261245	3.66e-13	NA	NA	NA	NA	rsid_not_found_in_bim
rs1071742	3.76e-13	NA	NA	NA	NA	rsid_not_found_in_bim
rs1264357	3.8e-13	NA	NA	NA	NA	rsid_not_found_in_bim
rs546037534	3.91e-13	NA	NA	NA	NA	rsid_not_found_in_bim
Affx-28495994	4.03e-13	Affx-28495994	NA	NA	NA	invalid_coordinate_id
chr4:8665931	4.03e-13	chr4	8665931	NA	NA	invalid_coordinate_id
rs9683252	4.12e-13	NA	NA	NA	NA	rsid_not_found_in_bim
chr5:65225131	4.16e-13	chr5	65225131	NA	NA	invalid_coordinate_id
chr11:93932530	4.17e-13	chr11	93932530	NA	NA	invalid_coordinate_id
chr3:146463947	4.19e-13	chr3	146463947	NA	NA	invalid_coordinate_id
Affx-28498732	4.27e-13	Affx-28498732	NA	NA	NA	invalid_coordinate_id
rs4713273	4.28e-13	NA	NA	NA	NA	rsid_not_found_in_bim
chr4:20247712	4.29e-13	chr4	20247712	NA	NA	invalid_coordinate_id
9:128721272:A:T	4.37e-13	9	128721272	A	T	no_position_allele_match_in_bim
chr4:80950906	4.46e-13	chr4	80950906	NA	NA	invalid_coordinate_id
chr4:20248153	4.49e-13	chr4	20248153	NA	NA	invalid_coordinate_id
rs12362593	4.5e-13	NA	NA	NA	NA	rsid_not_found_in_bim
rs28383417	4.54e-13	NA	NA	NA	NA	rsid_not_found_in_bim
Affx-28470475	4.63e-13	Affx-28470475	NA	NA	NA	invalid_coordinate_id
Affx-28471027	4.63e-13	Affx-28471027	NA	NA	NA	invalid_coordinate_id
chr6:77510384	4.69e-13	chr6	77510384	NA	NA	invalid_coordinate_id
chr8:32737166	4.74e-13	chr8	32737166	NA	NA	invalid_coordinate_id
rs9274209	4.91e-13	NA	NA	NA	NA	rsid_not_found_in_bim
rs9690704	5.03e-13	NA	NA	NA	NA	rsid_not_found_in_bim
rs9275493	5.07e-13	NA	NA	NA	NA	rsid_not_found_in_bim
rs17615250	5.16e-13	NA	NA	NA	NA	rsid_not_found_in_bim
rs4526212	5.19e-13	NA	NA	NA	NA	rsid_not_found_in_bim
rs2894366	5.24e-13	NA	NA	NA	NA	rsid_not_found_in_bim
chr5:179413843	5.47e-13	chr5	179413843	NA	NA	invalid_coordinate_id
rs1130992	5.5e-13	NA	NA	NA	NA	rsid_not_found_in_bim
chr5:173142611	5.56e-13	chr5	173142611	NA	NA	invalid_coordinate_id
chr2:107845907	5.57e-13	chr2	107845907	NA	NA	invalid_coordinate_id
chr4:87836804	5.74e-13	chr4	87836804	NA	NA	invalid_coordinate_id
chr5:19600109	5.76e-13	chr5	19600109	NA	NA	invalid_coordinate_id
chr3:53246979	5.77e-13	chr3	53246979	NA	NA	invalid_coordinate_id
rs622076	5.84e-13	NA	NA	NA	NA	rsid_not_found_in_bim
Affx-28472553	5.9e-13	Affx-28472553	NA	NA	NA	invalid_coordinate_id
Affx-28473638	5.9e-13	Affx-28473638	NA	NA	NA	invalid_coordinate_id
Affx-28473685	5.9e-13	Affx-28473685	NA	NA	NA	invalid_coordinate_id
Affx-28473774	5.9e-13	Affx-28473774	NA	NA	NA	invalid_coordinate_id
rs28381639	6.03e-13	NA	NA	NA	NA	rsid_not_found_in_bim
rs58222839	6.42e-13	NA	NA	NA	NA	rsid_not_found_in_bim
rs142820621	6.71e-13	NA	NA	NA	NA	rsid_not_found_in_bim
17:39659051:C:G	6.88e-13	17	39659051	C	G	no_position_allele_match_in_bim
chr10:30750957	7.51e-13	chr10	30750957	NA	NA	invalid_coordinate_id
rs10815254	7.57e-13	NA	NA	NA	NA	rsid_not_found_in_bim
rs62169949	7.72e-13	NA	NA	NA	NA	rsid_not_found_in_bim
chr18:385127	7.76e-13	chr18	385127	NA	NA	invalid_coordinate_id
chr3:116073293	7.77e-13	chr3	116073293	NA	NA	invalid_coordinate_id
chr5:81560760	7.78e-13	chr5	81560760	NA	NA	invalid_coordinate_id
Affx-28472468	8e-13	Affx-28472468	NA	NA	NA	invalid_coordinate_id
Affx-28472524	8e-13	Affx-28472524	NA	NA	NA	invalid_coordinate_id
Affx-28472556	8e-13	Affx-28472556	NA	NA	NA	invalid_coordinate_id
Affx-28472654	8e-13	Affx-28472654	NA	NA	NA	invalid_coordinate_id
Affx-28472666	8e-13	Affx-28472666	NA	NA	NA	invalid_coordinate_id
Affx-28473169	8e-13	Affx-28473169	NA	NA	NA	invalid_coordinate_id
Affx-28473191	8e-13	Affx-28473191	NA	NA	NA	invalid_coordinate_id
Affx-28473366	8e-13	Affx-28473366	NA	NA	NA	invalid_coordinate_id
Affx-28473744	8e-13	Affx-28473744	NA	NA	NA	invalid_coordinate_id
chr11:104772183	8.03e-13	chr11	104772183	NA	NA	invalid_coordinate_id
9:140500443_G_A	8.25e-13	9	NA	NA	NA	invalid_coordinate_id
rs527608959	8.26e-13	NA	NA	NA	NA	rsid_not_found_in_bim
rs765837688	8.28e-13	NA	NA	NA	NA	rsid_not_found_in_bim
chr1:244850910	8.37e-13	chr1	244850910	NA	NA	invalid_coordinate_id
rs2905710	8.38e-13	NA	NA	NA	NA	rsid_not_found_in_bim
rs13214858	8.41e-13	NA	NA	NA	NA	rsid_not_found_in_bim
rs7713025	8.51e-13	NA	NA	NA	NA	rsid_not_found_in_bim
chr11:57245731	8.53e-13	chr11	57245731	NA	NA	invalid_coordinate_id
rs3763328	8.57e-13	NA	NA	NA	NA	rsid_not_found_in_bim
chr5:35017686	8.65e-13	chr5	35017686	NA	NA	invalid_coordinate_id
chr15:38025745	8.8e-13	chr15	38025745	NA	NA	invalid_coordinate_id
rs11655657	8.89e-13	NA	NA	NA	NA	rsid_not_found_in_bim
chr1:222724483	9.06e-13	chr1	222724483	NA	NA	invalid_coordinate_id
chr2:33328785	9.51e-13	chr2	33328785	NA	NA	invalid_coordinate_id
rs1494564	9.79e-13	NA	NA	NA	NA	rsid_not_found_in_bim
chr17:34138280	9.9e-13	chr17	34138280	NA	NA	invalid_coordinate_id
Affx-28496597	9.97e-13	Affx-28496597	NA	NA	NA	invalid_coordinate_id
chr5:91591613	1.01e-12	chr5	91591613	NA	NA	invalid_coordinate_id
chr4:25568045	1.03e-12	chr4	25568045	NA	NA	invalid_coordinate_id
rs12159188	1.07e-12	NA	NA	NA	NA	rsid_not_found_in_bim
Affx-28472834	1.08e-12	Affx-28472834	NA	NA	NA	invalid_coordinate_id
rs13196410	1.1e-12	NA	NA	NA	NA	rsid_not_found_in_bim
chr2:6383219	1.1e-12	chr2	6383219	NA	NA	invalid_coordinate_id
rs28371184	1.14e-12	NA	NA	NA	NA	rsid_not_found_in_bim
14:103859620:C:A	1.15e-12	14	103859620	C	A	no_position_allele_match_in_bim
rs184510861	1.17e-12	NA	NA	NA	NA	rsid_not_found_in_bim
rs74865578	1.19e-12	NA	NA	NA	NA	rsid_not_found_in_bim
rs75720927	1.21e-12	NA	NA	NA	NA	rsid_not_found_in_bim
chr8:21034796	1.23e-12	chr8	21034796	NA	NA	invalid_coordinate_id
chr14:34858240	1.25e-12	chr14	34858240	NA	NA	invalid_coordinate_id
chr6:125074793	1.25e-12	chr6	125074793	NA	NA	invalid_coordinate_id
chr4:64214698	1.33e-12	chr4	64214698	NA	NA	invalid_coordinate_id
chr1:57239655	1.37e-12	chr1	57239655	NA	NA	invalid_coordinate_id
rs41269976	1.39e-12	NA	NA	NA	NA	rsid_not_found_in_bim
chr12:59253407	1.41e-12	chr12	59253407	NA	NA	invalid_coordinate_id
chr19:57284751	1.43e-12	chr19	57284751	NA	NA	invalid_coordinate_id
chr6:141414633	1.45e-12	chr6	141414633	NA	NA	invalid_coordinate_id
chr7:36545616	1.48e-12	chr7	36545616	NA	NA	invalid_coordinate_id
rs3873411	1.49e-12	NA	NA	NA	NA	rsid_not_found_in_bim
chr1:119868612	1.51e-12	chr1	119868612	NA	NA	invalid_coordinate_id
rs11756691	1.52e-12	NA	NA	NA	NA	rsid_not_found_in_bim
rs188138917	1.54e-12	NA	NA	NA	NA	rsid_not_found_in_bim
Affx-25366715	1.56e-12	Affx-25366715	NA	NA	NA	invalid_coordinate_id
chr2:122036177	1.59e-12	chr2	122036177	NA	NA	invalid_coordinate_id
Affx-28473485	1.6e-12	Affx-28473485	NA	NA	NA	invalid_coordinate_id
rs2735090	1.62e-12	NA	NA	NA	NA	rsid_not_found_in_bim
rs367583152	1.62e-12	NA	NA	NA	NA	rsid_not_found_in_bim
chr1:12756730	1.67e-12	chr1	12756730	NA	NA	invalid_coordinate_id
chr13:93654717	1.7e-12	chr13	93654717	NA	NA	invalid_coordinate_id
chr11:79466383	1.71e-12	chr11	79466383	NA	NA	invalid_coordinate_id
chr12:131799004	1.71e-12	chr12	131799004	NA	NA	invalid_coordinate_id
rs3873412	1.73e-12	NA	NA	NA	NA	rsid_not_found_in_bim
chr1:154713003	1.75e-12	chr1	154713003	NA	NA	invalid_coordinate_id
rs3094642	1.77e-12	NA	NA	NA	NA	rsid_not_found_in_bim
chr11:2272870	1.77e-12	chr11	2272870	NA	NA	invalid_coordinate_id
chr15:76113253	1.77e-12	chr15	76113253	NA	NA	invalid_coordinate_id
rs147693279	1.84e-12	NA	NA	NA	NA	rsid_not_found_in_bim
Affx-28472416	1.84e-12	Affx-28472416	NA	NA	NA	invalid_coordinate_id
rs28746868	1.86e-12	NA	NA	NA	NA	rsid_not_found_in_bim
rs2431647	1.89e-12	NA	NA	NA	NA	rsid_not_found_in_bim
rs34624766	1.89e-12	NA	NA	NA	NA	rsid_not_found_in_bim
chr14:66262128	1.89e-12	chr14	66262128	NA	NA	invalid_coordinate_id
15:50492819:G:A	1.91e-12	15	50492819	G	A	no_position_allele_match_in_bim
chr1:98687655	1.91e-12	chr1	98687655	NA	NA	invalid_coordinate_id
Affx-28473676	1.92e-12	Affx-28473676	NA	NA	NA	invalid_coordinate_id
Affx-28473756	2e-12	Affx-28473756	NA	NA	NA	invalid_coordinate_id
chr12:132622201	2.06e-12	chr12	132622201	NA	NA	invalid_coordinate_id
6:32581574:A:G	2.07e-12	6	32581574	A	G	no_position_allele_match_in_bim
rs13188188	2.08e-12	NA	NA	NA	NA	rsid_not_found_in_bim
rs114571904	2.08e-12	NA	NA	NA	NA	rsid_not_found_in_bim
chr17:66670105	2.08e-12	chr17	66670105	NA	NA	invalid_coordinate_id
rs28371185	2.14e-12	NA	NA	NA	NA	rsid_not_found_in_bim
chr10:9389559	2.14e-12	chr10	9389559	NA	NA	invalid_coordinate_id
14:59483905:A:G	2.23e-12	14	59483905	A	G	no_position_allele_match_in_bim
chr12:119270491	2.23e-12	chr12	119270491	NA	NA	invalid_coordinate_id
chr8:127412875	2.26e-12	chr8	127412875	NA	NA	invalid_coordinate_id
chr4:152850136	2.33e-12	chr4	152850136	NA	NA	invalid_coordinate_id
chr3:22204940	2.35e-12	chr3	22204940	NA	NA	invalid_coordinate_id
chr6:101949994	2.35e-12	chr6	101949994	NA	NA	invalid_coordinate_id
chr20:2631790	2.42e-12	chr20	2631790	NA	NA	invalid_coordinate_id
chr7:37785475	2.5e-12	chr7	37785475	NA	NA	invalid_coordinate_id
Affx-28473547	2.52e-12	Affx-28473547	NA	NA	NA	invalid_coordinate_id
Affx-28473671	2.52e-12	Affx-28473671	NA	NA	NA	invalid_coordinate_id
chr7:70123512	2.57e-12	chr7	70123512	NA	NA	invalid_coordinate_id
rs3116981	2.58e-12	NA	NA	NA	NA	rsid_not_found_in_bim
rs190440340	2.59e-12	NA	NA	NA	NA	rsid_not_found_in_bim
1:44981054:C:G	2.61e-12	1	44981054	C	G	no_position_allele_match_in_bim
rs10815365	2.62e-12	NA	NA	NA	NA	rsid_not_found_in_bim
rs5758446	2.64e-12	NA	NA	NA	NA	rsid_not_found_in_bim
rs28371186	2.66e-12	NA	NA	NA	NA	rsid_not_found_in_bim
rs28371187	2.66e-12	NA	NA	NA	NA	rsid_not_found_in_bim
11:2406670:T:G	2.66e-12	11	2406670	T	G	no_position_allele_match_in_bim
chr4:139556244	2.66e-12	chr4	139556244	NA	NA	invalid_coordinate_id
chr9:3254970	2.66e-12	chr9	3254970	NA	NA	invalid_coordinate_id
chr18:11850736	2.77e-12	chr18	11850736	NA	NA	invalid_coordinate_id
rs41269978	2.8e-12	NA	NA	NA	NA	rsid_not_found_in_bim
chr1:223464252	2.8e-12	chr1	223464252	NA	NA	invalid_coordinate_id
rs78987380	2.81e-12	NA	NA	NA	NA	rsid_not_found_in_bim
chr1:221354502	2.86e-12	chr1	221354502	NA	NA	invalid_coordinate_id
rs9501204	2.87e-12	NA	NA	NA	NA	rsid_not_found_in_bim
rs476829	2.88e-12	NA	NA	NA	NA	rsid_not_found_in_bim
chr1:118196252	2.9e-12	chr1	118196252	NA	NA	invalid_coordinate_id
rs446049	2.92e-12	NA	NA	NA	NA	rsid_not_found_in_bim
chr1:189761252	2.94e-12	chr1	189761252	NA	NA	invalid_coordinate_id
chr2:44732943	2.95e-12	chr2	44732943	NA	NA	invalid_coordinate_id
chr12:40297004	2.96e-12	chr12	40297004	NA	NA	invalid_coordinate_id
chr1:112114841	3.07e-12	chr1	112114841	NA	NA	invalid_coordinate_id
chr8:96108145	3.13e-12	chr8	96108145	NA	NA	invalid_coordinate_id
rs1557568	3.14e-12	NA	NA	NA	NA	rsid_not_found_in_bim
chr1:240590836	3.16e-12	chr1	240590836	NA	NA	invalid_coordinate_id
rs7772614	3.24e-12	NA	NA	NA	NA	rsid_not_found_in_bim
rs10755130	3.27e-12	NA	NA	NA	NA	rsid_not_found_in_bim
chr2:26152638	3.3e-12	chr2	26152638	NA	NA	invalid_coordinate_id
chr10:108814272	3.45e-12	chr10	108814272	NA	NA	invalid_coordinate_id
chr5:63420070	3.46e-12	chr5	63420070	NA	NA	invalid_coordinate_id
rs78102778	3.48e-12	NA	NA	NA	NA	rsid_not_found_in_bim
rs9272608	3.5e-12	NA	NA	NA	NA	rsid_not_found_in_bim
rs5751142	3.55e-12	NA	NA	NA	NA	rsid_not_found_in_bim
rs12726274	3.58e-12	NA	NA	NA	NA	rsid_not_found_in_bim
chr20:12036670	3.59e-12	chr20	12036670	NA	NA	invalid_coordinate_id
rs2858322	3.64e-12	NA	NA	NA	NA	rsid_not_found_in_bim
chr11:32108518	3.66e-12	chr11	32108518	NA	NA	invalid_coordinate_id
rs113710087	3.67e-12	NA	NA	NA	NA	rsid_not_found_in_bim
rs274562	3.69e-12	NA	NA	NA	NA	rsid_not_found_in_bim
chr20:33502475	3.78e-12	chr20	33502475	NA	NA	invalid_coordinate_id
chr16:67622081	3.87e-12	chr16	67622081	NA	NA	invalid_coordinate_id
Affx-28473355	3.91e-12	Affx-28473355	NA	NA	NA	invalid_coordinate_id
Affx-28473363	3.91e-12	Affx-28473363	NA	NA	NA	invalid_coordinate_id
chr1:145631709	3.95e-12	chr1	145631709	NA	NA	invalid_coordinate_id
chr4:157889374	4.01e-12	chr4	157889374	NA	NA	invalid_coordinate_id
rs78117460	4.13e-12	NA	NA	NA	NA	rsid_not_found_in_bim
chr19:5992889	4.14e-12	chr19	5992889	NA	NA	invalid_coordinate_id
rs5000803	4.17e-12	NA	NA	NA	NA	rsid_not_found_in_bim
chr3:189434818	4.18e-12	chr3	189434818	NA	NA	invalid_coordinate_id
rs28694041	4.28e-12	NA	NA	NA	NA	rsid_not_found_in_bim
Affx-19708154	4.3e-12	Affx-19708154	NA	NA	NA	invalid_coordinate_id
rs1894650	4.44e-12	NA	NA	NA	NA	rsid_not_found_in_bim
rs457158	4.53e-12	NA	NA	NA	NA	rsid_not_found_in_bim
6:29834449_A_G	4.53e-12	6	NA	NA	NA	invalid_coordinate_id
rs10076115	4.54e-12	NA	NA	NA	NA	rsid_not_found_in_bim
rs10078562	4.63e-12	NA	NA	NA	NA	rsid_not_found_in_bim
rs244411	4.72e-12	NA	NA	NA	NA	rsid_not_found_in_bim
1:9264559:C:T	4.76e-12	1	9264559	C	T	no_position_allele_match_in_bim
17:43021991:T:C	4.77e-12	17	43021991	T	C	no_position_allele_match_in_bim
chr1:245212577	4.8e-12	chr1	245212577	NA	NA	invalid_coordinate_id
rs186667863	4.88e-12	NA	NA	NA	NA	rsid_not_found_in_bim
rs13361903	5.03e-12	NA	NA	NA	NA	rsid_not_found_in_bim
chr1:153872001	5.05e-12	chr1	153872001	NA	NA	invalid_coordinate_id
chr5:118089735	5.22e-12	chr5	118089735	NA	NA	invalid_coordinate_id
rs2621318	5.29e-12	NA	NA	NA	NA	rsid_not_found_in_bim
chr2:219026748	5.33e-12	chr2	219026748	NA	NA	invalid_coordinate_id
chr3:72548367	5.33e-12	chr3	72548367	NA	NA	invalid_coordinate_id
rs10262027	5.37e-12	NA	NA	NA	NA	rsid_not_found_in_bim
Affx-12359224	5.42e-12	Affx-12359224	NA	NA	NA	invalid_coordinate_id
rs996934	5.43e-12	NA	NA	NA	NA	rsid_not_found_in_bim
rs115225609	5.43e-12	NA	NA	NA	NA	rsid_not_found_in_bim
5:124647541:C:T	5.57e-12	5	124647541	C	T	no_position_allele_match_in_bim
chr8:95485757	5.62e-12	chr8	95485757	NA	NA	invalid_coordinate_id
chr20:60763293	5.75e-12	chr20	60763293	NA	NA	invalid_coordinate_id
rs935569	5.87e-12	NA	NA	NA	NA	rsid_not_found_in_bim
chr1:90926540	5.92e-12	chr1	90926540	NA	NA	invalid_coordinate_id
chr9:135860043	6.01e-12	chr9	135860043	NA	NA	invalid_coordinate_id
Affx-37330777	6.03e-12	Affx-37330777	NA	NA	NA	invalid_coordinate_id
chr19:35730226	6.14e-12	chr19	35730226	NA	NA	invalid_coordinate_id
chr1:34571173	6.26e-12	chr1	34571173	NA	NA	invalid_coordinate_id
Affx-28496601	6.31e-12	Affx-28496601	NA	NA	NA	invalid_coordinate_id
chr2:59727274	6.39e-12	chr2	59727274	NA	NA	invalid_coordinate_id
rs9316059	6.44e-12	NA	NA	NA	NA	rsid_not_found_in_bim
18:11999183:T:C	6.54e-12	18	11999183	T	C	no_position_allele_match_in_bim
chr2:106608531	6.54e-12	chr2	106608531	NA	NA	invalid_coordinate_id
chr5:145309554	6.67e-12	chr5	145309554	NA	NA	invalid_coordinate_id
Affx-12358991	6.68e-12	Affx-12358991	NA	NA	NA	invalid_coordinate_id
rs156394	6.73e-12	NA	NA	NA	NA	rsid_not_found_in_bim
chr7:135637680	6.76e-12	chr7	135637680	NA	NA	invalid_coordinate_id
rs116795069	7.04e-12	NA	NA	NA	NA	rsid_not_found_in_bim
chr18:2184672	7.06e-12	chr18	2184672	NA	NA	invalid_coordinate_id
rs2688576	7.12e-12	NA	NA	NA	NA	rsid_not_found_in_bim
chr1:181073470	7.22e-12	chr1	181073470	NA	NA	invalid_coordinate_id
rs2523479	7.29e-12	NA	NA	NA	NA	rsid_not_found_in_bim
chr5:123738646	7.35e-12	chr5	123738646	NA	NA	invalid_coordinate_id
chr9:83056041	7.46e-12	chr9	83056041	NA	NA	invalid_coordinate_id
chr2:232408834	7.47e-12	chr2	232408834	NA	NA	invalid_coordinate_id
rs2853970	7.58e-12	NA	NA	NA	NA	rsid_not_found_in_bim
rs747715932	7.65e-12	NA	NA	NA	NA	rsid_not_found_in_bim
rs3129712	7.86e-12	NA	NA	NA	NA	rsid_not_found_in_bim
2:161993299:G:C	7.88e-12	2	161993299	G	C	no_position_allele_match_in_bim
13:31729105:A:G	7.88e-12	13	31729105	A	G	no_position_allele_match_in_bim
chr5:58491295	7.89e-12	chr5	58491295	NA	NA	invalid_coordinate_id
rs575889556	7.92e-12	NA	NA	NA	NA	rsid_not_found_in_bim
Affx-17141009	7.97e-12	Affx-17141009	NA	NA	NA	invalid_coordinate_id
chr17:60935650	8.1e-12	chr17	60935650	NA	NA	invalid_coordinate_id
chr4:85692515	8.18e-12	chr4	85692515	NA	NA	invalid_coordinate_id
rs148477261	8.36e-12	NA	NA	NA	NA	rsid_not_found_in_bim
rs9277897	8.4e-12	NA	NA	NA	NA	rsid_not_found_in_bim
chr16:49673708	8.48e-12	chr16	49673708	NA	NA	invalid_coordinate_id
rs144511606	8.51e-12	NA	NA	NA	NA	rsid_not_found_in_bim
chr4:25964983	8.64e-12	chr4	25964983	NA	NA	invalid_coordinate_id
rs1151851	8.83e-12	NA	NA	NA	NA	rsid_not_found_in_bim
chr7:118796876	9.02e-12	chr7	118796876	NA	NA	invalid_coordinate_id
chr4:11651678	9.05e-12	chr4	11651678	NA	NA	invalid_coordinate_id
chr2:169953259	9.1e-12	chr2	169953259	NA	NA	invalid_coordinate_id
chr20:3429139	9.16e-12	chr20	3429139	NA	NA	invalid_coordinate_id
rs9272068	9.33e-12	NA	NA	NA	NA	rsid_not_found_in_bim
rs111597180	9.56e-12	NA	NA	NA	NA	rsid_not_found_in_bim
6:29825566_A_G	9.83e-12	6	NA	NA	NA	invalid_coordinate_id
Affx-33938411	9.93e-12	Affx-33938411	NA	NA	NA	invalid_coordinate_id
chr11:44870958	1.01e-11	chr11	44870958	NA	NA	invalid_coordinate_id
chr9:134065012	1.01e-11	chr9	134065012	NA	NA	invalid_coordinate_id
rs57837533	1.02e-11	NA	NA	NA	NA	rsid_not_found_in_bim
rs2395329	1.03e-11	NA	NA	NA	NA	rsid_not_found_in_bim
rs3852215	1.04e-11	NA	NA	NA	NA	rsid_not_found_in_bim
6:80129229:A:G	1.05e-11	6	80129229	A	G	no_position_allele_match_in_bim
chr2:125071294	1.06e-11	chr2	125071294	NA	NA	invalid_coordinate_id
6:7558186:G:A	1.08e-11	6	7558186	G	A	no_position_allele_match_in_bim
Affx-17141006	1.09e-11	Affx-17141006	NA	NA	NA	invalid_coordinate_id
Affx-17141010	1.09e-11	Affx-17141010	NA	NA	NA	invalid_coordinate_id
8:10826178:T:C	1.1e-11	8	10826178	T	C	no_position_allele_match_in_bim
Affx-25365910	1.11e-11	Affx-25365910	NA	NA	NA	invalid_coordinate_id
2:242770637_A_C	1.14e-11	2	NA	NA	NA	invalid_coordinate_id
chr19:54905662	1.14e-11	chr19	54905662	NA	NA	invalid_coordinate_id
chr3:187674249	1.14e-11	chr3	187674249	NA	NA	invalid_coordinate_id
6:29790905_G_A	1.16e-11	6	NA	NA	NA	invalid_coordinate_id
chr12:30175965	1.17e-11	chr12	30175965	NA	NA	invalid_coordinate_id
12:109906575:C:G	1.18e-11	12	109906575	C	G	no_position_allele_match_in_bim
chr19:15341746	1.18e-11	chr19	15341746	NA	NA	invalid_coordinate_id
6:29787976_T_G	1.2e-11	6	NA	NA	NA	invalid_coordinate_id
chr5:64064584	1.2e-11	chr5	64064584	NA	NA	invalid_coordinate_id
rs61907676	1.22e-11	NA	NA	NA	NA	rsid_not_found_in_bim
chr12:122603256	1.24e-11	chr12	122603256	NA	NA	invalid_coordinate_id
14:31349797:C:G	1.25e-11	14	31349797	C	G	no_position_allele_match_in_bim
rs9270104	1.28e-11	NA	NA	NA	NA	rsid_not_found_in_bim
chr19:3429570	1.3e-11	chr19	3429570	NA	NA	invalid_coordinate_id
rs184645362	1.32e-11	NA	NA	NA	NA	rsid_not_found_in_bim
6:32856171:A:G	1.32e-11	6	32856171	A	G	no_position_allele_match_in_bim
rs28366081	1.34e-11	NA	NA	NA	NA	rsid_not_found_in_bim
rs28366082	1.34e-11	NA	NA	NA	NA	rsid_not_found_in_bim
chr1:36052194	1.34e-11	chr1	36052194	NA	NA	invalid_coordinate_id
rs71388704	1.35e-11	NA	NA	NA	NA	rsid_not_found_in_bim
chr12:69220591	1.37e-11	chr12	69220591	NA	NA	invalid_coordinate_id
chr6:54807987	1.37e-11	chr6	54807987	NA	NA	invalid_coordinate_id
rs2688564	1.38e-11	NA	NA	NA	NA	rsid_not_found_in_bim
rs410942	1.38e-11	NA	NA	NA	NA	rsid_not_found_in_bim
rs139140119	1.38e-11	NA	NA	NA	NA	rsid_not_found_in_bim
rs10807078	1.4e-11	NA	NA	NA	NA	rsid_not_found_in_bim
rs8081338	1.4e-11	NA	NA	NA	NA	rsid_not_found_in_bim
chr6:119710327	1.4e-11	chr6	119710327	NA	NA	invalid_coordinate_id
chr7:28373137	1.41e-11	chr7	28373137	NA	NA	invalid_coordinate_id
rs10800308	1.42e-11	NA	NA	NA	NA	rsid_not_found_in_bim
rs9273671	1.43e-11	NA	NA	NA	NA	rsid_not_found_in_bim
rs2069833	1.46e-11	NA	NA	NA	NA	rsid_not_found_in_bim
rs9273553	1.47e-11	NA	NA	NA	NA	rsid_not_found_in_bim
Affx-17141001	1.48e-11	Affx-17141001	NA	NA	NA	invalid_coordinate_id
rs9274249	1.49e-11	NA	NA	NA	NA	rsid_not_found_in_bim
Affx-28501309	1.49e-11	Affx-28501309	NA	NA	NA	invalid_coordinate_id
chr1:53938642	1.51e-11	chr1	53938642	NA	NA	invalid_coordinate_id
chr15:61209356	1.55e-11	chr15	61209356	NA	NA	invalid_coordinate_id
Affx-33938420	1.56e-11	Affx-33938420	NA	NA	NA	invalid_coordinate_id
chr10:974452	1.58e-11	chr10	974452	NA	NA	invalid_coordinate_id
chr3:145114727	1.61e-11	chr3	145114727	NA	NA	invalid_coordinate_id
chr3:77318142	1.62e-11	chr3	77318142	NA	NA	invalid_coordinate_id
rs9268134	1.68e-11	NA	NA	NA	NA	rsid_not_found_in_bim
chr6:35421027	1.68e-11	chr6	35421027	NA	NA	invalid_coordinate_id
Affx-33938495	1.7e-11	Affx-33938495	NA	NA	NA	invalid_coordinate_id
chr19:43103645	1.71e-11	chr19	43103645	NA	NA	invalid_coordinate_id
chr8:143221617	1.71e-11	chr8	143221617	NA	NA	invalid_coordinate_id
chr4:70811396	1.73e-11	chr4	70811396	NA	NA	invalid_coordinate_id
Affx-28501485	1.75e-11	Affx-28501485	NA	NA	NA	invalid_coordinate_id
10:100354499:C:A	1.77e-11	10	100354499	C	A	no_position_allele_match_in_bim
chr8:4384002	1.79e-11	chr8	4384002	NA	NA	invalid_coordinate_id
chr2:238099695	1.8e-11	chr2	238099695	NA	NA	invalid_coordinate_id
chr6:112790011	1.81e-11	chr6	112790011	NA	NA	invalid_coordinate_id
rs381226	1.82e-11	NA	NA	NA	NA	rsid_not_found_in_bim
chr1:240837223	1.92e-11	chr1	240837223	NA	NA	invalid_coordinate_id
rs74717469	1.93e-11	NA	NA	NA	NA	rsid_not_found_in_bim
rs10226418	1.94e-11	NA	NA	NA	NA	rsid_not_found_in_bim
chr10:75074056	1.94e-11	chr10	75074056	NA	NA	invalid_coordinate_id
rs2811529	1.98e-11	NA	NA	NA	NA	rsid_not_found_in_bim
21:43066294:T:C	1.98e-11	21	43066294	T	C	no_position_allele_match_in_bim
chr13:58197189	1.98e-11	chr13	58197189	NA	NA	invalid_coordinate_id
Affx-33938382	1.99e-11	Affx-33938382	NA	NA	NA	invalid_coordinate_id
chr2:84047497	1.99e-11	chr2	84047497	NA	NA	invalid_coordinate_id
rs1611243	2.04e-11	NA	NA	NA	NA	rsid_not_found_in_bim
chr16:83695266	2.06e-11	chr16	83695266	NA	NA	invalid_coordinate_id
chr3:54715732	2.06e-11	chr3	54715732	NA	NA	invalid_coordinate_id
rs2448519	2.08e-11	NA	NA	NA	NA	rsid_not_found_in_bim
rs2910164	2.09e-11	NA	NA	NA	NA	rsid_not_found_in_bim
chr9:135385080	2.09e-11	chr9	135385080	NA	NA	invalid_coordinate_id
chr12:20638806	2.23e-11	chr12	20638806	NA	NA	invalid_coordinate_id
Affx-3823389	2.24e-11	Affx-3823389	NA	NA	NA	invalid_coordinate_id
rs10074450	2.27e-11	NA	NA	NA	NA	rsid_not_found_in_bim
chr16:60375120	2.28e-11	chr16	60375120	NA	NA	invalid_coordinate_id
chr4:32763240	2.33e-11	chr4	32763240	NA	NA	invalid_coordinate_id
chr6:144916513	2.34e-11	chr6	144916513	NA	NA	invalid_coordinate_id
3:186797536:T:C	2.39e-11	3	186797536	T	C	no_position_allele_match_in_bim
chr2:149598203	2.4e-11	chr2	149598203	NA	NA	invalid_coordinate_id
chr8:82356856	2.4e-11	chr8	82356856	NA	NA	invalid_coordinate_id
rs4299099	2.41e-11	NA	NA	NA	NA	rsid_not_found_in_bim
4:72304056:G:T	2.42e-11	4	72304056	G	T	no_position_allele_match_in_bim
chr9:35379442	2.45e-11	chr9	35379442	NA	NA	invalid_coordinate_id
rs1644494	2.46e-11	NA	NA	NA	NA	rsid_not_found_in_bim
rs144254734	2.46e-11	NA	NA	NA	NA	rsid_not_found_in_bim
chr4:4901292	2.53e-11	chr4	4901292	NA	NA	invalid_coordinate_id
chr5:148905638	2.54e-11	chr5	148905638	NA	NA	invalid_coordinate_id
rs11956079	2.57e-11	NA	NA	NA	NA	rsid_not_found_in_bim
rs35553297	2.57e-11	NA	NA	NA	NA	rsid_not_found_in_bim
rs3800392	2.59e-11	NA	NA	NA	NA	rsid_not_found_in_bim
10:21733823:G:C	2.61e-11	10	21733823	G	C	no_position_allele_match_in_bim
rs1179939	2.7e-11	NA	NA	NA	NA	rsid_not_found_in_bim
1:52359518:G:A	2.71e-11	1	52359518	G	A	no_position_allele_match_in_bim
Affx-17141119	2.71e-11	Affx-17141119	NA	NA	NA	invalid_coordinate_id
Affx-17141127	2.71e-11	Affx-17141127	NA	NA	NA	invalid_coordinate_id
Affx-28473608	2.71e-11	Affx-28473608	NA	NA	NA	invalid_coordinate_id
chr1:247415537	2.71e-11	chr1	247415537	NA	NA	invalid_coordinate_id
chr7:31454049	2.71e-11	chr7	31454049	NA	NA	invalid_coordinate_id
chr7:99854129	2.71e-11	chr7	99854129	NA	NA	invalid_coordinate_id
rs7401249	2.74e-11	NA	NA	NA	NA	rsid_not_found_in_bim
rs12425604	2.78e-11	NA	NA	NA	NA	rsid_not_found_in_bim
chr5:136810830	2.81e-11	chr5	136810830	NA	NA	invalid_coordinate_id
1:235808773:T:C	2.85e-11	1	235808773	T	C	no_position_allele_match_in_bim
chr4:3146295	2.9e-11	chr4	3146295	NA	NA	invalid_coordinate_id
rs188825156	2.92e-11	NA	NA	NA	NA	rsid_not_found_in_bim
chr14:24750102	2.97e-11	chr14	24750102	NA	NA	invalid_coordinate_id
chr18:75940728	2.98e-11	chr18	75940728	NA	NA	invalid_coordinate_id
chr16:54957607	3.02e-11	chr16	54957607	NA	NA	invalid_coordinate_id
rs3130916	3.08e-11	NA	NA	NA	NA	rsid_not_found_in_bim
chr7:150160235	3.11e-11	chr7	150160235	NA	NA	invalid_coordinate_id
chr14:47341129	3.12e-11	chr14	47341129	NA	NA	invalid_coordinate_id
rs11158763	3.24e-11	NA	NA	NA	NA	rsid_not_found_in_bim
chr1:25881773	3.24e-11	chr1	25881773	NA	NA	invalid_coordinate_id
Affx-28473918	3.3e-11	Affx-28473918	NA	NA	NA	invalid_coordinate_id
Affx-28473977	3.3e-11	Affx-28473977	NA	NA	NA	invalid_coordinate_id
rs6734742;rs35338787	3.31e-11	rs6734742;rs35338787	NA	NA	NA	invalid_coordinate_id
rs34328528	3.34e-11	NA	NA	NA	NA	rsid_not_found_in_bim
rs2688487	3.47e-11	NA	NA	NA	NA	rsid_not_found_in_bim
chr5:25753837	3.49e-11	chr5	25753837	NA	NA	invalid_coordinate_id
chr17:53122613	3.53e-11	chr17	53122613	NA	NA	invalid_coordinate_id
rs9259941	3.54e-11	NA	NA	NA	NA	rsid_not_found_in_bim
chr15:62427098	3.54e-11	chr15	62427098	NA	NA	invalid_coordinate_id
chr3:158578680	3.55e-11	chr3	158578680	NA	NA	invalid_coordinate_id
chr15:29960038	3.58e-11	chr15	29960038	NA	NA	invalid_coordinate_id
6:31967973:A:G	3.6e-11	6	31967973	A	G	no_position_allele_match_in_bim
chr20:19232474	3.6e-11	chr20	19232474	NA	NA	invalid_coordinate_id
chr1:34119502	3.61e-11	chr1	34119502	NA	NA	invalid_coordinate_id
6:29804165_G_A	3.62e-11	6	NA	NA	NA	invalid_coordinate_id
chr9:25615590	3.63e-11	chr9	25615590	NA	NA	invalid_coordinate_id
rs174585	3.73e-11	NA	NA	NA	NA	rsid_not_found_in_bim
chr1:204892117	3.73e-11	chr1	204892117	NA	NA	invalid_coordinate_id
16:30969377:A:G	3.74e-11	16	30969377	A	G	no_position_allele_match_in_bim
chr14:73330594	3.75e-11	chr14	73330594	NA	NA	invalid_coordinate_id
Affx-28471358	3.76e-11	Affx-28471358	NA	NA	NA	invalid_coordinate_id
rs12658193	3.85e-11	NA	NA	NA	NA	rsid_not_found_in_bim
Affx-28496588	3.86e-11	Affx-28496588	NA	NA	NA	invalid_coordinate_id
3:149770558:G:A	3.87e-11	3	149770558	G	A	no_position_allele_match_in_bim
chr2:42212404	4.03e-11	chr2	42212404	NA	NA	invalid_coordinate_id
rs17460372	4.07e-11	NA	NA	NA	NA	rsid_not_found_in_bim
rs436530	4.07e-11	NA	NA	NA	NA	rsid_not_found_in_bim
chr16:60831130	4.1e-11	chr16	60831130	NA	NA	invalid_coordinate_id
chr2:10247193	4.11e-11	chr2	10247193	NA	NA	invalid_coordinate_id
chr9:25519720	4.15e-11	chr9	25519720	NA	NA	invalid_coordinate_id
Affx-28497825	4.19e-11	Affx-28497825	NA	NA	NA	invalid_coordinate_id
chr11:98021043	4.19e-11	chr11	98021043	NA	NA	invalid_coordinate_id
chr5:31753116	4.2e-11	chr5	31753116	NA	NA	invalid_coordinate_id
rs376095454	4.23e-11	NA	NA	NA	NA	rsid_not_found_in_bim
rs113209967	4.25e-11	NA	NA	NA	NA	rsid_not_found_in_bim
rs146280453	4.27e-11	NA	NA	NA	NA	rsid_not_found_in_bim
chr15:90507910	4.28e-11	chr15	90507910	NA	NA	invalid_coordinate_id
1:151668474:T:C	4.39e-11	1	151668474	T	C	no_position_allele_match_in_bim
rs9269239	4.44e-11	NA	NA	NA	NA	rsid_not_found_in_bim
chr1:244826074	4.45e-11	chr1	244826074	NA	NA	invalid_coordinate_id
chr11:80431417	4.46e-11	chr11	80431417	NA	NA	invalid_coordinate_id
rs9259117	4.48e-11	NA	NA	NA	NA	rsid_not_found_in_bim
rs182524307	4.5e-11	NA	NA	NA	NA	rsid_not_found_in_bim
Affx-28500841	4.52e-11	Affx-28500841	NA	NA	NA	invalid_coordinate_id
chr7:144604435	4.56e-11	chr7	144604435	NA	NA	invalid_coordinate_id
chr7:91226040	4.78e-11	chr7	91226040	NA	NA	invalid_coordinate_id
rs11134803	4.83e-11	NA	NA	NA	NA	rsid_not_found_in_bim
chr4:172312005	4.94e-11	chr4	172312005	NA	NA	invalid_coordinate_id
chr13:59373866	5e-11	chr13	59373866	NA	NA	invalid_coordinate_id
chr4:167383419	5.01e-11	chr4	167383419	NA	NA	invalid_coordinate_id
chr20:60574380	5.08e-11	chr20	60574380	NA	NA	invalid_coordinate_id
chr11:61159558	5.16e-11	chr11	61159558	NA	NA	invalid_coordinate_id
chr7:156270801	5.16e-11	chr7	156270801	NA	NA	invalid_coordinate_id
rs200028910	5.17e-11	NA	NA	NA	NA	rsid_not_found_in_bim
chr5:118575099	5.23e-11	chr5	118575099	NA	NA	invalid_coordinate_id
19:17283875:T:C	5.28e-11	19	17283875	T	C	no_position_allele_match_in_bim
chr2:35526782	5.29e-11	chr2	35526782	NA	NA	invalid_coordinate_id
chr6:38699320	5.36e-11	chr6	38699320	NA	NA	invalid_coordinate_id
rs555576161	5.45e-11	NA	NA	NA	NA	rsid_not_found_in_bim
chr19:43528026	5.47e-11	chr19	43528026	NA	NA	invalid_coordinate_id
chr11:5212581	5.73e-11	chr11	5212581	NA	NA	invalid_coordinate_id
chr22:44598241	5.74e-11	chr22	44598241	NA	NA	invalid_coordinate_id
chr4:176733979	5.74e-11	chr4	176733979	NA	NA	invalid_coordinate_id
chr5:149124145	5.78e-11	chr5	149124145	NA	NA	invalid_coordinate_id
rs1660934	5.88e-11	NA	NA	NA	NA	rsid_not_found_in_bim
chr14:42556085	5.99e-11	chr14	42556085	NA	NA	invalid_coordinate_id
chr9:21937782	6.01e-11	chr9	21937782	NA	NA	invalid_coordinate_id
2:171541717:G:A	6.05e-11	2	171541717	G	A	no_position_allele_match_in_bim
chr1:11799446	6.23e-11	chr1	11799446	NA	NA	invalid_coordinate_id
chr3:32003749	6.31e-11	chr3	32003749	NA	NA	invalid_coordinate_id
chr22:49088273	6.33e-11	chr22	49088273	NA	NA	invalid_coordinate_id
chr2:233945522	6.35e-11	chr2	233945522	NA	NA	invalid_coordinate_id
chr3:69194003	6.49e-11	chr3	69194003	NA	NA	invalid_coordinate_id
chr4:14736995	6.63e-11	chr4	14736995	NA	NA	invalid_coordinate_id
chr8:32166917	6.67e-11	chr8	32166917	NA	NA	invalid_coordinate_id
chr20:59225870	6.74e-11	chr20	59225870	NA	NA	invalid_coordinate_id
chr11:37463381	6.85e-11	chr11	37463381	NA	NA	invalid_coordinate_id
chr11:37470744	6.85e-11	chr11	37470744	NA	NA	invalid_coordinate_id
chr10:106399435	6.9e-11	chr10	106399435	NA	NA	invalid_coordinate_id
chr18:19829024	6.9e-11	chr18	19829024	NA	NA	invalid_coordinate_id
17:73227169:C:G	6.94e-11	17	73227169	C	G	no_position_allele_match_in_bim
rs11255917	6.99e-11	NA	NA	NA	NA	rsid_not_found_in_bim
rs2236507	7.08e-11	NA	NA	NA	NA	rsid_not_found_in_bim
chr5:168226779	7.09e-11	chr5	168226779	NA	NA	invalid_coordinate_id
rs6875914	7.16e-11	NA	NA	NA	NA	rsid_not_found_in_bim
rs2975056	7.22e-11	NA	NA	NA	NA	rsid_not_found_in_bim
chr12:107859661	7.39e-11	chr12	107859661	NA	NA	invalid_coordinate_id
chr3:41699396	7.43e-11	chr3	41699396	NA	NA	invalid_coordinate_id
6:32500925_A_C	7.45e-11	6	NA	NA	NA	invalid_coordinate_id
chr7:144583960	7.69e-11	chr7	144583960	NA	NA	invalid_coordinate_id
chr18:54372443	7.86e-11	chr18	54372443	NA	NA	invalid_coordinate_id
chr5:63286083	8.01e-11	chr5	63286083	NA	NA	invalid_coordinate_id
chr10:125866171	8.11e-11	chr10	125866171	NA	NA	invalid_coordinate_id
chr16:6900793	8.16e-11	chr16	6900793	NA	NA	invalid_coordinate_id
chr19:43496149	8.18e-11	chr19	43496149	NA	NA	invalid_coordinate_id
20:63356000:A:G	8.23e-11	20	63356000	A	G	no_position_allele_match_in_bim
chr6:23718015	8.24e-11	chr6	23718015	NA	NA	invalid_coordinate_id
rs72937602	8.31e-11	NA	NA	NA	NA	rsid_not_found_in_bim
chr5:97290550	8.31e-11	chr5	97290550	NA	NA	invalid_coordinate_id
rs9647163	8.57e-11	NA	NA	NA	NA	rsid_not_found_in_bim
Affx-28486470	8.67e-11	Affx-28486470	NA	NA	NA	invalid_coordinate_id
chr10:72651277	8.71e-11	chr10	72651277	NA	NA	invalid_coordinate_id
chr2:41661914	8.75e-11	chr2	41661914	NA	NA	invalid_coordinate_id
rs762216297	8.82e-11	NA	NA	NA	NA	rsid_not_found_in_bim
chr12:1218527	8.86e-11	chr12	1218527	NA	NA	invalid_coordinate_id
rs796738525	9.11e-11	NA	NA	NA	NA	rsid_not_found_in_bim
chr2:61975528	9.11e-11	chr2	61975528	NA	NA	invalid_coordinate_id
rs115816635	9.25e-11	NA	NA	NA	NA	rsid_not_found_in_bim
chr13:88796207	9.3e-11	chr13	88796207	NA	NA	invalid_coordinate_id
rs963399	9.33e-11	NA	NA	NA	NA	rsid_not_found_in_bim
chr22:44904050	9.35e-11	chr22	44904050	NA	NA	invalid_coordinate_id
11:72139703:T:C	9.61e-11	11	72139703	T	C	no_position_allele_match_in_bim
chr7:36440680	9.69e-11	chr7	36440680	NA	NA	invalid_coordinate_id
chr12:5545308	9.72e-11	chr12	5545308	NA	NA	invalid_coordinate_id
rs2395203	9.77e-11	NA	NA	NA	NA	rsid_not_found_in_bim
rs753298136	9.92e-11	NA	NA	NA	NA	rsid_not_found_in_bim
Affx-11880465	9.94e-11	Affx-11880465	NA	NA	NA	invalid_coordinate_id
chr6:166704235	9.98e-11	chr6	166704235	NA	NA	invalid_coordinate_id
3:58208297:A:G	1.01e-10	3	58208297	A	G	no_position_allele_match_in_bim
chr1:75179849	1.01e-10	chr1	75179849	NA	NA	invalid_coordinate_id
11:20103261:T:C	1.03e-10	11	20103261	T	C	no_position_allele_match_in_bim
Affx-12359404	1.03e-10	Affx-12359404	NA	NA	NA	invalid_coordinate_id
rs12187046	1.04e-10	NA	NA	NA	NA	rsid_not_found_in_bim
chr3:176716542	1.04e-10	chr3	176716542	NA	NA	invalid_coordinate_id
chr2:52586705	1.06e-10	chr2	52586705	NA	NA	invalid_coordinate_id
rs13170563	1.07e-10	NA	NA	NA	NA	rsid_not_found_in_bim
rs1059580	1.07e-10	NA	NA	NA	NA	rsid_not_found_in_bim
chr10:9392453	1.08e-10	chr10	9392453	NA	NA	invalid_coordinate_id
chr7:101049155	1.08e-10	chr7	101049155	NA	NA	invalid_coordinate_id
2:3643786:T:C	1.09e-10	2	3643786	T	C	no_position_allele_match_in_bim
chr6:168751982	1.09e-10	chr6	168751982	NA	NA	invalid_coordinate_id
chr8:99809911	1.1e-10	chr8	99809911	NA	NA	invalid_coordinate_id
chr11:71563037	1.11e-10	chr11	71563037	NA	NA	invalid_coordinate_id
chr12:45131164	1.11e-10	chr12	45131164	NA	NA	invalid_coordinate_id
chr18:77003959	1.11e-10	chr18	77003959	NA	NA	invalid_coordinate_id
rs191808408	1.12e-10	NA	NA	NA	NA	rsid_not_found_in_bim
chr1:112143229	1.12e-10	chr1	112143229	NA	NA	invalid_coordinate_id
chr9:114270257	1.12e-10	chr9	114270257	NA	NA	invalid_coordinate_id
chr12:13358078	1.13e-10	chr12	13358078	NA	NA	invalid_coordinate_id
chr2:213383606	1.14e-10	chr2	213383606	NA	NA	invalid_coordinate_id
chr3:42212821	1.14e-10	chr3	42212821	NA	NA	invalid_coordinate_id
chr4:31351700	1.14e-10	chr4	31351700	NA	NA	invalid_coordinate_id
Affx-28486408	1.15e-10	Affx-28486408	NA	NA	NA	invalid_coordinate_id
Affx-28490178	1.15e-10	Affx-28490178	NA	NA	NA	invalid_coordinate_id
2:88067999:A:C	1.18e-10	2	88067999	A	C	no_position_allele_match_in_bim
6:154090979:G:C	1.18e-10	6	154090979	G	C	no_position_allele_match_in_bim
chr5:38328032	1.2e-10	chr5	38328032	NA	NA	invalid_coordinate_id
chr5:122798175	1.24e-10	chr5	122798175	NA	NA	invalid_coordinate_id
rs2187821	1.25e-10	NA	NA	NA	NA	rsid_not_found_in_bim
rs2242717	1.26e-10	NA	NA	NA	NA	rsid_not_found_in_bim
chr4:93931168	1.26e-10	chr4	93931168	NA	NA	invalid_coordinate_id
16:786003:A:G	1.3e-10	16	786003	A	G	no_position_allele_match_in_bim
Affx-28473491	1.3e-10	Affx-28473491	NA	NA	NA	invalid_coordinate_id
Affx-28473605	1.3e-10	Affx-28473605	NA	NA	NA	invalid_coordinate_id
Affx-28493235	1.3e-10	Affx-28493235	NA	NA	NA	invalid_coordinate_id
chr18:39409829	1.3e-10	chr18	39409829	NA	NA	invalid_coordinate_id
chr7:71680795	1.31e-10	chr7	71680795	NA	NA	invalid_coordinate_id
rs3794220	1.32e-10	NA	NA	NA	NA	rsid_not_found_in_bim
rs17613570	1.32e-10	NA	NA	NA	NA	rsid_not_found_in_bim
7:157207732:T:C	1.33e-10	7	157207732	T	C	no_position_allele_match_in_bim
chr10:87537780	1.33e-10	chr10	87537780	NA	NA	invalid_coordinate_id
rs2922998	1.35e-10	NA	NA	NA	NA	rsid_not_found_in_bim
20:49511163:T:C	1.38e-10	20	49511163	T	C	no_position_allele_match_in_bim
7:27163680:C:T	1.39e-10	7	27163680	C	T	no_position_allele_match_in_bim
chr1:68603330	1.39e-10	chr1	68603330	NA	NA	invalid_coordinate_id
rs4648683	1.41e-10	NA	NA	NA	NA	rsid_not_found_in_bim
rs182203468	1.41e-10	NA	NA	NA	NA	rsid_not_found_in_bim
chr18:7974772	1.42e-10	chr18	7974772	NA	NA	invalid_coordinate_id
rs369635081	1.43e-10	NA	NA	NA	NA	rsid_not_found_in_bim
rs372433575	1.43e-10	NA	NA	NA	NA	rsid_not_found_in_bim
chr9:5656788	1.43e-10	chr9	5656788	NA	NA	invalid_coordinate_id
chr12:53688997	1.44e-10	chr12	53688997	NA	NA	invalid_coordinate_id
chr14:36709589	1.44e-10	chr14	36709589	NA	NA	invalid_coordinate_id
chr20:14950768	1.45e-10	chr20	14950768	NA	NA	invalid_coordinate_id
rs77992751	1.46e-10	NA	NA	NA	NA	rsid_not_found_in_bim
5:90629237:T:G	1.47e-10	5	90629237	T	G	no_position_allele_match_in_bim
Affx-8225554	1.48e-10	Affx-8225554	NA	NA	NA	invalid_coordinate_id
chr4:152819600	1.5e-10	chr4	152819600	NA	NA	invalid_coordinate_id
chr8:10268271	1.5e-10	chr8	10268271	NA	NA	invalid_coordinate_id
chr5:86871839	1.51e-10	chr5	86871839	NA	NA	invalid_coordinate_id
Affx-28486364	1.53e-10	Affx-28486364	NA	NA	NA	invalid_coordinate_id
Affx-37070490	1.53e-10	Affx-37070490	NA	NA	NA	invalid_coordinate_id
chr10:29317868	1.56e-10	chr10	29317868	NA	NA	invalid_coordinate_id
chr13:83731002	1.56e-10	chr13	83731002	NA	NA	invalid_coordinate_id
chr14:20935323	1.56e-10	chr14	20935323	NA	NA	invalid_coordinate_id
4:40794630:A:T	1.57e-10	4	40794630	A	T	no_position_allele_match_in_bim
chr15:31334488	1.59e-10	chr15	31334488	NA	NA	invalid_coordinate_id
chr6:20064793	1.59e-10	chr6	20064793	NA	NA	invalid_coordinate_id
rs3181360	1.6e-10	NA	NA	NA	NA	rsid_not_found_in_bim
chr1:116309263	1.63e-10	chr1	116309263	NA	NA	invalid_coordinate_id
rs9391669	1.64e-10	NA	NA	NA	NA	rsid_not_found_in_bim
20:62475466:C:G	1.64e-10	20	62475466	C	G	no_position_allele_match_in_bim
rs589699	1.65e-10	NA	NA	NA	NA	rsid_not_found_in_bim
10:69382569:A:G	1.65e-10	10	69382569	A	G	no_position_allele_match_in_bim
chr14:69270241	1.68e-10	chr14	69270241	NA	NA	invalid_coordinate_id
1:165544698:G:C	1.69e-10	1	165544698	G	C	no_position_allele_match_in_bim
chr3:6421762	1.71e-10	chr3	6421762	NA	NA	invalid_coordinate_id
chr5:1490473	1.71e-10	chr5	1490473	NA	NA	invalid_coordinate_id
chr1:200176716	1.73e-10	chr1	200176716	NA	NA	invalid_coordinate_id
chr5:15174896	1.73e-10	chr5	15174896	NA	NA	invalid_coordinate_id
3:124848394:A:G	1.74e-10	3	124848394	A	G	no_position_allele_match_in_bim
Affx-28473675	1.75e-10	Affx-28473675	NA	NA	NA	invalid_coordinate_id
chr18:24157028	1.75e-10	chr18	24157028	NA	NA	invalid_coordinate_id
2:27054656:T:G	1.76e-10	2	27054656	T	G	no_position_allele_match_in_bim
14:67340517:T:G	1.76e-10	14	67340517	T	G	no_position_allele_match_in_bim
chr17:77435944	1.76e-10	chr17	77435944	NA	NA	invalid_coordinate_id
rs9916302	1.77e-10	NA	NA	NA	NA	rsid_not_found_in_bim
chr2:61417887	1.78e-10	chr2	61417887	NA	NA	invalid_coordinate_id
chr12:97940570	1.82e-10	chr12	97940570	NA	NA	invalid_coordinate_id
chr21:40135791	1.84e-10	chr21	40135791	NA	NA	invalid_coordinate_id
rs373504376	1.85e-10	NA	NA	NA	NA	rsid_not_found_in_bim
rs4899257	1.86e-10	NA	NA	NA	NA	rsid_not_found_in_bim
Affx-28473876	1.88e-10	Affx-28473876	NA	NA	NA	invalid_coordinate_id
chr7:119150317	1.88e-10	chr7	119150317	NA	NA	invalid_coordinate_id
3:52293032:G:T	1.89e-10	3	52293032	G	T	no_position_allele_match_in_bim
1:179054581:T:C	1.9e-10	1	179054581	T	C	no_position_allele_match_in_bim
rs2904598	1.91e-10	NA	NA	NA	NA	rsid_not_found_in_bim
chr6:70750685	1.91e-10	chr6	70750685	NA	NA	invalid_coordinate_id
rs6602304	1.92e-10	NA	NA	NA	NA	rsid_not_found_in_bim
rs116896335	1.93e-10	NA	NA	NA	NA	rsid_not_found_in_bim
chr10:97853540	1.96e-10	chr10	97853540	NA	NA	invalid_coordinate_id
chr1:111807017	1.96e-10	chr1	111807017	NA	NA	invalid_coordinate_id
chr6:16688709	1.96e-10	chr6	16688709	NA	NA	invalid_coordinate_id
chr14:47247400	1.99e-10	chr14	47247400	NA	NA	invalid_coordinate_id
chr20:55995518	2e-10	chr20	55995518	NA	NA	invalid_coordinate_id
chr8:84756324	2e-10	chr8	84756324	NA	NA	invalid_coordinate_id
rs113803103	2.03e-10	NA	NA	NA	NA	rsid_not_found_in_bim
Affx-28487325	2.03e-10	Affx-28487325	NA	NA	NA	invalid_coordinate_id
chr13:99090619	2.03e-10	chr13	99090619	NA	NA	invalid_coordinate_id
chr3:54316294	2.03e-10	chr3	54316294	NA	NA	invalid_coordinate_id
chr4:76698302	2.06e-10	chr4	76698302	NA	NA	invalid_coordinate_id
rs118008683	2.08e-10	NA	NA	NA	NA	rsid_not_found_in_bim
chr1:191437304	2.11e-10	chr1	191437304	NA	NA	invalid_coordinate_id
chr8:79421706	2.11e-10	chr8	79421706	NA	NA	invalid_coordinate_id
chr11:99785545	2.12e-10	chr11	99785545	NA	NA	invalid_coordinate_id
rs3129770	2.13e-10	NA	NA	NA	NA	rsid_not_found_in_bim
chr4:158083252	2.21e-10	chr4	158083252	NA	NA	invalid_coordinate_id
chr6:137632978	2.22e-10	chr6	137632978	NA	NA	invalid_coordinate_id
rs41315832	2.24e-10	NA	NA	NA	NA	rsid_not_found_in_bim
rs77176633	2.24e-10	NA	NA	NA	NA	rsid_not_found_in_bim
rs10064755	2.27e-10	NA	NA	NA	NA	rsid_not_found_in_bim
chr4:27914896	2.27e-10	chr4	27914896	NA	NA	invalid_coordinate_id
chr9:91411520	2.27e-10	chr9	91411520	NA	NA	invalid_coordinate_id
rs28371182	2.29e-10	NA	NA	NA	NA	rsid_not_found_in_bim
rs28371183	2.29e-10	NA	NA	NA	NA	rsid_not_found_in_bim
chr13:68562119	2.29e-10	chr13	68562119	NA	NA	invalid_coordinate_id
chr6:19558893	2.3e-10	chr6	19558893	NA	NA	invalid_coordinate_id
rs9290880	2.34e-10	NA	NA	NA	NA	rsid_not_found_in_bim
17:14159935:A:G	2.35e-10	17	14159935	A	G	no_position_allele_match_in_bim
rs2844809	2.37e-10	NA	NA	NA	NA	rsid_not_found_in_bim
rs77989767	2.41e-10	NA	NA	NA	NA	rsid_not_found_in_bim
chr13:102332023	2.41e-10	chr13	102332023	NA	NA	invalid_coordinate_id
rs9273345	2.43e-10	NA	NA	NA	NA	rsid_not_found_in_bim
chr13:44580283	2.43e-10	chr13	44580283	NA	NA	invalid_coordinate_id
rs191070408	2.44e-10	NA	NA	NA	NA	rsid_not_found_in_bim
chr15:89675420	2.44e-10	chr15	89675420	NA	NA	invalid_coordinate_id
rs116601958	2.45e-10	NA	NA	NA	NA	rsid_not_found_in_bim
chr3:192615601	2.46e-10	chr3	192615601	NA	NA	invalid_coordinate_id
22:26492017:C:T	2.52e-10	22	26492017	C	T	no_position_allele_match_in_bim
chr6:30589848	2.52e-10	chr6	30589848	NA	NA	invalid_coordinate_id
chr2:220806610	2.55e-10	chr2	220806610	NA	NA	invalid_coordinate_id
rs112777438	2.59e-10	NA	NA	NA	NA	rsid_not_found_in_bim
chr6:9802400	2.62e-10	chr6	9802400	NA	NA	invalid_coordinate_id
rs9274324	2.63e-10	NA	NA	NA	NA	rsid_not_found_in_bim
9:132543001:T:C	2.65e-10	9	132543001	T	C	no_position_allele_match_in_bim
chr1:57430916	2.66e-10	chr1	57430916	NA	NA	invalid_coordinate_id
chr8:88784241	2.66e-10	chr8	88784241	NA	NA	invalid_coordinate_id
3:58105172:T:C	2.67e-10	3	58105172	T	C	no_position_allele_match_in_bim
chr8:4864537	2.71e-10	chr8	4864537	NA	NA	invalid_coordinate_id
Affx-25637381	2.74e-10	Affx-25637381	NA	NA	NA	invalid_coordinate_id
chr2:162401297	2.74e-10	chr2	162401297	NA	NA	invalid_coordinate_id
chr8:17864027	2.74e-10	chr8	17864027	NA	NA	invalid_coordinate_id
chr10:556457	2.77e-10	chr10	556457	NA	NA	invalid_coordinate_id
chr12:83917743	2.78e-10	chr12	83917743	NA	NA	invalid_coordinate_id
5:36686090:A:G	2.79e-10	5	36686090	A	G	no_position_allele_match_in_bim
6:89772696:A:G	2.87e-10	6	89772696	A	G	no_position_allele_match_in_bim
chr11:5695356	2.87e-10	chr11	5695356	NA	NA	invalid_coordinate_id
chr11:66156579	2.87e-10	chr11	66156579	NA	NA	invalid_coordinate_id
12:96527340:T:A	2.9e-10	12	96527340	T	A	no_position_allele_match_in_bim
chr4:8517730	2.9e-10	chr4	8517730	NA	NA	invalid_coordinate_id
rs10798320	2.95e-10	NA	NA	NA	NA	rsid_not_found_in_bim
rs35634576	2.97e-10	NA	NA	NA	NA	rsid_not_found_in_bim
22:40349931:T:C	3.04e-10	22	40349931	T	C	no_position_allele_match_in_bim
chr13:86548689	3.04e-10	chr13	86548689	NA	NA	invalid_coordinate_id
rs12550989	3.05e-10	NA	NA	NA	NA	rsid_not_found_in_bim
chr4:36874492	3.07e-10	chr4	36874492	NA	NA	invalid_coordinate_id
rs1688748	3.09e-10	NA	NA	NA	NA	rsid_not_found_in_bim
chr13:75510176	3.17e-10	chr13	75510176	NA	NA	invalid_coordinate_id
chr3:20773590	3.21e-10	chr3	20773590	NA	NA	invalid_coordinate_id
chr10:129536659	3.23e-10	chr10	129536659	NA	NA	invalid_coordinate_id
chr12:40318072	3.23e-10	chr12	40318072	NA	NA	invalid_coordinate_id
3:131471230:A:G	3.24e-10	3	131471230	A	G	no_position_allele_match_in_bim
chr20:19463337	3.25e-10	chr20	19463337	NA	NA	invalid_coordinate_id
5:7875333:T:C	3.26e-10	5	7875333	T	C	no_position_allele_match_in_bim
11:3700679:T:C	3.28e-10	11	3700679	T	C	no_position_allele_match_in_bim
chr11:43150257	3.32e-10	chr11	43150257	NA	NA	invalid_coordinate_id
rs74898264	3.37e-10	NA	NA	NA	NA	rsid_not_found_in_bim
Affx-28491608	3.37e-10	Affx-28491608	NA	NA	NA	invalid_coordinate_id
chr10:75175300	3.38e-10	chr10	75175300	NA	NA	invalid_coordinate_id
chr1:44305571	3.43e-10	chr1	44305571	NA	NA	invalid_coordinate_id
rs4352016	3.47e-10	NA	NA	NA	NA	rsid_not_found_in_bim
rs2584602	3.47e-10	NA	NA	NA	NA	rsid_not_found_in_bim
rs2258771	3.47e-10	NA	NA	NA	NA	rsid_not_found_in_bim
chr21:34652593	3.48e-10	chr21	34652593	NA	NA	invalid_coordinate_id
chr6:104112486	3.48e-10	chr6	104112486	NA	NA	invalid_coordinate_id
chr10:64503088	3.51e-10	chr10	64503088	NA	NA	invalid_coordinate_id
chr4:13997885	3.54e-10	chr4	13997885	NA	NA	invalid_coordinate_id
chr3:4866389	3.55e-10	chr3	4866389	NA	NA	invalid_coordinate_id
chr1:76089144	3.56e-10	chr1	76089144	NA	NA	invalid_coordinate_id
rs140912917	3.58e-10	NA	NA	NA	NA	rsid_not_found_in_bim
rs144346861	3.6e-10	NA	NA	NA	NA	rsid_not_found_in_bim
rs5014417	3.67e-10	NA	NA	NA	NA	rsid_not_found_in_bim
rs5014416	3.67e-10	NA	NA	NA	NA	rsid_not_found_in_bim
rs28366337	3.7e-10	NA	NA	NA	NA	rsid_not_found_in_bim
2:130346250:A:G	3.7e-10	2	130346250	A	G	no_position_allele_match_in_bim
Affx-28473650	3.7e-10	Affx-28473650	NA	NA	NA	invalid_coordinate_id
chr10:71833751	3.72e-10	chr10	71833751	NA	NA	invalid_coordinate_id
rs13165964	3.73e-10	NA	NA	NA	NA	rsid_not_found_in_bim
rs113253021	3.75e-10	NA	NA	NA	NA	rsid_not_found_in_bim
chr8:118327000	3.79e-10	chr8	118327000	NA	NA	invalid_coordinate_id
chr9:76784718	3.82e-10	chr9	76784718	NA	NA	invalid_coordinate_id
chr9:20138477	3.84e-10	chr9	20138477	NA	NA	invalid_coordinate_id
chr4:104136770	3.85e-10	chr4	104136770	NA	NA	invalid_coordinate_id
chr3:4447869	3.86e-10	chr3	4447869	NA	NA	invalid_coordinate_id
chr16:49296610	3.88e-10	chr16	49296610	NA	NA	invalid_coordinate_id
13:110506448:T:C	3.93e-10	13	110506448	T	C	no_position_allele_match_in_bim
6:159797435:T:C	3.94e-10	6	159797435	T	C	no_position_allele_match_in_bim
chr9:103896915	3.97e-10	chr9	103896915	NA	NA	invalid_coordinate_id
2:102705864:T:C	4e-10	2	102705864	T	C	no_position_allele_match_in_bim
chr2:193765822	4e-10	chr2	193765822	NA	NA	invalid_coordinate_id
rs35696625	4.04e-10	NA	NA	NA	NA	rsid_not_found_in_bim
chr8:32760770	4.05e-10	chr8	32760770	NA	NA	invalid_coordinate_id
chr4:23174342	4.08e-10	chr4	23174342	NA	NA	invalid_coordinate_id
chr4:11434369	4.1e-10	chr4	11434369	NA	NA	invalid_coordinate_id
2:205125633:T:C	4.13e-10	2	205125633	T	C	no_position_allele_match_in_bim
18:63804435:T:C	4.18e-10	18	63804435	T	C	no_position_allele_match_in_bim
chr11:40851458	4.19e-10	chr11	40851458	NA	NA	invalid_coordinate_id
rs141855688	4.23e-10	NA	NA	NA	NA	rsid_not_found_in_bim
rs150689344	4.23e-10	NA	NA	NA	NA	rsid_not_found_in_bim
rs9274199	4.23e-10	NA	NA	NA	NA	rsid_not_found_in_bim
chr12:67771089	4.23e-10	chr12	67771089	NA	NA	invalid_coordinate_id
chr20:9589634	4.23e-10	chr20	9589634	NA	NA	invalid_coordinate_id
chr2:50813618	4.23e-10	chr2	50813618	NA	NA	invalid_coordinate_id
chr3:41915098	4.23e-10	chr3	41915098	NA	NA	invalid_coordinate_id
chr9:31745069	4.23e-10	chr9	31745069	NA	NA	invalid_coordinate_id
8:123651625:T:A	4.27e-10	8	123651625	T	A	no_position_allele_match_in_bim
rs4999094	4.3e-10	NA	NA	NA	NA	rsid_not_found_in_bim
10:50130917:T:C	4.31e-10	10	50130917	T	C	no_position_allele_match_in_bim
chr10:75256750	4.33e-10	chr10	75256750	NA	NA	invalid_coordinate_id
rs9269831	4.37e-10	NA	NA	NA	NA	rsid_not_found_in_bim
Affx-28483652	4.37e-10	Affx-28483652	NA	NA	NA	invalid_coordinate_id
Affx-28489372	4.37e-10	Affx-28489372	NA	NA	NA	invalid_coordinate_id
chr18:42469869	4.38e-10	chr18	42469869	NA	NA	invalid_coordinate_id
rs138453460	4.39e-10	NA	NA	NA	NA	rsid_not_found_in_bim
chr6:19976536	4.4e-10	chr6	19976536	NA	NA	invalid_coordinate_id
chr8:61847868	4.42e-10	chr8	61847868	NA	NA	invalid_coordinate_id
22:21446207:A:G	4.49e-10	22	21446207	A	G	no_position_allele_match_in_bim
Affx-17140899	4.5e-10	Affx-17140899	NA	NA	NA	invalid_coordinate_id
chr14:69081189	4.55e-10	chr14	69081189	NA	NA	invalid_coordinate_id
chr6:14664443	4.56e-10	chr6	14664443	NA	NA	invalid_coordinate_id
8:38146038:T:C	4.58e-10	8	38146038	T	C	no_position_allele_match_in_bim
chr7:127253534	4.58e-10	chr7	127253534	NA	NA	invalid_coordinate_id
rs116027116	4.64e-10	NA	NA	NA	NA	rsid_not_found_in_bim
4:119031392:C:G	4.64e-10	4	119031392	C	G	no_position_allele_match_in_bim
4:119031420:C:G	4.64e-10	4	119031420	C	G	no_position_allele_match_in_bim
chr1:215862619	4.64e-10	chr1	215862619	NA	NA	invalid_coordinate_id
1:200408952:T:C	4.66e-10	1	200408952	T	C	no_position_allele_match_in_bim
7:140015769:G:A	4.67e-10	7	140015769	G	A	no_position_allele_match_in_bim
rs184446306	4.73e-10	NA	NA	NA	NA	rsid_not_found_in_bim
chr8:98961928	4.73e-10	chr8	98961928	NA	NA	invalid_coordinate_id
chr3:148088769	4.8e-10	chr3	148088769	NA	NA	invalid_coordinate_id
rs8041325	4.81e-10	NA	NA	NA	NA	rsid_not_found_in_bim
rs55757004	4.82e-10	NA	NA	NA	NA	rsid_not_found_in_bim
rs145470632	4.82e-10	NA	NA	NA	NA	rsid_not_found_in_bim
2:159759322:C:A	4.88e-10	2	159759322	C	A	no_position_allele_match_in_bim
chr2:197301231	4.88e-10	chr2	197301231	NA	NA	invalid_coordinate_id
rs2857138	4.93e-10	NA	NA	NA	NA	rsid_not_found_in_bim
rs9300255	4.93e-10	NA	NA	NA	NA	rsid_not_found_in_bim
chr15:54696275	4.95e-10	chr15	54696275	NA	NA	invalid_coordinate_id
18:53467918:C:G	4.97e-10	18	53467918	C	G	no_position_allele_match_in_bim
chr10:92875998	5.01e-10	chr10	92875998	NA	NA	invalid_coordinate_id
chr10:130226071	5.02e-10	chr10	130226071	NA	NA	invalid_coordinate_id
2:27458783:G:T	5.08e-10	2	27458783	G	T	no_position_allele_match_in_bim
rs1611653	5.1e-10	NA	NA	NA	NA	rsid_not_found_in_bim
chr10:50670839	5.12e-10	chr10	50670839	NA	NA	invalid_coordinate_id
chr6:130147537	5.12e-10	chr6	130147537	NA	NA	invalid_coordinate_id
rs2530847	5.14e-10	NA	NA	NA	NA	rsid_not_found_in_bim
rs77770300	5.14e-10	NA	NA	NA	NA	rsid_not_found_in_bim
rs1137631	5.15e-10	NA	NA	NA	NA	rsid_not_found_in_bim
chr18:32738369	5.17e-10	chr18	32738369	NA	NA	invalid_coordinate_id
chr3:23317566	5.19e-10	chr3	23317566	NA	NA	invalid_coordinate_id
6:32848671:A:G	5.22e-10	6	32848671	A	G	no_position_allele_match_in_bim
15:34752645:A:G	5.22e-10	15	34752645	A	G	no_position_allele_match_in_bim
rs2894195	5.25e-10	NA	NA	NA	NA	rsid_not_found_in_bim
rs76896814	5.25e-10	NA	NA	NA	NA	rsid_not_found_in_bim
chr7:21145844	5.25e-10	chr7	21145844	NA	NA	invalid_coordinate_id
chr1:68432926	5.29e-10	chr1	68432926	NA	NA	invalid_coordinate_id
chr2:197297189	5.32e-10	chr2	197297189	NA	NA	invalid_coordinate_id
Affx-12359068	5.37e-10	Affx-12359068	NA	NA	NA	invalid_coordinate_id
Affx-12359318	5.37e-10	Affx-12359318	NA	NA	NA	invalid_coordinate_id
chr18:9077181	5.41e-10	chr18	9077181	NA	NA	invalid_coordinate_id
chr2:144384133	5.41e-10	chr2	144384133	NA	NA	invalid_coordinate_id
19:31276936:T:C	5.44e-10	19	31276936	T	C	no_position_allele_match_in_bim
rs9276494	5.52e-10	NA	NA	NA	NA	rsid_not_found_in_bim
chr12:20653208	5.52e-10	chr12	20653208	NA	NA	invalid_coordinate_id
12:1854027:A:G	5.55e-10	12	1854027	A	G	no_position_allele_match_in_bim
5:31551344:G:A	5.56e-10	5	31551344	G	A	no_position_allele_match_in_bim
rs143773823	5.6e-10	NA	NA	NA	NA	rsid_not_found_in_bim
chr12:31841170	5.65e-10	chr12	31841170	NA	NA	invalid_coordinate_id
chr17:7876292	5.75e-10	chr17	7876292	NA	NA	invalid_coordinate_id
chr2:42746039	5.77e-10	chr2	42746039	NA	NA	invalid_coordinate_id
chr5:145313336	5.8e-10	chr5	145313336	NA	NA	invalid_coordinate_id
chr2:121478251	5.89e-10	chr2	121478251	NA	NA	invalid_coordinate_id
3:93874387:A:G	5.92e-10	3	93874387	A	G	no_position_allele_match_in_bim
chr1:245703333	5.95e-10	chr1	245703333	NA	NA	invalid_coordinate_id
chr14:103350060	5.98e-10	chr14	103350060	NA	NA	invalid_coordinate_id
2:3192568:A:G	6e-10	2	3192568	A	G	no_position_allele_match_in_bim
chr9:36381151	6e-10	chr9	36381151	NA	NA	invalid_coordinate_id
chr3:86011002	6.11e-10	chr3	86011002	NA	NA	invalid_coordinate_id
11:61796376:T:C	6.13e-10	11	61796376	T	C	no_position_allele_match_in_bim
rs56183335	6.15e-10	NA	NA	NA	NA	rsid_not_found_in_bim
chr16:57513243	6.18e-10	chr16	57513243	NA	NA	invalid_coordinate_id
11:77958797:T:C	6.21e-10	11	77958797	T	C	no_position_allele_match_in_bim
12:197922:C:T	6.24e-10	12	197922	C	T	no_position_allele_match_in_bim
chr5:160706868	6.24e-10	chr5	160706868	NA	NA	invalid_coordinate_id
chr2:62756760	6.25e-10	chr2	62756760	NA	NA	invalid_coordinate_id
rs1736941	6.27e-10	NA	NA	NA	NA	rsid_not_found_in_bim
chr6:86571957	6.32e-10	chr6	86571957	NA	NA	invalid_coordinate_id
chr4:102789152	6.34e-10	chr4	102789152	NA	NA	invalid_coordinate_id
chr5:86732624	6.34e-10	chr5	86732624	NA	NA	invalid_coordinate_id
chr19:5168239	6.36e-10	chr19	5168239	NA	NA	invalid_coordinate_id
rs12090946	6.53e-10	NA	NA	NA	NA	rsid_not_found_in_bim
3:50607722:T:C	6.62e-10	3	50607722	T	C	no_position_allele_match_in_bim
chr1:206603444	6.62e-10	chr1	206603444	NA	NA	invalid_coordinate_id
rs9270675	6.65e-10	NA	NA	NA	NA	rsid_not_found_in_bim
rs28578550	6.73e-10	NA	NA	NA	NA	rsid_not_found_in_bim
chr8:136389569	6.77e-10	chr8	136389569	NA	NA	invalid_coordinate_id
chr18:67035597	6.81e-10	chr18	67035597	NA	NA	invalid_coordinate_id
rs60136317	6.9e-10	NA	NA	NA	NA	rsid_not_found_in_bim
chr2:110310202	6.91e-10	chr2	110310202	NA	NA	invalid_coordinate_id
rs28617183	6.95e-10	NA	NA	NA	NA	rsid_not_found_in_bim
rs12336463	6.97e-10	NA	NA	NA	NA	rsid_not_found_in_bim
chr1:26648250	7e-10	chr1	26648250	NA	NA	invalid_coordinate_id
chr9:76090444	7.06e-10	chr9	76090444	NA	NA	invalid_coordinate_id
chr1:91773782	7.07e-10	chr1	91773782	NA	NA	invalid_coordinate_id
rs9271734	7.15e-10	NA	NA	NA	NA	rsid_not_found_in_bim
rs2394899	7.16e-10	NA	NA	NA	NA	rsid_not_found_in_bim
chr20:57469415	7.19e-10	chr20	57469415	NA	NA	invalid_coordinate_id
rs4798788	7.27e-10	NA	NA	NA	NA	rsid_not_found_in_bim
chr11:31870503	7.27e-10	chr11	31870503	NA	NA	invalid_coordinate_id
6:110627142:G:A	7.28e-10	6	110627142	G	A	no_position_allele_match_in_bim
chr21:18097861	7.29e-10	chr21	18097861	NA	NA	invalid_coordinate_id
8:38969454:T:C	7.43e-10	8	38969454	T	C	no_position_allele_match_in_bim
chr5:115616265	7.48e-10	chr5	115616265	NA	NA	invalid_coordinate_id
chr17:76990792	7.56e-10	chr17	76990792	NA	NA	invalid_coordinate_id
rs62277868	7.58e-10	NA	NA	NA	NA	rsid_not_found_in_bim
chr1:236461718	7.58e-10	chr1	236461718	NA	NA	invalid_coordinate_id
chr8:74872442	7.62e-10	chr8	74872442	NA	NA	invalid_coordinate_id
chr9:102453365	7.65e-10	chr9	102453365	NA	NA	invalid_coordinate_id
chr5:159286141	7.68e-10	chr5	159286141	NA	NA	invalid_coordinate_id
rs59859769	7.77e-10	NA	NA	NA	NA	rsid_not_found_in_bim
rs12794759	7.78e-10	NA	NA	NA	NA	rsid_not_found_in_bim
1:228217117:T:G	7.87e-10	1	228217117	T	G	no_position_allele_match_in_bim
chr4:116858269	7.91e-10	chr4	116858269	NA	NA	invalid_coordinate_id
rs12935516	7.94e-10	NA	NA	NA	NA	rsid_not_found_in_bim
rs115213236	7.95e-10	NA	NA	NA	NA	rsid_not_found_in_bim
Affx-11880551	7.95e-10	Affx-11880551	NA	NA	NA	invalid_coordinate_id
rs6924267	7.96e-10	NA	NA	NA	NA	rsid_not_found_in_bim
chr7:101216460	8.01e-10	chr7	101216460	NA	NA	invalid_coordinate_id
rs186119011	8.02e-10	NA	NA	NA	NA	rsid_not_found_in_bim
chr13:88889702	8.09e-10	chr13	88889702	NA	NA	invalid_coordinate_id
Affx-28487312	8.11e-10	Affx-28487312	NA	NA	NA	invalid_coordinate_id
chr3:67877781	8.13e-10	chr3	67877781	NA	NA	invalid_coordinate_id
chr2:145586585	8.17e-10	chr2	145586585	NA	NA	invalid_coordinate_id
chr2:145586588	8.17e-10	chr2	145586588	NA	NA	invalid_coordinate_id
chr9:36401543	8.17e-10	chr9	36401543	NA	NA	invalid_coordinate_id
1:1704059:G:C	8.28e-10	1	1704059	G	C	no_position_allele_match_in_bim
chr10:132563078	8.35e-10	chr10	132563078	NA	NA	invalid_coordinate_id
chr6:155695303	8.4e-10	chr6	155695303	NA	NA	invalid_coordinate_id
rs12650217	8.42e-10	NA	NA	NA	NA	rsid_not_found_in_bim
chr7:38498333	8.48e-10	chr7	38498333	NA	NA	invalid_coordinate_id
chr3:5562673	8.55e-10	chr3	5562673	NA	NA	invalid_coordinate_id
Affx-28490993	8.6e-10	Affx-28490993	NA	NA	NA	invalid_coordinate_id
Affx-28491429	8.6e-10	Affx-28491429	NA	NA	NA	invalid_coordinate_id
11:66495700:A:G	8.63e-10	11	66495700	A	G	no_position_allele_match_in_bim
chr3:141874133	8.74e-10	chr3	141874133	NA	NA	invalid_coordinate_id
12:54000578:A:C	8.76e-10	12	54000578	A	C	no_position_allele_match_in_bim
rs768621	8.8e-10	NA	NA	NA	NA	rsid_not_found_in_bim
rs1129765	8.87e-10	NA	NA	NA	NA	rsid_not_found_in_bim
10:100354500:C:A	8.89e-10	10	100354500	C	A	no_position_allele_match_in_bim
chr20:25002599	8.89e-10	chr20	25002599	NA	NA	invalid_coordinate_id
chr11:14549087	8.91e-10	chr11	14549087	NA	NA	invalid_coordinate_id
chr1:111093209	8.94e-10	chr1	111093209	NA	NA	invalid_coordinate_id
chr7:111529208	8.94e-10	chr7	111529208	NA	NA	invalid_coordinate_id
rs1595824	8.97e-10	NA	NA	NA	NA	rsid_not_found_in_bim
22:37480220:T:G	9.01e-10	22	37480220	T	G	no_position_allele_match_in_bim
chr18:36307490	9.03e-10	chr18	36307490	NA	NA	invalid_coordinate_id
chr20:48909858	9.11e-10	chr20	48909858	NA	NA	invalid_coordinate_id
chr4:115832479	9.16e-10	chr4	115832479	NA	NA	invalid_coordinate_id
rs185485025	9.17e-10	NA	NA	NA	NA	rsid_not_found_in_bim
chr12:25539771	9.53e-10	chr12	25539771	NA	NA	invalid_coordinate_id
chr1:177114278	9.55e-10	chr1	177114278	NA	NA	invalid_coordinate_id
chr9:102535643	9.55e-10	chr9	102535643	NA	NA	invalid_coordinate_id
chr6:112609450	9.6e-10	chr6	112609450	NA	NA	invalid_coordinate_id
10:3165412:A:C	9.65e-10	10	3165412	A	C	no_position_allele_match_in_bim
chr14:52181986	9.71e-10	chr14	52181986	NA	NA	invalid_coordinate_id
13:72908631:G:A	9.72e-10	13	72908631	G	A	no_position_allele_match_in_bim
rs9274308	9.78e-10	NA	NA	NA	NA	rsid_not_found_in_bim
chr15:68564716	9.78e-10	chr15	68564716	NA	NA	invalid_coordinate_id
rs2638924	9.81e-10	NA	NA	NA	NA	rsid_not_found_in_bim
chr3:190450459	9.85e-10	chr3	190450459	NA	NA	invalid_coordinate_id
rs28732310	9.89e-10	NA	NA	NA	NA	rsid_not_found_in_bim
chr7:101230264	9.99e-10	chr7	101230264	NA	NA	invalid_coordinate_id
rs2516502	1e-09	NA	NA	NA	NA	rsid_not_found_in_bim
chr18:20996597	1.01e-09	chr18	20996597	NA	NA	invalid_coordinate_id
rs9399978	1.02e-09	NA	NA	NA	NA	rsid_not_found_in_bim
rs193114520	1.02e-09	NA	NA	NA	NA	rsid_not_found_in_bim
4:38125007:C:T	1.02e-09	4	38125007	C	T	no_position_allele_match_in_bim
10:366359:C:A	1.03e-09	10	366359	C	A	no_position_allele_match_in_bim
chr13:95422271	1.03e-09	chr13	95422271	NA	NA	invalid_coordinate_id
chr2:106048793	1.03e-09	chr2	106048793	NA	NA	invalid_coordinate_id
2:215391709:T:C	1.04e-09	2	215391709	T	C	no_position_allele_match_in_bim
9:140672257_C_T	1.04e-09	9	NA	NA	NA	invalid_coordinate_id
Affx-12359556	1.04e-09	Affx-12359556	NA	NA	NA	invalid_coordinate_id
chr10:90498967	1.04e-09	chr10	90498967	NA	NA	invalid_coordinate_id
chr13:30748136	1.04e-09	chr13	30748136	NA	NA	invalid_coordinate_id
chr16:83938343	1.04e-09	chr16	83938343	NA	NA	invalid_coordinate_id
chr4:10158105	1.04e-09	chr4	10158105	NA	NA	invalid_coordinate_id
chr4:165453880	1.05e-09	chr4	165453880	NA	NA	invalid_coordinate_id
chr18:35798657	1.06e-09	chr18	35798657	NA	NA	invalid_coordinate_id
chr19:34013375	1.06e-09	chr19	34013375	NA	NA	invalid_coordinate_id
chr6:132953724	1.06e-09	chr6	132953724	NA	NA	invalid_coordinate_id
rs7421123	1.07e-09	NA	NA	NA	NA	rsid_not_found_in_bim
rs679160	1.07e-09	NA	NA	NA	NA	rsid_not_found_in_bim
rs149906399	1.07e-09	NA	NA	NA	NA	rsid_not_found_in_bim
Affx-28500005	1.07e-09	Affx-28500005	NA	NA	NA	invalid_coordinate_id
chr10:125076074	1.07e-09	chr10	125076074	NA	NA	invalid_coordinate_id
chr15:88442881	1.07e-09	chr15	88442881	NA	NA	invalid_coordinate_id
chr2:9676463	1.07e-09	chr2	9676463	NA	NA	invalid_coordinate_id
rs245003	1.08e-09	NA	NA	NA	NA	rsid_not_found_in_bim
rs9274321	1.08e-09	NA	NA	NA	NA	rsid_not_found_in_bim
16:14667802:A:G	1.08e-09	16	14667802	A	G	no_position_allele_match_in_bim
19:54313016:T:C	1.09e-09	19	54313016	T	C	no_position_allele_match_in_bim
chr2:111796565	1.09e-09	chr2	111796565	NA	NA	invalid_coordinate_id
chr4:112041596	1.09e-09	chr4	112041596	NA	NA	invalid_coordinate_id
chr4:146379526	1.09e-09	chr4	146379526	NA	NA	invalid_coordinate_id
chr12:44203310	1.1e-09	chr12	44203310	NA	NA	invalid_coordinate_id
rs73175722	1.11e-09	NA	NA	NA	NA	rsid_not_found_in_bim
chr13:92175916	1.11e-09	chr13	92175916	NA	NA	invalid_coordinate_id
chr12:1174418	1.12e-09	chr12	1174418	NA	NA	invalid_coordinate_id
chr7:36104736	1.13e-09	chr7	36104736	NA	NA	invalid_coordinate_id
rs9269755	1.15e-09	NA	NA	NA	NA	rsid_not_found_in_bim
rs113228366	1.15e-09	NA	NA	NA	NA	rsid_not_found_in_bim
rs9269861	1.16e-09	NA	NA	NA	NA	rsid_not_found_in_bim
chr7:157493497	1.17e-09	chr7	157493497	NA	NA	invalid_coordinate_id
rs1819785	1.18e-09	NA	NA	NA	NA	rsid_not_found_in_bim
6:29783822_T_G	1.18e-09	6	NA	NA	NA	invalid_coordinate_id
Affx-28475894	1.18e-09	Affx-28475894	NA	NA	NA	invalid_coordinate_id
rs2918180	1.19e-09	NA	NA	NA	NA	rsid_not_found_in_bim
1:45997796:A:G	1.2e-09	1	45997796	A	G	no_position_allele_match_in_bim
Affx-27426194	1.2e-09	Affx-27426194	NA	NA	NA	invalid_coordinate_id
1:36418141:G:A	1.22e-09	1	36418141	G	A	no_position_allele_match_in_bim
rs9262181	1.25e-09	NA	NA	NA	NA	rsid_not_found_in_bim
rs76854875	1.25e-09	NA	NA	NA	NA	rsid_not_found_in_bim
10:28616277:T:C	1.25e-09	10	28616277	T	C	no_position_allele_match_in_bim
rs41290957	1.26e-09	NA	NA	NA	NA	rsid_not_found_in_bim
chr3:155709985	1.26e-09	chr3	155709985	NA	NA	invalid_coordinate_id
chr5:97826635	1.26e-09	chr5	97826635	NA	NA	invalid_coordinate_id
rs4338565	1.27e-09	NA	NA	NA	NA	rsid_not_found_in_bim
rs9807053	1.27e-09	NA	NA	NA	NA	rsid_not_found_in_bim
Affx-28473666	1.27e-09	Affx-28473666	NA	NA	NA	invalid_coordinate_id
chr15:27426794	1.27e-09	chr15	27426794	NA	NA	invalid_coordinate_id
chr1:34118415	1.27e-09	chr1	34118415	NA	NA	invalid_coordinate_id
rs671473	1.28e-09	NA	NA	NA	NA	rsid_not_found_in_bim
rs273903	1.29e-09	NA	NA	NA	NA	rsid_not_found_in_bim
rs75541030	1.29e-09	NA	NA	NA	NA	rsid_not_found_in_bim
rs28383186	1.29e-09	NA	NA	NA	NA	rsid_not_found_in_bim
17:17794494:A:G	1.29e-09	17	17794494	A	G	no_position_allele_match_in_bim
18:12308703:A:G	1.29e-09	18	12308703	A	G	no_position_allele_match_in_bim
chr5:155644729	1.29e-09	chr5	155644729	NA	NA	invalid_coordinate_id
rs118168446	1.31e-09	NA	NA	NA	NA	rsid_not_found_in_bim
rs188812932	1.31e-09	NA	NA	NA	NA	rsid_not_found_in_bim
18:5415928:T:C	1.31e-09	18	5415928	T	C	no_position_allele_match_in_bim
chr4:114141316	1.31e-09	chr4	114141316	NA	NA	invalid_coordinate_id
rs1002653	1.32e-09	NA	NA	NA	NA	rsid_not_found_in_bim
rs78456540	1.32e-09	NA	NA	NA	NA	rsid_not_found_in_bim
chr16:53078569	1.35e-09	chr16	53078569	NA	NA	invalid_coordinate_id
chr1:244535311	1.35e-09	chr1	244535311	NA	NA	invalid_coordinate_id
7:4740966:T:C	1.36e-09	7	4740966	T	C	no_position_allele_match_in_bim
chr3:16523619	1.36e-09	chr3	16523619	NA	NA	invalid_coordinate_id
6:29783382_A_G	1.37e-09	6	NA	NA	NA	invalid_coordinate_id
chr9:36480365	1.37e-09	chr9	36480365	NA	NA	invalid_coordinate_id
chr2:124237611	1.38e-09	chr2	124237611	NA	NA	invalid_coordinate_id
chr2:22347875	1.38e-09	chr2	22347875	NA	NA	invalid_coordinate_id
4:99279453:T:C	1.39e-09	4	99279453	T	C	no_position_allele_match_in_bim
chr13:74112581	1.4e-09	chr13	74112581	NA	NA	invalid_coordinate_id
chr8:101265544	1.4e-09	chr8	101265544	NA	NA	invalid_coordinate_id
chr19:49463940	1.41e-09	chr19	49463940	NA	NA	invalid_coordinate_id
19:41892641:T:C	1.42e-09	19	41892641	T	C	no_position_allele_match_in_bim
rs11948855	1.43e-09	NA	NA	NA	NA	rsid_not_found_in_bim
chr13:76203085	1.43e-09	chr13	76203085	NA	NA	invalid_coordinate_id
chr8:53081615	1.44e-09	chr8	53081615	NA	NA	invalid_coordinate_id
rs3117224	1.45e-09	NA	NA	NA	NA	rsid_not_found_in_bim
chr3:7052403	1.45e-09	chr3	7052403	NA	NA	invalid_coordinate_id
chr21:33882984	1.46e-09	chr21	33882984	NA	NA	invalid_coordinate_id
rs4845033	1.47e-09	NA	NA	NA	NA	rsid_not_found_in_bim
17:81847334:T:C	1.47e-09	17	81847334	T	C	no_position_allele_match_in_bim
chr20:9580539	1.47e-09	chr20	9580539	NA	NA	invalid_coordinate_id
rs7090073	1.48e-09	NA	NA	NA	NA	rsid_not_found_in_bim
rs529016287	1.49e-09	NA	NA	NA	NA	rsid_not_found_in_bim
rs645692	1.5e-09	NA	NA	NA	NA	rsid_not_found_in_bim
chr1:29829635	1.51e-09	chr1	29829635	NA	NA	invalid_coordinate_id
chr9:138145693	1.51e-09	chr9	138145693	NA	NA	invalid_coordinate_id
7:117791131:T:A	1.52e-09	7	117791131	T	A	no_position_allele_match_in_bim
chr1:11392173	1.52e-09	chr1	11392173	NA	NA	invalid_coordinate_id
chr7:158819621	1.52e-09	chr7	158819621	NA	NA	invalid_coordinate_id
chr9:10504954	1.53e-09	chr9	10504954	NA	NA	invalid_coordinate_id
11:17442773:T:C	1.55e-09	11	17442773	T	C	no_position_allele_match_in_bim
Affx-28475816	1.55e-09	Affx-28475816	NA	NA	NA	invalid_coordinate_id
chr1:217087365	1.56e-09	chr1	217087365	NA	NA	invalid_coordinate_id
2:218675355:A:G	1.57e-09	2	218675355	A	G	no_position_allele_match_in_bim
chr1:91751997	1.58e-09	chr1	91751997	NA	NA	invalid_coordinate_id
rs76096058	1.59e-09	NA	NA	NA	NA	rsid_not_found_in_bim
rs184106563	1.59e-09	NA	NA	NA	NA	rsid_not_found_in_bim
6:31761505:T:C	1.59e-09	6	31761505	T	C	no_position_allele_match_in_bim
chr6:34258754	1.59e-09	chr6	34258754	NA	NA	invalid_coordinate_id
rs1401811	1.6e-09	NA	NA	NA	NA	rsid_not_found_in_bim
chr4:78269273	1.61e-09	chr4	78269273	NA	NA	invalid_coordinate_id
3:4983579:T:C	1.62e-09	3	4983579	T	C	no_position_allele_match_in_bim
chr6:128727413	1.62e-09	chr6	128727413	NA	NA	invalid_coordinate_id
chr4:65388626	1.63e-09	chr4	65388626	NA	NA	invalid_coordinate_id
chr5:128376065	1.63e-09	chr5	128376065	NA	NA	invalid_coordinate_id
rs62075639	1.64e-09	NA	NA	NA	NA	rsid_not_found_in_bim
2:121224376:G:C	1.64e-09	2	121224376	G	C	no_position_allele_match_in_bim
chr12:91495326	1.64e-09	chr12	91495326	NA	NA	invalid_coordinate_id
chr2:138163130	1.64e-09	chr2	138163130	NA	NA	invalid_coordinate_id
chr10:130124243	1.66e-09	chr10	130124243	NA	NA	invalid_coordinate_id
chr14:98313893	1.67e-09	chr14	98313893	NA	NA	invalid_coordinate_id
chr5:114522303	1.67e-09	chr5	114522303	NA	NA	invalid_coordinate_id
2:233328540:T:C	1.68e-09	2	233328540	T	C	no_position_allele_match_in_bim
chr2:184728926	1.68e-09	chr2	184728926	NA	NA	invalid_coordinate_id
chr10:123647731	1.69e-09	chr10	123647731	NA	NA	invalid_coordinate_id
chr10:91969097	1.69e-09	chr10	91969097	NA	NA	invalid_coordinate_id
chr13:98519543	1.69e-09	chr13	98519543	NA	NA	invalid_coordinate_id
chr6:78138018	1.69e-09	chr6	78138018	NA	NA	invalid_coordinate_id
8:125957888:G:A	1.7e-09	8	125957888	G	A	no_position_allele_match_in_bim
17:82084020:C:T	1.71e-09	17	82084020	C	T	no_position_allele_match_in_bim
chr3:163075314	1.71e-09	chr3	163075314	NA	NA	invalid_coordinate_id
Affx-25367744	1.72e-09	Affx-25367744	NA	NA	NA	invalid_coordinate_id
chr13:44725559	1.73e-09	chr13	44725559	NA	NA	invalid_coordinate_id
chr19:16157566	1.75e-09	chr19	16157566	NA	NA	invalid_coordinate_id
rs3914021	1.77e-09	NA	NA	NA	NA	rsid_not_found_in_bim
rs9258881	1.78e-09	NA	NA	NA	NA	rsid_not_found_in_bim
rs3104368	1.78e-09	NA	NA	NA	NA	rsid_not_found_in_bim
chr5:31497841	1.78e-09	chr5	31497841	NA	NA	invalid_coordinate_id
rs9864295	1.8e-09	NA	NA	NA	NA	rsid_not_found_in_bim
chr14:24691756	1.8e-09	chr14	24691756	NA	NA	invalid_coordinate_id
chr1:2956474	1.81e-09	chr1	2956474	NA	NA	invalid_coordinate_id
rs6868297	1.82e-09	NA	NA	NA	NA	rsid_not_found_in_bim
rs1295687	1.82e-09	NA	NA	NA	NA	rsid_not_found_in_bim
Affx-28474636	1.82e-09	Affx-28474636	NA	NA	NA	invalid_coordinate_id
Affx-28475830	1.82e-09	Affx-28475830	NA	NA	NA	invalid_coordinate_id
chr13:55715025	1.83e-09	chr13	55715025	NA	NA	invalid_coordinate_id
chr15:79683406	1.85e-09	chr15	79683406	NA	NA	invalid_coordinate_id
rs13197043	1.86e-09	NA	NA	NA	NA	rsid_not_found_in_bim
chr4:36662348	1.86e-09	chr4	36662348	NA	NA	invalid_coordinate_id
chr4:23196860	1.9e-09	chr4	23196860	NA	NA	invalid_coordinate_id
chr8:85636376	1.9e-09	chr8	85636376	NA	NA	invalid_coordinate_id
rs10198606	1.92e-09	NA	NA	NA	NA	rsid_not_found_in_bim
rs9270190	1.92e-09	NA	NA	NA	NA	rsid_not_found_in_bim
chr1:237804620	1.92e-09	chr1	237804620	NA	NA	invalid_coordinate_id
chr7:63515445	1.92e-09	chr7	63515445	NA	NA	invalid_coordinate_id
rs113671639	1.93e-09	NA	NA	NA	NA	rsid_not_found_in_bim
rs575967177	1.94e-09	NA	NA	NA	NA	rsid_not_found_in_bim
chr20:37233295	1.94e-09	chr20	37233295	NA	NA	invalid_coordinate_id
chr12:117998345	1.95e-09	chr12	117998345	NA	NA	invalid_coordinate_id
16:19183858:A:G	1.96e-09	16	19183858	A	G	no_position_allele_match_in_bim
rs7754997	1.97e-09	NA	NA	NA	NA	rsid_not_found_in_bim
17:58273504:A:G	1.99e-09	17	58273504	A	G	no_position_allele_match_in_bim
19:56191849:T:C	2e-09	19	56191849	T	C	no_position_allele_match_in_bim
rs1558585	2.02e-09	NA	NA	NA	NA	rsid_not_found_in_bim
Affx-17142691	2.03e-09	Affx-17142691	NA	NA	NA	invalid_coordinate_id
chr16:6566053	2.03e-09	chr16	6566053	NA	NA	invalid_coordinate_id
chr1:18637547	2.03e-09	chr1	18637547	NA	NA	invalid_coordinate_id
chr1:234671335	2.03e-09	chr1	234671335	NA	NA	invalid_coordinate_id
chr3:558299	2.03e-09	chr3	558299	NA	NA	invalid_coordinate_id
chr7:101090044	2.03e-09	chr7	101090044	NA	NA	invalid_coordinate_id
chr7:120196929	2.03e-09	chr7	120196929	NA	NA	invalid_coordinate_id
chr9:4423247	2.03e-09	chr9	4423247	NA	NA	invalid_coordinate_id
10:49483384:A:G	2.04e-09	10	49483384	A	G	no_position_allele_match_in_bim
11:118658915:G:A	2.05e-09	11	118658915	G	A	no_position_allele_match_in_bim
rs3129220	2.06e-09	NA	NA	NA	NA	rsid_not_found_in_bim
rs9260084	2.08e-09	NA	NA	NA	NA	rsid_not_found_in_bim
5:160606839:T:C	2.08e-09	5	160606839	T	C	no_position_allele_match_in_bim
rs4845013	2.1e-09	NA	NA	NA	NA	rsid_not_found_in_bim
12:54402048:A:G	2.1e-09	12	54402048	A	G	no_position_allele_match_in_bim
rs10941248	2.12e-09	NA	NA	NA	NA	rsid_not_found_in_bim
chr11:46643300	2.12e-09	chr11	46643300	NA	NA	invalid_coordinate_id
16:563490:C:T	2.13e-09	16	563490	C	T	no_position_allele_match_in_bim
chr7:75283845	2.13e-09	chr7	75283845	NA	NA	invalid_coordinate_id
chr16:7433352	2.14e-09	chr16	7433352	NA	NA	invalid_coordinate_id
chr1:79828693	2.14e-09	chr1	79828693	NA	NA	invalid_coordinate_id
rs35784329	2.15e-09	NA	NA	NA	NA	rsid_not_found_in_bim
chr4:116652314	2.16e-09	chr4	116652314	NA	NA	invalid_coordinate_id
chr6:90341136	2.17e-09	chr6	90341136	NA	NA	invalid_coordinate_id
rs9277364	2.18e-09	NA	NA	NA	NA	rsid_not_found_in_bim
17:4632019:A:G	2.19e-09	17	4632019	A	G	no_position_allele_match_in_bim
chr8:87266815	2.19e-09	chr8	87266815	NA	NA	invalid_coordinate_id
chr20:16564912	2.2e-09	chr20	16564912	NA	NA	invalid_coordinate_id
chr11:5650333	2.21e-09	chr11	5650333	NA	NA	invalid_coordinate_id
chr7:122276780	2.21e-09	chr7	122276780	NA	NA	invalid_coordinate_id
3:12581911:A:G	2.22e-09	3	12581911	A	G	no_position_allele_match_in_bim
chr19:48349828	2.23e-09	chr19	48349828	NA	NA	invalid_coordinate_id
chr2:192946640	2.24e-09	chr2	192946640	NA	NA	invalid_coordinate_id
12:131755413:C:G	2.26e-09	12	131755413	C	G	no_position_allele_match_in_bim
chr2:122046750	2.26e-09	chr2	122046750	NA	NA	invalid_coordinate_id
chr9:4363975	2.27e-09	chr9	4363975	NA	NA	invalid_coordinate_id
rs2257437	2.28e-09	NA	NA	NA	NA	rsid_not_found_in_bim
chr6:165447480	2.29e-09	chr6	165447480	NA	NA	invalid_coordinate_id
chr10:1432745	2.3e-09	chr10	1432745	NA	NA	invalid_coordinate_id
1:200614401:C:T	2.31e-09	1	200614401	C	T	no_position_allele_match_in_bim
chr8:12687455	2.31e-09	chr8	12687455	NA	NA	invalid_coordinate_id
rs6683027	2.33e-09	NA	NA	NA	NA	rsid_not_found_in_bim
chr4:125598687	2.33e-09	chr4	125598687	NA	NA	invalid_coordinate_id
chr13:80634413	2.36e-09	chr13	80634413	NA	NA	invalid_coordinate_id
chr9:104404904	2.36e-09	chr9	104404904	NA	NA	invalid_coordinate_id
chr9:117746991	2.36e-09	chr9	117746991	NA	NA	invalid_coordinate_id
chr4:20569065	2.39e-09	chr4	20569065	NA	NA	invalid_coordinate_id
21:33782011:T:C	2.4e-09	21	33782011	T	C	no_position_allele_match_in_bim
chr1:5818860	2.4e-09	chr1	5818860	NA	NA	invalid_coordinate_id
chr3:181378343	2.41e-09	chr3	181378343	NA	NA	invalid_coordinate_id
rs146137769	2.46e-09	NA	NA	NA	NA	rsid_not_found_in_bim
8:68521836:A:G	2.46e-09	8	68521836	A	G	no_position_allele_match_in_bim
chr6:128837985	2.49e-09	chr6	128837985	NA	NA	invalid_coordinate_id
chr18:11743874	2.5e-09	chr18	11743874	NA	NA	invalid_coordinate_id
chr10:85416382	2.51e-09	chr10	85416382	NA	NA	invalid_coordinate_id
chr13:71424255	2.52e-09	chr13	71424255	NA	NA	invalid_coordinate_id
chr16:47313830	2.52e-09	chr16	47313830	NA	NA	invalid_coordinate_id
chr2:31084160	2.52e-09	chr2	31084160	NA	NA	invalid_coordinate_id
chr8:119077500	2.52e-09	chr8	119077500	NA	NA	invalid_coordinate_id
Affx-12358947	2.53e-09	Affx-12358947	NA	NA	NA	invalid_coordinate_id
chr1:40978289	2.53e-09	chr1	40978289	NA	NA	invalid_coordinate_id
rs141428834	2.56e-09	NA	NA	NA	NA	rsid_not_found_in_bim
Affx-25637430	2.57e-09	Affx-25637430	NA	NA	NA	invalid_coordinate_id
chr10:75050117	2.57e-09	chr10	75050117	NA	NA	invalid_coordinate_id
chr16:49865620	2.57e-09	chr16	49865620	NA	NA	invalid_coordinate_id
chr2:168291848	2.57e-09	chr2	168291848	NA	NA	invalid_coordinate_id
chr10:109751441	2.58e-09	chr10	109751441	NA	NA	invalid_coordinate_id
rs1611169	2.6e-09	NA	NA	NA	NA	rsid_not_found_in_bim
chr9:5259860	2.61e-09	chr9	5259860	NA	NA	invalid_coordinate_id
3:183963569:C:T	2.62e-09	3	183963569	C	T	no_position_allele_match_in_bim
6:31577416:A:T	2.62e-09	6	31577416	A	T	no_position_allele_match_in_bim
chr2:206188260	2.62e-09	chr2	206188260	NA	NA	invalid_coordinate_id
chr8:34624995	2.62e-09	chr8	34624995	NA	NA	invalid_coordinate_id
chr6:38715450	2.63e-09	chr6	38715450	NA	NA	invalid_coordinate_id
rs111695945	2.66e-09	NA	NA	NA	NA	rsid_not_found_in_bim
14:74484445:C:A	2.66e-09	14	74484445	C	A	no_position_allele_match_in_bim
chr7:54894475	2.67e-09	chr7	54894475	NA	NA	invalid_coordinate_id
10:45440563:T:C	2.69e-09	10	45440563	T	C	no_position_allele_match_in_bim
rs17602960	2.71e-09	NA	NA	NA	NA	rsid_not_found_in_bim
3:69122139:T:C	2.73e-09	3	69122139	T	C	no_position_allele_match_in_bim
rs111597461	2.76e-09	NA	NA	NA	NA	rsid_not_found_in_bim
chr1:231815616	2.76e-09	chr1	231815616	NA	NA	invalid_coordinate_id
6:29817106_T_A	2.77e-09	6	NA	NA	NA	invalid_coordinate_id
rs714215	2.8e-09	NA	NA	NA	NA	rsid_not_found_in_bim
chr3:68898819	2.8e-09	chr3	68898819	NA	NA	invalid_coordinate_id
chr15:25147422	2.81e-09	chr15	25147422	NA	NA	invalid_coordinate_id
chr9:84181364	2.81e-09	chr9	84181364	NA	NA	invalid_coordinate_id
rs575720812	2.82e-09	NA	NA	NA	NA	rsid_not_found_in_bim
6:30916250:A:G	2.83e-09	6	30916250	A	G	no_position_allele_match_in_bim
chr2:102454548	2.83e-09	chr2	102454548	NA	NA	invalid_coordinate_id
chr12:15470375	2.85e-09	chr12	15470375	NA	NA	invalid_coordinate_id
chr13:37343937	2.85e-09	chr13	37343937	NA	NA	invalid_coordinate_id
chr6:77712709	2.89e-09	chr6	77712709	NA	NA	invalid_coordinate_id
chr2:76729109	2.9e-09	chr2	76729109	NA	NA	invalid_coordinate_id
chr4:95610254	2.91e-09	chr4	95610254	NA	NA	invalid_coordinate_id
3:99849721:A:G	2.92e-09	3	99849721	A	G	no_position_allele_match_in_bim
7:100477378:T:C	2.92e-09	7	100477378	T	C	no_position_allele_match_in_bim
chr11:111645817	2.93e-09	chr11	111645817	NA	NA	invalid_coordinate_id
chr19:3984883	2.93e-09	chr19	3984883	NA	NA	invalid_coordinate_id
chr9:96648358	2.93e-09	chr9	96648358	NA	NA	invalid_coordinate_id
11:45924153:A:G	2.94e-09	11	45924153	A	G	no_position_allele_match_in_bim
Affx-28474609	2.95e-09	Affx-28474609	NA	NA	NA	invalid_coordinate_id
chr2:151646496	2.96e-09	chr2	151646496	NA	NA	invalid_coordinate_id
3:33409502:T:C	2.97e-09	3	33409502	T	C	no_position_allele_match_in_bim
rs9260806	2.99e-09	NA	NA	NA	NA	rsid_not_found_in_bim
chr3:120263463	2.99e-09	chr3	120263463	NA	NA	invalid_coordinate_id
chr12:15467235	3.01e-09	chr12	15467235	NA	NA	invalid_coordinate_id
chr3:4502916	3.04e-09	chr3	4502916	NA	NA	invalid_coordinate_id
chr9:130715503	3.04e-09	chr9	130715503	NA	NA	invalid_coordinate_id
rs2470260	3.05e-09	NA	NA	NA	NA	rsid_not_found_in_bim
4:77883415:C:T	3.06e-09	4	77883415	C	T	no_position_allele_match_in_bim
chr16:68588518	3.07e-09	chr16	68588518	NA	NA	invalid_coordinate_id
rs10049074	3.09e-09	NA	NA	NA	NA	rsid_not_found_in_bim
5:128263479:T:G	3.09e-09	5	128263479	T	G	no_position_allele_match_in_bim
chr8:49793830	3.1e-09	chr8	49793830	NA	NA	invalid_coordinate_id
12:49297274:A:G	3.11e-09	12	49297274	A	G	no_position_allele_match_in_bim
chr15:40936182	3.11e-09	chr15	40936182	NA	NA	invalid_coordinate_id
rs10125674	3.13e-09	NA	NA	NA	NA	rsid_not_found_in_bim
22:43927156:A:G	3.13e-09	22	43927156	A	G	no_position_allele_match_in_bim
Affx-25637623	3.13e-09	Affx-25637623	NA	NA	NA	invalid_coordinate_id
chr9:87281306	3.13e-09	chr9	87281306	NA	NA	invalid_coordinate_id
rs372877484	3.16e-09	NA	NA	NA	NA	rsid_not_found_in_bim
16:69742597:A:G	3.16e-09	16	69742597	A	G	no_position_allele_match_in_bim
rs9713538	3.18e-09	NA	NA	NA	NA	rsid_not_found_in_bim
chr7:8784195	3.18e-09	chr7	8784195	NA	NA	invalid_coordinate_id
rs9269915	3.21e-09	NA	NA	NA	NA	rsid_not_found_in_bim
12:116985215:T:A	3.21e-09	12	116985215	T	A	no_position_allele_match_in_bim
Affx-25637409	3.25e-09	Affx-25637409	NA	NA	NA	invalid_coordinate_id
chr1:91261206	3.28e-09	chr1	91261206	NA	NA	invalid_coordinate_id
rs2718886	3.29e-09	NA	NA	NA	NA	rsid_not_found_in_bim
rs7629708	3.3e-09	NA	NA	NA	NA	rsid_not_found_in_bim
chr12:78567559	3.32e-09	chr12	78567559	NA	NA	invalid_coordinate_id
chr9:128470730	3.32e-09	chr9	128470730	NA	NA	invalid_coordinate_id
rs202164893	3.33e-09	NA	NA	NA	NA	rsid_not_found_in_bim
chr18:50928655	3.34e-09	chr18	50928655	NA	NA	invalid_coordinate_id
chr6:165633608	3.34e-09	chr6	165633608	NA	NA	invalid_coordinate_id
rs502917	3.36e-09	NA	NA	NA	NA	rsid_not_found_in_bim
chr6:158951701	3.37e-09	chr6	158951701	NA	NA	invalid_coordinate_id
15:74845199:A:G	3.4e-09	15	74845199	A	G	no_position_allele_match_in_bim
chr7:25195590	3.41e-09	chr7	25195590	NA	NA	invalid_coordinate_id
chr6:124185765	3.42e-09	chr6	124185765	NA	NA	invalid_coordinate_id
chr2:168265654	3.44e-09	chr2	168265654	NA	NA	invalid_coordinate_id
chr3:124665475	3.44e-09	chr3	124665475	NA	NA	invalid_coordinate_id
rs2427533	3.45e-09	NA	NA	NA	NA	rsid_not_found_in_bim
chr19:40594452	3.48e-09	chr19	40594452	NA	NA	invalid_coordinate_id
5:37195917:C:A	3.51e-09	5	37195917	C	A	no_position_allele_match_in_bim
chr13:58979268	3.52e-09	chr13	58979268	NA	NA	invalid_coordinate_id
chr3:37127929	3.52e-09	chr3	37127929	NA	NA	invalid_coordinate_id
chr12:47324257	3.54e-09	chr12	47324257	NA	NA	invalid_coordinate_id
10:60108899:C:G	3.55e-09	10	60108899	C	G	no_position_allele_match_in_bim
13:23336729:A:G	3.55e-09	13	23336729	A	G	no_position_allele_match_in_bim
rs149016309	3.57e-09	NA	NA	NA	NA	rsid_not_found_in_bim
chr8:32251771	3.57e-09	chr8	32251771	NA	NA	invalid_coordinate_id
rs542132	3.62e-09	NA	NA	NA	NA	rsid_not_found_in_bim
chr10:91979570	3.64e-09	chr10	91979570	NA	NA	invalid_coordinate_id
chr17:13088870	3.64e-09	chr17	13088870	NA	NA	invalid_coordinate_id
chr19:8184020	3.66e-09	chr19	8184020	NA	NA	invalid_coordinate_id
chr3:37042864	3.66e-09	chr3	37042864	NA	NA	invalid_coordinate_id
chr11:100577653	3.67e-09	chr11	100577653	NA	NA	invalid_coordinate_id
chr5:86239566	3.68e-09	chr5	86239566	NA	NA	invalid_coordinate_id
5:14608950:T:C	3.69e-09	5	14608950	T	C	no_position_allele_match_in_bim
Affx-25637109	3.72e-09	Affx-25637109	NA	NA	NA	invalid_coordinate_id
rs10942294	3.73e-09	NA	NA	NA	NA	rsid_not_found_in_bim
rs9258307	3.77e-09	NA	NA	NA	NA	rsid_not_found_in_bim
rs9258308	3.77e-09	NA	NA	NA	NA	rsid_not_found_in_bim
rs7181911	3.77e-09	NA	NA	NA	NA	rsid_not_found_in_bim
chr2:101367255	3.77e-09	chr2	101367255	NA	NA	invalid_coordinate_id
rs12175236	3.79e-09	NA	NA	NA	NA	rsid_not_found_in_bim
chr5:83101251	3.79e-09	chr5	83101251	NA	NA	invalid_coordinate_id
16:67203791:A:G	3.8e-09	16	67203791	A	G	no_position_allele_match_in_bim
8:144360381:T:G	3.81e-09	8	144360381	T	G	no_position_allele_match_in_bim
chr1:98734558	3.82e-09	chr1	98734558	NA	NA	invalid_coordinate_id
chr5:20604718	3.83e-09	chr5	20604718	NA	NA	invalid_coordinate_id
rs5021728	3.84e-09	NA	NA	NA	NA	rsid_not_found_in_bim
rs156027	3.85e-09	NA	NA	NA	NA	rsid_not_found_in_bim
rs6675676	3.87e-09	NA	NA	NA	NA	rsid_not_found_in_bim
rs4705914	3.88e-09	NA	NA	NA	NA	rsid_not_found_in_bim
1:156658132:A:T	3.93e-09	1	156658132	A	T	no_position_allele_match_in_bim
chr5:40864826	3.98e-09	chr5	40864826	NA	NA	invalid_coordinate_id
chr1:44016614	4.01e-09	chr1	44016614	NA	NA	invalid_coordinate_id
rs1611245	4.03e-09	NA	NA	NA	NA	rsid_not_found_in_bim
rs2517926	4.05e-09	NA	NA	NA	NA	rsid_not_found_in_bim
1:32826188:G:A	4.07e-09	1	32826188	G	A	no_position_allele_match_in_bim
6:42208857:T:C	4.08e-09	6	42208857	T	C	no_position_allele_match_in_bim
rs9271261	4.12e-09	NA	NA	NA	NA	rsid_not_found_in_bim
rs367937013	4.16e-09	NA	NA	NA	NA	rsid_not_found_in_bim
chr1:96294199	4.16e-09	chr1	96294199	NA	NA	invalid_coordinate_id
chr8:131896789	4.16e-09	chr8	131896789	NA	NA	invalid_coordinate_id
chr9:84653837	4.16e-09	chr9	84653837	NA	NA	invalid_coordinate_id
rs10192146	4.19e-09	NA	NA	NA	NA	rsid_not_found_in_bim
chr8:42602612	4.19e-09	chr8	42602612	NA	NA	invalid_coordinate_id
chr8:42602616	4.19e-09	chr8	42602616	NA	NA	invalid_coordinate_id
6:31420656_C_G	4.21e-09	6	NA	NA	NA	invalid_coordinate_id
chr17:5929574	4.21e-09	chr17	5929574	NA	NA	invalid_coordinate_id
chr20:3319122	4.23e-09	chr20	3319122	NA	NA	invalid_coordinate_id
chr13:22927223	4.24e-09	chr13	22927223	NA	NA	invalid_coordinate_id
chr15:42686587	4.24e-09	chr15	42686587	NA	NA	invalid_coordinate_id
rs760570114	4.25e-09	NA	NA	NA	NA	rsid_not_found_in_bim
rs9267215	4.27e-09	NA	NA	NA	NA	rsid_not_found_in_bim
2:108621409:T:C	4.29e-09	2	108621409	T	C	no_position_allele_match_in_bim
chr2:206793621	4.29e-09	chr2	206793621	NA	NA	invalid_coordinate_id
rs142121342	4.32e-09	NA	NA	NA	NA	rsid_not_found_in_bim
2:31266508:C:T	4.33e-09	2	31266508	C	T	no_position_allele_match_in_bim
chr15:48299664	4.34e-09	chr15	48299664	NA	NA	invalid_coordinate_id
chr3:21600381	4.36e-09	chr3	21600381	NA	NA	invalid_coordinate_id
rs12450733	4.37e-09	NA	NA	NA	NA	rsid_not_found_in_bim
rs181180549	4.37e-09	NA	NA	NA	NA	rsid_not_found_in_bim
1:39661258:T:C	4.37e-09	1	39661258	T	C	no_position_allele_match_in_bim
chr3:190536836	4.37e-09	chr3	190536836	NA	NA	invalid_coordinate_id
rs9269853	4.41e-09	NA	NA	NA	NA	rsid_not_found_in_bim
chr2:133827614	4.44e-09	chr2	133827614	NA	NA	invalid_coordinate_id
chr7:100948204	4.45e-09	chr7	100948204	NA	NA	invalid_coordinate_id
chr9:108605939	4.46e-09	chr9	108605939	NA	NA	invalid_coordinate_id
rs72934760	4.48e-09	NA	NA	NA	NA	rsid_not_found_in_bim
3:64147567:T:C	4.48e-09	3	64147567	T	C	no_position_allele_match_in_bim
chr20:45962567	4.49e-09	chr20	45962567	NA	NA	invalid_coordinate_id
chr2:172281748	4.49e-09	chr2	172281748	NA	NA	invalid_coordinate_id
chr9:7048320	4.49e-09	chr9	7048320	NA	NA	invalid_coordinate_id
chr1:67364731	4.52e-09	chr1	67364731	NA	NA	invalid_coordinate_id
chr2:8773159	4.52e-09	chr2	8773159	NA	NA	invalid_coordinate_id
7:77749506:C:G	4.55e-09	7	77749506	C	G	no_position_allele_match_in_bim
chr5:20164775	4.56e-09	chr5	20164775	NA	NA	invalid_coordinate_id
rs7089356	4.57e-09	NA	NA	NA	NA	rsid_not_found_in_bim
chr16:24203513	4.57e-09	chr16	24203513	NA	NA	invalid_coordinate_id
rs2075973	4.6e-09	NA	NA	NA	NA	rsid_not_found_in_bim
19:50791780:T:C	4.62e-09	19	50791780	T	C	no_position_allele_match_in_bim
chr2:15936081	4.62e-09	chr2	15936081	NA	NA	invalid_coordinate_id
chr5:92278836	4.62e-09	chr5	92278836	NA	NA	invalid_coordinate_id
rs10795675	4.65e-09	NA	NA	NA	NA	rsid_not_found_in_bim
17:47813799:A:G	4.65e-09	17	47813799	A	G	no_position_allele_match_in_bim
chr2:132394439	4.65e-09	chr2	132394439	NA	NA	invalid_coordinate_id
6:160143584:A:G	4.67e-09	6	160143584	A	G	no_position_allele_match_in_bim
7:117509093:A:G	4.68e-09	7	117509093	A	G	no_position_allele_match_in_bim
rs201843924	4.7e-09	NA	NA	NA	NA	rsid_not_found_in_bim
chr16:81725721	4.7e-09	chr16	81725721	NA	NA	invalid_coordinate_id
rs12665030	4.78e-09	NA	NA	NA	NA	rsid_not_found_in_bim
19:41585872:A:G	4.79e-09	19	41585872	A	G	no_position_allele_match_in_bim
chr2:84879392	4.79e-09	chr2	84879392	NA	NA	invalid_coordinate_id
1:53967746:C:T	4.81e-09	1	53967746	C	T	no_position_allele_match_in_bim
chr4:138864355	4.81e-09	chr4	138864355	NA	NA	invalid_coordinate_id
12:132696022:G:C	4.85e-09	12	132696022	G	C	no_position_allele_match_in_bim
Affx-28474652	4.88e-09	Affx-28474652	NA	NA	NA	invalid_coordinate_id
Affx-28474653	4.88e-09	Affx-28474653	NA	NA	NA	invalid_coordinate_id
Affx-28474672	4.88e-09	Affx-28474672	NA	NA	NA	invalid_coordinate_id
Affx-28474686	4.88e-09	Affx-28474686	NA	NA	NA	invalid_coordinate_id
rs11071554	4.91e-09	NA	NA	NA	NA	rsid_not_found_in_bim
rs75609988	4.96e-09	NA	NA	NA	NA	rsid_not_found_in_bim
chr16:76470947	4.97e-09	chr16	76470947	NA	NA	invalid_coordinate_id
chr2:113930806	4.98e-09	chr2	113930806	NA	NA	invalid_coordinate_id
Affx-28474314	5e-09	Affx-28474314	NA	NA	NA	invalid_coordinate_id
Affx-28474434	5e-09	Affx-28474434	NA	NA	NA	invalid_coordinate_id
