exposure	outcome	outcome_id	outcome_type	SNP	method	beta	SE	p_value	id.exposure	id.outcome	samplesize
Asthma	Allergic rhinitis	ALLERG_RHINITIS	binary	rs10035217	Wald ratio	0.127624517212427	0.388261964735516	0.742376984580402	asthma_gwama	ALLERG_RHINITIS	489568
Asthma	Allergic rhinitis	ALLERG_RHINITIS	binary	rs10040192	Wald ratio	2.82495296331138	2.72575258701787	0.300018481878176	asthma_gwama	ALLERG_RHINITIS	489568
Asthma	Allergic rhinitis	ALLERG_RHINITIS	binary	rs10057913	Wald ratio	7.97275502684493	1.74816296452258	5.09961298260603e-06	asthma_gwama	ALLERG_RHINITIS	489568
Asthma	Allergic rhinitis	ALLERG_RHINITIS	binary	rs1009727	Wald ratio	3.51711517761033	2.71261571582347	0.194776766529596	asthma_gwama	ALLERG_RHINITIS	489568
Asthma	Allergic rhinitis	ALLERG_RHINITIS	binary	rs1012177	Wald ratio	4.19767900153274	2.64534705495949	0.112554326619698	asthma_gwama	ALLERG_RHINITIS	489568
Asthma	Allergic rhinitis	ALLERG_RHINITIS	binary	rs10158467	Wald ratio	6.28867128144521	2.11781191963532	0.00298363309672075	asthma_gwama	ALLERG_RHINITIS	489568
Asthma	Allergic rhinitis	ALLERG_RHINITIS	binary	rs10175070	Wald ratio	2.3253410059676	2.76717817561807	0.400723756015488	asthma_gwama	ALLERG_RHINITIS	489568
Asthma	Allergic rhinitis	ALLERG_RHINITIS	binary	rs10185424	Wald ratio	3.82424738890027	2.59176735613352	0.140068357029713	asthma_gwama	ALLERG_RHINITIS	489568
Asthma	Allergic rhinitis	ALLERG_RHINITIS	binary	rs10186746	Wald ratio	3.56070790712778	1.8925637278779	0.0599147610771576	asthma_gwama	ALLERG_RHINITIS	489568
Asthma	Allergic rhinitis	ALLERG_RHINITIS	binary	rs10197437	Wald ratio	0.661315101148893	0.442045492169652	0.134644786244952	asthma_gwama	ALLERG_RHINITIS	489568
Asthma	Allergic rhinitis	ALLERG_RHINITIS	binary	rs1021621	Wald ratio	6.31245797903896	2.32734823017599	0.00668188367162176	asthma_gwama	ALLERG_RHINITIS	489568
Asthma	Allergic rhinitis	ALLERG_RHINITIS	binary	rs1029751	Wald ratio	0.908683186565636	0.4109802716909	0.0270348588092294	asthma_gwama	ALLERG_RHINITIS	489568
Asthma	Allergic rhinitis	ALLERG_RHINITIS	binary	rs1030347	Wald ratio	5.80595482546201	2.93440565822496	0.0478633717097056	asthma_gwama	ALLERG_RHINITIS	489568
Asthma	Allergic rhinitis	ALLERG_RHINITIS	binary	rs10498730	Wald ratio	-1.18473976159566	3.83419095951847	0.757326535312149	asthma_gwama	ALLERG_RHINITIS	489568
Asthma	Allergic rhinitis	ALLERG_RHINITIS	binary	rs10751640	Wald ratio	-0.060210624725033	0.219617979175832	0.783961107864497	asthma_gwama	ALLERG_RHINITIS	489568
Asthma	Allergic rhinitis	ALLERG_RHINITIS	binary	rs10791824	Wald ratio	7.76761100066269	1.99373757455268	9.77924836204762e-05	asthma_gwama	ALLERG_RHINITIS	489568
Asthma	Allergic rhinitis	ALLERG_RHINITIS	binary	rs10795633	Wald ratio	6.10366214742091	1.84767025089606	0.000955074493497833	asthma_gwama	ALLERG_RHINITIS	489568
Asthma	Allergic rhinitis	ALLERG_RHINITIS	binary	rs10797291	Wald ratio	1.29893247732447	0.443350378858572	0.00339169061541312	asthma_gwama	ALLERG_RHINITIS	489568
Asthma	Allergic rhinitis	ALLERG_RHINITIS	binary	rs10905469	Wald ratio	0.404452965327642	0.217142650436796	0.0625165772468583	asthma_gwama	ALLERG_RHINITIS	489568
Asthma	Allergic rhinitis	ALLERG_RHINITIS	binary	rs10916031	Wald ratio	0.59322609877662	0.375962845491618	0.114592053413445	asthma_gwama	ALLERG_RHINITIS	489568
Asthma	Allergic rhinitis	ALLERG_RHINITIS	binary	rs10928554	Wald ratio	1.13159978526372	2.49991947389612	0.650797552006127	asthma_gwama	ALLERG_RHINITIS	489568
Asthma	Allergic rhinitis	ALLERG_RHINITIS	binary	rs10988207	Wald ratio	0.655467075925175	0.392668095210517	0.0950648894761995	asthma_gwama	ALLERG_RHINITIS	489568
Asthma	Allergic rhinitis	ALLERG_RHINITIS	binary	rs11069349	Wald ratio	5.36157471038681	2.65053995680346	0.0430913402101576	asthma_gwama	ALLERG_RHINITIS	489568
Asthma	Allergic rhinitis	ALLERG_RHINITIS	binary	rs11074853	Wald ratio	2.10901690670006	2.15428929242329	0.327587390239987	asthma_gwama	ALLERG_RHINITIS	489568
Asthma	Allergic rhinitis	ALLERG_RHINITIS	binary	rs111164030	Wald ratio	-5.57301155506751	4.52329731213656	0.217923544864344	asthma_gwama	ALLERG_RHINITIS	489568
Asthma	Allergic rhinitis	ALLERG_RHINITIS	binary	rs111261380	Wald ratio	0.312888778645941	0.316816183664751	0.323346860980768	asthma_gwama	ALLERG_RHINITIS	489568
Asthma	Allergic rhinitis	ALLERG_RHINITIS	binary	rs11146290	Wald ratio	0.213249161777033	0.473711232187762	0.652590032874999	asthma_gwama	ALLERG_RHINITIS	489568
Asthma	Allergic rhinitis	ALLERG_RHINITIS	binary	rs111572801	Wald ratio	0.642495332249789	1.06371646943463	0.545837026512725	asthma_gwama	ALLERG_RHINITIS	489568
Asthma	Allergic rhinitis	ALLERG_RHINITIS	binary	rs11158543	Wald ratio	0.0381132276636577	0.453589451986637	0.933035899430618	asthma_gwama	ALLERG_RHINITIS	489568
Asthma	Allergic rhinitis	ALLERG_RHINITIS	binary	rs111597890	Wald ratio	0.315095859895253	0.372398511742541	0.397482762247747	asthma_gwama	ALLERG_RHINITIS	489568
Asthma	Allergic rhinitis	ALLERG_RHINITIS	binary	rs111641596	Wald ratio	2.00147979510529	3.2931844052362	0.54334383409702	asthma_gwama	ALLERG_RHINITIS	489568
Asthma	Allergic rhinitis	ALLERG_RHINITIS	binary	rs11188006	Wald ratio	-0.176354427432031	0.430718402514991	0.682214942344617	asthma_gwama	ALLERG_RHINITIS	489568
Asthma	Allergic rhinitis	ALLERG_RHINITIS	binary	rs111966309	Wald ratio	1.05691104502775	0.372515044372117	0.00455067464034613	asthma_gwama	ALLERG_RHINITIS	489568
Asthma	Allergic rhinitis	ALLERG_RHINITIS	binary	rs112068732	Wald ratio	4.3208734558895	2.56083065849626	0.091546890369269	asthma_gwama	ALLERG_RHINITIS	489568
Asthma	Allergic rhinitis	ALLERG_RHINITIS	binary	rs11207023	Wald ratio	0.919146420124704	3.20703074607611	0.774415890342323	asthma_gwama	ALLERG_RHINITIS	489568
Asthma	Allergic rhinitis	ALLERG_RHINITIS	binary	rs11236723	Wald ratio	-1.43464471122648	5.60635950681376	0.798031179322769	asthma_gwama	ALLERG_RHINITIS	489568
Asthma	Allergic rhinitis	ALLERG_RHINITIS	binary	rs112502960	Wald ratio	0.80598475550675	0.187097086751502	1.64854807746961e-05	asthma_gwama	ALLERG_RHINITIS	489568
Asthma	Allergic rhinitis	ALLERG_RHINITIS	binary	rs11253578	Wald ratio	1.07501638747269	2.40640932265113	0.655069673020529	asthma_gwama	ALLERG_RHINITIS	489568
Asthma	Allergic rhinitis	ALLERG_RHINITIS	binary	rs11255686	Wald ratio	5.67619786614937	2.28242483026188	0.0128855972766251	asthma_gwama	ALLERG_RHINITIS	489568
Asthma	Allergic rhinitis	ALLERG_RHINITIS	binary	rs11256016	Wald ratio	0.603495102262212	0.181799559682205	0.000901584403680648	asthma_gwama	ALLERG_RHINITIS	489568
Asthma	Allergic rhinitis	ALLERG_RHINITIS	binary	rs112715785	Wald ratio	0.677746197739255	0.502768436354169	0.177649205593598	asthma_gwama	ALLERG_RHINITIS	489568
Asthma	Allergic rhinitis	ALLERG_RHINITIS	binary	rs112743107	Wald ratio	0.348198734177215	3.47770886075949	0.920246655194981	asthma_gwama	ALLERG_RHINITIS	489568
Asthma	Allergic rhinitis	ALLERG_RHINITIS	binary	rs112842054	Wald ratio	0.44653244700101	0.27506904630388	0.104515297449867	asthma_gwama	ALLERG_RHINITIS	489568
Asthma	Allergic rhinitis	ALLERG_RHINITIS	binary	rs113030358	Wald ratio	-0.000911128205128205	0.00604537820512821	0.880200666828769	asthma_gwama	ALLERG_RHINITIS	489568
Asthma	Allergic rhinitis	ALLERG_RHINITIS	binary	rs113108794	Wald ratio	9.71151079136691	3.65044064748202	0.00780556142546976	asthma_gwama	ALLERG_RHINITIS	489568
Asthma	Allergic rhinitis	ALLERG_RHINITIS	binary	rs113206908	Wald ratio	2.37051815702598	2.38258934979188	0.31976856838849	asthma_gwama	ALLERG_RHINITIS	489568
Asthma	Allergic rhinitis	ALLERG_RHINITIS	binary	rs113214835	Wald ratio	7.303646226739	3.37464808075259	0.0304437104428875	asthma_gwama	ALLERG_RHINITIS	489568
Asthma	Allergic rhinitis	ALLERG_RHINITIS	binary	rs113359448	Wald ratio	1.08566650866382	0.426681413598778	0.0109452193913002	asthma_gwama	ALLERG_RHINITIS	489568
Asthma	Allergic rhinitis	ALLERG_RHINITIS	binary	rs113396459	Wald ratio	10.1080631753948	8.68045164865614	0.244236503691925	asthma_gwama	ALLERG_RHINITIS	489568
Asthma	Allergic rhinitis	ALLERG_RHINITIS	binary	rs113481061	Wald ratio	0.101740685154976	0.299026427406199	0.733675964941588	asthma_gwama	ALLERG_RHINITIS	489568
Asthma	Allergic rhinitis	ALLERG_RHINITIS	binary	rs113484502	Wald ratio	0.761073740590009	0.40797081584885	0.0621099161539511	asthma_gwama	ALLERG_RHINITIS	489568
Asthma	Allergic rhinitis	ALLERG_RHINITIS	binary	rs113560750	Wald ratio	8.49786507258753	2.78766723598064	0.00230079875311295	asthma_gwama	ALLERG_RHINITIS	489568
Asthma	Allergic rhinitis	ALLERG_RHINITIS	binary	rs113604048	Wald ratio	3.41582306338028	2.17645246478873	0.116544218704182	asthma_gwama	ALLERG_RHINITIS	489568
Asthma	Allergic rhinitis	ALLERG_RHINITIS	binary	rs113626350	Wald ratio	3.59431263084438	1.96408757850663	0.0672474750361311	asthma_gwama	ALLERG_RHINITIS	489568
Asthma	Allergic rhinitis	ALLERG_RHINITIS	binary	rs113973315	Wald ratio	-0.138630726256983	0.0992346368715084	0.162413757341218	asthma_gwama	ALLERG_RHINITIS	489568
Asthma	Allergic rhinitis	ALLERG_RHINITIS	binary	rs113981909	Wald ratio	0.386058016296024	0.340442933284323	0.256799809268373	asthma_gwama	ALLERG_RHINITIS	489568
Asthma	Allergic rhinitis	ALLERG_RHINITIS	binary	rs114045542	Wald ratio	0.0240223021582734	0.0172142446043165	0.16286819905946	asthma_gwama	ALLERG_RHINITIS	489568
Asthma	Allergic rhinitis	ALLERG_RHINITIS	binary	rs114137525	Wald ratio	3.22873517392604	3.6732781819994	0.37941254550966	asthma_gwama	ALLERG_RHINITIS	489568
Asthma	Allergic rhinitis	ALLERG_RHINITIS	binary	rs1143869	Wald ratio	5.40891398783666	2.08556038227628	0.00950027989600254	asthma_gwama	ALLERG_RHINITIS	489568
Asthma	Allergic rhinitis	ALLERG_RHINITIS	binary	rs114677569	Wald ratio	0.412407635126901	0.563666677744912	0.464381235751495	asthma_gwama	ALLERG_RHINITIS	489568
Asthma	Allergic rhinitis	ALLERG_RHINITIS	binary	rs1149915	Wald ratio	2.80914667643289	1.23585423915034	0.0230237424330409	asthma_gwama	ALLERG_RHINITIS	489568
Asthma	Allergic rhinitis	ALLERG_RHINITIS	binary	rs115026096	Wald ratio	2.23998458088029	3.02500700869078	0.459003300010152	asthma_gwama	ALLERG_RHINITIS	489568
Asthma	Allergic rhinitis	ALLERG_RHINITIS	binary	rs115222658	Wald ratio	12.0409453413733	3.10855864617779	0.000107291422356599	asthma_gwama	ALLERG_RHINITIS	489568
Asthma	Allergic rhinitis	ALLERG_RHINITIS	binary	rs115285331	Wald ratio	0.737300452022658	0.446898781255364	0.0989807161265806	asthma_gwama	ALLERG_RHINITIS	489568
Asthma	Allergic rhinitis	ALLERG_RHINITIS	binary	rs115804565	Wald ratio	2.73991186654076	4.1698667506033	0.511133206155726	asthma_gwama	ALLERG_RHINITIS	489568
Asthma	Allergic rhinitis	ALLERG_RHINITIS	binary	rs11597580	Wald ratio	-0.236084597813673	0.390179882525698	0.545135115262859	asthma_gwama	ALLERG_RHINITIS	489568
Asthma	Allergic rhinitis	ALLERG_RHINITIS	binary	rs116018601	Wald ratio	0.646496619133695	3.15258083952601	0.83751821142846	asthma_gwama	ALLERG_RHINITIS	489568
Asthma	Allergic rhinitis	ALLERG_RHINITIS	binary	rs11603178	Wald ratio	0.506950773039745	0.336155082044934	0.1315325178644	asthma_gwama	ALLERG_RHINITIS	489568
Asthma	Allergic rhinitis	ALLERG_RHINITIS	binary	rs11629680	Wald ratio	0.0631801889866406	0.335186271315304	0.850490382080489	asthma_gwama	ALLERG_RHINITIS	489568
Asthma	Allergic rhinitis	ALLERG_RHINITIS	binary	rs11643304	Wald ratio	0.565523516899078	0.370215079177499	0.126623315686311	asthma_gwama	ALLERG_RHINITIS	489568
Asthma	Allergic rhinitis	ALLERG_RHINITIS	binary	rs11647496	Wald ratio	0.999551393883291	0.412123046249154	0.0152927384714191	asthma_gwama	ALLERG_RHINITIS	489568
Asthma	Allergic rhinitis	ALLERG_RHINITIS	binary	rs11652371	Wald ratio	0.0197888703791845	0.479950023798191	0.967111655626683	asthma_gwama	ALLERG_RHINITIS	489568
Asthma	Allergic rhinitis	ALLERG_RHINITIS	binary	rs116581033	Wald ratio	-6.28798453267943	10.457323399038	0.547640446030709	asthma_gwama	ALLERG_RHINITIS	489568
Asthma	Allergic rhinitis	ALLERG_RHINITIS	binary	rs116589735	Wald ratio	10.241226403142	2.81818066641328	0.000279077042436181	asthma_gwama	ALLERG_RHINITIS	489568
Asthma	Allergic rhinitis	ALLERG_RHINITIS	binary	rs11663959	Wald ratio	0.527544344390202	0.470511517372693	0.262196561223957	asthma_gwama	ALLERG_RHINITIS	489568
Asthma	Allergic rhinitis	ALLERG_RHINITIS	binary	rs11666329	Wald ratio	3.54654798089449	2.61070343030829	0.174316333574296	asthma_gwama	ALLERG_RHINITIS	489568
Asthma	Allergic rhinitis	ALLERG_RHINITIS	binary	rs11672343	Wald ratio	0.379834547662417	0.437359593199757	0.385136010358943	asthma_gwama	ALLERG_RHINITIS	489568
Asthma	Allergic rhinitis	ALLERG_RHINITIS	binary	rs11684846	Wald ratio	7.93567350717482	3.69242400864064	0.0316203556008348	asthma_gwama	ALLERG_RHINITIS	489568
Asthma	Allergic rhinitis	ALLERG_RHINITIS	binary	rs116863868	Wald ratio	-0.589456894440363	3.57941464609356	0.869196103706477	asthma_gwama	ALLERG_RHINITIS	489568
Asthma	Allergic rhinitis	ALLERG_RHINITIS	binary	rs11688802	Wald ratio	1.8142222952976	1.78037652088129	0.308198001284828	asthma_gwama	ALLERG_RHINITIS	489568
Asthma	Allergic rhinitis	ALLERG_RHINITIS	binary	rs11692304	Wald ratio	3.9760900140647	2.75874355368026	0.149508860153645	asthma_gwama	ALLERG_RHINITIS	489568
Asthma	Allergic rhinitis	ALLERG_RHINITIS	binary	rs116949439	Wald ratio	0.00370000505050505	0.0143567171717172	0.796623445026617	asthma_gwama	ALLERG_RHINITIS	489568
Asthma	Allergic rhinitis	ALLERG_RHINITIS	binary	rs11699259	Wald ratio	5.90765342960289	2.85039711191336	0.0382121230129263	asthma_gwama	ALLERG_RHINITIS	489568
Asthma	Allergic rhinitis	ALLERG_RHINITIS	binary	rs117010001	Wald ratio	0.0150152713178295	0.0188468992248062	0.425626926635426	asthma_gwama	ALLERG_RHINITIS	489568
Asthma	Allergic rhinitis	ALLERG_RHINITIS	binary	rs117051189	Wald ratio	0.811773659827929	0.51726891683212	0.116567449902516	asthma_gwama	ALLERG_RHINITIS	489568
Asthma	Allergic rhinitis	ALLERG_RHINITIS	binary	rs11709566	Wald ratio	7.42634247522471	2.80251209956211	0.00805185183838588	asthma_gwama	ALLERG_RHINITIS	489568
Asthma	Allergic rhinitis	ALLERG_RHINITIS	binary	rs117097909	Wald ratio	4.38304915333961	0.989722483537159	9.48626626931411e-06	asthma_gwama	ALLERG_RHINITIS	489568
Asthma	Allergic rhinitis	ALLERG_RHINITIS	binary	rs11716980	Wald ratio	1.82302446760308	2.66524694154961	0.493976217837283	asthma_gwama	ALLERG_RHINITIS	489568
Asthma	Allergic rhinitis	ALLERG_RHINITIS	binary	rs117185005	Wald ratio	1.72813846490908	2.77476812970131	0.533412909105495	asthma_gwama	ALLERG_RHINITIS	489568
Asthma	Allergic rhinitis	ALLERG_RHINITIS	binary	rs117320438	Wald ratio	0.000534744186046512	0.00750852257181943	0.943224019968821	asthma_gwama	ALLERG_RHINITIS	489568
Asthma	Allergic rhinitis	ALLERG_RHINITIS	binary	rs117378200	Wald ratio	4.60981059799958	3.51235014542101	0.189365787388443	asthma_gwama	ALLERG_RHINITIS	489568
Asthma	Allergic rhinitis	ALLERG_RHINITIS	binary	rs117402700	Wald ratio	0.0221615873015873	0.0182909523809524	0.225659893971762	asthma_gwama	ALLERG_RHINITIS	489568
Asthma	Allergic rhinitis	ALLERG_RHINITIS	binary	rs117552144	Wald ratio	-0.870786806390655	3.2486342552826	0.788663108002101	asthma_gwama	ALLERG_RHINITIS	489568
Asthma	Allergic rhinitis	ALLERG_RHINITIS	binary	rs117675359	Wald ratio	1.10599418040737	2.67458777885548	0.679226044241203	asthma_gwama	ALLERG_RHINITIS	489568
Asthma	Allergic rhinitis	ALLERG_RHINITIS	binary	rs117683492	Wald ratio	0.737385727277079	1.95878523907529	0.706581991801312	asthma_gwama	ALLERG_RHINITIS	489568
Asthma	Allergic rhinitis	ALLERG_RHINITIS	binary	rs117710327	Wald ratio	4.482323344023	1.08943381621143	3.88254448047961e-05	asthma_gwama	ALLERG_RHINITIS	489568
Asthma	Allergic rhinitis	ALLERG_RHINITIS	binary	rs117856230	Wald ratio	0.030942774566474	0.034882774566474	0.375051836803024	asthma_gwama	ALLERG_RHINITIS	489568
Asthma	Allergic rhinitis	ALLERG_RHINITIS	binary	rs117971857	Wald ratio	0.000577313186813187	0.00529162087912088	0.913123572258156	asthma_gwama	ALLERG_RHINITIS	489568
Asthma	Allergic rhinitis	ALLERG_RHINITIS	binary	rs118023715	Wald ratio	0.0305891428571429	0.0344841142857143	0.375051836803024	asthma_gwama	ALLERG_RHINITIS	489568
Asthma	Allergic rhinitis	ALLERG_RHINITIS	binary	rs11802525	Wald ratio	0.829749418901298	0.438715346674982	0.0585821545727059	asthma_gwama	ALLERG_RHINITIS	489568
Asthma	Allergic rhinitis	ALLERG_RHINITIS	binary	rs11804609	Wald ratio	4.42261532873229	2.1657028695968	0.0411400789139248	asthma_gwama	ALLERG_RHINITIS	489568
Asthma	Allergic rhinitis	ALLERG_RHINITIS	binary	rs11809494	Wald ratio	7.64766269477544	2.64887717690193	0.00388768929620504	asthma_gwama	ALLERG_RHINITIS	489568
Asthma	Allergic rhinitis	ALLERG_RHINITIS	binary	rs11870777	Wald ratio	1.19192292511393	0.465154831533245	0.0103944964311068	asthma_gwama	ALLERG_RHINITIS	489568
Asthma	Allergic rhinitis	ALLERG_RHINITIS	binary	rs1190978	Wald ratio	0.824540235724446	0.461577931314773	0.0740424312890443	asthma_gwama	ALLERG_RHINITIS	489568
Asthma	Allergic rhinitis	ALLERG_RHINITIS	binary	rs11964507	Wald ratio	-1.4298123053615	2.32711892938305	0.538942395561373	asthma_gwama	ALLERG_RHINITIS	489568
Asthma	Allergic rhinitis	ALLERG_RHINITIS	binary	rs12077197	Wald ratio	6.73533904188845	2.74422587364036	0.0141132630013645	asthma_gwama	ALLERG_RHINITIS	489568
Asthma	Allergic rhinitis	ALLERG_RHINITIS	binary	rs12098541	Wald ratio	-0.352814360322852	0.422851612431978	0.404072969490225	asthma_gwama	ALLERG_RHINITIS	489568
Asthma	Allergic rhinitis	ALLERG_RHINITIS	binary	rs12123821	Wald ratio	3.44679771718453	1.31624694265785	0.00882769645860626	asthma_gwama	ALLERG_RHINITIS	489568
Asthma	Allergic rhinitis	ALLERG_RHINITIS	binary	rs12148282	Wald ratio	11.0889190236343	6.21755133669121	0.0745071396603461	asthma_gwama	ALLERG_RHINITIS	489568
Asthma	Allergic rhinitis	ALLERG_RHINITIS	binary	rs12212737	Wald ratio	0.787955383509035	0.207327447710268	0.000144383566593975	asthma_gwama	ALLERG_RHINITIS	489568
Asthma	Allergic rhinitis	ALLERG_RHINITIS	binary	rs12253380	Wald ratio	4.60016780005299	1.96925726397598	0.0194916959232361	asthma_gwama	ALLERG_RHINITIS	489568
Asthma	Allergic rhinitis	ALLERG_RHINITIS	binary	rs12303699	Wald ratio	0.831792592592593	2.5269417989418	0.742027448119665	asthma_gwama	ALLERG_RHINITIS	489568
Asthma	Allergic rhinitis	ALLERG_RHINITIS	binary	rs1238556	Wald ratio	1.54911275026344	2.64052687038988	0.557426669671466	asthma_gwama	ALLERG_RHINITIS	489568
Asthma	Allergic rhinitis	ALLERG_RHINITIS	binary	rs12419600	Wald ratio	0.630261765524923	0.735445094217024	0.391455916323236	asthma_gwama	ALLERG_RHINITIS	489568
Asthma	Allergic rhinitis	ALLERG_RHINITIS	binary	rs12434251	Wald ratio	0.0971856084815219	0.435008834918606	0.823215912857852	asthma_gwama	ALLERG_RHINITIS	489568
Asthma	Allergic rhinitis	ALLERG_RHINITIS	binary	rs12446418	Wald ratio	0.652369293547564	2.27996684519255	0.774777755450451	asthma_gwama	ALLERG_RHINITIS	489568
Asthma	Allergic rhinitis	ALLERG_RHINITIS	binary	rs12462901	Wald ratio	0.821417797888386	0.395048729550992	0.0375914187104976	asthma_gwama	ALLERG_RHINITIS	489568
Asthma	Allergic rhinitis	ALLERG_RHINITIS	binary	rs12467817	Wald ratio	-0.158811440787546	0.388552316259504	0.682740738297163	asthma_gwama	ALLERG_RHINITIS	489568
Asthma	Allergic rhinitis	ALLERG_RHINITIS	binary	rs12470864	Wald ratio	2.94759269905145	0.874331704512791	0.000748273168592171	asthma_gwama	ALLERG_RHINITIS	489568
Asthma	Allergic rhinitis	ALLERG_RHINITIS	binary	rs12482736	Wald ratio	1.05666848972576	0.469786702086101	0.0244964934548423	asthma_gwama	ALLERG_RHINITIS	489568
Asthma	Allergic rhinitis	ALLERG_RHINITIS	binary	rs12539003	Wald ratio	3.31194223592406	2.32041213694629	0.153491206516221	asthma_gwama	ALLERG_RHINITIS	489568
Asthma	Allergic rhinitis	ALLERG_RHINITIS	binary	rs12595715	Wald ratio	7.18881250588568	2.51630096995951	0.00427804737410684	asthma_gwama	ALLERG_RHINITIS	489568
Asthma	Allergic rhinitis	ALLERG_RHINITIS	binary	rs12596491	Wald ratio	0.692647203140334	3.03976938174681	0.8197537113425	asthma_gwama	ALLERG_RHINITIS	489568
Asthma	Allergic rhinitis	ALLERG_RHINITIS	binary	rs12611017	Wald ratio	-0.311701262572223	3.03943933233469	0.918318362730463	asthma_gwama	ALLERG_RHINITIS	489568
Asthma	Allergic rhinitis	ALLERG_RHINITIS	binary	rs12638043	Wald ratio	0.82956577073422	0.363713220811491	0.022558875390713	asthma_gwama	ALLERG_RHINITIS	489568
Asthma	Allergic rhinitis	ALLERG_RHINITIS	binary	rs12653071	Wald ratio	-0.413063104844943	0.463976749219306	0.37332263307878	asthma_gwama	ALLERG_RHINITIS	489568
Asthma	Allergic rhinitis	ALLERG_RHINITIS	binary	rs1265764	Wald ratio	7.42004541881387	2.770713599441	0.00740572810007012	asthma_gwama	ALLERG_RHINITIS	489568
Asthma	Allergic rhinitis	ALLERG_RHINITIS	binary	rs12661996	Wald ratio	0.633218149038462	0.456941105769231	0.165815225269948	asthma_gwama	ALLERG_RHINITIS	489568
Asthma	Allergic rhinitis	ALLERG_RHINITIS	binary	rs12718488	Wald ratio	9.76186116197769	1.95486931912768	5.92600367718315e-07	asthma_gwama	ALLERG_RHINITIS	489568
Asthma	Allergic rhinitis	ALLERG_RHINITIS	binary	rs12722502	Wald ratio	-3.29535468783219	3.23585500673234	0.308493781909466	asthma_gwama	ALLERG_RHINITIS	489568
Asthma	Allergic rhinitis	ALLERG_RHINITIS	binary	rs12817660	Wald ratio	0.372064561077566	0.452453940238427	0.410891480781301	asthma_gwama	ALLERG_RHINITIS	489568
Asthma	Allergic rhinitis	ALLERG_RHINITIS	binary	rs12906125	Wald ratio	0.197594997103227	0.442807483897352	0.65542946134457	asthma_gwama	ALLERG_RHINITIS	489568
Asthma	Allergic rhinitis	ALLERG_RHINITIS	binary	rs12936466	Wald ratio	0.488553242660474	0.278091308674739	0.0789504142104702	asthma_gwama	ALLERG_RHINITIS	489568
Asthma	Allergic rhinitis	ALLERG_RHINITIS	binary	rs12953110	Wald ratio	4.04275216138329	2.71112391930836	0.135916334746997	asthma_gwama	ALLERG_RHINITIS	489568
Asthma	Allergic rhinitis	ALLERG_RHINITIS	binary	rs12964116	Wald ratio	0.275914651493599	3.26162873399716	0.932584064372598	asthma_gwama	ALLERG_RHINITIS	489568
Asthma	Allergic rhinitis	ALLERG_RHINITIS	binary	rs12965763	Wald ratio	0.89463137245164	0.378458444041618	0.0180845370321329	asthma_gwama	ALLERG_RHINITIS	489568
Asthma	Allergic rhinitis	ALLERG_RHINITIS	binary	rs13000664	Wald ratio	0.214715565897614	0.389741558570155	0.581690017955094	asthma_gwama	ALLERG_RHINITIS	489568
Asthma	Allergic rhinitis	ALLERG_RHINITIS	binary	rs13049055	Wald ratio	0.649184694575429	0.428119938087182	0.129427907718583	asthma_gwama	ALLERG_RHINITIS	489568
Asthma	Allergic rhinitis	ALLERG_RHINITIS	binary	rs13087727	Wald ratio	0.931535311971644	0.290234462528773	0.00132921744025684	asthma_gwama	ALLERG_RHINITIS	489568
Asthma	Allergic rhinitis	ALLERG_RHINITIS	binary	rs13104716	Wald ratio	0.108918879855465	0.418037940379404	0.79444122286016	asthma_gwama	ALLERG_RHINITIS	489568
Asthma	Allergic rhinitis	ALLERG_RHINITIS	binary	rs13149287	Wald ratio	4.74330051369863	3.15869006849315	0.133183140753011	asthma_gwama	ALLERG_RHINITIS	489568
Asthma	Allergic rhinitis	ALLERG_RHINITIS	binary	rs13290954	Wald ratio	0.255334287349742	0.437624499141385	0.559586910881181	asthma_gwama	ALLERG_RHINITIS	489568
Asthma	Allergic rhinitis	ALLERG_RHINITIS	binary	rs13382528	Wald ratio	0.472911516127178	0.372790777899155	0.204594164404824	asthma_gwama	ALLERG_RHINITIS	489568
Asthma	Allergic rhinitis	ALLERG_RHINITIS	binary	rs13421997	Wald ratio	3.80161768056505	2.74171793119162	0.165569154659656	asthma_gwama	ALLERG_RHINITIS	489568
Asthma	Allergic rhinitis	ALLERG_RHINITIS	binary	rs1363105	Wald ratio	1.40297270203578	0.444073874151758	0.00158136248447706	asthma_gwama	ALLERG_RHINITIS	489568
Asthma	Allergic rhinitis	ALLERG_RHINITIS	binary	rs137926256	Wald ratio	0.0163425584255843	0.0140739237392374	0.245562938462214	asthma_gwama	ALLERG_RHINITIS	489568
Asthma	Allergic rhinitis	ALLERG_RHINITIS	binary	rs138012443	Wald ratio	0.888735793243033	0.30762364419534	0.00386424788867157	asthma_gwama	ALLERG_RHINITIS	489568
Asthma	Allergic rhinitis	ALLERG_RHINITIS	binary	rs138026135	Wald ratio	-0.468721917943	0.442589616608179	0.289579700469541	asthma_gwama	ALLERG_RHINITIS	489568
Asthma	Allergic rhinitis	ALLERG_RHINITIS	binary	rs138121471	Wald ratio	0.00473573170731707	0.00941146341463415	0.614832380623292	asthma_gwama	ALLERG_RHINITIS	489568
Asthma	Allergic rhinitis	ALLERG_RHINITIS	binary	rs138327512	Wald ratio	-0.0233310891089109	0.0590130693069307	0.692581200783872	asthma_gwama	ALLERG_RHINITIS	489568
Asthma	Allergic rhinitis	ALLERG_RHINITIS	binary	rs138417339	Wald ratio	0.00778054263565892	0.00451000775193798	0.0844963386060656	asthma_gwama	ALLERG_RHINITIS	489568
Asthma	Allergic rhinitis	ALLERG_RHINITIS	binary	rs138450506	Wald ratio	0.0254445482866044	0.0252860851505711	0.314287240731342	asthma_gwama	ALLERG_RHINITIS	489568
Asthma	Allergic rhinitis	ALLERG_RHINITIS	binary	rs138453626	Wald ratio	-0.00134911764705882	0.00353992156862745	0.703117825591596	asthma_gwama	ALLERG_RHINITIS	489568
Asthma	Allergic rhinitis	ALLERG_RHINITIS	binary	rs138542223	Wald ratio	0.00223097826086957	0.00277353416149068	0.421176954420934	asthma_gwama	ALLERG_RHINITIS	489568
Asthma	Allergic rhinitis	ALLERG_RHINITIS	binary	rs138700582	Wald ratio	0.000673077450980392	0.00804546078431373	0.933327333997312	asthma_gwama	ALLERG_RHINITIS	489568
Asthma	Allergic rhinitis	ALLERG_RHINITIS	binary	rs139170956	Wald ratio	12.096260486279	6.24281956490829	0.0526686532201908	asthma_gwama	ALLERG_RHINITIS	489568
Asthma	Allergic rhinitis	ALLERG_RHINITIS	binary	rs139450603	Wald ratio	0.00601941592920354	0.00445261946902655	0.176413079834794	asthma_gwama	ALLERG_RHINITIS	489568
Asthma	Allergic rhinitis	ALLERG_RHINITIS	binary	rs139671781	Wald ratio	1.05621473614338	0.264548415200797	6.53749239994139e-05	asthma_gwama	ALLERG_RHINITIS	489568
Asthma	Allergic rhinitis	ALLERG_RHINITIS	binary	rs139689471	Wald ratio	-0.0001004375	0.00929199728260869	0.991375807839239	asthma_gwama	ALLERG_RHINITIS	489568
Asthma	Allergic rhinitis	ALLERG_RHINITIS	binary	rs141267412	Wald ratio	0.0116175	0.00516325	0.0244466401954438	asthma_gwama	ALLERG_RHINITIS	489568
Asthma	Allergic rhinitis	ALLERG_RHINITIS	binary	rs141343442	Wald ratio	4.90448363473322	1.68864145867583	0.00367962332955602	asthma_gwama	ALLERG_RHINITIS	489568
Asthma	Allergic rhinitis	ALLERG_RHINITIS	binary	rs141405779	Wald ratio	1.31688906882591	0.276490688259109	1.90859269425441e-06	asthma_gwama	ALLERG_RHINITIS	489568
Asthma	Allergic rhinitis	ALLERG_RHINITIS	binary	rs141441459	Wald ratio	0.0304153409090909	0.0342881818181818	0.375051836803024	asthma_gwama	ALLERG_RHINITIS	489568
Asthma	Allergic rhinitis	ALLERG_RHINITIS	binary	rs1420466	Wald ratio	1.80029197080292	2.4254093509568	0.457927917355831	asthma_gwama	ALLERG_RHINITIS	489568
Asthma	Allergic rhinitis	ALLERG_RHINITIS	binary	rs142102013	Wald ratio	0.223699660495564	0.417736762140566	0.592301469448571	asthma_gwama	ALLERG_RHINITIS	489568
Asthma	Allergic rhinitis	ALLERG_RHINITIS	binary	rs142757787	Wald ratio	-0.0388564516129032	0.0503173835125448	0.439979880991101	asthma_gwama	ALLERG_RHINITIS	489568
Asthma	Allergic rhinitis	ALLERG_RHINITIS	binary	rs142828423	Wald ratio	0.064315785123967	0.0435031404958678	0.139296181557323	asthma_gwama	ALLERG_RHINITIS	489568
Asthma	Allergic rhinitis	ALLERG_RHINITIS	binary	rs142833331	Wald ratio	-0.00563663793103448	0.00376715517241379	0.134586306312472	asthma_gwama	ALLERG_RHINITIS	489568
Asthma	Allergic rhinitis	ALLERG_RHINITIS	binary	rs142849353	Wald ratio	0.0130042380952381	0.0128630952380952	0.312029497293105	asthma_gwama	ALLERG_RHINITIS	489568
Asthma	Allergic rhinitis	ALLERG_RHINITIS	binary	rs142974104	Wald ratio	-0.00339617361111111	0.0169344444444444	0.841051807262143	asthma_gwama	ALLERG_RHINITIS	489568
Asthma	Allergic rhinitis	ALLERG_RHINITIS	binary	rs143122977	Wald ratio	0.01085078125	0.00860333333333333	0.207226028534243	asthma_gwama	ALLERG_RHINITIS	489568
Asthma	Allergic rhinitis	ALLERG_RHINITIS	binary	rs143253231	Wald ratio	0.0749186069952626	0.297510331619796	0.801181353058971	asthma_gwama	ALLERG_RHINITIS	489568
Asthma	Allergic rhinitis	ALLERG_RHINITIS	binary	rs143628759	Wald ratio	0.372184344641954	0.51989096722185	0.474059748635577	asthma_gwama	ALLERG_RHINITIS	489568
Asthma	Allergic rhinitis	ALLERG_RHINITIS	binary	rs143857279	Wald ratio	-0.00319502459016393	0.00776175409836066	0.680605562744923	asthma_gwama	ALLERG_RHINITIS	489568
Asthma	Allergic rhinitis	ALLERG_RHINITIS	binary	rs144044754	Wald ratio	0.00207248178137652	0.0107216599190283	0.846725127851581	asthma_gwama	ALLERG_RHINITIS	489568
Asthma	Allergic rhinitis	ALLERG_RHINITIS	binary	rs144301783	Wald ratio	0.754035247645093	0.350957155879672	0.031673197575702	asthma_gwama	ALLERG_RHINITIS	489568
Asthma	Allergic rhinitis	ALLERG_RHINITIS	binary	rs144532877	Wald ratio	0.00300159550561798	0.011216404494382	0.789001351615989	asthma_gwama	ALLERG_RHINITIS	489568
Asthma	Allergic rhinitis	ALLERG_RHINITIS	binary	rs144666843	Wald ratio	4.25287279529663	2.36046566007483	0.0715911632471755	asthma_gwama	ALLERG_RHINITIS	489568
Asthma	Allergic rhinitis	ALLERG_RHINITIS	binary	rs144989638	Wald ratio	-0.0105471466666667	0.0200226666666667	0.598360028612406	asthma_gwama	ALLERG_RHINITIS	489568
Asthma	Allergic rhinitis	ALLERG_RHINITIS	binary	rs145081654	Wald ratio	-0.00629783505154639	0.00584360824742268	0.281154026811904	asthma_gwama	ALLERG_RHINITIS	489568
Asthma	Allergic rhinitis	ALLERG_RHINITIS	binary	rs145167319	Wald ratio	0.388367579359351	0.380124472675361	0.306929878903096	asthma_gwama	ALLERG_RHINITIS	489568
Asthma	Allergic rhinitis	ALLERG_RHINITIS	binary	rs145237994	Wald ratio	3.02560588942746	5.76832246073108	0.599916262888595	asthma_gwama	ALLERG_RHINITIS	489568
Asthma	Allergic rhinitis	ALLERG_RHINITIS	binary	rs145781990	Wald ratio	0.000525839762611276	0.0161292581602374	0.973992286983896	asthma_gwama	ALLERG_RHINITIS	489568
Asthma	Allergic rhinitis	ALLERG_RHINITIS	binary	rs146763133	Wald ratio	-0.0158237128712871	0.0135340099009901	0.242330546648944	asthma_gwama	ALLERG_RHINITIS	489568
Asthma	Allergic rhinitis	ALLERG_RHINITIS	binary	rs146806896	Wald ratio	0.00536793243243243	0.00446488513513514	0.229264576405694	asthma_gwama	ALLERG_RHINITIS	489568
Asthma	Allergic rhinitis	ALLERG_RHINITIS	binary	rs146983365	Wald ratio	0.0304153409090909	0.0342881818181818	0.375051836803024	asthma_gwama	ALLERG_RHINITIS	489568
Asthma	Allergic rhinitis	ALLERG_RHINITIS	binary	rs147200296	Wald ratio	-0.00967702564102564	0.0102633333333333	0.345745580133604	asthma_gwama	ALLERG_RHINITIS	489568
Asthma	Allergic rhinitis	ALLERG_RHINITIS	binary	rs1474011	Wald ratio	4.02634849614715	2.88647775292071	0.163045926232262	asthma_gwama	ALLERG_RHINITIS	489568
Asthma	Allergic rhinitis	ALLERG_RHINITIS	binary	rs147471705	Wald ratio	0.164517042598116	0.297622079967825	0.580419796517437	asthma_gwama	ALLERG_RHINITIS	489568
Asthma	Allergic rhinitis	ALLERG_RHINITIS	binary	rs147739507	Wald ratio	1.07135640893175	0.214727914585845	6.05774089105747e-07	asthma_gwama	ALLERG_RHINITIS	489568
Asthma	Allergic rhinitis	ALLERG_RHINITIS	binary	rs147793459	Wald ratio	8.88841807909605	3.09992055084746	0.00413983671917688	asthma_gwama	ALLERG_RHINITIS	489568
Asthma	Allergic rhinitis	ALLERG_RHINITIS	binary	rs148083049	Wald ratio	0.51025247212287	1.53050003506557	0.738840371541944	asthma_gwama	ALLERG_RHINITIS	489568
Asthma	Allergic rhinitis	ALLERG_RHINITIS	binary	rs148238614	Wald ratio	0.00568290178571429	0.00549258035714286	0.300832095096099	asthma_gwama	ALLERG_RHINITIS	489568
Asthma	Allergic rhinitis	ALLERG_RHINITIS	binary	rs148673593	Wald ratio	0.206106425702811	0.361192771084337	0.568252365203106	asthma_gwama	ALLERG_RHINITIS	489568
Asthma	Allergic rhinitis	ALLERG_RHINITIS	binary	rs149064226	Wald ratio	0.228902121324898	0.437519272688607	0.600847744349299	asthma_gwama	ALLERG_RHINITIS	489568
Asthma	Allergic rhinitis	ALLERG_RHINITIS	binary	rs149096812	Wald ratio	5.99931960279515	3.7263025622165	0.107399468734328	asthma_gwama	ALLERG_RHINITIS	489568
Asthma	Allergic rhinitis	ALLERG_RHINITIS	binary	rs150059260	Wald ratio	0.041727898089172	0.0155658598726115	0.00734613310222254	asthma_gwama	ALLERG_RHINITIS	489568
Asthma	Allergic rhinitis	ALLERG_RHINITIS	binary	rs150597587	Wald ratio	5.04176374412426	2.49715920703045	0.0434872484282663	asthma_gwama	ALLERG_RHINITIS	489568
Asthma	Allergic rhinitis	ALLERG_RHINITIS	binary	rs150786584	Wald ratio	4.91980352105826	3.2197840676977	0.126514584086356	asthma_gwama	ALLERG_RHINITIS	489568
Asthma	Allergic rhinitis	ALLERG_RHINITIS	binary	rs150788669	Wald ratio	0.252121730965729	0.340926790201872	0.459592099039447	asthma_gwama	ALLERG_RHINITIS	489568
Asthma	Allergic rhinitis	ALLERG_RHINITIS	binary	rs151158980	Wald ratio	-1.08516601345855	4.29557050950233	0.800558456654614	asthma_gwama	ALLERG_RHINITIS	489568
Asthma	Allergic rhinitis	ALLERG_RHINITIS	binary	rs151220143	Wald ratio	0.00599082872928177	0.00906220994475138	0.508562215070067	asthma_gwama	ALLERG_RHINITIS	489568
Asthma	Allergic rhinitis	ALLERG_RHINITIS	binary	rs151288460	Wald ratio	6.78147621509824	3.50681876938987	0.053138070781676	asthma_gwama	ALLERG_RHINITIS	489568
Asthma	Allergic rhinitis	ALLERG_RHINITIS	binary	rs151328686	Wald ratio	3.75881201734899	2.45880672802285	0.126335385423288	asthma_gwama	ALLERG_RHINITIS	489568
Asthma	Allergic rhinitis	ALLERG_RHINITIS	binary	rs1553754	Wald ratio	6.40817466887417	2.42102649006623	0.00812373740214982	asthma_gwama	ALLERG_RHINITIS	489568
Asthma	Allergic rhinitis	ALLERG_RHINITIS	binary	rs1617988	Wald ratio	0.772205417414338	0.22789712039648	0.000703029918798147	asthma_gwama	ALLERG_RHINITIS	489568
Asthma	Allergic rhinitis	ALLERG_RHINITIS	binary	rs1627507	Wald ratio	0.217749838323126	0.445999923916765	0.625388056052853	asthma_gwama	ALLERG_RHINITIS	489568
Asthma	Allergic rhinitis	ALLERG_RHINITIS	binary	rs163093	Wald ratio	-0.341886754365306	0.436073074723278	0.433032758379899	asthma_gwama	ALLERG_RHINITIS	489568
Asthma	Allergic rhinitis	ALLERG_RHINITIS	binary	rs1644005	Wald ratio	0.160401262398557	0.440791253381425	0.715937216013426	asthma_gwama	ALLERG_RHINITIS	489568
Asthma	Allergic rhinitis	ALLERG_RHINITIS	binary	rs1663671	Wald ratio	8.49453427065027	2.09117750439367	4.86370082127441e-05	asthma_gwama	ALLERG_RHINITIS	489568
Asthma	Allergic rhinitis	ALLERG_RHINITIS	binary	rs1684466	Wald ratio	5.72905221853305	1.79661937820706	0.00142866788821561	asthma_gwama	ALLERG_RHINITIS	489568
Asthma	Allergic rhinitis	ALLERG_RHINITIS	binary	rs16924144	Wald ratio	3.31645305514158	1.81895678092399	0.068262197633336	asthma_gwama	ALLERG_RHINITIS	489568
Asthma	Allergic rhinitis	ALLERG_RHINITIS	binary	rs1705333	Wald ratio	3.69454306377383	1.90542406311637	0.0525060797505387	asthma_gwama	ALLERG_RHINITIS	489568
Asthma	Allergic rhinitis	ALLERG_RHINITIS	binary	rs17057868	Wald ratio	8.40567175428679	2.64055021669493	0.00145605094466784	asthma_gwama	ALLERG_RHINITIS	489568
Asthma	Allergic rhinitis	ALLERG_RHINITIS	binary	rs17098678	Wald ratio	-2.18361809045226	3.09212060301508	0.480071307111404	asthma_gwama	ALLERG_RHINITIS	489568
Asthma	Allergic rhinitis	ALLERG_RHINITIS	binary	rs17168863	Wald ratio	0.00237610884353742	0.0173540816326531	0.891094577198494	asthma_gwama	ALLERG_RHINITIS	489568
Asthma	Allergic rhinitis	ALLERG_RHINITIS	binary	rs17181428	Wald ratio	1.39095088819227	3.20175548589342	0.663973438155165	asthma_gwama	ALLERG_RHINITIS	489568
Asthma	Allergic rhinitis	ALLERG_RHINITIS	binary	rs17204454	Wald ratio	4.70168208578638	2.45138772077376	0.0551151266813475	asthma_gwama	ALLERG_RHINITIS	489568
Asthma	Allergic rhinitis	ALLERG_RHINITIS	binary	rs17445108	Wald ratio	7.76835753017317	3.05969914290712	0.0111192526823637	asthma_gwama	ALLERG_RHINITIS	489568
Asthma	Allergic rhinitis	ALLERG_RHINITIS	binary	rs174551	Wald ratio	0.93735210242097	0.23693141597395	7.61459886937638e-05	asthma_gwama	ALLERG_RHINITIS	489568
Asthma	Allergic rhinitis	ALLERG_RHINITIS	binary	rs17547610	Wald ratio	6.50415383086555	1.54392328331511	2.52286741362173e-05	asthma_gwama	ALLERG_RHINITIS	489568
Asthma	Allergic rhinitis	ALLERG_RHINITIS	binary	rs17772583	Wald ratio	6.21753898409758	2.1463177396943	0.00376941998798999	asthma_gwama	ALLERG_RHINITIS	489568
Asthma	Allergic rhinitis	ALLERG_RHINITIS	binary	rs1779773	Wald ratio	-0.0516259467743362	0.348636939671687	0.882280111308137	asthma_gwama	ALLERG_RHINITIS	489568
Asthma	Allergic rhinitis	ALLERG_RHINITIS	binary	rs1787663	Wald ratio	3.29129713066161	3.93815508655442	0.403297843964219	asthma_gwama	ALLERG_RHINITIS	489568
Asthma	Allergic rhinitis	ALLERG_RHINITIS	binary	rs179768	Wald ratio	7.32577939835916	2.1273290793072	0.000573915526119906	asthma_gwama	ALLERG_RHINITIS	489568
Asthma	Allergic rhinitis	ALLERG_RHINITIS	binary	rs1799595	Wald ratio	-2.88471512052593	2.90889335281227	0.321349664519893	asthma_gwama	ALLERG_RHINITIS	489568
Asthma	Allergic rhinitis	ALLERG_RHINITIS	binary	rs1800440	Wald ratio	4.70350752878654	2.87149689991143	0.101422012939653	asthma_gwama	ALLERG_RHINITIS	489568
Asthma	Allergic rhinitis	ALLERG_RHINITIS	binary	rs181104005	Wald ratio	1.988456e-05	0.003133356	0.99493658654461	asthma_gwama	ALLERG_RHINITIS	489568
Asthma	Allergic rhinitis	ALLERG_RHINITIS	binary	rs182417546	Wald ratio	0.00938627306273063	0.0113322140221402	0.407510606033204	asthma_gwama	ALLERG_RHINITIS	489568
Asthma	Allergic rhinitis	ALLERG_RHINITIS	binary	rs183861049	Wald ratio	0.0013935325443787	0.00293744970414201	0.635213138521492	asthma_gwama	ALLERG_RHINITIS	489568
Asthma	Allergic rhinitis	ALLERG_RHINITIS	binary	rs183886834	Wald ratio	-0.0119697142857143	0.011811619047619	0.310876434025925	asthma_gwama	ALLERG_RHINITIS	489568
Asthma	Allergic rhinitis	ALLERG_RHINITIS	binary	rs184163934	Wald ratio	5.77491455541692	5.666033743829	0.308100239046326	asthma_gwama	ALLERG_RHINITIS	489568
Asthma	Allergic rhinitis	ALLERG_RHINITIS	binary	rs184289015	Wald ratio	-0.0182656060606061	0.0173060606060606	0.29122156270555	asthma_gwama	ALLERG_RHINITIS	489568
Asthma	Allergic rhinitis	ALLERG_RHINITIS	binary	rs184482331	Wald ratio	1.15069793078791	0.379048668940963	0.00239936257635158	asthma_gwama	ALLERG_RHINITIS	489568
Asthma	Allergic rhinitis	ALLERG_RHINITIS	binary	rs184739995	Wald ratio	-0.00151515584415584	0.0143332467532468	0.915813091976374	asthma_gwama	ALLERG_RHINITIS	489568
Asthma	Allergic rhinitis	ALLERG_RHINITIS	binary	rs186399184	Wald ratio	0.259641589624502	0.397577005652193	0.513717678832999	asthma_gwama	ALLERG_RHINITIS	489568
Asthma	Allergic rhinitis	ALLERG_RHINITIS	binary	rs186520974	Wald ratio	0.361927630109448	0.292117737572283	0.215353417501621	asthma_gwama	ALLERG_RHINITIS	489568
Asthma	Allergic rhinitis	ALLERG_RHINITIS	binary	rs187228722	Wald ratio	0.0559638888888889	0.0461547619047619	0.225310764190348	asthma_gwama	ALLERG_RHINITIS	489568
Asthma	Allergic rhinitis	ALLERG_RHINITIS	binary	rs187528027	Wald ratio	-0.0485124752475248	0.0409642574257426	0.236308768944572	asthma_gwama	ALLERG_RHINITIS	489568
Asthma	Allergic rhinitis	ALLERG_RHINITIS	binary	rs187875490	Wald ratio	-0.042691442155309	0.0194484944532488	0.0281562335429663	asthma_gwama	ALLERG_RHINITIS	489568
Asthma	Allergic rhinitis	ALLERG_RHINITIS	binary	rs187909364	Wald ratio	-0.00173583684210526	0.00244462631578947	0.4776655396244	asthma_gwama	ALLERG_RHINITIS	489568
Asthma	Allergic rhinitis	ALLERG_RHINITIS	binary	rs188248983	Wald ratio	0.00177153020134228	0.00777194630872483	0.819693609870009	asthma_gwama	ALLERG_RHINITIS	489568
Asthma	Allergic rhinitis	ALLERG_RHINITIS	binary	rs188388762	Wald ratio	-0.0278404812834225	0.0201701604278075	0.167500263549594	asthma_gwama	ALLERG_RHINITIS	489568
Asthma	Allergic rhinitis	ALLERG_RHINITIS	binary	rs188573597	Wald ratio	0.330916862141539	0.284516535783491	0.24479509277053	asthma_gwama	ALLERG_RHINITIS	489568
Asthma	Allergic rhinitis	ALLERG_RHINITIS	binary	rs188575117	Wald ratio	-22.8078757189912	7.83575045474657	0.00360567529138862	asthma_gwama	ALLERG_RHINITIS	489568
Asthma	Allergic rhinitis	ALLERG_RHINITIS	binary	rs1888072	Wald ratio	5.17876728380595	2.69660182798219	0.0547974184734538	asthma_gwama	ALLERG_RHINITIS	489568
Asthma	Allergic rhinitis	ALLERG_RHINITIS	binary	rs189099472	Wald ratio	0.476893856059606	0.591760901130814	0.420306605688867	asthma_gwama	ALLERG_RHINITIS	489568
Asthma	Allergic rhinitis	ALLERG_RHINITIS	binary	rs189321018	Wald ratio	0.0263266666666667	0.0187259523809524	0.159756196886716	asthma_gwama	ALLERG_RHINITIS	489568
Asthma	Allergic rhinitis	ALLERG_RHINITIS	binary	rs189324776	Wald ratio	0.30881342172913	0.488449465566229	0.527235237621097	asthma_gwama	ALLERG_RHINITIS	489568
Asthma	Allergic rhinitis	ALLERG_RHINITIS	binary	rs189488647	Wald ratio	-0.00558004830917874	0.00328272463768116	0.0891643690610738	asthma_gwama	ALLERG_RHINITIS	489568
Asthma	Allergic rhinitis	ALLERG_RHINITIS	binary	rs189539537	Wald ratio	-0.00684763975155279	0.0183932919254658	0.709676898697026	asthma_gwama	ALLERG_RHINITIS	489568
Asthma	Allergic rhinitis	ALLERG_RHINITIS	binary	rs190438685	Wald ratio	5.34461142857143	7.71994285714286	0.488741224694202	asthma_gwama	ALLERG_RHINITIS	489568
Asthma	Allergic rhinitis	ALLERG_RHINITIS	binary	rs191699156	Wald ratio	0.916206152016773	0.398067715993366	0.0213558263660004	asthma_gwama	ALLERG_RHINITIS	489568
Asthma	Allergic rhinitis	ALLERG_RHINITIS	binary	rs192258066	Wald ratio	0.626923356761397	0.568586021740079	0.27020059758735	asthma_gwama	ALLERG_RHINITIS	489568
Asthma	Allergic rhinitis	ALLERG_RHINITIS	binary	rs192487861	Wald ratio	-0.000138101901140684	0.00147371482889734	0.925339480823858	asthma_gwama	ALLERG_RHINITIS	489568
Asthma	Allergic rhinitis	ALLERG_RHINITIS	binary	rs192730519	Wald ratio	-0.0202776752767528	0.180819741697417	0.910709992745053	asthma_gwama	ALLERG_RHINITIS	489568
Asthma	Allergic rhinitis	ALLERG_RHINITIS	binary	rs193117554	Wald ratio	0.0138424161073826	0.0111936912751678	0.216225749059789	asthma_gwama	ALLERG_RHINITIS	489568
Asthma	Allergic rhinitis	ALLERG_RHINITIS	binary	rs193138021	Wald ratio	0.0020423	0.00452456363636364	0.651715302656564	asthma_gwama	ALLERG_RHINITIS	489568
Asthma	Allergic rhinitis	ALLERG_RHINITIS	binary	rs1946131	Wald ratio	1.94265070792585	2.58427966720187	0.452220392199808	asthma_gwama	ALLERG_RHINITIS	489568
Asthma	Allergic rhinitis	ALLERG_RHINITIS	binary	rs194676	Wald ratio	1.21721677953843	0.381001380761391	0.00139935956306818	asthma_gwama	ALLERG_RHINITIS	489568
Asthma	Allergic rhinitis	ALLERG_RHINITIS	binary	rs1963840	Wald ratio	-0.0778963741686334	0.428677680040049	0.855807840831271	asthma_gwama	ALLERG_RHINITIS	489568
Asthma	Allergic rhinitis	ALLERG_RHINITIS	binary	rs1971814	Wald ratio	-0.482466243696112	0.425872783471612	0.257261213233348	asthma_gwama	ALLERG_RHINITIS	489568
Asthma	Allergic rhinitis	ALLERG_RHINITIS	binary	rs1981551	Wald ratio	0.834640253837578	0.221867764342681	0.000168639900269388	asthma_gwama	ALLERG_RHINITIS	489568
Asthma	Allergic rhinitis	ALLERG_RHINITIS	binary	rs199805492	Wald ratio	0.9780316656674	0.365700708369418	0.00748620668625189	asthma_gwama	ALLERG_RHINITIS	489568
Asthma	Allergic rhinitis	ALLERG_RHINITIS	binary	rs200009375	Wald ratio	-0.00194340718562874	0.0132370658682635	0.883277605805573	asthma_gwama	ALLERG_RHINITIS	489568
Asthma	Allergic rhinitis	ALLERG_RHINITIS	binary	rs200305098	Wald ratio	0.395690223997222	0.410237888522313	0.334776032540073	asthma_gwama	ALLERG_RHINITIS	489568
Asthma	Allergic rhinitis	ALLERG_RHINITIS	binary	rs200410144	Wald ratio	0.0106919241385451	0.475238180037397	0.982050681242038	asthma_gwama	ALLERG_RHINITIS	489568
Asthma	Allergic rhinitis	ALLERG_RHINITIS	binary	rs200706434	Wald ratio	0.0304153409090909	0.0342881818181818	0.375051836803024	asthma_gwama	ALLERG_RHINITIS	489568
Asthma	Allergic rhinitis	ALLERG_RHINITIS	binary	rs201011002	Wald ratio	9.73216516836812	4.5524607648941	0.0325345031969612	asthma_gwama	ALLERG_RHINITIS	489568
Asthma	Allergic rhinitis	ALLERG_RHINITIS	binary	rs201519354	Wald ratio	0.218615601162368	0.372904558663277	0.557706978760054	asthma_gwama	ALLERG_RHINITIS	489568
Asthma	Allergic rhinitis	ALLERG_RHINITIS	binary	rs201782376	Wald ratio	0.0304153409090909	0.0342881818181818	0.375051836803024	asthma_gwama	ALLERG_RHINITIS	489568
Asthma	Allergic rhinitis	ALLERG_RHINITIS	binary	rs202204907	Wald ratio	0.662999892123473	0.257475072816656	0.0100238308632998	asthma_gwama	ALLERG_RHINITIS	489568
Asthma	Allergic rhinitis	ALLERG_RHINITIS	binary	rs2029745	Wald ratio	7.79743103811329	2.45217940619078	0.00147378604964185	asthma_gwama	ALLERG_RHINITIS	489568
Asthma	Allergic rhinitis	ALLERG_RHINITIS	binary	rs2032006	Wald ratio	-0.531677696167551	0.42730346883863	0.213402955929358	asthma_gwama	ALLERG_RHINITIS	489568
Asthma	Allergic rhinitis	ALLERG_RHINITIS	binary	rs204992	Wald ratio	5.16569806600597	1.53040508034254	0.000737139421432452	asthma_gwama	ALLERG_RHINITIS	489568
Asthma	Allergic rhinitis	ALLERG_RHINITIS	binary	rs2055456	Wald ratio	-0.00711437908496732	0.00760627450980392	0.34961810027194	asthma_gwama	ALLERG_RHINITIS	489568
Asthma	Allergic rhinitis	ALLERG_RHINITIS	binary	rs2066844	Wald ratio	2.14873613384252	3.88617021276596	0.58031909039683	asthma_gwama	ALLERG_RHINITIS	489568
Asthma	Allergic rhinitis	ALLERG_RHINITIS	binary	rs2070901	Wald ratio	9.51283103319657	2.3742446848191	6.15790416756499e-05	asthma_gwama	ALLERG_RHINITIS	489568
Asthma	Allergic rhinitis	ALLERG_RHINITIS	binary	rs2087630	Wald ratio	-0.00760058823529412	0.0135967873303167	0.576162517377494	asthma_gwama	ALLERG_RHINITIS	489568
Asthma	Allergic rhinitis	ALLERG_RHINITIS	binary	rs2111574	Wald ratio	0.183869746179039	0.420029339519651	0.661564235534306	asthma_gwama	ALLERG_RHINITIS	489568
Asthma	Allergic rhinitis	ALLERG_RHINITIS	binary	rs2143793	Wald ratio	0.893681426588808	0.306384037288224	0.00353566726947693	asthma_gwama	ALLERG_RHINITIS	489568
Asthma	Allergic rhinitis	ALLERG_RHINITIS	binary	rs2205759	Wald ratio	-0.158690582716451	0.51933891916809	0.759937652760869	asthma_gwama	ALLERG_RHINITIS	489568
Asthma	Allergic rhinitis	ALLERG_RHINITIS	binary	rs2230624	Wald ratio	-2.18348446166036	4.31618100184875	0.612938483301095	asthma_gwama	ALLERG_RHINITIS	489568
Asthma	Allergic rhinitis	ALLERG_RHINITIS	binary	rs223819	Wald ratio	1.53823373173971	3.05013280212483	0.61403865445614	asthma_gwama	ALLERG_RHINITIS	489568
Asthma	Allergic rhinitis	ALLERG_RHINITIS	binary	rs2239349	Wald ratio	3.18714058662043	3.36770697876029	0.343953280145097	asthma_gwama	ALLERG_RHINITIS	489568
Asthma	Allergic rhinitis	ALLERG_RHINITIS	binary	rs2243284	Wald ratio	0.608856965944272	0.149160371517028	4.46699898139878e-05	asthma_gwama	ALLERG_RHINITIS	489568
Asthma	Allergic rhinitis	ALLERG_RHINITIS	binary	rs2262046	Wald ratio	1.10405652905653	0.345332145332145	0.00138823583693285	asthma_gwama	ALLERG_RHINITIS	489568
Asthma	Allergic rhinitis	ALLERG_RHINITIS	binary	rs227136	Wald ratio	-1.94367216342604	2.9357371400443	0.507924467430209	asthma_gwama	ALLERG_RHINITIS	489568
Asthma	Allergic rhinitis	ALLERG_RHINITIS	binary	rs2274468	Wald ratio	-0.000168873469387755	0.0053955612244898	0.975031413278852	asthma_gwama	ALLERG_RHINITIS	489568
Asthma	Allergic rhinitis	ALLERG_RHINITIS	binary	rs2282160	Wald ratio	1.33890248796148	2.32522070626003	0.564738626789682	asthma_gwama	ALLERG_RHINITIS	489568
Asthma	Allergic rhinitis	ALLERG_RHINITIS	binary	rs2315649	Wald ratio	4.26224951519069	2.52833441068735	0.0918355954438798	asthma_gwama	ALLERG_RHINITIS	489568
Asthma	Allergic rhinitis	ALLERG_RHINITIS	binary	rs2381384	Wald ratio	5.39088029183066	2.315042718633	0.0198786211690948	asthma_gwama	ALLERG_RHINITIS	489568
Asthma	Allergic rhinitis	ALLERG_RHINITIS	binary	rs2428493	Wald ratio	1.72035087719298	2.49534180278282	0.490555892080143	asthma_gwama	ALLERG_RHINITIS	489568
Asthma	Allergic rhinitis	ALLERG_RHINITIS	binary	rs2439042	Wald ratio	0.705430184969248	0.403989756956353	0.0807833979522097	asthma_gwama	ALLERG_RHINITIS	489568
Asthma	Allergic rhinitis	ALLERG_RHINITIS	binary	rs252872	Wald ratio	1.2001465853467	0.318315315551135	0.00016304660078264	asthma_gwama	ALLERG_RHINITIS	489568
Asthma	Allergic rhinitis	ALLERG_RHINITIS	binary	rs2621348	Wald ratio	0.212629616684143	0.261524719406579	0.416196092099613	asthma_gwama	ALLERG_RHINITIS	489568
Asthma	Allergic rhinitis	ALLERG_RHINITIS	binary	rs2647074	Wald ratio	0.869902496870677	0.135018775940444	1.17269019039857e-10	asthma_gwama	ALLERG_RHINITIS	489568
Asthma	Allergic rhinitis	ALLERG_RHINITIS	binary	rs2652696	Wald ratio	0.538465635738832	0.238841924398625	0.0241656470124443	asthma_gwama	ALLERG_RHINITIS	489568
Asthma	Allergic rhinitis	ALLERG_RHINITIS	binary	rs274945	Wald ratio	-1.19220813623463	2.17890255439924	0.584268872632301	asthma_gwama	ALLERG_RHINITIS	489568
Asthma	Allergic rhinitis	ALLERG_RHINITIS	binary	rs2766678	Wald ratio	1.07857776594801	0.329489397568982	0.00106230980957016	asthma_gwama	ALLERG_RHINITIS	489568
Asthma	Allergic rhinitis	ALLERG_RHINITIS	binary	rs28373140	Wald ratio	-0.00314951741293532	0.0181360199004975	0.862131973244438	asthma_gwama	ALLERG_RHINITIS	489568
Asthma	Allergic rhinitis	ALLERG_RHINITIS	binary	rs28514280	Wald ratio	-0.238202681361513	0.42781156547159	0.577668553389647	asthma_gwama	ALLERG_RHINITIS	489568
Asthma	Allergic rhinitis	ALLERG_RHINITIS	binary	rs2852714	Wald ratio	4.38601174586225	2.3467876846414	0.0616307847262952	asthma_gwama	ALLERG_RHINITIS	489568
Asthma	Allergic rhinitis	ALLERG_RHINITIS	binary	rs28588688	Wald ratio	-0.435948601930079	0.352502739580756	0.216189561472906	asthma_gwama	ALLERG_RHINITIS	489568
Asthma	Allergic rhinitis	ALLERG_RHINITIS	binary	rs28607030	Wald ratio	-0.127927867383513	2.87233422939068	0.964475605277962	asthma_gwama	ALLERG_RHINITIS	489568
Asthma	Allergic rhinitis	ALLERG_RHINITIS	binary	rs28617673	Wald ratio	5.45311653116531	1.92856368563686	0.00469052126909813	asthma_gwama	ALLERG_RHINITIS	489568
Asthma	Allergic rhinitis	ALLERG_RHINITIS	binary	rs28635831	Wald ratio	0.494916089602997	0.296002858621455	0.0945247817454414	asthma_gwama	ALLERG_RHINITIS	489568
Asthma	Allergic rhinitis	ALLERG_RHINITIS	binary	rs28893537	Wald ratio	0.467852380785291	0.179084353836977	0.00898907589794379	asthma_gwama	ALLERG_RHINITIS	489568
Asthma	Allergic rhinitis	ALLERG_RHINITIS	binary	rs3024664	Wald ratio	3.16019309804945	1.34882901689608	0.0191336898467647	asthma_gwama	ALLERG_RHINITIS	489568
Asthma	Allergic rhinitis	ALLERG_RHINITIS	binary	rs3024971	Wald ratio	7.39148360497327	1.86266829865361	7.24104911218761e-05	asthma_gwama	ALLERG_RHINITIS	489568
Asthma	Allergic rhinitis	ALLERG_RHINITIS	binary	rs3091308	Wald ratio	0.33539165120023	0.135386524204547	0.0132384373841928	asthma_gwama	ALLERG_RHINITIS	489568
Asthma	Allergic rhinitis	ALLERG_RHINITIS	binary	rs3116990	Wald ratio	0.00200242605516783	0.25199235626454	0.99365977586413	asthma_gwama	ALLERG_RHINITIS	489568
Asthma	Allergic rhinitis	ALLERG_RHINITIS	binary	rs3122929	Wald ratio	5.30052732502397	1.11847555129434	2.1470758858946e-06	asthma_gwama	ALLERG_RHINITIS	489568
Asthma	Allergic rhinitis	ALLERG_RHINITIS	binary	rs3131024	Wald ratio	-4.93176865046102	2.9781702790085	0.097727349377934	asthma_gwama	ALLERG_RHINITIS	489568
Asthma	Allergic rhinitis	ALLERG_RHINITIS	binary	rs3135911	Wald ratio	1.04117698191933	0.353366944830784	0.00321447478931486	asthma_gwama	ALLERG_RHINITIS	489568
Asthma	Allergic rhinitis	ALLERG_RHINITIS	binary	rs322355	Wald ratio	0.51456201295653	0.361146058273089	0.154214134325042	asthma_gwama	ALLERG_RHINITIS	489568
Asthma	Allergic rhinitis	ALLERG_RHINITIS	binary	rs34108746	Wald ratio	1.06523134527949	2.55098956940358	0.67625734064835	asthma_gwama	ALLERG_RHINITIS	489568
Asthma	Allergic rhinitis	ALLERG_RHINITIS	binary	rs34111295	Wald ratio	-0.293981935483871	0.427971612903226	0.492133621248034	asthma_gwama	ALLERG_RHINITIS	489568
Asthma	Allergic rhinitis	ALLERG_RHINITIS	binary	rs34173062	Wald ratio	0.528180244301241	2.48155237087621	0.83144967660685	asthma_gwama	ALLERG_RHINITIS	489568
Asthma	Allergic rhinitis	ALLERG_RHINITIS	binary	rs34215892	Wald ratio	11.6242064817908	3.08959238222519	0.000168307141316959	asthma_gwama	ALLERG_RHINITIS	489568
Asthma	Allergic rhinitis	ALLERG_RHINITIS	binary	rs34240248	Wald ratio	0.73823148348089	0.439635068019866	0.0931147217454318	asthma_gwama	ALLERG_RHINITIS	489568
Asthma	Allergic rhinitis	ALLERG_RHINITIS	binary	rs34368225	Wald ratio	0.724782545135589	0.462349243476354	0.116972556946584	asthma_gwama	ALLERG_RHINITIS	489568
Asthma	Allergic rhinitis	ALLERG_RHINITIS	binary	rs34607223	Wald ratio	0.267040444143185	0.44169329589103	0.545455824797227	asthma_gwama	ALLERG_RHINITIS	489568
Asthma	Allergic rhinitis	ALLERG_RHINITIS	binary	rs34630948	Wald ratio	0.0804524088010063	0.343298832564606	0.814712531758392	asthma_gwama	ALLERG_RHINITIS	489568
Asthma	Allergic rhinitis	ALLERG_RHINITIS	binary	rs34660307	Wald ratio	-1.64130025125628	2.52030464824121	0.514897449796428	asthma_gwama	ALLERG_RHINITIS	489568
Asthma	Allergic rhinitis	ALLERG_RHINITIS	binary	rs34712979	Wald ratio	-2.44039358896328	2.71371474944208	0.368502715563479	asthma_gwama	ALLERG_RHINITIS	489568
Asthma	Allergic rhinitis	ALLERG_RHINITIS	binary	rs35032841	Wald ratio	0.233503343385342	0.389828897338403	0.54918001123855	asthma_gwama	ALLERG_RHINITIS	489568
Asthma	Allergic rhinitis	ALLERG_RHINITIS	binary	rs35167234	Wald ratio	2.52086937236638	2.71144377910845	0.352518776879166	asthma_gwama	ALLERG_RHINITIS	489568
Asthma	Allergic rhinitis	ALLERG_RHINITIS	binary	rs35177143	Wald ratio	0.66714852675887	0.293460012026458	0.0230027969633792	asthma_gwama	ALLERG_RHINITIS	489568
Asthma	Allergic rhinitis	ALLERG_RHINITIS	binary	rs35330847	Wald ratio	6.51294781070323	2.67478991596639	0.0148943384059861	asthma_gwama	ALLERG_RHINITIS	489568
Asthma	Allergic rhinitis	ALLERG_RHINITIS	binary	rs35407628	Wald ratio	0.762504643962848	0.53338080495356	0.152840768885523	asthma_gwama	ALLERG_RHINITIS	489568
Asthma	Allergic rhinitis	ALLERG_RHINITIS	binary	rs35449774	Wald ratio	8.87531788640859	2.92547329754168	0.0024148981930269	asthma_gwama	ALLERG_RHINITIS	489568
Asthma	Allergic rhinitis	ALLERG_RHINITIS	binary	rs35453239	Wald ratio	-1.28393077450308	3.68012337217272	0.727177496730093	asthma_gwama	ALLERG_RHINITIS	489568
Asthma	Allergic rhinitis	ALLERG_RHINITIS	binary	rs35462600	Wald ratio	-1.96599041260058	4.27281287450779	0.645432818394971	asthma_gwama	ALLERG_RHINITIS	489568
Asthma	Allergic rhinitis	ALLERG_RHINITIS	binary	rs35586997	Wald ratio	-0.12090408521484	0.284491091394359	0.670848535238407	asthma_gwama	ALLERG_RHINITIS	489568
Asthma	Allergic rhinitis	ALLERG_RHINITIS	binary	rs35668054	Wald ratio	6.9425521098119	2.55985002541942	0.00668597704928345	asthma_gwama	ALLERG_RHINITIS	489568
Asthma	Allergic rhinitis	ALLERG_RHINITIS	binary	rs35960329	Wald ratio	11.7636082588053	3.78727503588385	0.00189580505106308	asthma_gwama	ALLERG_RHINITIS	489568
Asthma	Allergic rhinitis	ALLERG_RHINITIS	binary	rs36198584	Wald ratio	0.433058493656478	0.338674662002721	0.201007709090656	asthma_gwama	ALLERG_RHINITIS	489568
Asthma	Allergic rhinitis	ALLERG_RHINITIS	binary	rs364359	Wald ratio	0.50858260805968	0.42169970013896	0.227805814741698	asthma_gwama	ALLERG_RHINITIS	489568
Asthma	Allergic rhinitis	ALLERG_RHINITIS	binary	rs368560236	Wald ratio	0.006419875	0.0238302678571429	0.787621859061515	asthma_gwama	ALLERG_RHINITIS	489568
Asthma	Allergic rhinitis	ALLERG_RHINITIS	binary	rs369028166	Wald ratio	0.199045618641287	0.267578601903512	0.456950775785787	asthma_gwama	ALLERG_RHINITIS	489568
Asthma	Allergic rhinitis	ALLERG_RHINITIS	binary	rs371235274	Wald ratio	0.00636306194690265	0.0236193805309734	0.787621859061515	asthma_gwama	ALLERG_RHINITIS	489568
Asthma	Allergic rhinitis	ALLERG_RHINITIS	binary	rs371891784	Wald ratio	1.21077435632035	0.50565079570449	0.0166436245155536	asthma_gwama	ALLERG_RHINITIS	489568
Asthma	Allergic rhinitis	ALLERG_RHINITIS	binary	rs372911770	Wald ratio	0.00836076744186047	0.0310347674418605	0.787621859061515	asthma_gwama	ALLERG_RHINITIS	489568
Asthma	Allergic rhinitis	ALLERG_RHINITIS	binary	rs374381259	Wald ratio	0.0418885585585586	0.0201897297297297	0.0380100928691877	asthma_gwama	ALLERG_RHINITIS	489568
Asthma	Allergic rhinitis	ALLERG_RHINITIS	binary	rs3749833	Wald ratio	4.13373731932849	1.07406409911123	0.000118752272421398	asthma_gwama	ALLERG_RHINITIS	489568
Asthma	Allergic rhinitis	ALLERG_RHINITIS	binary	rs376573492	Wald ratio	-0.0428010897435897	0.0463215384615385	0.3554864483713	asthma_gwama	ALLERG_RHINITIS	489568
Asthma	Allergic rhinitis	ALLERG_RHINITIS	binary	rs3774190	Wald ratio	0.0315511111111111	0.0919770833333333	0.731574155433126	asthma_gwama	ALLERG_RHINITIS	489568
Asthma	Allergic rhinitis	ALLERG_RHINITIS	binary	rs377618546	Wald ratio	0.468752113628678	0.410145417653027	0.25308323508506	asthma_gwama	ALLERG_RHINITIS	489568
Asthma	Allergic rhinitis	ALLERG_RHINITIS	binary	rs3777755	Wald ratio	3.19018573721624	2.9270350836964	0.275755661489778	asthma_gwama	ALLERG_RHINITIS	489568
Asthma	Allergic rhinitis	ALLERG_RHINITIS	binary	rs3825729	Wald ratio	0.999753852739726	0.250338184931507	6.50740188152989e-05	asthma_gwama	ALLERG_RHINITIS	489568
Asthma	Allergic rhinitis	ALLERG_RHINITIS	binary	rs3826620	Wald ratio	0.648351694034504	2.72826855123675	0.812158630350404	asthma_gwama	ALLERG_RHINITIS	489568
Asthma	Allergic rhinitis	ALLERG_RHINITIS	binary	rs3828058	Wald ratio	3.25652241352567	1.8973320924461	0.0860944854882633	asthma_gwama	ALLERG_RHINITIS	489568
Asthma	Allergic rhinitis	ALLERG_RHINITIS	binary	rs3867128	Wald ratio	1.47925197243583	0.281995073071673	1.55718764157768e-07	asthma_gwama	ALLERG_RHINITIS	489568
Asthma	Allergic rhinitis	ALLERG_RHINITIS	binary	rs4097694	Wald ratio	-0.0905423243534683	0.369243497499396	0.806293568938333	asthma_gwama	ALLERG_RHINITIS	489568
Asthma	Allergic rhinitis	ALLERG_RHINITIS	binary	rs41265154	Wald ratio	-1.72045454545455	6.97902597402597	0.805281380960404	asthma_gwama	ALLERG_RHINITIS	489568
Asthma	Allergic rhinitis	ALLERG_RHINITIS	binary	rs41283642	Wald ratio	3.77268193451014	1.99191548001837	0.0582254086653211	asthma_gwama	ALLERG_RHINITIS	489568
Asthma	Allergic rhinitis	ALLERG_RHINITIS	binary	rs41285280	Wald ratio	4.60804368091623	1.81259821547476	0.0110147296843019	asthma_gwama	ALLERG_RHINITIS	489568
Asthma	Allergic rhinitis	ALLERG_RHINITIS	binary	rs4141168	Wald ratio	0.827677069706597	0.382688594032268	0.0305569318547313	asthma_gwama	ALLERG_RHINITIS	489568
Asthma	Allergic rhinitis	ALLERG_RHINITIS	binary	rs4245080	Wald ratio	9.8101866251944	2.98037843442198	0.000996224046251366	asthma_gwama	ALLERG_RHINITIS	489568
Asthma	Allergic rhinitis	ALLERG_RHINITIS	binary	rs4365903	Wald ratio	0.770744283365715	0.430316843521148	0.0732758379700232	asthma_gwama	ALLERG_RHINITIS	489568
Asthma	Allergic rhinitis	ALLERG_RHINITIS	binary	rs4385322	Wald ratio	0.723446691691411	0.326827833492072	0.0268603946255071	asthma_gwama	ALLERG_RHINITIS	489568
Asthma	Allergic rhinitis	ALLERG_RHINITIS	binary	rs4393428	Wald ratio	7.79104623824451	2.26694749216301	0.00058862902765618	asthma_gwama	ALLERG_RHINITIS	489568
Asthma	Allergic rhinitis	ALLERG_RHINITIS	binary	rs4510515	Wald ratio	0.653437812366129	0.448925460516921	0.145514373119576	asthma_gwama	ALLERG_RHINITIS	489568
Asthma	Allergic rhinitis	ALLERG_RHINITIS	binary	rs45473596	Wald ratio	0.000144515384615385	0.00264663313609467	0.956454364722406	asthma_gwama	ALLERG_RHINITIS	489568
Asthma	Allergic rhinitis	ALLERG_RHINITIS	binary	rs4548024	Wald ratio	0.458226046246797	0.44025242779869	0.297956444921981	asthma_gwama	ALLERG_RHINITIS	489568
Asthma	Allergic rhinitis	ALLERG_RHINITIS	binary	rs4550510	Wald ratio	-0.325041133797023	0.469426370503328	0.488672370617258	asthma_gwama	ALLERG_RHINITIS	489568
Asthma	Allergic rhinitis	ALLERG_RHINITIS	binary	rs4665699	Wald ratio	-0.797987117552335	2.94766505636071	0.78660763704791	asthma_gwama	ALLERG_RHINITIS	489568
Asthma	Allergic rhinitis	ALLERG_RHINITIS	binary	rs4673685	Wald ratio	1.33019145321485	0.466469550444328	0.00434977823322167	asthma_gwama	ALLERG_RHINITIS	489568
Asthma	Allergic rhinitis	ALLERG_RHINITIS	binary	rs4713678	Wald ratio	3.61518680252305	2.80946142649199	0.198167501614022	asthma_gwama	ALLERG_RHINITIS	489568
Asthma	Allergic rhinitis	ALLERG_RHINITIS	binary	rs4719622	Wald ratio	3.53447521865889	3.10765306122449	0.255393881696512	asthma_gwama	ALLERG_RHINITIS	489568
Asthma	Allergic rhinitis	ALLERG_RHINITIS	binary	rs4749997	Wald ratio	1.69944846292948	2.67895569620253	0.525839544484033	asthma_gwama	ALLERG_RHINITIS	489568
Asthma	Allergic rhinitis	ALLERG_RHINITIS	binary	rs4785704	Wald ratio	-0.124213190730838	0.390654783125371	0.750514121829589	asthma_gwama	ALLERG_RHINITIS	489568
Asthma	Allergic rhinitis	ALLERG_RHINITIS	binary	rs4787938	Wald ratio	7.79972267159695	2.74515830829674	0.0044934932757321	asthma_gwama	ALLERG_RHINITIS	489568
Asthma	Allergic rhinitis	ALLERG_RHINITIS	binary	rs4833096	Wald ratio	1.83598585871116	0.225180177386343	3.5380944995838e-16	asthma_gwama	ALLERG_RHINITIS	489568
Asthma	Allergic rhinitis	ALLERG_RHINITIS	binary	rs4833938	Wald ratio	0.861900203715976	0.398735979186609	0.0306504704315793	asthma_gwama	ALLERG_RHINITIS	489568
Asthma	Allergic rhinitis	ALLERG_RHINITIS	binary	rs4845604	Wald ratio	4.49832694318578	2.0233530846985	0.0262020381858678	asthma_gwama	ALLERG_RHINITIS	489568
Asthma	Allergic rhinitis	ALLERG_RHINITIS	binary	rs4855569	Wald ratio	-0.236430905246973	2.79117816644244	0.932494736297088	asthma_gwama	ALLERG_RHINITIS	489568
Asthma	Allergic rhinitis	ALLERG_RHINITIS	binary	rs4897221	Wald ratio	0.427248417560844	0.392455065497749	0.276305773928954	asthma_gwama	ALLERG_RHINITIS	489568
Asthma	Allergic rhinitis	ALLERG_RHINITIS	binary	rs4900299	Wald ratio	0.00389787545787546	0.00257831868131868	0.130587387083703	asthma_gwama	ALLERG_RHINITIS	489568
Asthma	Allergic rhinitis	ALLERG_RHINITIS	binary	rs4916532	Wald ratio	2.10762761588109	3.06194015255232	0.491244510561742	asthma_gwama	ALLERG_RHINITIS	489568
Asthma	Allergic rhinitis	ALLERG_RHINITIS	binary	rs5008056	Wald ratio	0.286908324265506	0.403590859630033	0.477152989762509	asthma_gwama	ALLERG_RHINITIS	489568
Asthma	Allergic rhinitis	ALLERG_RHINITIS	binary	rs509399	Wald ratio	3.82410894418292	2.72763954270343	0.160919811402915	asthma_gwama	ALLERG_RHINITIS	489568
Asthma	Allergic rhinitis	ALLERG_RHINITIS	binary	rs528498619	Wald ratio	-0.00188402777777778	0.0112795833333333	0.867346515511654	asthma_gwama	ALLERG_RHINITIS	489568
Asthma	Allergic rhinitis	ALLERG_RHINITIS	binary	rs529670342	Wald ratio	0.0387511594202899	0.0303991304347826	0.202399281821128	asthma_gwama	ALLERG_RHINITIS	489568
Asthma	Allergic rhinitis	ALLERG_RHINITIS	binary	rs530232231	Wald ratio	0.00810149484536083	0.0158669587628866	0.609638869470001	asthma_gwama	ALLERG_RHINITIS	489568
Asthma	Allergic rhinitis	ALLERG_RHINITIS	binary	rs531660643	Wald ratio	0.17292744099234	0.394413228603647	0.661065692463288	asthma_gwama	ALLERG_RHINITIS	489568
Asthma	Allergic rhinitis	ALLERG_RHINITIS	binary	rs532600469	Wald ratio	0.0687155810983397	0.0671956577266922	0.306487848082372	asthma_gwama	ALLERG_RHINITIS	489568
Asthma	Allergic rhinitis	ALLERG_RHINITIS	binary	rs533283473	Wald ratio	-0.00332865853658537	0.0037194512195122	0.370823063176822	asthma_gwama	ALLERG_RHINITIS	489568
Asthma	Allergic rhinitis	ALLERG_RHINITIS	binary	rs533588713	Wald ratio	0.036551628959276	0.0270369230769231	0.176402424450226	asthma_gwama	ALLERG_RHINITIS	489568
Asthma	Allergic rhinitis	ALLERG_RHINITIS	binary	rs533591327	Wald ratio	-0.0229303964757709	0.0115083259911894	0.0463156828784799	asthma_gwama	ALLERG_RHINITIS	489568
Asthma	Allergic rhinitis	ALLERG_RHINITIS	binary	rs533959313	Wald ratio	0.0152373188405797	0.0126680434782609	0.229047731723677	asthma_gwama	ALLERG_RHINITIS	489568
Asthma	Allergic rhinitis	ALLERG_RHINITIS	binary	rs534188121	Wald ratio	0.00774203389830509	0.00864396610169492	0.370435664306473	asthma_gwama	ALLERG_RHINITIS	489568
Asthma	Allergic rhinitis	ALLERG_RHINITIS	binary	rs534820243	Wald ratio	-0.00333345544554456	0.00370994059405941	0.368908441683056	asthma_gwama	ALLERG_RHINITIS	489568
Asthma	Allergic rhinitis	ALLERG_RHINITIS	binary	rs535852797	Wald ratio	-0.00431821978021978	0.0151403846153846	0.775481706938292	asthma_gwama	ALLERG_RHINITIS	489568
Asthma	Allergic rhinitis	ALLERG_RHINITIS	binary	rs537880376	Wald ratio	-0.0443557142857143	0.0273858928571429	0.105306282317431	asthma_gwama	ALLERG_RHINITIS	489568
Asthma	Allergic rhinitis	ALLERG_RHINITIS	binary	rs538313772	Wald ratio	0.104703266575278	0.465125881841586	0.821895743344494	asthma_gwama	ALLERG_RHINITIS	489568
Asthma	Allergic rhinitis	ALLERG_RHINITIS	binary	rs538590173	Wald ratio	0.00513594527363184	0.0126664179104478	0.685126681327312	asthma_gwama	ALLERG_RHINITIS	489568
Asthma	Allergic rhinitis	ALLERG_RHINITIS	binary	rs541612525	Wald ratio	4.14187482458602	2.53664648570627	0.102507878731399	asthma_gwama	ALLERG_RHINITIS	489568
Asthma	Allergic rhinitis	ALLERG_RHINITIS	binary	rs542000946	Wald ratio	0.0158066666666667	0.0353439455782313	0.654713212921787	asthma_gwama	ALLERG_RHINITIS	489568
Asthma	Allergic rhinitis	ALLERG_RHINITIS	binary	rs544253	Wald ratio	2.67165354330709	2.22425196850394	0.229694190418522	asthma_gwama	ALLERG_RHINITIS	489568
Asthma	Allergic rhinitis	ALLERG_RHINITIS	binary	rs545072519	Wald ratio	-109.558978211871	155.751314800902	0.481792492800629	asthma_gwama	ALLERG_RHINITIS	489568
Asthma	Allergic rhinitis	ALLERG_RHINITIS	binary	rs545239531	Wald ratio	-0.0176748120300752	0.0117154887218045	0.131383012206445	asthma_gwama	ALLERG_RHINITIS	489568
Asthma	Allergic rhinitis	ALLERG_RHINITIS	binary	rs545377435	Wald ratio	-0.019584631147541	0.0979665983606557	0.841549943828016	asthma_gwama	ALLERG_RHINITIS	489568
Asthma	Allergic rhinitis	ALLERG_RHINITIS	binary	rs545989971	Wald ratio	-0.0104106896551724	0.00930882183908046	0.263409800754996	asthma_gwama	ALLERG_RHINITIS	489568
Asthma	Allergic rhinitis	ALLERG_RHINITIS	binary	rs546250872	Wald ratio	-0.00313768595041322	0.00869146005509642	0.718093523530709	asthma_gwama	ALLERG_RHINITIS	489568
Asthma	Allergic rhinitis	ALLERG_RHINITIS	binary	rs548208154	Wald ratio	0.00226784121621622	0.00280536824324324	0.418864141173663	asthma_gwama	ALLERG_RHINITIS	489568
Asthma	Allergic rhinitis	ALLERG_RHINITIS	binary	rs548299021	Wald ratio	-0.000136957228915663	0.00773719879518072	0.985877272250669	asthma_gwama	ALLERG_RHINITIS	489568
Asthma	Allergic rhinitis	ALLERG_RHINITIS	binary	rs548785166	Wald ratio	-0.00575150714285714	0.00716842857142857	0.422357103723264	asthma_gwama	ALLERG_RHINITIS	489568
Asthma	Allergic rhinitis	ALLERG_RHINITIS	binary	rs549479504	Wald ratio	-0.0181601156069364	0.0223982080924855	0.417489548565655	asthma_gwama	ALLERG_RHINITIS	489568
Asthma	Allergic rhinitis	ALLERG_RHINITIS	binary	rs549956721	Wald ratio	0.848186665137878	0.521503181792123	0.103858928561603	asthma_gwama	ALLERG_RHINITIS	489568
Asthma	Allergic rhinitis	ALLERG_RHINITIS	binary	rs550188093	Wald ratio	0.00164505414012739	0.0110086624203822	0.881212211154486	asthma_gwama	ALLERG_RHINITIS	489568
Asthma	Allergic rhinitis	ALLERG_RHINITIS	binary	rs551235185	Wald ratio	-4.92538461538462e-05	0.0107987980769231	0.996360822114653	asthma_gwama	ALLERG_RHINITIS	489568
Asthma	Allergic rhinitis	ALLERG_RHINITIS	binary	rs551258059	Wald ratio	-0.00197326114649682	0.00208882802547771	0.344825427596223	asthma_gwama	ALLERG_RHINITIS	489568
Asthma	Allergic rhinitis	ALLERG_RHINITIS	binary	rs551599729	Wald ratio	-0.00196952105263158	0.00195265789473684	0.313149234521367	asthma_gwama	ALLERG_RHINITIS	489568
Asthma	Allergic rhinitis	ALLERG_RHINITIS	binary	rs554005245	Wald ratio	0.000846361607142857	0.00421355357142857	0.840802991015758	asthma_gwama	ALLERG_RHINITIS	489568
Asthma	Allergic rhinitis	ALLERG_RHINITIS	binary	rs554870125	Wald ratio	0.00672342016806723	0.0125891596638655	0.593297079753462	asthma_gwama	ALLERG_RHINITIS	489568
Asthma	Allergic rhinitis	ALLERG_RHINITIS	binary	rs554911459	Wald ratio	0.00734201298701299	0.00422863636363636	0.0825178384547009	asthma_gwama	ALLERG_RHINITIS	489568
Asthma	Allergic rhinitis	ALLERG_RHINITIS	binary	rs554917545	Wald ratio	-0.000913614147909968	0.00882266881028939	0.917524058424411	asthma_gwama	ALLERG_RHINITIS	489568
Asthma	Allergic rhinitis	ALLERG_RHINITIS	binary	rs555284836	Wald ratio	-0.00177666192170819	0.00143824911032028	0.216720737282164	asthma_gwama	ALLERG_RHINITIS	489568
Asthma	Allergic rhinitis	ALLERG_RHINITIS	binary	rs555738319	Wald ratio	0.0147812121212121	0.00736987878787879	0.0448962873556576	asthma_gwama	ALLERG_RHINITIS	489568
Asthma	Allergic rhinitis	ALLERG_RHINITIS	binary	rs555805184	Wald ratio	0.0555576978417266	0.0744856115107914	0.455736907444851	asthma_gwama	ALLERG_RHINITIS	489568
Asthma	Allergic rhinitis	ALLERG_RHINITIS	binary	rs55646091	Wald ratio	6.56988008210595	1.05466527422666	4.6837164810122e-10	asthma_gwama	ALLERG_RHINITIS	489568
Asthma	Allergic rhinitis	ALLERG_RHINITIS	binary	rs55661102	Wald ratio	4.6106301050175	1.66355892648775	0.0055790787158137	asthma_gwama	ALLERG_RHINITIS	489568
Asthma	Allergic rhinitis	ALLERG_RHINITIS	binary	rs55745041	Wald ratio	0.219951805593266	0.394776676622319	0.577421521324361	asthma_gwama	ALLERG_RHINITIS	489568
Asthma	Allergic rhinitis	ALLERG_RHINITIS	binary	rs55786261	Wald ratio	0.413742696117028	0.397966308897269	0.298506014765409	asthma_gwama	ALLERG_RHINITIS	489568
Asthma	Allergic rhinitis	ALLERG_RHINITIS	binary	rs55861950	Wald ratio	6.33386270491803	3.08570696721312	0.0401069655112859	asthma_gwama	ALLERG_RHINITIS	489568
Asthma	Allergic rhinitis	ALLERG_RHINITIS	binary	rs55864359	Wald ratio	-0.0910872372123821	0.38764111902003	0.814225603735032	asthma_gwama	ALLERG_RHINITIS	489568
Asthma	Allergic rhinitis	ALLERG_RHINITIS	binary	rs559369964	Wald ratio	0.0328389048991354	0.0269114409221902	0.222367032192286	asthma_gwama	ALLERG_RHINITIS	489568
Asthma	Allergic rhinitis	ALLERG_RHINITIS	binary	rs559712054	Wald ratio	0.00831846153846154	0.00667418060200669	0.212630620705232	asthma_gwama	ALLERG_RHINITIS	489568
Asthma	Allergic rhinitis	ALLERG_RHINITIS	binary	rs55978515	Wald ratio	6.16707555362571	2.80825010855406	0.0280879085494621	asthma_gwama	ALLERG_RHINITIS	489568
Asthma	Allergic rhinitis	ALLERG_RHINITIS	binary	rs56078635	Wald ratio	10.1719519343494	3.59516412661196	0.00466437003064673	asthma_gwama	ALLERG_RHINITIS	489568
Asthma	Allergic rhinitis	ALLERG_RHINITIS	binary	rs56089125	Wald ratio	0.795715778474399	0.4021421107628	0.0478505818755525	asthma_gwama	ALLERG_RHINITIS	489568
Asthma	Allergic rhinitis	ALLERG_RHINITIS	binary	rs560979380	Wald ratio	-0.0180760952380952	0.0910523809523809	0.842635002922601	asthma_gwama	ALLERG_RHINITIS	489568
Asthma	Allergic rhinitis	ALLERG_RHINITIS	binary	rs56118007	Wald ratio	11.6486595328501	4.57267863306869	0.0108514126608961	asthma_gwama	ALLERG_RHINITIS	489568
Asthma	Allergic rhinitis	ALLERG_RHINITIS	binary	rs561226516	Wald ratio	0.00794205479452055	0.0038501301369863	0.0391314773350446	asthma_gwama	ALLERG_RHINITIS	489568
Asthma	Allergic rhinitis	ALLERG_RHINITIS	binary	rs56179589	Wald ratio	0.804360425473885	0.896205509341334	0.369442662649735	asthma_gwama	ALLERG_RHINITIS	489568
Asthma	Allergic rhinitis	ALLERG_RHINITIS	binary	rs56188488	Wald ratio	19.7566433994612	7.14367499387705	0.00568158442607627	asthma_gwama	ALLERG_RHINITIS	489568
Asthma	Allergic rhinitis	ALLERG_RHINITIS	binary	rs562623682	Wald ratio	0.00918533333333333	0.0223646666666667	0.68128712522859	asthma_gwama	ALLERG_RHINITIS	489568
Asthma	Allergic rhinitis	ALLERG_RHINITIS	binary	rs565606835	Wald ratio	0.0647558823529412	0.278813865546219	0.816340050716585	asthma_gwama	ALLERG_RHINITIS	489568
Asthma	Allergic rhinitis	ALLERG_RHINITIS	binary	rs566801348	Wald ratio	0.00421657608695652	0.00348398369565217	0.226173638423603	asthma_gwama	ALLERG_RHINITIS	489568
Asthma	Allergic rhinitis	ALLERG_RHINITIS	binary	rs56699544	Wald ratio	0.950228030506266	0.445537117234507	0.0329436291443912	asthma_gwama	ALLERG_RHINITIS	489568
Asthma	Allergic rhinitis	ALLERG_RHINITIS	binary	rs567582625	Wald ratio	0.00192072727272727	0.00840937062937063	0.819332791698072	asthma_gwama	ALLERG_RHINITIS	489568
Asthma	Allergic rhinitis	ALLERG_RHINITIS	binary	rs568257090	Wald ratio	-0.0154310426540284	0.00787843601895735	0.0501546235538365	asthma_gwama	ALLERG_RHINITIS	489568
Asthma	Allergic rhinitis	ALLERG_RHINITIS	binary	rs570002184	Wald ratio	-0.00387407586206897	0.0207960689655172	0.852218247438312	asthma_gwama	ALLERG_RHINITIS	489568
Asthma	Allergic rhinitis	ALLERG_RHINITIS	binary	rs570424956	Wald ratio	0.0250774479166667	0.0524416666666667	0.63250999428442	asthma_gwama	ALLERG_RHINITIS	489568
Asthma	Allergic rhinitis	ALLERG_RHINITIS	binary	rs571013696	Wald ratio	0.0153158490566038	0.0232220754716981	0.509550135858171	asthma_gwama	ALLERG_RHINITIS	489568
Asthma	Allergic rhinitis	ALLERG_RHINITIS	binary	rs571708735	Wald ratio	-0.00850634703196347	0.00672922374429224	0.206197587379541	asthma_gwama	ALLERG_RHINITIS	489568
Asthma	Allergic rhinitis	ALLERG_RHINITIS	binary	rs575330204	Wald ratio	0.00664937219730942	0.0102073542600897	0.514769240225391	asthma_gwama	ALLERG_RHINITIS	489568
Asthma	Allergic rhinitis	ALLERG_RHINITIS	binary	rs576824842	Wald ratio	0.0158246113989637	0.02456	0.519364987316929	asthma_gwama	ALLERG_RHINITIS	489568
Asthma	Allergic rhinitis	ALLERG_RHINITIS	binary	rs57719838	Wald ratio	8.04523312456507	2.74231036882394	0.00334901669520034	asthma_gwama	ALLERG_RHINITIS	489568
Asthma	Allergic rhinitis	ALLERG_RHINITIS	binary	rs58452854	Wald ratio	0.866326183180116	0.509850187265918	0.0892856644202409	asthma_gwama	ALLERG_RHINITIS	489568
Asthma	Allergic rhinitis	ALLERG_RHINITIS	binary	rs58939053	Wald ratio	0.744359027633493	0.184004858636066	5.22511032477549e-05	asthma_gwama	ALLERG_RHINITIS	489568
Asthma	Allergic rhinitis	ALLERG_RHINITIS	binary	rs59111282	Wald ratio	0.783291397822675	0.472041055280138	0.0970409880522575	asthma_gwama	ALLERG_RHINITIS	489568
Asthma	Allergic rhinitis	ALLERG_RHINITIS	binary	rs6072731	Wald ratio	4.162344	2.832688	0.141725068704286	asthma_gwama	ALLERG_RHINITIS	489568
Asthma	Allergic rhinitis	ALLERG_RHINITIS	binary	rs60739516	Wald ratio	0.721465270089983	0.37895483834341	0.0569324379978774	asthma_gwama	ALLERG_RHINITIS	489568
Asthma	Allergic rhinitis	ALLERG_RHINITIS	binary	rs60946542	Wald ratio	1.81036291465835	2.30460731499858	0.432136599077746	asthma_gwama	ALLERG_RHINITIS	489568
Asthma	Allergic rhinitis	ALLERG_RHINITIS	binary	rs610265	Wald ratio	1.31630654803935	0.25624754821196	2.79374060978253e-07	asthma_gwama	ALLERG_RHINITIS	489568
Asthma	Allergic rhinitis	ALLERG_RHINITIS	binary	rs61192126	Wald ratio	1.57795966029724	2.75957537154989	0.567449015754038	asthma_gwama	ALLERG_RHINITIS	489568
Asthma	Allergic rhinitis	ALLERG_RHINITIS	binary	rs61811905	Wald ratio	-1.32258323057953	2.67701911220715	0.621270356937441	asthma_gwama	ALLERG_RHINITIS	489568
Asthma	Allergic rhinitis	ALLERG_RHINITIS	binary	rs61816761	Wald ratio	9.80194290245837	2.86512971564518	0.000623645826150406	asthma_gwama	ALLERG_RHINITIS	489568
Asthma	Allergic rhinitis	ALLERG_RHINITIS	binary	rs61840192	Wald ratio	0.657445688582639	0.120838357737583	5.3070546917007e-08	asthma_gwama	ALLERG_RHINITIS	489568
Asthma	Allergic rhinitis	ALLERG_RHINITIS	binary	rs61841332	Wald ratio	4.47422749966266	1.9034273377412	0.0187423449963965	asthma_gwama	ALLERG_RHINITIS	489568
Asthma	Allergic rhinitis	ALLERG_RHINITIS	binary	rs61859945	Wald ratio	3.65754026354319	3.01823403536434	0.225583333739194	asthma_gwama	ALLERG_RHINITIS	489568
Asthma	Allergic rhinitis	ALLERG_RHINITIS	binary	rs61896951	Wald ratio	1.08594948032033	0.278635627875277	9.72381755860587e-05	asthma_gwama	ALLERG_RHINITIS	489568
Asthma	Allergic rhinitis	ALLERG_RHINITIS	binary	rs61907677	Wald ratio	4.0162376987131	2.49890234670704	0.108010339957907	asthma_gwama	ALLERG_RHINITIS	489568
Asthma	Allergic rhinitis	ALLERG_RHINITIS	binary	rs62045456	Wald ratio	0.0576701271186441	3.04055084745763	0.984867431068202	asthma_gwama	ALLERG_RHINITIS	489568
Asthma	Allergic rhinitis	ALLERG_RHINITIS	binary	rs62066986	Wald ratio	2.94405037265484	3.2987920842971	0.372144736170495	asthma_gwama	ALLERG_RHINITIS	489568
Asthma	Allergic rhinitis	ALLERG_RHINITIS	binary	rs62126619	Wald ratio	3.40327713582118	3.10539874976321	0.273112582481355	asthma_gwama	ALLERG_RHINITIS	489568
Asthma	Allergic rhinitis	ALLERG_RHINITIS	binary	rs62162265	Wald ratio	0.847341594432914	0.381516298376267	0.0263520451068676	asthma_gwama	ALLERG_RHINITIS	489568
Asthma	Allergic rhinitis	ALLERG_RHINITIS	binary	rs62169918	Wald ratio	0.621048813905381	0.396303360825296	0.117090247612481	asthma_gwama	ALLERG_RHINITIS	489568
Asthma	Allergic rhinitis	ALLERG_RHINITIS	binary	rs62212899	Wald ratio	4.43755598208573	2.92135316698656	0.128760727805454	asthma_gwama	ALLERG_RHINITIS	489568
Asthma	Allergic rhinitis	ALLERG_RHINITIS	binary	rs62275576	Wald ratio	-0.772659522170878	2.04298495723134	0.705281075998165	asthma_gwama	ALLERG_RHINITIS	489568
Asthma	Allergic rhinitis	ALLERG_RHINITIS	binary	rs62351976	Wald ratio	0.992400403038289	0.23288443652147	2.03202317451886e-05	asthma_gwama	ALLERG_RHINITIS	489568
Asthma	Allergic rhinitis	ALLERG_RHINITIS	binary	rs62379371	Wald ratio	2.57903800475059	3.73370942201108	0.489726328155676	asthma_gwama	ALLERG_RHINITIS	489568
Asthma	Allergic rhinitis	ALLERG_RHINITIS	binary	rs62407901	Wald ratio	-0.455172849096912	2.51795494270732	0.856547446372649	asthma_gwama	ALLERG_RHINITIS	489568
Asthma	Allergic rhinitis	ALLERG_RHINITIS	binary	rs62436761	Wald ratio	6.64624935333678	3.8604069667184	0.085133893079589	asthma_gwama	ALLERG_RHINITIS	489568
Asthma	Allergic rhinitis	ALLERG_RHINITIS	binary	rs62449487	Wald ratio	-0.00515533186858106	0.378882019314292	0.989143763568689	asthma_gwama	ALLERG_RHINITIS	489568
Asthma	Allergic rhinitis	ALLERG_RHINITIS	binary	rs62569046	Wald ratio	-1.11668260952745	2.69286397551177	0.678374604835411	asthma_gwama	ALLERG_RHINITIS	489568
Asthma	Allergic rhinitis	ALLERG_RHINITIS	binary	rs62623446	Wald ratio	10.6670205850488	2.97945828819068	0.000343347187801917	asthma_gwama	ALLERG_RHINITIS	489568
Asthma	Allergic rhinitis	ALLERG_RHINITIS	binary	rs636176	Wald ratio	1.39947459025212	0.507348563640928	0.00580835634420336	asthma_gwama	ALLERG_RHINITIS	489568
Asthma	Allergic rhinitis	ALLERG_RHINITIS	binary	rs6457809	Wald ratio	0.00493816572771024	0.371217754259517	0.989386364351477	asthma_gwama	ALLERG_RHINITIS	489568
Asthma	Allergic rhinitis	ALLERG_RHINITIS	binary	rs6462	Wald ratio	-0.0782535551631192	0.261572636862162	0.764813635951782	asthma_gwama	ALLERG_RHINITIS	489568
Asthma	Allergic rhinitis	ALLERG_RHINITIS	binary	rs6498021	Wald ratio	6.11481843575419	2.70689944134078	0.0238849338158143	asthma_gwama	ALLERG_RHINITIS	489568
Asthma	Allergic rhinitis	ALLERG_RHINITIS	binary	rs658648	Wald ratio	2.2386387434555	2.57011518324607	0.383739617877487	asthma_gwama	ALLERG_RHINITIS	489568
Asthma	Allergic rhinitis	ALLERG_RHINITIS	binary	rs6591221	Wald ratio	-0.027324343039158	0.401170238548627	0.9456968038401	asthma_gwama	ALLERG_RHINITIS	489568
Asthma	Allergic rhinitis	ALLERG_RHINITIS	binary	rs6602347	Wald ratio	3.99810824148709	2.20245106102977	0.0694779005735753	asthma_gwama	ALLERG_RHINITIS	489568
Asthma	Allergic rhinitis	ALLERG_RHINITIS	binary	rs66555610	Wald ratio	0.741984482244106	0.34719486720382	0.0325911866193236	asthma_gwama	ALLERG_RHINITIS	489568
Asthma	Allergic rhinitis	ALLERG_RHINITIS	binary	rs6658216	Wald ratio	0.889127446105245	0.363301839880656	0.0143910257165036	asthma_gwama	ALLERG_RHINITIS	489568
Asthma	Allergic rhinitis	ALLERG_RHINITIS	binary	rs6673550	Wald ratio	0.948102094240838	0.420051628853985	0.0240012970310279	asthma_gwama	ALLERG_RHINITIS	489568
Asthma	Allergic rhinitis	ALLERG_RHINITIS	binary	rs67140765	Wald ratio	2.43818793777859	2.26063858819249	0.280793078773471	asthma_gwama	ALLERG_RHINITIS	489568
Asthma	Allergic rhinitis	ALLERG_RHINITIS	binary	rs6721008	Wald ratio	1.23425136872173	2.91842418471792	0.672355777152528	asthma_gwama	ALLERG_RHINITIS	489568
Asthma	Allergic rhinitis	ALLERG_RHINITIS	binary	rs6734942	Wald ratio	0.959803084223013	2.81682087781732	0.733299446478408	asthma_gwama	ALLERG_RHINITIS	489568
Asthma	Allergic rhinitis	ALLERG_RHINITIS	binary	rs6742122	Wald ratio	6.96118571896495	2.73742766677585	0.0109915897081857	asthma_gwama	ALLERG_RHINITIS	489568
Asthma	Allergic rhinitis	ALLERG_RHINITIS	binary	rs67538026	Wald ratio	0.394136030647221	0.393705894213321	0.316782074987122	asthma_gwama	ALLERG_RHINITIS	489568
Asthma	Allergic rhinitis	ALLERG_RHINITIS	binary	rs67551275	Wald ratio	1.34139610810251	0.303010908714016	9.56012392764784e-06	asthma_gwama	ALLERG_RHINITIS	489568
Asthma	Allergic rhinitis	ALLERG_RHINITIS	binary	rs67598120	Wald ratio	0.192856322809387	0.487604254600709	0.692460544497235	asthma_gwama	ALLERG_RHINITIS	489568
Asthma	Allergic rhinitis	ALLERG_RHINITIS	binary	rs68002741	Wald ratio	5.14938816007056	2.59182008598832	0.0469462750295982	asthma_gwama	ALLERG_RHINITIS	489568
Asthma	Allergic rhinitis	ALLERG_RHINITIS	binary	rs68018114	Wald ratio	4.9400684280555	2.70306025470443	0.0676120780331011	asthma_gwama	ALLERG_RHINITIS	489568
Asthma	Allergic rhinitis	ALLERG_RHINITIS	binary	rs68112369	Wald ratio	0.0516093649622879	0.486523590853934	0.915520603916892	asthma_gwama	ALLERG_RHINITIS	489568
Asthma	Allergic rhinitis	ALLERG_RHINITIS	binary	rs6835650	Wald ratio	0.396625654769156	0.351473991960044	0.259124122854209	asthma_gwama	ALLERG_RHINITIS	489568
Asthma	Allergic rhinitis	ALLERG_RHINITIS	binary	rs6852559	Wald ratio	0.274473341296558	0.453458573134977	0.544987201409268	asthma_gwama	ALLERG_RHINITIS	489568
Asthma	Allergic rhinitis	ALLERG_RHINITIS	binary	rs6905736	Wald ratio	-0.543110632183908	2.87203663793103	0.850012120856271	asthma_gwama	ALLERG_RHINITIS	489568
Asthma	Allergic rhinitis	ALLERG_RHINITIS	binary	rs6910879	Wald ratio	9.76481649139912	5.78263110244446	0.0912873026743411	asthma_gwama	ALLERG_RHINITIS	489568
Asthma	Allergic rhinitis	ALLERG_RHINITIS	binary	rs6922431	Wald ratio	1.7742035317677	1.58744462649433	0.263717569681488	asthma_gwama	ALLERG_RHINITIS	489568
Asthma	Allergic rhinitis	ALLERG_RHINITIS	binary	rs6993477	Wald ratio	-0.413239623196939	2.41270238445687	0.864006226282452	asthma_gwama	ALLERG_RHINITIS	489568
Asthma	Allergic rhinitis	ALLERG_RHINITIS	binary	rs7026596	Wald ratio	2.86692489053553	2.32211182216234	0.21697209147931	asthma_gwama	ALLERG_RHINITIS	489568
Asthma	Allergic rhinitis	ALLERG_RHINITIS	binary	rs7030351	Wald ratio	-0.355803729146222	2.31040235525025	0.877609132746725	asthma_gwama	ALLERG_RHINITIS	489568
Asthma	Allergic rhinitis	ALLERG_RHINITIS	binary	rs707958	Wald ratio	-0.271888629620027	0.332598738224873	0.41366136538935	asthma_gwama	ALLERG_RHINITIS	489568
Asthma	Allergic rhinitis	ALLERG_RHINITIS	binary	rs7091048	Wald ratio	3.88833248168966	2.61105433486629	0.136439715040626	asthma_gwama	ALLERG_RHINITIS	489568
Asthma	Allergic rhinitis	ALLERG_RHINITIS	binary	rs7095431	Wald ratio	0.711239030505641	2.45530714584204	0.77206552787595	asthma_gwama	ALLERG_RHINITIS	489568
Asthma	Allergic rhinitis	ALLERG_RHINITIS	binary	rs7114362	Wald ratio	0.944650305175661	0.114379246083004	1.46982817665644e-16	asthma_gwama	ALLERG_RHINITIS	489568
Asthma	Allergic rhinitis	ALLERG_RHINITIS	binary	rs7125695	Wald ratio	0.294678899082569	2.61096650309366	0.910139964116516	asthma_gwama	ALLERG_RHINITIS	489568
Asthma	Allergic rhinitis	ALLERG_RHINITIS	binary	rs7135586	Wald ratio	1.9698849284311	2.36905697445972	0.405687878318582	asthma_gwama	ALLERG_RHINITIS	489568
Asthma	Allergic rhinitis	ALLERG_RHINITIS	binary	rs71368508	Wald ratio	17.7163220359721	4.84606019821363	0.000256361558529868	asthma_gwama	ALLERG_RHINITIS	489568
Asthma	Allergic rhinitis	ALLERG_RHINITIS	binary	rs71526323	Wald ratio	0.502585772776038	0.259971974689642	0.0532077985750233	asthma_gwama	ALLERG_RHINITIS	489568
Asthma	Allergic rhinitis	ALLERG_RHINITIS	binary	rs71554596	Wald ratio	0.734718863361548	0.476403523924685	0.123020232997225	asthma_gwama	ALLERG_RHINITIS	489568
Asthma	Allergic rhinitis	ALLERG_RHINITIS	binary	rs7166997	Wald ratio	-2.57429000751315	2.84839969947408	0.36611889721104	asthma_gwama	ALLERG_RHINITIS	489568
Asthma	Allergic rhinitis	ALLERG_RHINITIS	binary	rs7179656	Wald ratio	0.275757347400151	3.03134890730972	0.92751759850376	asthma_gwama	ALLERG_RHINITIS	489568
Asthma	Allergic rhinitis	ALLERG_RHINITIS	binary	rs7189678	Wald ratio	0.301463621374329	0.289340702724043	0.297458776160662	asthma_gwama	ALLERG_RHINITIS	489568
Asthma	Allergic rhinitis	ALLERG_RHINITIS	binary	rs7210983	Wald ratio	0.641163413700727	0.231517412935323	0.00561603182779294	asthma_gwama	ALLERG_RHINITIS	489568
Asthma	Allergic rhinitis	ALLERG_RHINITIS	binary	rs7219572	Wald ratio	0.117369431643625	0.402747521295908	0.770728698100191	asthma_gwama	ALLERG_RHINITIS	489568
Asthma	Allergic rhinitis	ALLERG_RHINITIS	binary	rs7240215	Wald ratio	5.30134935694708	2.97010331014126	0.0742768854721398	asthma_gwama	ALLERG_RHINITIS	489568
Asthma	Allergic rhinitis	ALLERG_RHINITIS	binary	rs72502575	Wald ratio	0.719549605173366	0.157236321883903	4.73429579237963e-06	asthma_gwama	ALLERG_RHINITIS	489568
Asthma	Allergic rhinitis	ALLERG_RHINITIS	binary	rs72743461	Wald ratio	4.55873307924826	0.851905638060192	8.73640321879789e-08	asthma_gwama	ALLERG_RHINITIS	489568
Asthma	Allergic rhinitis	ALLERG_RHINITIS	binary	rs72797984	Wald ratio	6.06889755011136	2.35018930957684	0.00981437819827114	asthma_gwama	ALLERG_RHINITIS	489568
Asthma	Allergic rhinitis	ALLERG_RHINITIS	binary	rs72798679	Wald ratio	4.27410400562193	2.1805340829234	0.0499820051836373	asthma_gwama	ALLERG_RHINITIS	489568
Asthma	Allergic rhinitis	ALLERG_RHINITIS	binary	rs72832017	Wald ratio	-0.378657591746268	0.339403330521939	0.264569121755245	asthma_gwama	ALLERG_RHINITIS	489568
Asthma	Allergic rhinitis	ALLERG_RHINITIS	binary	rs72837826	Wald ratio	2.47027800490597	2.53813028073044	0.330420705035008	asthma_gwama	ALLERG_RHINITIS	489568
Asthma	Allergic rhinitis	ALLERG_RHINITIS	binary	rs72923904	Wald ratio	5.88605191786129	5.09933359163115	0.248385944732936	asthma_gwama	ALLERG_RHINITIS	489568
Asthma	Allergic rhinitis	ALLERG_RHINITIS	binary	rs72975913	Wald ratio	3.41858309770657	2.54143889412504	0.178581046337663	asthma_gwama	ALLERG_RHINITIS	489568
Asthma	Allergic rhinitis	ALLERG_RHINITIS	binary	rs73012738	Wald ratio	-1.5996267496112	2.31126663210645	0.488874772527085	asthma_gwama	ALLERG_RHINITIS	489568
Asthma	Allergic rhinitis	ALLERG_RHINITIS	binary	rs73028255	Wald ratio	-0.00955590551181102	0.0381396850393701	0.802161892431872	asthma_gwama	ALLERG_RHINITIS	489568
Asthma	Allergic rhinitis	ALLERG_RHINITIS	binary	rs73063828	Wald ratio	1.0690864713016	0.658373117602812	0.104411948980418	asthma_gwama	ALLERG_RHINITIS	489568
Asthma	Allergic rhinitis	ALLERG_RHINITIS	binary	rs73078636	Wald ratio	3.98487744079767	2.48165074089461	0.108331794408188	asthma_gwama	ALLERG_RHINITIS	489568
Asthma	Allergic rhinitis	ALLERG_RHINITIS	binary	rs73084574	Wald ratio	-2.19302707136998	3.06765498652291	0.474678789748001	asthma_gwama	ALLERG_RHINITIS	489568
Asthma	Allergic rhinitis	ALLERG_RHINITIS	binary	rs73156090	Wald ratio	-0.015212323943662	0.0098618661971831	0.122942404361807	asthma_gwama	ALLERG_RHINITIS	489568
Asthma	Allergic rhinitis	ALLERG_RHINITIS	binary	rs73251988	Wald ratio	-0.0093540243902439	0.0228883536585366	0.682774127571499	asthma_gwama	ALLERG_RHINITIS	489568
Asthma	Allergic rhinitis	ALLERG_RHINITIS	binary	rs73351149	Wald ratio	0.837858446998174	0.322940607883149	0.00947379663872931	asthma_gwama	ALLERG_RHINITIS	489568
Asthma	Allergic rhinitis	ALLERG_RHINITIS	binary	rs7372960	Wald ratio	-0.312535641547862	2.5352749490835	0.901889454924774	asthma_gwama	ALLERG_RHINITIS	489568
Asthma	Allergic rhinitis	ALLERG_RHINITIS	binary	rs7397189	Wald ratio	0.721819867041677	0.434553183329072	0.096700955022893	asthma_gwama	ALLERG_RHINITIS	489568
Asthma	Allergic rhinitis	ALLERG_RHINITIS	binary	rs74466521	Wald ratio	3.19820081525559	1.31416389448531	0.0149478851742392	asthma_gwama	ALLERG_RHINITIS	489568
Asthma	Allergic rhinitis	ALLERG_RHINITIS	binary	rs74527968	Wald ratio	-0.00653245217391304	0.010614347826087	0.538266797784554	asthma_gwama	ALLERG_RHINITIS	489568
Asthma	Allergic rhinitis	ALLERG_RHINITIS	binary	rs74584830	Wald ratio	9.37150792732323	3.64369864599005	0.0101119704307389	asthma_gwama	ALLERG_RHINITIS	489568
Asthma	Allergic rhinitis	ALLERG_RHINITIS	binary	rs74655554	Wald ratio	-0.00650923529411765	0.00857882352941176	0.447998428453071	asthma_gwama	ALLERG_RHINITIS	489568
Asthma	Allergic rhinitis	ALLERG_RHINITIS	binary	rs74775122	Wald ratio	0.223566565538329	0.394565347220563	0.570975917116627	asthma_gwama	ALLERG_RHINITIS	489568
Asthma	Allergic rhinitis	ALLERG_RHINITIS	binary	rs74948252	Wald ratio	0.00247523703703704	0.019867037037037	0.900848030279738	asthma_gwama	ALLERG_RHINITIS	489568
Asthma	Allergic rhinitis	ALLERG_RHINITIS	binary	rs75007171	Wald ratio	-0.40390158172232	1.98156854130053	0.838486953336433	asthma_gwama	ALLERG_RHINITIS	489568
Asthma	Allergic rhinitis	ALLERG_RHINITIS	binary	rs75032480	Wald ratio	0.74520281681165	0.384861230602556	0.0528322359296219	asthma_gwama	ALLERG_RHINITIS	489568
Asthma	Allergic rhinitis	ALLERG_RHINITIS	binary	rs75395290	Wald ratio	0.0305891428571429	0.0344841142857143	0.375051836803024	asthma_gwama	ALLERG_RHINITIS	489568
Asthma	Allergic rhinitis	ALLERG_RHINITIS	binary	rs75507056	Wald ratio	0.115988859200217	1.69341515329922	0.945392357767765	asthma_gwama	ALLERG_RHINITIS	489568
Asthma	Allergic rhinitis	ALLERG_RHINITIS	binary	rs7555556	Wald ratio	2.52274302690213	2.01427628321505	0.210412681372773	asthma_gwama	ALLERG_RHINITIS	489568
Asthma	Allergic rhinitis	ALLERG_RHINITIS	binary	rs75557865	Wald ratio	1.7307018484751	0.418870892774143	3.59892056392004e-05	asthma_gwama	ALLERG_RHINITIS	489568
Asthma	Allergic rhinitis	ALLERG_RHINITIS	binary	rs75565607	Wald ratio	-0.193705361486815	0.37271674613214	0.603264329438991	asthma_gwama	ALLERG_RHINITIS	489568
Asthma	Allergic rhinitis	ALLERG_RHINITIS	binary	rs7569613	Wald ratio	-0.0684329896907217	0.400501718213058	0.86432743695848	asthma_gwama	ALLERG_RHINITIS	489568
Asthma	Allergic rhinitis	ALLERG_RHINITIS	binary	rs7592973	Wald ratio	-0.457051318400907	0.530198468953785	0.388666513176287	asthma_gwama	ALLERG_RHINITIS	489568
Asthma	Allergic rhinitis	ALLERG_RHINITIS	binary	rs75957773	Wald ratio	-1.92297838270617	3.50337870296237	0.583079208221996	asthma_gwama	ALLERG_RHINITIS	489568
Asthma	Allergic rhinitis	ALLERG_RHINITIS	binary	rs760517	Wald ratio	11.8202113309353	2.73700539568345	1.56975342246642e-05	asthma_gwama	ALLERG_RHINITIS	489568
Asthma	Allergic rhinitis	ALLERG_RHINITIS	binary	rs7608337	Wald ratio	0.60239393939394	0.253238095238095	0.017370742075133	asthma_gwama	ALLERG_RHINITIS	489568
Asthma	Allergic rhinitis	ALLERG_RHINITIS	binary	rs7609911	Wald ratio	3.88198728514245	2.73682599481987	0.156066201434367	asthma_gwama	ALLERG_RHINITIS	489568
Asthma	Allergic rhinitis	ALLERG_RHINITIS	binary	rs7611041	Wald ratio	2.90720906282183	2.98038105046344	0.329337696443189	asthma_gwama	ALLERG_RHINITIS	489568
Asthma	Allergic rhinitis	ALLERG_RHINITIS	binary	rs76111267	Wald ratio	-0.394101649629639	0.311956534704248	0.206473372102511	asthma_gwama	ALLERG_RHINITIS	489568
Asthma	Allergic rhinitis	ALLERG_RHINITIS	binary	rs76181804	Wald ratio	9.51033149818437	2.67017687712311	0.00036848097495299	asthma_gwama	ALLERG_RHINITIS	489568
Asthma	Allergic rhinitis	ALLERG_RHINITIS	binary	rs76245582	Wald ratio	2.84425973446391	3.04071181524043	0.349585940706387	asthma_gwama	ALLERG_RHINITIS	489568
Asthma	Allergic rhinitis	ALLERG_RHINITIS	binary	rs7625643	Wald ratio	1.31823572311888	0.36648698354314	0.000321969102165597	asthma_gwama	ALLERG_RHINITIS	489568
Asthma	Allergic rhinitis	ALLERG_RHINITIS	binary	rs7628922	Wald ratio	0.967425618103087	0.406313730968012	0.01726656275109	asthma_gwama	ALLERG_RHINITIS	489568
Asthma	Allergic rhinitis	ALLERG_RHINITIS	binary	rs76300334	Wald ratio	0.0304153409090909	0.0342881818181818	0.375051836803024	asthma_gwama	ALLERG_RHINITIS	489568
Asthma	Allergic rhinitis	ALLERG_RHINITIS	binary	rs7636493	Wald ratio	0.128664854793771	0.252467394834453	0.610310989875783	asthma_gwama	ALLERG_RHINITIS	489568
Asthma	Allergic rhinitis	ALLERG_RHINITIS	binary	rs7650543	Wald ratio	0.68631718061674	0.203069603524229	0.000725612954825113	asthma_gwama	ALLERG_RHINITIS	489568
Asthma	Allergic rhinitis	ALLERG_RHINITIS	binary	rs76537075	Wald ratio	0.0304153409090909	0.0342881818181818	0.375051836803024	asthma_gwama	ALLERG_RHINITIS	489568
Asthma	Allergic rhinitis	ALLERG_RHINITIS	binary	rs76613419	Wald ratio	3.97164464257284	2.33284508836173	0.0886636150724977	asthma_gwama	ALLERG_RHINITIS	489568
Asthma	Allergic rhinitis	ALLERG_RHINITIS	binary	rs76876264	Wald ratio	-0.00636022988505747	0.0083816091954023	0.447953302163695	asthma_gwama	ALLERG_RHINITIS	489568
Asthma	Allergic rhinitis	ALLERG_RHINITIS	binary	rs76905924	Wald ratio	0.928753720365366	0.394998460538469	0.0187087279262851	asthma_gwama	ALLERG_RHINITIS	489568
Asthma	Allergic rhinitis	ALLERG_RHINITIS	binary	rs77000868	Wald ratio	3.07345115268796	1.43811028286518	0.0325861459990996	asthma_gwama	ALLERG_RHINITIS	489568
Asthma	Allergic rhinitis	ALLERG_RHINITIS	binary	rs77042341	Wald ratio	0.526539318333705	3.24220316328804	0.870989529078583	asthma_gwama	ALLERG_RHINITIS	489568
Asthma	Allergic rhinitis	ALLERG_RHINITIS	binary	rs7706446	Wald ratio	1.50909175724215	0.329466187743932	4.64054938918815e-06	asthma_gwama	ALLERG_RHINITIS	489568
Asthma	Allergic rhinitis	ALLERG_RHINITIS	binary	rs771018	Wald ratio	6.12030562630239	2.73903681407733	0.0254519234989628	asthma_gwama	ALLERG_RHINITIS	489568
Asthma	Allergic rhinitis	ALLERG_RHINITIS	binary	rs7712116	Wald ratio	0.837716957704805	0.343420600744987	0.0147144312528808	asthma_gwama	ALLERG_RHINITIS	489568
Asthma	Allergic rhinitis	ALLERG_RHINITIS	binary	rs7714962	Wald ratio	5.55578925872983	2.39244435368593	0.0202209321806709	asthma_gwama	ALLERG_RHINITIS	489568
Asthma	Allergic rhinitis	ALLERG_RHINITIS	binary	rs77409392	Wald ratio	0.0304153409090909	0.0342881818181818	0.375051836803024	asthma_gwama	ALLERG_RHINITIS	489568
Asthma	Allergic rhinitis	ALLERG_RHINITIS	binary	rs7750922	Wald ratio	1.70423427600062	2.31971874517076	0.462538786790875	asthma_gwama	ALLERG_RHINITIS	489568
Asthma	Allergic rhinitis	ALLERG_RHINITIS	binary	rs7757696	Wald ratio	-0.447522803883116	0.131323846545744	0.000654936278912113	asthma_gwama	ALLERG_RHINITIS	489568
Asthma	Allergic rhinitis	ALLERG_RHINITIS	binary	rs7770794	Wald ratio	6.67221662975639	2.42838735655325	0.00600347422002187	asthma_gwama	ALLERG_RHINITIS	489568
Asthma	Allergic rhinitis	ALLERG_RHINITIS	binary	rs77798824	Wald ratio	0.339898803368297	0.597994533904565	0.569764854554095	asthma_gwama	ALLERG_RHINITIS	489568
Asthma	Allergic rhinitis	ALLERG_RHINITIS	binary	rs7781	Wald ratio	1.27593994471445	0.316047263726535	5.40973772083413e-05	asthma_gwama	ALLERG_RHINITIS	489568
Asthma	Allergic rhinitis	ALLERG_RHINITIS	binary	rs77812656	Wald ratio	4.04371239911959	1.7585693323551	0.021480362453561	asthma_gwama	ALLERG_RHINITIS	489568
Asthma	Allergic rhinitis	ALLERG_RHINITIS	binary	rs77872759	Wald ratio	0.54901589340183	0.370370846042704	0.138249581931324	asthma_gwama	ALLERG_RHINITIS	489568
Asthma	Allergic rhinitis	ALLERG_RHINITIS	binary	rs7800265	Wald ratio	1.25675615643186	0.66226918008026	0.0577419948268708	asthma_gwama	ALLERG_RHINITIS	489568
Asthma	Allergic rhinitis	ALLERG_RHINITIS	binary	rs7803406	Wald ratio	12.2148663697105	3.08872494432071	7.66425933374852e-05	asthma_gwama	ALLERG_RHINITIS	489568
Asthma	Allergic rhinitis	ALLERG_RHINITIS	binary	rs78037977	Wald ratio	4.06117549668874	3.14743377483444	0.196941918979758	asthma_gwama	ALLERG_RHINITIS	489568
Asthma	Allergic rhinitis	ALLERG_RHINITIS	binary	rs78218185	Wald ratio	1.24680092775924	1.9776093228489	0.528394540624048	asthma_gwama	ALLERG_RHINITIS	489568
Asthma	Allergic rhinitis	ALLERG_RHINITIS	binary	rs7823221	Wald ratio	4.75400883104811	2.87095049965141	0.0977419376818354	asthma_gwama	ALLERG_RHINITIS	489568
Asthma	Allergic rhinitis	ALLERG_RHINITIS	binary	rs7824394	Wald ratio	0.509596813937691	0.165439482131678	0.00206819145961724	asthma_gwama	ALLERG_RHINITIS	489568
Asthma	Allergic rhinitis	ALLERG_RHINITIS	binary	rs78351402	Wald ratio	4.31800100820311	2.31478850648458	0.0621256884648821	asthma_gwama	ALLERG_RHINITIS	489568
Asthma	Allergic rhinitis	ALLERG_RHINITIS	binary	rs78515650	Wald ratio	-0.119993420571679	0.449035017179618	0.789295863276073	asthma_gwama	ALLERG_RHINITIS	489568
Asthma	Allergic rhinitis	ALLERG_RHINITIS	binary	rs7851584	Wald ratio	-0.561150877192983	0.411842105263158	0.173027885510774	asthma_gwama	ALLERG_RHINITIS	489568
Asthma	Allergic rhinitis	ALLERG_RHINITIS	binary	rs7852683	Wald ratio	3.08926646355753	2.81373330208577	0.272237499871761	asthma_gwama	ALLERG_RHINITIS	489568
Asthma	Allergic rhinitis	ALLERG_RHINITIS	binary	rs785515	Wald ratio	0.90291304493741	0.391193744336678	0.020993750937928	asthma_gwama	ALLERG_RHINITIS	489568
Asthma	Allergic rhinitis	ALLERG_RHINITIS	binary	rs7864027	Wald ratio	5.62668116901542	2.02382483684858	0.00543218449261129	asthma_gwama	ALLERG_RHINITIS	489568
Asthma	Allergic rhinitis	ALLERG_RHINITIS	binary	rs78792612	Wald ratio	0.00659975	0.0096832	0.4955127597775	asthma_gwama	ALLERG_RHINITIS	489568
Asthma	Allergic rhinitis	ALLERG_RHINITIS	binary	rs78867455	Wald ratio	0.0983362400868735	0.404982065879101	0.808147720680028	asthma_gwama	ALLERG_RHINITIS	489568
Asthma	Allergic rhinitis	ALLERG_RHINITIS	binary	rs78921182	Wald ratio	0.00281666086956522	0.0138426086956522	0.838761747864825	asthma_gwama	ALLERG_RHINITIS	489568
Asthma	Allergic rhinitis	ALLERG_RHINITIS	binary	rs7893324	Wald ratio	-1.02917540181691	2.66134171907757	0.698968701612336	asthma_gwama	ALLERG_RHINITIS	489568
Asthma	Allergic rhinitis	ALLERG_RHINITIS	binary	rs7918084	Wald ratio	2.92932531730127	1.93201402805611	0.129468049101363	asthma_gwama	ALLERG_RHINITIS	489568
Asthma	Allergic rhinitis	ALLERG_RHINITIS	binary	rs79282662	Wald ratio	3.24218473296673	2.38491005685525	0.174001545691814	asthma_gwama	ALLERG_RHINITIS	489568
Asthma	Allergic rhinitis	ALLERG_RHINITIS	binary	rs7943688	Wald ratio	0.0164802231459199	2.61139794355721	0.994964678456527	asthma_gwama	ALLERG_RHINITIS	489568
Asthma	Allergic rhinitis	ALLERG_RHINITIS	binary	rs79491862	Wald ratio	10.2837232453957	2.96841712294674	0.000531456302219365	asthma_gwama	ALLERG_RHINITIS	489568
Asthma	Allergic rhinitis	ALLERG_RHINITIS	binary	rs79534829	Wald ratio	2.63725119762499	3.1250725322178	0.39872484333542	asthma_gwama	ALLERG_RHINITIS	489568
Asthma	Allergic rhinitis	ALLERG_RHINITIS	binary	rs80021310	Wald ratio	0.0304153409090909	0.0342881818181818	0.375051836803024	asthma_gwama	ALLERG_RHINITIS	489568
Asthma	Allergic rhinitis	ALLERG_RHINITIS	binary	rs80074882	Wald ratio	-0.901599573447081	2.49352172753932	0.71766831422843	asthma_gwama	ALLERG_RHINITIS	489568
Asthma	Allergic rhinitis	ALLERG_RHINITIS	binary	rs803305	Wald ratio	5.70698051948052	2.92421150278293	0.0509820828223269	asthma_gwama	ALLERG_RHINITIS	489568
Asthma	Allergic rhinitis	ALLERG_RHINITIS	binary	rs8057047	Wald ratio	0.786859513895042	0.580879182540386	0.17554471890662	asthma_gwama	ALLERG_RHINITIS	489568
Asthma	Allergic rhinitis	ALLERG_RHINITIS	binary	rs8087436	Wald ratio	3.58968819599109	3.2693986636971	0.272219386474069	asthma_gwama	ALLERG_RHINITIS	489568
Asthma	Allergic rhinitis	ALLERG_RHINITIS	binary	rs8089099	Wald ratio	-1.19999791013584	2.72721003134796	0.659930336228398	asthma_gwama	ALLERG_RHINITIS	489568
Asthma	Allergic rhinitis	ALLERG_RHINITIS	binary	rs8100197	Wald ratio	1.49262480961246	2.26567947199188	0.51002557546005	asthma_gwama	ALLERG_RHINITIS	489568
Asthma	Allergic rhinitis	ALLERG_RHINITIS	binary	rs8111628	Wald ratio	0.480990471709211	0.364086578049641	0.186471966557791	asthma_gwama	ALLERG_RHINITIS	489568
Asthma	Allergic rhinitis	ALLERG_RHINITIS	binary	rs8113513	Wald ratio	0.291747474062521	0.440987997558826	0.508242413433425	asthma_gwama	ALLERG_RHINITIS	489568
Asthma	Allergic rhinitis	ALLERG_RHINITIS	binary	rs8185754	Wald ratio	-0.00402113053613054	0.00915013986013986	0.660327461919947	asthma_gwama	ALLERG_RHINITIS	489568
Asthma	Allergic rhinitis	ALLERG_RHINITIS	binary	rs821429	Wald ratio	6.03900702909512	3.14551116647389	0.054872936190502	asthma_gwama	ALLERG_RHINITIS	489568
Asthma	Allergic rhinitis	ALLERG_RHINITIS	binary	rs857229	Wald ratio	1.05936305732484	3.22683944651878	0.742686796528358	asthma_gwama	ALLERG_RHINITIS	489568
Asthma	Allergic rhinitis	ALLERG_RHINITIS	binary	rs9267111	Wald ratio	1.38213129688136	0.246578024150563	2.07955425541121e-08	asthma_gwama	ALLERG_RHINITIS	489568
Asthma	Allergic rhinitis	ALLERG_RHINITIS	binary	rs9271726	Wald ratio	0.0781910096827915	0.0961597956805929	0.416139980514777	asthma_gwama	ALLERG_RHINITIS	489568
Asthma	Allergic rhinitis	ALLERG_RHINITIS	binary	rs9273374	Wald ratio	0.365000784047252	0.0752587355931317	1.23495252510091e-06	asthma_gwama	ALLERG_RHINITIS	489568
Asthma	Allergic rhinitis	ALLERG_RHINITIS	binary	rs9290877	Wald ratio	5.35040274207369	2.4035646958012	0.0260122940106056	asthma_gwama	ALLERG_RHINITIS	489568
Asthma	Allergic rhinitis	ALLERG_RHINITIS	binary	rs9299219	Wald ratio	5.2188669527897	4.31117596566524	0.226070328510852	asthma_gwama	ALLERG_RHINITIS	489568
Asthma	Allergic rhinitis	ALLERG_RHINITIS	binary	rs9322952	Wald ratio	6.61535990931419	2.31180804836577	0.00421571786246602	asthma_gwama	ALLERG_RHINITIS	489568
Asthma	Allergic rhinitis	ALLERG_RHINITIS	binary	rs9327638	Wald ratio	2.5325623465564	2.66714045742344	0.342344933222015	asthma_gwama	ALLERG_RHINITIS	489568
Asthma	Allergic rhinitis	ALLERG_RHINITIS	binary	rs9379084	Wald ratio	0.889619709973365	2.71401302160403	0.743072292764453	asthma_gwama	ALLERG_RHINITIS	489568
Asthma	Allergic rhinitis	ALLERG_RHINITIS	binary	rs9386512	Wald ratio	1.94855691812214	2.70658986745943	0.471567714804245	asthma_gwama	ALLERG_RHINITIS	489568
Asthma	Allergic rhinitis	ALLERG_RHINITIS	binary	rs9392504	Wald ratio	5.57148023766469	2.97649186256781	0.0612304298079514	asthma_gwama	ALLERG_RHINITIS	489568
Asthma	Allergic rhinitis	ALLERG_RHINITIS	binary	rs9549000	Wald ratio	0.453289863663308	0.44967768227623	0.313438704986126	asthma_gwama	ALLERG_RHINITIS	489568
Asthma	Allergic rhinitis	ALLERG_RHINITIS	binary	rs961552	Wald ratio	0.0554635597421914	0.400918661961562	0.889970783489585	asthma_gwama	ALLERG_RHINITIS	489568
Asthma	Allergic rhinitis	ALLERG_RHINITIS	binary	rs9663421	Wald ratio	1.10478863597467	2.4214102344686	0.648204211188016	asthma_gwama	ALLERG_RHINITIS	489568
Asthma	Allergic rhinitis	ALLERG_RHINITIS	binary	rs9663656	Wald ratio	0.0250666145833333	0.0193047916666667	0.194127270762889	asthma_gwama	ALLERG_RHINITIS	489568
Asthma	Allergic rhinitis	ALLERG_RHINITIS	binary	rs9688839	Wald ratio	4.01338065393038	1.6240277882655	0.0134641196356975	asthma_gwama	ALLERG_RHINITIS	489568
Asthma	Allergic rhinitis	ALLERG_RHINITIS	binary	rs9693836	Wald ratio	0.0469295491917056	0.440363465522028	0.915130093112686	asthma_gwama	ALLERG_RHINITIS	489568
Asthma	Allergic rhinitis	ALLERG_RHINITIS	binary	rs9695132	Wald ratio	0.234078400408723	0.197929681149997	0.236954171732411	asthma_gwama	ALLERG_RHINITIS	489568
Asthma	Allergic rhinitis	ALLERG_RHINITIS	binary	rs9713035	Wald ratio	1.5689635470232	0.380326819792024	3.70246240716307e-05	asthma_gwama	ALLERG_RHINITIS	489568
Asthma	Allergic rhinitis	ALLERG_RHINITIS	binary	rs9775039	Wald ratio	0.65952122976908	0.107309541545338	7.94762740512776e-10	asthma_gwama	ALLERG_RHINITIS	489568
Asthma	Allergic rhinitis	ALLERG_RHINITIS	binary	rs9797329	Wald ratio	0.330711951848667	0.406596732588134	0.416008255508402	asthma_gwama	ALLERG_RHINITIS	489568
Asthma	Allergic rhinitis	ALLERG_RHINITIS	binary	rs9801498	Wald ratio	0.111649235267656	0.353477845254161	0.752109368802135	asthma_gwama	ALLERG_RHINITIS	489568
Asthma	Allergic rhinitis	ALLERG_RHINITIS	binary	rs9836924	Wald ratio	0.291299866697012	0.41478362649153	0.482496113114447	asthma_gwama	ALLERG_RHINITIS	489568
Asthma	Allergic rhinitis	ALLERG_RHINITIS	binary	rs9852322	Wald ratio	0.533235952867855	0.378293894244815	0.158663388098535	asthma_gwama	ALLERG_RHINITIS	489568
Asthma	Allergic rhinitis	ALLERG_RHINITIS	binary	rs9878655	Wald ratio	0.65434562056138	0.222389433735392	0.00325740675583023	asthma_gwama	ALLERG_RHINITIS	489568
Asthma	Allergic rhinitis	ALLERG_RHINITIS	binary	rs9883633	Wald ratio	3.67168674698795	2.67546339202966	0.169952813929994	asthma_gwama	ALLERG_RHINITIS	489568
Asthma	Allergic rhinitis	ALLERG_RHINITIS	binary	rs9909541	Wald ratio	0.766483069009859	3.12323189027004	0.806136326786853	asthma_gwama	ALLERG_RHINITIS	489568
Asthma	Allergic rhinitis	ALLERG_RHINITIS	binary	rs9920526	Wald ratio	0.787345155074326	0.17989654064966	1.20514312225906e-05	asthma_gwama	ALLERG_RHINITIS	489568
Asthma	Allergic rhinitis	ALLERG_RHINITIS	binary	rs9938050	Wald ratio	0.299810899448748	0.423047938036425	0.478515322078614	asthma_gwama	ALLERG_RHINITIS	489568
Asthma	Allergic rhinitis	ALLERG_RHINITIS	binary	rs9949875	Wald ratio	0.488602930755931	0.515569286584847	0.343284257484754	asthma_gwama	ALLERG_RHINITIS	489568
Asthma	Allergic rhinitis	ALLERG_RHINITIS	binary	rs9950097	Wald ratio	0.123822607084313	0.424545648920248	0.770547274245961	asthma_gwama	ALLERG_RHINITIS	489568
Asthma	Allergic rhinitis	ALLERG_RHINITIS	binary	rs9979383	Wald ratio	6.39759654889072	2.49011914543961	0.0101935682944738	asthma_gwama	ALLERG_RHINITIS	489568
Asthma	Allergic rhinitis	ALLERG_RHINITIS	binary	rs9979428	Wald ratio	-0.442690547263682	0.460796019900498	0.336698871671054	asthma_gwama	ALLERG_RHINITIS	489568
Asthma	Allergic rhinitis	ALLERG_RHINITIS	binary	All - Inverse variance weighted	Inverse variance weighted	0.000620712080544741	0.000973801865307224	0.523857125177319	asthma_gwama	ALLERG_RHINITIS	489568
Asthma	Allergic rhinitis	ALLERG_RHINITIS	binary	All - MR Egger	MR Egger	-0.00089283853512164	0.000726497222373427	0.219530234384257	asthma_gwama	ALLERG_RHINITIS	489568
