exposure	outcome	outcome_id	outcome_type	SNP	method	beta	SE	p_value	id.exposure	id.outcome	samplesize
Asthma	BMI (inverse-rank normalized)	BMI_IRN	continuous	rs10035217	Wald ratio	0.24655247691016	0.0736255247691016	0.000811809835424169	asthma_gwama	BMI_IRN	362216
Asthma	BMI (inverse-rank normalized)	BMI_IRN	continuous	rs10040192	Wald ratio	1.14130526810913	0.516601599247413	0.0271568282719842	asthma_gwama	BMI_IRN	362216
Asthma	BMI (inverse-rank normalized)	BMI_IRN	continuous	rs10057913	Wald ratio	0.473902516054321	0.326440677966102	0.146577724795212	asthma_gwama	BMI_IRN	362216
Asthma	BMI (inverse-rank normalized)	BMI_IRN	continuous	rs1009727	Wald ratio	-0.145269537136706	0.515091496232508	0.777923063725145	asthma_gwama	BMI_IRN	362216
Asthma	BMI (inverse-rank normalized)	BMI_IRN	continuous	rs1012177	Wald ratio	-0.322005693015108	0.501057587037443	0.520449891279658	asthma_gwama	BMI_IRN	362216
Asthma	BMI (inverse-rank normalized)	BMI_IRN	continuous	rs10158467	Wald ratio	0.492275873712646	0.403535370589228	0.222499896683272	asthma_gwama	BMI_IRN	362216
Asthma	BMI (inverse-rank normalized)	BMI_IRN	continuous	rs10175070	Wald ratio	0.403508098891731	0.526664535379369	0.443582462988212	asthma_gwama	BMI_IRN	362216
Asthma	BMI (inverse-rank normalized)	BMI_IRN	continuous	rs10185424	Wald ratio	-1.67875281589187	0.490389105058366	0.000618639983578944	asthma_gwama	BMI_IRN	362216
Asthma	BMI (inverse-rank normalized)	BMI_IRN	continuous	rs10186746	Wald ratio	0.455150186718623	0.359173567137522	0.205078369134669	asthma_gwama	BMI_IRN	362216
Asthma	BMI (inverse-rank normalized)	BMI_IRN	continuous	rs10197437	Wald ratio	0.282610336721518	0.0837641956097077	0.00074116694218568	asthma_gwama	BMI_IRN	362216
Asthma	BMI (inverse-rank normalized)	BMI_IRN	continuous	rs1021621	Wald ratio	-1.70775954122998	0.440312438204469	0.000105094924295472	asthma_gwama	BMI_IRN	362216
Asthma	BMI (inverse-rank normalized)	BMI_IRN	continuous	rs1029751	Wald ratio	-0.0792798143217967	0.0779619769267527	0.309199294746728	asthma_gwama	BMI_IRN	362216
Asthma	BMI (inverse-rank normalized)	BMI_IRN	continuous	rs1030347	Wald ratio	0.427006616472736	0.553894592744696	0.440756281174517	asthma_gwama	BMI_IRN	362216
Asthma	BMI (inverse-rank normalized)	BMI_IRN	continuous	rs10498730	Wald ratio	-1.108130532279	0.711818718281601	0.11952760267843	asthma_gwama	BMI_IRN	362216
Asthma	BMI (inverse-rank normalized)	BMI_IRN	continuous	rs10751640	Wald ratio	0.00502322554626778	0.0416769321014812	0.904065123389858	asthma_gwama	BMI_IRN	362216
Asthma	BMI (inverse-rank normalized)	BMI_IRN	continuous	rs10791824	Wald ratio	-1.01365970841617	0.376177932405567	0.00704671882331965	asthma_gwama	BMI_IRN	362216
Asthma	BMI (inverse-rank normalized)	BMI_IRN	continuous	rs10795633	Wald ratio	0.262156771076827	0.350758921614462	0.454822914309468	asthma_gwama	BMI_IRN	362216
Asthma	BMI (inverse-rank normalized)	BMI_IRN	continuous	rs10797291	Wald ratio	0.355937068418499	0.0838856332350416	2.20430436075874e-05	asthma_gwama	BMI_IRN	362216
Asthma	BMI (inverse-rank normalized)	BMI_IRN	continuous	rs10905469	Wald ratio	-0.0431194270107978	0.0410765251677549	0.293840405405449	asthma_gwama	BMI_IRN	362216
Asthma	BMI (inverse-rank normalized)	BMI_IRN	continuous	rs10916031	Wald ratio	-0.135023302479125	0.0712657777202408	0.0581395361587941	asthma_gwama	BMI_IRN	362216
Asthma	BMI (inverse-rank normalized)	BMI_IRN	continuous	rs10928554	Wald ratio	-2.92258757213797	0.478076768219031	9.76417538967926e-10	asthma_gwama	BMI_IRN	362216
Asthma	BMI (inverse-rank normalized)	BMI_IRN	continuous	rs10988207	Wald ratio	0.0438391150749986	0.0741874674234088	0.554571705027726	asthma_gwama	BMI_IRN	362216
Asthma	BMI (inverse-rank normalized)	BMI_IRN	continuous	rs11069349	Wald ratio	-0.976899666208521	0.502990378951502	0.0521148774371892	asthma_gwama	BMI_IRN	362216
Asthma	BMI (inverse-rank normalized)	BMI_IRN	continuous	rs11074853	Wald ratio	-0.189942078897934	0.407919536631184	0.641475968989332	asthma_gwama	BMI_IRN	362216
Asthma	BMI (inverse-rank normalized)	BMI_IRN	continuous	rs111164030	Wald ratio	0.184880830567271	0.856747111233123	0.829148375991293	asthma_gwama	BMI_IRN	362216
Asthma	BMI (inverse-rank normalized)	BMI_IRN	continuous	rs111261380	Wald ratio	-0.141693882894429	0.0602232419694903	0.0186321210295105	asthma_gwama	BMI_IRN	362216
Asthma	BMI (inverse-rank normalized)	BMI_IRN	continuous	rs11146290	Wald ratio	0.0208314473316569	0.0897132578932663	0.816382428007099	asthma_gwama	BMI_IRN	362216
Asthma	BMI (inverse-rank normalized)	BMI_IRN	continuous	rs111572801	Wald ratio	-0.104902816768977	0.209244831893831	0.61613181580484	asthma_gwama	BMI_IRN	362216
Asthma	BMI (inverse-rank normalized)	BMI_IRN	continuous	rs11158543	Wald ratio	-0.131420143578079	0.0857765299594854	0.125492231263931	asthma_gwama	BMI_IRN	362216
Asthma	BMI (inverse-rank normalized)	BMI_IRN	continuous	rs111597890	Wald ratio	-0.0715539019361566	0.0706391449629121	0.31108417899482	asthma_gwama	BMI_IRN	362216
Asthma	BMI (inverse-rank normalized)	BMI_IRN	continuous	rs111641596	Wald ratio	1.62596755833808	0.61588218554354	0.00828907010018712	asthma_gwama	BMI_IRN	362216
Asthma	BMI (inverse-rank normalized)	BMI_IRN	continuous	rs11188006	Wald ratio	-0.0345563835361239	0.0812572044012342	0.670638674371535	asthma_gwama	BMI_IRN	362216
Asthma	BMI (inverse-rank normalized)	BMI_IRN	continuous	rs111966309	Wald ratio	-0.220945278291615	0.0701674198609127	0.00163925512382721	asthma_gwama	BMI_IRN	362216
Asthma	BMI (inverse-rank normalized)	BMI_IRN	continuous	rs112068732	Wald ratio	0.954628927147165	0.487697694776773	0.0502981799253216	asthma_gwama	BMI_IRN	362216
Asthma	BMI (inverse-rank normalized)	BMI_IRN	continuous	rs11207023	Wald ratio	1.77636637282305	0.608712104923672	0.00352016341494977	asthma_gwama	BMI_IRN	362216
Asthma	BMI (inverse-rank normalized)	BMI_IRN	continuous	rs11236723	Wald ratio	1.38555321219987	1.05132219338092	0.187532128060486	asthma_gwama	BMI_IRN	362216
Asthma	BMI (inverse-rank normalized)	BMI_IRN	continuous	rs112502960	Wald ratio	0.0542917124216782	0.0355635940830696	0.126858200397794	asthma_gwama	BMI_IRN	362216
Asthma	BMI (inverse-rank normalized)	BMI_IRN	continuous	rs11253578	Wald ratio	0.00705251274581209	0.455963219227968	0.987659384710079	asthma_gwama	BMI_IRN	362216
Asthma	BMI (inverse-rank normalized)	BMI_IRN	continuous	rs11255686	Wald ratio	-0.0464180407371484	0.432091173617847	0.914450635358547	asthma_gwama	BMI_IRN	362216
Asthma	BMI (inverse-rank normalized)	BMI_IRN	continuous	rs11256016	Wald ratio	0.0109193069780798	0.0350298969401104	0.75525793753292	asthma_gwama	BMI_IRN	362216
Asthma	BMI (inverse-rank normalized)	BMI_IRN	continuous	rs112715785	Wald ratio	0.0033726540973292	0.0946362630448461	0.971570949336794	asthma_gwama	BMI_IRN	362216
Asthma	BMI (inverse-rank normalized)	BMI_IRN	continuous	rs112743107	Wald ratio	-1.43184810126582	0.649645569620253	0.0275211760892605	asthma_gwama	BMI_IRN	362216
Asthma	BMI (inverse-rank normalized)	BMI_IRN	continuous	rs112842054	Wald ratio	-0.0808245557227481	0.0520902459000781	0.120751849343095	asthma_gwama	BMI_IRN	362216
Asthma	BMI (inverse-rank normalized)	BMI_IRN	continuous	rs113030358	Wald ratio	0.00069374358974359	0.00111869230769231	0.535166948152999	asthma_gwama	BMI_IRN	362216
Asthma	BMI (inverse-rank normalized)	BMI_IRN	continuous	rs113108794	Wald ratio	0.227032374100719	0.663837230215827	0.732350845362977	asthma_gwama	BMI_IRN	362216
Asthma	BMI (inverse-rank normalized)	BMI_IRN	continuous	rs113206908	Wald ratio	-0.463595521745371	0.453763456293957	0.306938146127905	asthma_gwama	BMI_IRN	362216
Asthma	BMI (inverse-rank normalized)	BMI_IRN	continuous	rs113214835	Wald ratio	0.040880244455126	0.639005699375129	0.948990314013686	asthma_gwama	BMI_IRN	362216
Asthma	BMI (inverse-rank normalized)	BMI_IRN	continuous	rs113359448	Wald ratio	-0.188016537631011	0.0803942170959077	0.0193518785982746	asthma_gwama	BMI_IRN	362216
Asthma	BMI (inverse-rank normalized)	BMI_IRN	continuous	rs113396459	Wald ratio	-2.08489193682461	1.6177195899141	0.197473015239915	asthma_gwama	BMI_IRN	362216
Asthma	BMI (inverse-rank normalized)	BMI_IRN	continuous	rs113481061	Wald ratio	0.00603894290375204	0.0568507667210441	0.91540425178828	asthma_gwama	BMI_IRN	362216
Asthma	BMI (inverse-rank normalized)	BMI_IRN	continuous	rs113484502	Wald ratio	-0.45121354616958	0.0774071652995382	5.57295236621376e-09	asthma_gwama	BMI_IRN	362216
Asthma	BMI (inverse-rank normalized)	BMI_IRN	continuous	rs113560750	Wald ratio	-0.435254056362084	0.558708368915457	0.435958378379931	asthma_gwama	BMI_IRN	362216
Asthma	BMI (inverse-rank normalized)	BMI_IRN	continuous	rs113604048	Wald ratio	0.472248019366197	0.412574823943662	0.252359949759875	asthma_gwama	BMI_IRN	362216
Asthma	BMI (inverse-rank normalized)	BMI_IRN	continuous	rs113626350	Wald ratio	0.157835833914864	0.376106071179344	0.674735481679609	asthma_gwama	BMI_IRN	362216
Asthma	BMI (inverse-rank normalized)	BMI_IRN	continuous	rs113973315	Wald ratio	-0.0155000279329609	0.0190679888268156	0.416285624167044	asthma_gwama	BMI_IRN	362216
Asthma	BMI (inverse-rank normalized)	BMI_IRN	continuous	rs113981909	Wald ratio	0.0902101329412485	0.0639272805244134	0.158204304614279	asthma_gwama	BMI_IRN	362216
Asthma	BMI (inverse-rank normalized)	BMI_IRN	continuous	rs114045542	Wald ratio	0.00322323741007194	0.00322326618705036	0.317314828460095	asthma_gwama	BMI_IRN	362216
Asthma	BMI (inverse-rank normalized)	BMI_IRN	continuous	rs114137525	Wald ratio	-1.1351838931526	0.68894647662713	0.0994122265443167	asthma_gwama	BMI_IRN	362216
Asthma	BMI (inverse-rank normalized)	BMI_IRN	continuous	rs1143869	Wald ratio	-0.639744569939183	0.396211989574283	0.106386029284147	asthma_gwama	BMI_IRN	362216
Asthma	BMI (inverse-rank normalized)	BMI_IRN	continuous	rs114677569	Wald ratio	0.0239151627948198	0.106334540862109	0.822053231576626	asthma_gwama	BMI_IRN	362216
Asthma	BMI (inverse-rank normalized)	BMI_IRN	continuous	rs1149915	Wald ratio	-0.222429042299945	0.234431422816334	0.342721238852922	asthma_gwama	BMI_IRN	362216
Asthma	BMI (inverse-rank normalized)	BMI_IRN	continuous	rs115026096	Wald ratio	-1.69950939164564	0.563329828987945	0.00255374594695711	asthma_gwama	BMI_IRN	362216
Asthma	BMI (inverse-rank normalized)	BMI_IRN	continuous	rs115222658	Wald ratio	-0.480318031511379	0.566189457304026	0.396251727561671	asthma_gwama	BMI_IRN	362216
Asthma	BMI (inverse-rank normalized)	BMI_IRN	continuous	rs115285331	Wald ratio	0.163411340619099	0.0850080105281227	0.0545673661665396	asthma_gwama	BMI_IRN	362216
Asthma	BMI (inverse-rank normalized)	BMI_IRN	continuous	rs115804565	Wald ratio	1.39230930647361	0.780472143531634	0.074434699848101	asthma_gwama	BMI_IRN	362216
Asthma	BMI (inverse-rank normalized)	BMI_IRN	continuous	rs11597580	Wald ratio	0.140022638277044	0.0733508728993311	0.0562694400256687	asthma_gwama	BMI_IRN	362216
Asthma	BMI (inverse-rank normalized)	BMI_IRN	continuous	rs116018601	Wald ratio	0.273505389301734	0.604794135368548	0.65110408727567	asthma_gwama	BMI_IRN	362216
Asthma	BMI (inverse-rank normalized)	BMI_IRN	continuous	rs11603178	Wald ratio	-0.00216988173940527	0.0638370163563094	0.972884356040313	asthma_gwama	BMI_IRN	362216
Asthma	BMI (inverse-rank normalized)	BMI_IRN	continuous	rs11629680	Wald ratio	-0.238246985988922	0.0633550559357011	0.000169570884594375	asthma_gwama	BMI_IRN	362216
Asthma	BMI (inverse-rank normalized)	BMI_IRN	continuous	rs11643304	Wald ratio	0.0705691325927677	0.0698662254786103	0.312466182143362	asthma_gwama	BMI_IRN	362216
Asthma	BMI (inverse-rank normalized)	BMI_IRN	continuous	rs11647496	Wald ratio	-0.134755936910314	0.0781731762025136	0.0847416081107573	asthma_gwama	BMI_IRN	362216
Asthma	BMI (inverse-rank normalized)	BMI_IRN	continuous	rs11652371	Wald ratio	-0.0857631286688878	0.0908170712359194	0.344990668722701	asthma_gwama	BMI_IRN	362216
Asthma	BMI (inverse-rank normalized)	BMI_IRN	continuous	rs116581033	Wald ratio	-2.14060171649533	2.00174007356409	0.284902769641072	asthma_gwama	BMI_IRN	362216
Asthma	BMI (inverse-rank normalized)	BMI_IRN	continuous	rs116589735	Wald ratio	-1.31392372988724	0.507552894970227	0.00963271071171223	asthma_gwama	BMI_IRN	362216
Asthma	BMI (inverse-rank normalized)	BMI_IRN	continuous	rs11663959	Wald ratio	-0.0511034917180856	0.0889922835750383	0.565801125879195	asthma_gwama	BMI_IRN	362216
Asthma	BMI (inverse-rank normalized)	BMI_IRN	continuous	rs11666329	Wald ratio	1.34401432913591	0.493245766391663	0.00643332331607834	asthma_gwama	BMI_IRN	362216
Asthma	BMI (inverse-rank normalized)	BMI_IRN	continuous	rs11672343	Wald ratio	0.0821770643594414	0.082700364298725	0.320382413977283	asthma_gwama	BMI_IRN	362216
Asthma	BMI (inverse-rank normalized)	BMI_IRN	continuous	rs11684846	Wald ratio	0.269401326955717	0.699527850640333	0.70014939929367	asthma_gwama	BMI_IRN	362216
Asthma	BMI (inverse-rank normalized)	BMI_IRN	continuous	rs116863868	Wald ratio	1.03943791329905	0.672275287778594	0.122068533504486	asthma_gwama	BMI_IRN	362216
Asthma	BMI (inverse-rank normalized)	BMI_IRN	continuous	rs11688802	Wald ratio	-0.348165899375206	0.339630055902664	0.305300545856881	asthma_gwama	BMI_IRN	362216
Asthma	BMI (inverse-rank normalized)	BMI_IRN	continuous	rs11692304	Wald ratio	-0.848647444913268	0.523811533052039	0.105202441239371	asthma_gwama	BMI_IRN	362216
Asthma	BMI (inverse-rank normalized)	BMI_IRN	continuous	rs116949439	Wald ratio	-0.00286091919191919	0.00264838888888889	0.280031356830685	asthma_gwama	BMI_IRN	362216
Asthma	BMI (inverse-rank normalized)	BMI_IRN	continuous	rs11699259	Wald ratio	0.560613718411552	0.538883273164862	0.29818895272815	asthma_gwama	BMI_IRN	362216
Asthma	BMI (inverse-rank normalized)	BMI_IRN	continuous	rs117010001	Wald ratio	0.00392963565891473	0.00339602325581395	0.247219820598781	asthma_gwama	BMI_IRN	362216
Asthma	BMI (inverse-rank normalized)	BMI_IRN	continuous	rs117051189	Wald ratio	0.00310443414956982	0.0952339510258107	0.973995183057781	asthma_gwama	BMI_IRN	362216
Asthma	BMI (inverse-rank normalized)	BMI_IRN	continuous	rs11709566	Wald ratio	-0.380919566720443	0.531023277252823	0.473169757878556	asthma_gwama	BMI_IRN	362216
Asthma	BMI (inverse-rank normalized)	BMI_IRN	continuous	rs117097909	Wald ratio	-0.745266933207902	0.192195437441204	0.000105469634751528	asthma_gwama	BMI_IRN	362216
Asthma	BMI (inverse-rank normalized)	BMI_IRN	continuous	rs11716980	Wald ratio	0.387118260081559	0.505543724512913	0.443827244333343	asthma_gwama	BMI_IRN	362216
Asthma	BMI (inverse-rank normalized)	BMI_IRN	continuous	rs117185005	Wald ratio	0.108719053531001	0.523219893376178	0.835394147061967	asthma_gwama	BMI_IRN	362216
Asthma	BMI (inverse-rank normalized)	BMI_IRN	continuous	rs117320438	Wald ratio	-0.000230166894664843	0.00144729138166895	0.873642980938957	asthma_gwama	BMI_IRN	362216
Asthma	BMI (inverse-rank normalized)	BMI_IRN	continuous	rs117378200	Wald ratio	-0.287167482443073	0.667952755905512	0.667252492856241	asthma_gwama	BMI_IRN	362216
Asthma	BMI (inverse-rank normalized)	BMI_IRN	continuous	rs117402700	Wald ratio	-0.00184811111111111	0.00357649206349206	0.605338722924228	asthma_gwama	BMI_IRN	362216
Asthma	BMI (inverse-rank normalized)	BMI_IRN	continuous	rs117552144	Wald ratio	-0.215913932314035	0.610426902594056	0.723556433111566	asthma_gwama	BMI_IRN	362216
Asthma	BMI (inverse-rank normalized)	BMI_IRN	continuous	rs117675359	Wald ratio	-0.312767216294859	0.509247332686712	0.539099385847231	asthma_gwama	BMI_IRN	362216
Asthma	BMI (inverse-rank normalized)	BMI_IRN	continuous	rs117683492	Wald ratio	-1.58694778155363	0.383792657827981	3.55095046732017e-05	asthma_gwama	BMI_IRN	362216
Asthma	BMI (inverse-rank normalized)	BMI_IRN	continuous	rs117710327	Wald ratio	0.0547584319363043	0.202778945040363	0.787129459444735	asthma_gwama	BMI_IRN	362216
Asthma	BMI (inverse-rank normalized)	BMI_IRN	continuous	rs117856230	Wald ratio	-0.0133024277456647	0.00730820809248555	0.0687279828864071	asthma_gwama	BMI_IRN	362216
Asthma	BMI (inverse-rank normalized)	BMI_IRN	continuous	rs117971857	Wald ratio	0.00049578956043956	0.00104738461538462	0.635956649159937	asthma_gwama	BMI_IRN	362216
Asthma	BMI (inverse-rank normalized)	BMI_IRN	continuous	rs118023715	Wald ratio	-0.0131504	0.00722468571428571	0.0687279828864071	asthma_gwama	BMI_IRN	362216
Asthma	BMI (inverse-rank normalized)	BMI_IRN	continuous	rs11802525	Wald ratio	-0.0935217415953285	0.0828978400136062	0.259253808159835	asthma_gwama	BMI_IRN	362216
Asthma	BMI (inverse-rank normalized)	BMI_IRN	continuous	rs11804609	Wald ratio	-0.906618234653106	0.411742826007991	0.0276720802506139	asthma_gwama	BMI_IRN	362216
Asthma	BMI (inverse-rank normalized)	BMI_IRN	continuous	rs11809494	Wald ratio	-0.240112282309808	0.502156278643446	0.632534578031862	asthma_gwama	BMI_IRN	362216
Asthma	BMI (inverse-rank normalized)	BMI_IRN	continuous	rs11870777	Wald ratio	0.165360436327102	0.0876005597617425	0.0590710518522555	asthma_gwama	BMI_IRN	362216
Asthma	BMI (inverse-rank normalized)	BMI_IRN	continuous	rs1190978	Wald ratio	-0.115019813046129	0.0876158301158301	0.189259000941214	asthma_gwama	BMI_IRN	362216
Asthma	BMI (inverse-rank normalized)	BMI_IRN	continuous	rs11964507	Wald ratio	0.157310832421513	0.440219678478243	0.720832642100604	asthma_gwama	BMI_IRN	362216
Asthma	BMI (inverse-rank normalized)	BMI_IRN	continuous	rs12077197	Wald ratio	-0.0257477435778755	0.520946540152742	0.960580665304543	asthma_gwama	BMI_IRN	362216
Asthma	BMI (inverse-rank normalized)	BMI_IRN	continuous	rs12098541	Wald ratio	0.133793506446076	0.0801037215587451	0.0948692556718521	asthma_gwama	BMI_IRN	362216
Asthma	BMI (inverse-rank normalized)	BMI_IRN	continuous	rs12123821	Wald ratio	0.208672887036869	0.255510009964671	0.414104674601759	asthma_gwama	BMI_IRN	362216
Asthma	BMI (inverse-rank normalized)	BMI_IRN	continuous	rs12148282	Wald ratio	1.05575358388222	1.17429290972491	0.368623514462965	asthma_gwama	BMI_IRN	362216
Asthma	BMI (inverse-rank normalized)	BMI_IRN	continuous	rs12212737	Wald ratio	-0.0648874642348945	0.0390989488501614	0.0970008760004738	asthma_gwama	BMI_IRN	362216
Asthma	BMI (inverse-rank normalized)	BMI_IRN	continuous	rs12253380	Wald ratio	0.227047602225559	0.371491654155259	0.541081610799289	asthma_gwama	BMI_IRN	362216
Asthma	BMI (inverse-rank normalized)	BMI_IRN	continuous	rs12303699	Wald ratio	-1.29898835978836	0.479244444444445	0.00671834155094014	asthma_gwama	BMI_IRN	362216
Asthma	BMI (inverse-rank normalized)	BMI_IRN	continuous	rs1238556	Wald ratio	-1.0482655426765	0.501161222339305	0.0364677514334587	asthma_gwama	BMI_IRN	362216
Asthma	BMI (inverse-rank normalized)	BMI_IRN	continuous	rs12419600	Wald ratio	-0.0970268263250719	0.136491228070175	0.477167944389389	asthma_gwama	BMI_IRN	362216
Asthma	BMI (inverse-rank normalized)	BMI_IRN	continuous	rs12434251	Wald ratio	0.442505357344261	0.0822741456445731	7.51400913031398e-08	asthma_gwama	BMI_IRN	362216
Asthma	BMI (inverse-rank normalized)	BMI_IRN	continuous	rs12446418	Wald ratio	-0.35185921958684	0.436026523845958	0.419685226624636	asthma_gwama	BMI_IRN	362216
Asthma	BMI (inverse-rank normalized)	BMI_IRN	continuous	rs12462901	Wald ratio	-0.0387252001392273	0.0747203851954983	0.604271151203594	asthma_gwama	BMI_IRN	362216
Asthma	BMI (inverse-rank normalized)	BMI_IRN	continuous	rs12467817	Wald ratio	-0.194655448856094	0.0731650087064462	0.00780249071517401	asthma_gwama	BMI_IRN	362216
Asthma	BMI (inverse-rank normalized)	BMI_IRN	continuous	rs12470864	Wald ratio	0.0370394509916643	0.166739724058638	0.8242054198188	asthma_gwama	BMI_IRN	362216
Asthma	BMI (inverse-rank normalized)	BMI_IRN	continuous	rs12482736	Wald ratio	0.0966516915384014	0.0888686616141886	0.276780998597692	asthma_gwama	BMI_IRN	362216
Asthma	BMI (inverse-rank normalized)	BMI_IRN	continuous	rs12539003	Wald ratio	-0.243263021255882	0.439427226999838	0.579858688287478	asthma_gwama	BMI_IRN	362216
Asthma	BMI (inverse-rank normalized)	BMI_IRN	continuous	rs12595715	Wald ratio	-1.80764667106131	0.488267256803842	0.000213766270339671	asthma_gwama	BMI_IRN	362216
Asthma	BMI (inverse-rank normalized)	BMI_IRN	continuous	rs12596491	Wald ratio	0.0120409715407262	0.577237487733072	0.983357614830462	asthma_gwama	BMI_IRN	362216
Asthma	BMI (inverse-rank normalized)	BMI_IRN	continuous	rs12611017	Wald ratio	0.1539593408945	0.574374063770597	0.788663012262449	asthma_gwama	BMI_IRN	362216
Asthma	BMI (inverse-rank normalized)	BMI_IRN	continuous	rs12638043	Wald ratio	-0.0901415108633072	0.0690169994848641	0.191526397158855	asthma_gwama	BMI_IRN	362216
Asthma	BMI (inverse-rank normalized)	BMI_IRN	continuous	rs12653071	Wald ratio	-0.0439566521349287	0.0882221809974338	0.618308240520685	asthma_gwama	BMI_IRN	362216
Asthma	BMI (inverse-rank normalized)	BMI_IRN	continuous	rs1265764	Wald ratio	-1.17405886977029	0.541473491134597	0.030138410346957	asthma_gwama	BMI_IRN	362216
Asthma	BMI (inverse-rank normalized)	BMI_IRN	continuous	rs12661996	Wald ratio	-0.0115669320913462	0.0867078575721154	0.893876097871326	asthma_gwama	BMI_IRN	362216
Asthma	BMI (inverse-rank normalized)	BMI_IRN	continuous	rs12718488	Wald ratio	0.211178624937573	0.372034293324455	0.570284773433266	asthma_gwama	BMI_IRN	362216
Asthma	BMI (inverse-rank normalized)	BMI_IRN	continuous	rs12722502	Wald ratio	0.48108922117497	0.599712989866062	0.422437796485987	asthma_gwama	BMI_IRN	362216
Asthma	BMI (inverse-rank normalized)	BMI_IRN	continuous	rs12817660	Wald ratio	0.257853382876606	0.0857110233782319	0.0026262378729329	asthma_gwama	BMI_IRN	362216
Asthma	BMI (inverse-rank normalized)	BMI_IRN	continuous	rs12906125	Wald ratio	0.105744811368981	0.0837974985516137	0.206981559881114	asthma_gwama	BMI_IRN	362216
Asthma	BMI (inverse-rank normalized)	BMI_IRN	continuous	rs12936466	Wald ratio	0.102504561287112	0.0526165201525958	0.0513977278689846	asthma_gwama	BMI_IRN	362216
Asthma	BMI (inverse-rank normalized)	BMI_IRN	continuous	rs12953110	Wald ratio	-0.826597982708934	0.513907780979827	0.107735375636821	asthma_gwama	BMI_IRN	362216
Asthma	BMI (inverse-rank normalized)	BMI_IRN	continuous	rs12964116	Wald ratio	-0.394027027027027	0.616802987197724	0.522939041473623	asthma_gwama	BMI_IRN	362216
Asthma	BMI (inverse-rank normalized)	BMI_IRN	continuous	rs12965763	Wald ratio	-0.115185120806536	0.0715899778997293	0.10762597428365	asthma_gwama	BMI_IRN	362216
Asthma	BMI (inverse-rank normalized)	BMI_IRN	continuous	rs13000664	Wald ratio	0.00832159124665808	0.0744123180512922	0.910957542499984	asthma_gwama	BMI_IRN	362216
Asthma	BMI (inverse-rank normalized)	BMI_IRN	continuous	rs13049055	Wald ratio	-0.0163522191425795	0.0808628199128901	0.83974338783327	asthma_gwama	BMI_IRN	362216
Asthma	BMI (inverse-rank normalized)	BMI_IRN	continuous	rs13087727	Wald ratio	0.0919080890590943	0.0558330447536208	0.0997383276787531	asthma_gwama	BMI_IRN	362216
Asthma	BMI (inverse-rank normalized)	BMI_IRN	continuous	rs13104716	Wald ratio	0.212193676603433	0.0794193315266486	0.00754424674805201	asthma_gwama	BMI_IRN	362216
Asthma	BMI (inverse-rank normalized)	BMI_IRN	continuous	rs13149287	Wald ratio	0.708884845890411	0.597491438356164	0.235450496340967	asthma_gwama	BMI_IRN	362216
Asthma	BMI (inverse-rank normalized)	BMI_IRN	continuous	rs13290954	Wald ratio	0.154937034917001	0.0824207212364053	0.0601311007181067	asthma_gwama	BMI_IRN	362216
Asthma	BMI (inverse-rank normalized)	BMI_IRN	continuous	rs13382528	Wald ratio	-0.0652722359569942	0.0708632783303628	0.356997702450325	asthma_gwama	BMI_IRN	362216
Asthma	BMI (inverse-rank normalized)	BMI_IRN	continuous	rs13421997	Wald ratio	-1.47026657552973	0.521378446115288	0.00480295750810417	asthma_gwama	BMI_IRN	362216
Asthma	BMI (inverse-rank normalized)	BMI_IRN	continuous	rs1363105	Wald ratio	0.351677590993214	0.0842307988895743	2.97768478784531e-05	asthma_gwama	BMI_IRN	362216
Asthma	BMI (inverse-rank normalized)	BMI_IRN	continuous	rs137926256	Wald ratio	0.000811325953259533	0.002650049200492	0.75948659279807	asthma_gwama	BMI_IRN	362216
Asthma	BMI (inverse-rank normalized)	BMI_IRN	continuous	rs138012443	Wald ratio	-0.00343489542788936	0.0582370647153459	0.952967034855542	asthma_gwama	BMI_IRN	362216
Asthma	BMI (inverse-rank normalized)	BMI_IRN	continuous	rs138026135	Wald ratio	-0.110494572168837	0.0836751828408383	0.186662181873173	asthma_gwama	BMI_IRN	362216
Asthma	BMI (inverse-rank normalized)	BMI_IRN	continuous	rs138121471	Wald ratio	-0.00127496951219512	0.00179090853658537	0.476519189845552	asthma_gwama	BMI_IRN	362216
Asthma	BMI (inverse-rank normalized)	BMI_IRN	continuous	rs138327512	Wald ratio	-0.00632481188118812	0.0109432673267327	0.563288589671163	asthma_gwama	BMI_IRN	362216
Asthma	BMI (inverse-rank normalized)	BMI_IRN	continuous	rs138417339	Wald ratio	0.000710824031007752	0.000881100775193798	0.419813159782388	asthma_gwama	BMI_IRN	362216
Asthma	BMI (inverse-rank normalized)	BMI_IRN	continuous	rs138450506	Wald ratio	0.00110657320872274	0.00464408099688474	0.811667006991889	asthma_gwama	BMI_IRN	362216
Asthma	BMI (inverse-rank normalized)	BMI_IRN	continuous	rs138453626	Wald ratio	0.000454635294117647	0.000682904901960784	0.505579000937895	asthma_gwama	BMI_IRN	362216
Asthma	BMI (inverse-rank normalized)	BMI_IRN	continuous	rs138542223	Wald ratio	0.000384630434782609	0.000519850931677019	0.459369160259375	asthma_gwama	BMI_IRN	362216
Asthma	BMI (inverse-rank normalized)	BMI_IRN	continuous	rs138700582	Wald ratio	0.00104916666666667	0.00153135294117647	0.49326567088147	asthma_gwama	BMI_IRN	362216
Asthma	BMI (inverse-rank normalized)	BMI_IRN	continuous	rs139170956	Wald ratio	0.0858780036968577	1.15749324612541	0.94085674194022	asthma_gwama	BMI_IRN	362216
Asthma	BMI (inverse-rank normalized)	BMI_IRN	continuous	rs139450603	Wald ratio	-3.7433982300885e-05	0.000851510619469027	0.964934813576188	asthma_gwama	BMI_IRN	362216
Asthma	BMI (inverse-rank normalized)	BMI_IRN	continuous	rs139671781	Wald ratio	0.0457457268503153	0.049088947892466	0.351390983976562	asthma_gwama	BMI_IRN	362216
Asthma	BMI (inverse-rank normalized)	BMI_IRN	continuous	rs139689471	Wald ratio	-0.000496688858695652	0.00177046195652174	0.779061741689627	asthma_gwama	BMI_IRN	362216
Asthma	BMI (inverse-rank normalized)	BMI_IRN	continuous	rs141267412	Wald ratio	-0.00149652	0.0010016	0.135141802803578	asthma_gwama	BMI_IRN	362216
Asthma	BMI (inverse-rank normalized)	BMI_IRN	continuous	rs141343442	Wald ratio	-0.444568823793155	0.318027947989837	0.16214540739873	asthma_gwama	BMI_IRN	362216
Asthma	BMI (inverse-rank normalized)	BMI_IRN	continuous	rs141405779	Wald ratio	-0.0059925020242915	0.051542024291498	0.907443006674526	asthma_gwama	BMI_IRN	362216
Asthma	BMI (inverse-rank normalized)	BMI_IRN	continuous	rs141441459	Wald ratio	-0.0130756818181818	0.00718363636363636	0.0687279828864071	asthma_gwama	BMI_IRN	362216
Asthma	BMI (inverse-rank normalized)	BMI_IRN	continuous	rs1420466	Wald ratio	-1.14307950286052	0.460611560465575	0.0130773406265868	asthma_gwama	BMI_IRN	362216
Asthma	BMI (inverse-rank normalized)	BMI_IRN	continuous	rs142102013	Wald ratio	-0.0126024046667792	0.0790769605912254	0.873378275377573	asthma_gwama	BMI_IRN	362216
Asthma	BMI (inverse-rank normalized)	BMI_IRN	continuous	rs142757787	Wald ratio	-0.00035991935483871	0.00886689964157706	0.967621686641914	asthma_gwama	BMI_IRN	362216
Asthma	BMI (inverse-rank normalized)	BMI_IRN	continuous	rs142828423	Wald ratio	-0.00420662809917355	0.00714672727272727	0.556123585161722	asthma_gwama	BMI_IRN	362216
Asthma	BMI (inverse-rank normalized)	BMI_IRN	continuous	rs142833331	Wald ratio	-0.000282365229885057	0.000734022988505747	0.700473236083288	asthma_gwama	BMI_IRN	362216
Asthma	BMI (inverse-rank normalized)	BMI_IRN	continuous	rs142849353	Wald ratio	-0.00459933333333333	0.00239909523809524	0.0552237540434795	asthma_gwama	BMI_IRN	362216
Asthma	BMI (inverse-rank normalized)	BMI_IRN	continuous	rs142974104	Wald ratio	0.00240735416666667	0.00312741666666667	0.441443426018092	asthma_gwama	BMI_IRN	362216
Asthma	BMI (inverse-rank normalized)	BMI_IRN	continuous	rs143122977	Wald ratio	-0.00302852604166667	0.0015759375	0.0546397667119512	asthma_gwama	BMI_IRN	362216
Asthma	BMI (inverse-rank normalized)	BMI_IRN	continuous	rs143253231	Wald ratio	0.0375919766152606	0.0562150992843464	0.503676201925451	asthma_gwama	BMI_IRN	362216
Asthma	BMI (inverse-rank normalized)	BMI_IRN	continuous	rs143628759	Wald ratio	0.109115440844936	0.0974020686168686	0.262603859394087	asthma_gwama	BMI_IRN	362216
Asthma	BMI (inverse-rank normalized)	BMI_IRN	continuous	rs143857279	Wald ratio	-0.000806937704918033	0.00146968852459016	0.582968699444782	asthma_gwama	BMI_IRN	362216
Asthma	BMI (inverse-rank normalized)	BMI_IRN	continuous	rs144044754	Wald ratio	2.21771255060729e-05	0.00207456680161943	0.991470774032987	asthma_gwama	BMI_IRN	362216
Asthma	BMI (inverse-rank normalized)	BMI_IRN	continuous	rs144301783	Wald ratio	-0.0921777575205105	0.0665961713764813	0.166318657785396	asthma_gwama	BMI_IRN	362216
Asthma	BMI (inverse-rank normalized)	BMI_IRN	continuous	rs144532877	Wald ratio	0.00178600561797753	0.00212211235955056	0.400002428459153	asthma_gwama	BMI_IRN	362216
Asthma	BMI (inverse-rank normalized)	BMI_IRN	continuous	rs144666843	Wald ratio	0.229482562800641	0.447798637092464	0.60832336858232	asthma_gwama	BMI_IRN	362216
Asthma	BMI (inverse-rank normalized)	BMI_IRN	continuous	rs144989638	Wald ratio	0.00579670666666667	0.00366364	0.113597974226324	asthma_gwama	BMI_IRN	362216
Asthma	BMI (inverse-rank normalized)	BMI_IRN	continuous	rs145081654	Wald ratio	-0.000736628865979382	0.0011135618556701	0.508287282528934	asthma_gwama	BMI_IRN	362216
Asthma	BMI (inverse-rank normalized)	BMI_IRN	continuous	rs145167319	Wald ratio	0.0272960877724845	0.0720375984472996	0.704751385391022	asthma_gwama	BMI_IRN	362216
Asthma	BMI (inverse-rank normalized)	BMI_IRN	continuous	rs145237994	Wald ratio	1.38915412369255	1.0907795473596	0.202825597478294	asthma_gwama	BMI_IRN	362216
Asthma	BMI (inverse-rank normalized)	BMI_IRN	continuous	rs145781990	Wald ratio	0.00181471513353116	0.00306074183976261	0.553247794466856	asthma_gwama	BMI_IRN	362216
Asthma	BMI (inverse-rank normalized)	BMI_IRN	continuous	rs146763133	Wald ratio	0.00529742574257426	0.00264893564356436	0.0455184292508662	asthma_gwama	BMI_IRN	362216
Asthma	BMI (inverse-rank normalized)	BMI_IRN	continuous	rs146806896	Wald ratio	0.00135539864864865	0.000872641891891892	0.120372279086062	asthma_gwama	BMI_IRN	362216
Asthma	BMI (inverse-rank normalized)	BMI_IRN	continuous	rs146983365	Wald ratio	-0.0130756818181818	0.00718363636363636	0.0687279828864071	asthma_gwama	BMI_IRN	362216
Asthma	BMI (inverse-rank normalized)	BMI_IRN	continuous	rs147200296	Wald ratio	-0.00304692820512821	0.00196922051282051	0.121796637037026	asthma_gwama	BMI_IRN	362216
Asthma	BMI (inverse-rank normalized)	BMI_IRN	continuous	rs1474011	Wald ratio	0.580909768829232	0.547879691772309	0.289014006727601	asthma_gwama	BMI_IRN	362216
Asthma	BMI (inverse-rank normalized)	BMI_IRN	continuous	rs147471705	Wald ratio	0.0215068539062238	0.0564386499983242	0.703154232015036	asthma_gwama	BMI_IRN	362216
Asthma	BMI (inverse-rank normalized)	BMI_IRN	continuous	rs147739507	Wald ratio	-0.146926123643878	0.0403026519717582	0.000266800170487962	asthma_gwama	BMI_IRN	362216
Asthma	BMI (inverse-rank normalized)	BMI_IRN	continuous	rs147793459	Wald ratio	-0.69201447740113	0.571116701977401	0.225632355312792	asthma_gwama	BMI_IRN	362216
Asthma	BMI (inverse-rank normalized)	BMI_IRN	continuous	rs148083049	Wald ratio	0.505466722771583	0.289903920331019	0.0812347336962443	asthma_gwama	BMI_IRN	362216
Asthma	BMI (inverse-rank normalized)	BMI_IRN	continuous	rs148238614	Wald ratio	0.00103484821428571	0.00102228571428571	0.311400065382871	asthma_gwama	BMI_IRN	362216
Asthma	BMI (inverse-rank normalized)	BMI_IRN	continuous	rs148673593	Wald ratio	0.205774096385542	0.0675151606425703	0.00230507507116263	asthma_gwama	BMI_IRN	362216
Asthma	BMI (inverse-rank normalized)	BMI_IRN	continuous	rs149064226	Wald ratio	-0.13063825828061	0.0830049444414908	0.115519550538182	asthma_gwama	BMI_IRN	362216
Asthma	BMI (inverse-rank normalized)	BMI_IRN	continuous	rs149096812	Wald ratio	-0.394032119651833	0.698455314453843	0.572653461297642	asthma_gwama	BMI_IRN	362216
Asthma	BMI (inverse-rank normalized)	BMI_IRN	continuous	rs150059260	Wald ratio	-0.00473294904458599	0.00367474522292994	0.197757596254794	asthma_gwama	BMI_IRN	362216
Asthma	BMI (inverse-rank normalized)	BMI_IRN	continuous	rs150597587	Wald ratio	0.333592887798896	0.471992642550583	0.479705933849989	asthma_gwama	BMI_IRN	362216
Asthma	BMI (inverse-rank normalized)	BMI_IRN	continuous	rs150786584	Wald ratio	-0.656583989884252	0.604901274195117	0.277726860329434	asthma_gwama	BMI_IRN	362216
Asthma	BMI (inverse-rank normalized)	BMI_IRN	continuous	rs150788669	Wald ratio	-0.0355104802408108	0.0647358537460993	0.583318255152736	asthma_gwama	BMI_IRN	362216
Asthma	BMI (inverse-rank normalized)	BMI_IRN	continuous	rs151158980	Wald ratio	-0.0570657398506249	0.789817348221549	0.942401507534037	asthma_gwama	BMI_IRN	362216
Asthma	BMI (inverse-rank normalized)	BMI_IRN	continuous	rs151220143	Wald ratio	0.00118206629834254	0.00174562430939227	0.498304683208941	asthma_gwama	BMI_IRN	362216
Asthma	BMI (inverse-rank normalized)	BMI_IRN	continuous	rs151288460	Wald ratio	0.838017063081696	0.663443640124095	0.206541652915732	asthma_gwama	BMI_IRN	362216
Asthma	BMI (inverse-rank normalized)	BMI_IRN	continuous	rs151328686	Wald ratio	0.0985010049719666	0.463832116788321	0.831823470480867	asthma_gwama	BMI_IRN	362216
Asthma	BMI (inverse-rank normalized)	BMI_IRN	continuous	rs1553754	Wald ratio	2.35130380794702	0.457332367549669	2.72777600350915e-07	asthma_gwama	BMI_IRN	362216
Asthma	BMI (inverse-rank normalized)	BMI_IRN	continuous	rs1617988	Wald ratio	0.0059603007775784	0.0428801162095189	0.889450800964174	asthma_gwama	BMI_IRN	362216
Asthma	BMI (inverse-rank normalized)	BMI_IRN	continuous	rs1627507	Wald ratio	0.0704895956176057	0.0847879179822726	0.405768209748181	asthma_gwama	BMI_IRN	362216
Asthma	BMI (inverse-rank normalized)	BMI_IRN	continuous	rs163093	Wald ratio	-0.046245668337651	0.0826427345826464	0.575762260330739	asthma_gwama	BMI_IRN	362216
Asthma	BMI (inverse-rank normalized)	BMI_IRN	continuous	rs1644005	Wald ratio	0.0440738653441539	0.0836583258190562	0.598310406287797	asthma_gwama	BMI_IRN	362216
Asthma	BMI (inverse-rank normalized)	BMI_IRN	continuous	rs1663671	Wald ratio	-0.105279964850615	0.394513181019332	0.789576609279492	asthma_gwama	BMI_IRN	362216
Asthma	BMI (inverse-rank normalized)	BMI_IRN	continuous	rs1684466	Wald ratio	-0.916747660730456	0.341966495623302	0.00734439081009199	asthma_gwama	BMI_IRN	362216
Asthma	BMI (inverse-rank normalized)	BMI_IRN	continuous	rs16924144	Wald ratio	-0.241698956780924	0.344302533532042	0.482681738673328	asthma_gwama	BMI_IRN	362216
Asthma	BMI (inverse-rank normalized)	BMI_IRN	continuous	rs1705333	Wald ratio	-0.0344092702169625	0.360721564760026	0.924004970287897	asthma_gwama	BMI_IRN	362216
Asthma	BMI (inverse-rank normalized)	BMI_IRN	continuous	rs17057868	Wald ratio	-0.386059920859243	0.496389674015451	0.436724900515876	asthma_gwama	BMI_IRN	362216
Asthma	BMI (inverse-rank normalized)	BMI_IRN	continuous	rs17098678	Wald ratio	-0.351782914572864	0.584369849246231	0.547182947903447	asthma_gwama	BMI_IRN	362216
Asthma	BMI (inverse-rank normalized)	BMI_IRN	continuous	rs17168863	Wald ratio	0.000348247619047619	0.00321268707482993	0.91368029235237	asthma_gwama	BMI_IRN	362216
Asthma	BMI (inverse-rank normalized)	BMI_IRN	continuous	rs17181428	Wald ratio	1.53845350052247	0.605568443051202	0.0110690502061744	asthma_gwama	BMI_IRN	362216
Asthma	BMI (inverse-rank normalized)	BMI_IRN	continuous	rs17204454	Wald ratio	-0.213143397813288	0.463940285954584	0.6459326635956	asthma_gwama	BMI_IRN	362216
Asthma	BMI (inverse-rank normalized)	BMI_IRN	continuous	rs17445108	Wald ratio	-1.2438464229491	0.578210599965017	0.031460447024041	asthma_gwama	BMI_IRN	362216
Asthma	BMI (inverse-rank normalized)	BMI_IRN	continuous	rs174551	Wald ratio	-0.156681228889833	0.0448138260218838	0.000471811297723195	asthma_gwama	BMI_IRN	362216
Asthma	BMI (inverse-rank normalized)	BMI_IRN	continuous	rs17547610	Wald ratio	-0.0562191195468548	0.289729702871907	0.8461446480871	asthma_gwama	BMI_IRN	362216
Asthma	BMI (inverse-rank normalized)	BMI_IRN	continuous	rs17772583	Wald ratio	0.231096186506099	0.404571560907828	0.567855850929233	asthma_gwama	BMI_IRN	362216
Asthma	BMI (inverse-rank normalized)	BMI_IRN	continuous	rs1779773	Wald ratio	0.323966284518582	0.0660502195632313	9.34997355550691e-07	asthma_gwama	BMI_IRN	362216
Asthma	BMI (inverse-rank normalized)	BMI_IRN	continuous	rs1787663	Wald ratio	0.75597581218876	0.740576239032488	0.307352027955433	asthma_gwama	BMI_IRN	362216
Asthma	BMI (inverse-rank normalized)	BMI_IRN	continuous	rs179768	Wald ratio	0.702122151321787	0.40554968094804	0.0834009138246541	asthma_gwama	BMI_IRN	362216
Asthma	BMI (inverse-rank normalized)	BMI_IRN	continuous	rs1799595	Wald ratio	-0.0241550401753104	0.552196859021183	0.96510884004123	asthma_gwama	BMI_IRN	362216
Asthma	BMI (inverse-rank normalized)	BMI_IRN	continuous	rs1800440	Wald ratio	0.271096545615589	0.543732506643047	0.618072197271747	asthma_gwama	BMI_IRN	362216
Asthma	BMI (inverse-rank normalized)	BMI_IRN	continuous	rs181104005	Wald ratio	0.0001492956	0.00061048	0.806801437600069	asthma_gwama	BMI_IRN	362216
Asthma	BMI (inverse-rank normalized)	BMI_IRN	continuous	rs182417546	Wald ratio	0.00285439852398524	0.0020410442804428	0.161963252340382	asthma_gwama	BMI_IRN	362216
Asthma	BMI (inverse-rank normalized)	BMI_IRN	continuous	rs183861049	Wald ratio	9.10224852071006e-05	0.000558744378698225	0.870592906786682	asthma_gwama	BMI_IRN	362216
Asthma	BMI (inverse-rank normalized)	BMI_IRN	continuous	rs183886834	Wald ratio	0.000284132380952381	0.00234103333333333	0.903397583476471	asthma_gwama	BMI_IRN	362216
Asthma	BMI (inverse-rank normalized)	BMI_IRN	continuous	rs184163934	Wald ratio	0.884012369120599	1.0514674768079	0.400492752565485	asthma_gwama	BMI_IRN	362216
Asthma	BMI (inverse-rank normalized)	BMI_IRN	continuous	rs184289015	Wald ratio	-0.00535976515151515	0.00356796212121212	0.133047458176313	asthma_gwama	BMI_IRN	362216
Asthma	BMI (inverse-rank normalized)	BMI_IRN	continuous	rs184482331	Wald ratio	-0.118803462094239	0.0701427145559909	0.0903148605523709	asthma_gwama	BMI_IRN	362216
Asthma	BMI (inverse-rank normalized)	BMI_IRN	continuous	rs184739995	Wald ratio	-0.00168161038961039	0.00274841558441558	0.540638855510309	asthma_gwama	BMI_IRN	362216
Asthma	BMI (inverse-rank normalized)	BMI_IRN	continuous	rs186399184	Wald ratio	0.107953161284669	0.0751347325066819	0.150776428235374	asthma_gwama	BMI_IRN	362216
Asthma	BMI (inverse-rank normalized)	BMI_IRN	continuous	rs186520974	Wald ratio	-0.0414981510436056	0.055181421090512	0.452032288353885	asthma_gwama	BMI_IRN	362216
Asthma	BMI (inverse-rank normalized)	BMI_IRN	continuous	rs187228722	Wald ratio	0.0163253968253968	0.00900337301587302	0.0697927454786989	asthma_gwama	BMI_IRN	362216
Asthma	BMI (inverse-rank normalized)	BMI_IRN	continuous	rs187528027	Wald ratio	0.00702425742574257	0.00832257425742574	0.398669086508932	asthma_gwama	BMI_IRN	362216
Asthma	BMI (inverse-rank normalized)	BMI_IRN	continuous	rs187875490	Wald ratio	-0.00649133122028526	0.00379437400950872	0.0871221197773831	asthma_gwama	BMI_IRN	362216
Asthma	BMI (inverse-rank normalized)	BMI_IRN	continuous	rs187909364	Wald ratio	-0.000217323157894737	0.000468644736842105	0.642843442046023	asthma_gwama	BMI_IRN	362216
Asthma	BMI (inverse-rank normalized)	BMI_IRN	continuous	rs188248983	Wald ratio	-0.00113895302013423	0.00151041610738255	0.450809755878252	asthma_gwama	BMI_IRN	362216
Asthma	BMI (inverse-rank normalized)	BMI_IRN	continuous	rs188388762	Wald ratio	0.00220362032085562	0.00375390909090909	0.557190166099332	asthma_gwama	BMI_IRN	362216
Asthma	BMI (inverse-rank normalized)	BMI_IRN	continuous	rs188573597	Wald ratio	0.0323963210547299	0.0535298589799457	0.545045490309562	asthma_gwama	BMI_IRN	362216
Asthma	BMI (inverse-rank normalized)	BMI_IRN	continuous	rs188575117	Wald ratio	1.59155892040706	1.27125510053586	0.210584902754078	asthma_gwama	BMI_IRN	362216
Asthma	BMI (inverse-rank normalized)	BMI_IRN	continuous	rs1888072	Wald ratio	1.27790016404968	0.511354581673307	0.0124527085822018	asthma_gwama	BMI_IRN	362216
Asthma	BMI (inverse-rank normalized)	BMI_IRN	continuous	rs189099472	Wald ratio	0.0805554333318666	0.110381191240962	0.465516653943587	asthma_gwama	BMI_IRN	362216
Asthma	BMI (inverse-rank normalized)	BMI_IRN	continuous	rs189321018	Wald ratio	-0.00689360317460317	0.00360183333333333	0.055631005731519	asthma_gwama	BMI_IRN	362216
Asthma	BMI (inverse-rank normalized)	BMI_IRN	continuous	rs189324776	Wald ratio	-0.0269015018265458	0.0928238398051684	0.771959744196318	asthma_gwama	BMI_IRN	362216
Asthma	BMI (inverse-rank normalized)	BMI_IRN	continuous	rs189488647	Wald ratio	-0.00144769082125604	0.000624144927536232	0.0203690985521583	asthma_gwama	BMI_IRN	362216
Asthma	BMI (inverse-rank normalized)	BMI_IRN	continuous	rs189539537	Wald ratio	0.00486547826086957	0.0033837950310559	0.150469190412677	asthma_gwama	BMI_IRN	362216
Asthma	BMI (inverse-rank normalized)	BMI_IRN	continuous	rs190438685	Wald ratio	-0.248261142857143	1.43204571428571	0.862367532515827	asthma_gwama	BMI_IRN	362216
Asthma	BMI (inverse-rank normalized)	BMI_IRN	continuous	rs191699156	Wald ratio	0.0220288199768439	0.0754887818005445	0.77042745679393	asthma_gwama	BMI_IRN	362216
Asthma	BMI (inverse-rank normalized)	BMI_IRN	continuous	rs192258066	Wald ratio	-0.0558868468153839	0.105821946712068	0.597414998826336	asthma_gwama	BMI_IRN	362216
Asthma	BMI (inverse-rank normalized)	BMI_IRN	continuous	rs192487861	Wald ratio	-0.000440505703422053	0.000285617870722433	0.123003037909527	asthma_gwama	BMI_IRN	362216
Asthma	BMI (inverse-rank normalized)	BMI_IRN	continuous	rs192730519	Wald ratio	-0.00279728782287823	0.0315630996309963	0.929379734720235	asthma_gwama	BMI_IRN	362216
Asthma	BMI (inverse-rank normalized)	BMI_IRN	continuous	rs193117554	Wald ratio	0.00153330872483221	0.00201810067114094	0.447387226359298	asthma_gwama	BMI_IRN	362216
Asthma	BMI (inverse-rank normalized)	BMI_IRN	continuous	rs193138021	Wald ratio	-0.00242229090909091	0.000871246363636364	0.00543154889199953	asthma_gwama	BMI_IRN	362216
Asthma	BMI (inverse-rank normalized)	BMI_IRN	continuous	rs1946131	Wald ratio	-0.461704860604291	0.489627791563276	0.345695681798506	asthma_gwama	BMI_IRN	362216
Asthma	BMI (inverse-rank normalized)	BMI_IRN	continuous	rs194676	Wald ratio	0.0301688802682622	0.072275955026629	0.676376782293761	asthma_gwama	BMI_IRN	362216
Asthma	BMI (inverse-rank normalized)	BMI_IRN	continuous	rs1963840	Wald ratio	-0.0735932918543946	0.08107737967532	0.364040952634946	asthma_gwama	BMI_IRN	362216
Asthma	BMI (inverse-rank normalized)	BMI_IRN	continuous	rs1971814	Wald ratio	-0.0472835529526598	0.0807437774524158	0.558144374382128	asthma_gwama	BMI_IRN	362216
Asthma	BMI (inverse-rank normalized)	BMI_IRN	continuous	rs1981551	Wald ratio	0.0435267987308121	0.0423491981819741	0.30404066290598	asthma_gwama	BMI_IRN	362216
Asthma	BMI (inverse-rank normalized)	BMI_IRN	continuous	rs199805492	Wald ratio	0.189211245086936	0.0681668998290143	0.00550820614699775	asthma_gwama	BMI_IRN	362216
Asthma	BMI (inverse-rank normalized)	BMI_IRN	continuous	rs200009375	Wald ratio	-0.00241297005988024	0.00250905988023952	0.336198885885796	asthma_gwama	BMI_IRN	362216
Asthma	BMI (inverse-rank normalized)	BMI_IRN	continuous	rs200305098	Wald ratio	0.0688223649939226	0.0777846848411183	0.376275079600223	asthma_gwama	BMI_IRN	362216
Asthma	BMI (inverse-rank normalized)	BMI_IRN	continuous	rs200410144	Wald ratio	0.250923782388033	0.0906669041047102	0.00564820721295146	asthma_gwama	BMI_IRN	362216
Asthma	BMI (inverse-rank normalized)	BMI_IRN	continuous	rs200706434	Wald ratio	-0.0130756818181818	0.00718363636363636	0.0687279828864071	asthma_gwama	BMI_IRN	362216
Asthma	BMI (inverse-rank normalized)	BMI_IRN	continuous	rs201011002	Wald ratio	-0.456227335060186	0.842568947127838	0.588182421073486	asthma_gwama	BMI_IRN	362216
Asthma	BMI (inverse-rank normalized)	BMI_IRN	continuous	rs201519354	Wald ratio	0.214817698873956	0.0707564475118053	0.00239726731326144	asthma_gwama	BMI_IRN	362216
Asthma	BMI (inverse-rank normalized)	BMI_IRN	continuous	rs201782376	Wald ratio	-0.0130756818181818	0.00718363636363636	0.0687279828864071	asthma_gwama	BMI_IRN	362216
Asthma	BMI (inverse-rank normalized)	BMI_IRN	continuous	rs202204907	Wald ratio	0.0491664226602352	0.0487363035337268	0.313058360037683	asthma_gwama	BMI_IRN	362216
Asthma	BMI (inverse-rank normalized)	BMI_IRN	continuous	rs2029745	Wald ratio	-0.0616864603074331	0.465725415877027	0.894626451443278	asthma_gwama	BMI_IRN	362216
Asthma	BMI (inverse-rank normalized)	BMI_IRN	continuous	rs2032006	Wald ratio	0.298854628754272	0.0810115627954331	0.000225104744142996	asthma_gwama	BMI_IRN	362216
Asthma	BMI (inverse-rank normalized)	BMI_IRN	continuous	rs204992	Wald ratio	-0.0303975752910613	0.294427018185317	0.917769987412229	asthma_gwama	BMI_IRN	362216
Asthma	BMI (inverse-rank normalized)	BMI_IRN	continuous	rs2055456	Wald ratio	-0.00109881699346405	0.00149275816993464	0.46167077852389	asthma_gwama	BMI_IRN	362216
Asthma	BMI (inverse-rank normalized)	BMI_IRN	continuous	rs2066844	Wald ratio	-0.383441534824514	0.736434806328423	0.602594761390157	asthma_gwama	BMI_IRN	362216
Asthma	BMI (inverse-rank normalized)	BMI_IRN	continuous	rs2070901	Wald ratio	-0.582844088026856	0.453981723237598	0.199194712637731	asthma_gwama	BMI_IRN	362216
Asthma	BMI (inverse-rank normalized)	BMI_IRN	continuous	rs2087630	Wald ratio	0.00085285520361991	0.0025062036199095	0.733632386297091	asthma_gwama	BMI_IRN	362216
Asthma	BMI (inverse-rank normalized)	BMI_IRN	continuous	rs2111574	Wald ratio	0.174003820960699	0.0796772652838428	0.0289726953737282	asthma_gwama	BMI_IRN	362216
Asthma	BMI (inverse-rank normalized)	BMI_IRN	continuous	rs2143793	Wald ratio	0.0610021210296159	0.0582191206892037	0.294729762237556	asthma_gwama	BMI_IRN	362216
Asthma	BMI (inverse-rank normalized)	BMI_IRN	continuous	rs2205759	Wald ratio	0.150138832397842	0.0984866726321212	0.127394248673655	asthma_gwama	BMI_IRN	362216
Asthma	BMI (inverse-rank normalized)	BMI_IRN	continuous	rs2230624	Wald ratio	-0.129001672682454	0.830086275200282	0.87650003399334	asthma_gwama	BMI_IRN	362216
Asthma	BMI (inverse-rank normalized)	BMI_IRN	continuous	rs223819	Wald ratio	0.0299051792828685	0.573881806108898	0.958440769525258	asthma_gwama	BMI_IRN	362216
Asthma	BMI (inverse-rank normalized)	BMI_IRN	continuous	rs2239349	Wald ratio	-0.0583071810432019	0.636923854934258	0.927059568031281	asthma_gwama	BMI_IRN	362216
Asthma	BMI (inverse-rank normalized)	BMI_IRN	continuous	rs2243284	Wald ratio	-0.0373487306501548	0.0284424767801858	0.189138422516687	asthma_gwama	BMI_IRN	362216
Asthma	BMI (inverse-rank normalized)	BMI_IRN	continuous	rs2262046	Wald ratio	0.165361102861103	0.0647720522720523	0.0106808711742874	asthma_gwama	BMI_IRN	362216
Asthma	BMI (inverse-rank normalized)	BMI_IRN	continuous	rs227136	Wald ratio	0.559643120846665	0.555481171548117	0.31369815434942	asthma_gwama	BMI_IRN	362216
Asthma	BMI (inverse-rank normalized)	BMI_IRN	continuous	rs2274468	Wald ratio	0.0001785	0.00103482653061224	0.863050216841834	asthma_gwama	BMI_IRN	362216
Asthma	BMI (inverse-rank normalized)	BMI_IRN	continuous	rs2282160	Wald ratio	-0.312728731942215	0.440411316211878	0.477652465938332	asthma_gwama	BMI_IRN	362216
Asthma	BMI (inverse-rank normalized)	BMI_IRN	continuous	rs2315649	Wald ratio	1.11231846584788	0.478487394957983	0.0200903760916933	asthma_gwama	BMI_IRN	362216
Asthma	BMI (inverse-rank normalized)	BMI_IRN	continuous	rs2381384	Wald ratio	-0.735397907266968	0.439304982240568	0.0941299878002058	asthma_gwama	BMI_IRN	362216
Asthma	BMI (inverse-rank normalized)	BMI_IRN	continuous	rs2428493	Wald ratio	-0.637289776164549	0.473278886872353	0.178127868411212	asthma_gwama	BMI_IRN	362216
Asthma	BMI (inverse-rank normalized)	BMI_IRN	continuous	rs2439042	Wald ratio	0.676921142282278	0.0772826211217047	1.96929897787098e-18	asthma_gwama	BMI_IRN	362216
Asthma	BMI (inverse-rank normalized)	BMI_IRN	continuous	rs252872	Wald ratio	-0.0685925189121273	0.0606305787503599	0.25792089739466	asthma_gwama	BMI_IRN	362216
Asthma	BMI (inverse-rank normalized)	BMI_IRN	continuous	rs2621348	Wald ratio	0.178680531282768	0.0493791991922016	0.000296271478142412	asthma_gwama	BMI_IRN	362216
Asthma	BMI (inverse-rank normalized)	BMI_IRN	continuous	rs2647074	Wald ratio	0.0266506357467554	0.0253696993653513	0.29349251922501	asthma_gwama	BMI_IRN	362216
Asthma	BMI (inverse-rank normalized)	BMI_IRN	continuous	rs2652696	Wald ratio	0.030690206185567	0.0454022336769759	0.4990644710389	asthma_gwama	BMI_IRN	362216
Asthma	BMI (inverse-rank normalized)	BMI_IRN	continuous	rs274945	Wald ratio	0.51915610217597	0.412728476821192	0.208441112137839	asthma_gwama	BMI_IRN	362216
Asthma	BMI (inverse-rank normalized)	BMI_IRN	continuous	rs2766678	Wald ratio	0.0198411853429154	0.0631210629047999	0.753266304995664	asthma_gwama	BMI_IRN	362216
Asthma	BMI (inverse-rank normalized)	BMI_IRN	continuous	rs28373140	Wald ratio	-0.00198363184079602	0.00343996517412935	0.564180644447716	asthma_gwama	BMI_IRN	362216
Asthma	BMI (inverse-rank normalized)	BMI_IRN	continuous	rs28514280	Wald ratio	0.044882228419744	0.0810523839924734	0.579754420439346	asthma_gwama	BMI_IRN	362216
Asthma	BMI (inverse-rank normalized)	BMI_IRN	continuous	rs2852714	Wald ratio	0.37801744082577	0.44400071187044	0.394553151656821	asthma_gwama	BMI_IRN	362216
Asthma	BMI (inverse-rank normalized)	BMI_IRN	continuous	rs28588688	Wald ratio	0.0884207642546573	0.0668899572271908	0.186206780908213	asthma_gwama	BMI_IRN	362216
Asthma	BMI (inverse-rank normalized)	BMI_IRN	continuous	rs28607030	Wald ratio	-1.49225134408602	0.543194444444444	0.00601106644634793	asthma_gwama	BMI_IRN	362216
Asthma	BMI (inverse-rank normalized)	BMI_IRN	continuous	rs28617673	Wald ratio	-1.0612827461608	0.369814814814815	0.0041077297996892	asthma_gwama	BMI_IRN	362216
Asthma	BMI (inverse-rank normalized)	BMI_IRN	continuous	rs28635831	Wald ratio	0.0467000172503019	0.0559964513664703	0.404291280612093	asthma_gwama	BMI_IRN	362216
Asthma	BMI (inverse-rank normalized)	BMI_IRN	continuous	rs28893537	Wald ratio	0.00755990561072318	0.0333727499210499	0.820789774918678	asthma_gwama	BMI_IRN	362216
Asthma	BMI (inverse-rank normalized)	BMI_IRN	continuous	rs3024664	Wald ratio	-0.105625937765021	0.256312871028769	0.680267834056638	asthma_gwama	BMI_IRN	362216
Asthma	BMI (inverse-rank normalized)	BMI_IRN	continuous	rs3024971	Wald ratio	0.820305353346647	0.339918830123043	0.0158114507863396	asthma_gwama	BMI_IRN	362216
Asthma	BMI (inverse-rank normalized)	BMI_IRN	continuous	rs3091308	Wald ratio	0.00694731499236078	0.0256822493155461	0.7867676332914	asthma_gwama	BMI_IRN	362216
Asthma	BMI (inverse-rank normalized)	BMI_IRN	continuous	rs3116990	Wald ratio	-0.0498205383848455	0.0479318710535062	0.298617273583353	asthma_gwama	BMI_IRN	362216
Asthma	BMI (inverse-rank normalized)	BMI_IRN	continuous	rs3122929	Wald ratio	0.296972195589645	0.212532118887824	0.162321868372434	asthma_gwama	BMI_IRN	362216
Asthma	BMI (inverse-rank normalized)	BMI_IRN	continuous	rs3131024	Wald ratio	0.0663787570350856	0.559588073284637	0.905575825169807	asthma_gwama	BMI_IRN	362216
Asthma	BMI (inverse-rank normalized)	BMI_IRN	continuous	rs3135911	Wald ratio	0.163630041724618	0.0672198076031525	0.0149225462874979	asthma_gwama	BMI_IRN	362216
Asthma	BMI (inverse-rank normalized)	BMI_IRN	continuous	rs322355	Wald ratio	-0.0185525302788471	0.0685366006321785	0.786625452451304	asthma_gwama	BMI_IRN	362216
Asthma	BMI (inverse-rank normalized)	BMI_IRN	continuous	rs34108746	Wald ratio	-0.861323883391281	0.484987964696443	0.0757379273330024	asthma_gwama	BMI_IRN	362216
Asthma	BMI (inverse-rank normalized)	BMI_IRN	continuous	rs34111295	Wald ratio	0.289641290322581	0.0811486451612903	0.000357979604605338	asthma_gwama	BMI_IRN	362216
Asthma	BMI (inverse-rank normalized)	BMI_IRN	continuous	rs34173062	Wald ratio	-1.9971722612292	0.474061748581322	2.52118539412601e-05	asthma_gwama	BMI_IRN	362216
Asthma	BMI (inverse-rank normalized)	BMI_IRN	continuous	rs34215892	Wald ratio	-0.100488640160374	0.559423655195456	0.857443936761568	asthma_gwama	BMI_IRN	362216
Asthma	BMI (inverse-rank normalized)	BMI_IRN	continuous	rs34240248	Wald ratio	-0.0617174116461527	0.0829885553876053	0.457066571623633	asthma_gwama	BMI_IRN	362216
Asthma	BMI (inverse-rank normalized)	BMI_IRN	continuous	rs34368225	Wald ratio	-0.0102795482786346	0.0873200058475258	0.90628736690518	asthma_gwama	BMI_IRN	362216
Asthma	BMI (inverse-rank normalized)	BMI_IRN	continuous	rs34607223	Wald ratio	0.00795019528097866	0.0835789677544301	0.924217955096696	asthma_gwama	BMI_IRN	362216
Asthma	BMI (inverse-rank normalized)	BMI_IRN	continuous	rs34630948	Wald ratio	-0.00192318319246132	0.0652342594840333	0.976480825588775	asthma_gwama	BMI_IRN	362216
Asthma	BMI (inverse-rank normalized)	BMI_IRN	continuous	rs34660307	Wald ratio	-0.08774733040201	0.475453831658291	0.853578169275016	asthma_gwama	BMI_IRN	362216
Asthma	BMI (inverse-rank normalized)	BMI_IRN	continuous	rs34712979	Wald ratio	-1.28812740921079	0.513927774396429	0.0121954909343927	asthma_gwama	BMI_IRN	362216
Asthma	BMI (inverse-rank normalized)	BMI_IRN	continuous	rs35032841	Wald ratio	0.0671584502425593	0.0739691228530222	0.363917602629512	asthma_gwama	BMI_IRN	362216
Asthma	BMI (inverse-rank normalized)	BMI_IRN	continuous	rs35167234	Wald ratio	0.925905965846086	0.515493457529386	0.0724699264289294	asthma_gwama	BMI_IRN	362216
Asthma	BMI (inverse-rank normalized)	BMI_IRN	continuous	rs35177143	Wald ratio	0.0761065544197234	0.0557385447985568	0.172120909053949	asthma_gwama	BMI_IRN	362216
Asthma	BMI (inverse-rank normalized)	BMI_IRN	continuous	rs35330847	Wald ratio	0.749130915524104	0.506017249004865	0.138754418026275	asthma_gwama	BMI_IRN	362216
Asthma	BMI (inverse-rank normalized)	BMI_IRN	continuous	rs35407628	Wald ratio	-0.0501030959752322	0.100067801857585	0.616588268240599	asthma_gwama	BMI_IRN	362216
Asthma	BMI (inverse-rank normalized)	BMI_IRN	continuous	rs35449774	Wald ratio	-0.340945182254874	0.565532636337949	0.546592208142609	asthma_gwama	BMI_IRN	362216
Asthma	BMI (inverse-rank normalized)	BMI_IRN	continuous	rs35453239	Wald ratio	0.593192254969157	0.69674948594928	0.394563337041134	asthma_gwama	BMI_IRN	362216
Asthma	BMI (inverse-rank normalized)	BMI_IRN	continuous	rs35462600	Wald ratio	-0.586546824173943	0.797574901557953	0.462088103834756	asthma_gwama	BMI_IRN	362216
Asthma	BMI (inverse-rank normalized)	BMI_IRN	continuous	rs35586997	Wald ratio	-0.0568772992858689	0.0540443386472385	0.29260726658722	asthma_gwama	BMI_IRN	362216
Asthma	BMI (inverse-rank normalized)	BMI_IRN	continuous	rs35668054	Wald ratio	1.13361972547026	0.479958057956279	0.0181808522046354	asthma_gwama	BMI_IRN	362216
Asthma	BMI (inverse-rank normalized)	BMI_IRN	continuous	rs35960329	Wald ratio	0.0326455780059622	0.691316109086894	0.962336006893612	asthma_gwama	BMI_IRN	362216
Asthma	BMI (inverse-rank normalized)	BMI_IRN	continuous	rs36198584	Wald ratio	-0.0104727797673579	0.0642053246717193	0.8704287697384	asthma_gwama	BMI_IRN	362216
Asthma	BMI (inverse-rank normalized)	BMI_IRN	continuous	rs364359	Wald ratio	0.000814612740437358	0.0799612374753163	0.991871615469016	asthma_gwama	BMI_IRN	362216
Asthma	BMI (inverse-rank normalized)	BMI_IRN	continuous	rs368560236	Wald ratio	0.0028456875	0.00467050892857143	0.54233321118767	asthma_gwama	BMI_IRN	362216
Asthma	BMI (inverse-rank normalized)	BMI_IRN	continuous	rs369028166	Wald ratio	-0.0203896291434198	0.0506670167377749	0.687371928832187	asthma_gwama	BMI_IRN	362216
Asthma	BMI (inverse-rank normalized)	BMI_IRN	continuous	rs371235274	Wald ratio	0.00282050442477876	0.00462917699115044	0.54233321118767	asthma_gwama	BMI_IRN	362216
Asthma	BMI (inverse-rank normalized)	BMI_IRN	continuous	rs371891784	Wald ratio	0.0330353215163669	0.0951028593608488	0.728317781507141	asthma_gwama	BMI_IRN	362216
Asthma	BMI (inverse-rank normalized)	BMI_IRN	continuous	rs372911770	Wald ratio	0.00370601162790698	0.00608252325581395	0.54233321118767	asthma_gwama	BMI_IRN	362216
Asthma	BMI (inverse-rank normalized)	BMI_IRN	continuous	rs374381259	Wald ratio	0.00103879279279279	0.00409379279279279	0.799690048818007	asthma_gwama	BMI_IRN	362216
Asthma	BMI (inverse-rank normalized)	BMI_IRN	continuous	rs3749833	Wald ratio	-0.00331269413771434	0.204684442050453	0.987087283740119	asthma_gwama	BMI_IRN	362216
Asthma	BMI (inverse-rank normalized)	BMI_IRN	continuous	rs376573492	Wald ratio	0.0184914743589744	0.0084749358974359	0.0291168117302989	asthma_gwama	BMI_IRN	362216
Asthma	BMI (inverse-rank normalized)	BMI_IRN	continuous	rs3774190	Wald ratio	0.0105581388888889	0.0163995833333333	0.51970168777185	asthma_gwama	BMI_IRN	362216
Asthma	BMI (inverse-rank normalized)	BMI_IRN	continuous	rs377618546	Wald ratio	-0.0859257693608387	0.0778438169315748	0.269670071562384	asthma_gwama	BMI_IRN	362216
Asthma	BMI (inverse-rank normalized)	BMI_IRN	continuous	rs3777755	Wald ratio	2.53088741114423	0.554022013299702	4.91913373201112e-06	asthma_gwama	BMI_IRN	362216
Asthma	BMI (inverse-rank normalized)	BMI_IRN	continuous	rs3825729	Wald ratio	0.137914169520548	0.047666095890411	0.00381169770582056	asthma_gwama	BMI_IRN	362216
Asthma	BMI (inverse-rank normalized)	BMI_IRN	continuous	rs3826620	Wald ratio	0.431132820619414	0.517326959052172	0.404627312503701	asthma_gwama	BMI_IRN	362216
Asthma	BMI (inverse-rank normalized)	BMI_IRN	continuous	rs3828058	Wald ratio	0.937614394291919	0.360086862106406	0.00921814347338457	asthma_gwama	BMI_IRN	362216
Asthma	BMI (inverse-rank normalized)	BMI_IRN	continuous	rs3867128	Wald ratio	-0.0530480375511835	0.0523670894503812	0.311058556167025	asthma_gwama	BMI_IRN	362216
Asthma	BMI (inverse-rank normalized)	BMI_IRN	continuous	rs4097694	Wald ratio	-0.110263260639188	0.0697218658783721	0.113769887573726	asthma_gwama	BMI_IRN	362216
Asthma	BMI (inverse-rank normalized)	BMI_IRN	continuous	rs41265154	Wald ratio	0.0281542857142857	1.27950649350649	0.982444749292168	asthma_gwama	BMI_IRN	362216
Asthma	BMI (inverse-rank normalized)	BMI_IRN	continuous	rs41283642	Wald ratio	-0.141618872629438	0.37924010761861	0.708829927722183	asthma_gwama	BMI_IRN	362216
Asthma	BMI (inverse-rank normalized)	BMI_IRN	continuous	rs41285280	Wald ratio	-0.557324543880677	0.342714076441603	0.103905308762427	asthma_gwama	BMI_IRN	362216
Asthma	BMI (inverse-rank normalized)	BMI_IRN	continuous	rs4141168	Wald ratio	-0.0138249548371021	0.0725767769264312	0.848927288102065	asthma_gwama	BMI_IRN	362216
Asthma	BMI (inverse-rank normalized)	BMI_IRN	continuous	rs4245080	Wald ratio	1.14882840850181	0.564678589942976	0.0419030249428885	asthma_gwama	BMI_IRN	362216
Asthma	BMI (inverse-rank normalized)	BMI_IRN	continuous	rs4365903	Wald ratio	0.0942011657450306	0.0816589448512928	0.248667177171021	asthma_gwama	BMI_IRN	362216
Asthma	BMI (inverse-rank normalized)	BMI_IRN	continuous	rs4385322	Wald ratio	0.0723477505742619	0.0619482884195193	0.242857884984654	asthma_gwama	BMI_IRN	362216
Asthma	BMI (inverse-rank normalized)	BMI_IRN	continuous	rs4393428	Wald ratio	-0.439069357366771	0.429167319749216	0.306273485945768	asthma_gwama	BMI_IRN	362216
Asthma	BMI (inverse-rank normalized)	BMI_IRN	continuous	rs4510515	Wald ratio	0.0229408110809653	0.0849025417678138	0.787005085266152	asthma_gwama	BMI_IRN	362216
Asthma	BMI (inverse-rank normalized)	BMI_IRN	continuous	rs45473596	Wald ratio	-0.000347907692307692	0.000502598816568047	0.488800755392734	asthma_gwama	BMI_IRN	362216
Asthma	BMI (inverse-rank normalized)	BMI_IRN	continuous	rs4548024	Wald ratio	0.0680406794673077	0.083258785942492	0.413803165064379	asthma_gwama	BMI_IRN	362216
Asthma	BMI (inverse-rank normalized)	BMI_IRN	continuous	rs4550510	Wald ratio	0.0982607882731284	0.0886302445591205	0.267576974690167	asthma_gwama	BMI_IRN	362216
Asthma	BMI (inverse-rank normalized)	BMI_IRN	continuous	rs4665699	Wald ratio	-0.926634460547504	0.563089640365003	0.0998409627864686	asthma_gwama	BMI_IRN	362216
Asthma	BMI (inverse-rank normalized)	BMI_IRN	continuous	rs4673685	Wald ratio	-0.0353146236278097	0.0891250653423941	0.691930404248768	asthma_gwama	BMI_IRN	362216
Asthma	BMI (inverse-rank normalized)	BMI_IRN	continuous	rs4713678	Wald ratio	0.046975012130034	0.534058709364386	0.929909646844483	asthma_gwama	BMI_IRN	362216
Asthma	BMI (inverse-rank normalized)	BMI_IRN	continuous	rs4719622	Wald ratio	-0.0632349368318756	0.588219144800778	0.914390465884315	asthma_gwama	BMI_IRN	362216
Asthma	BMI (inverse-rank normalized)	BMI_IRN	continuous	rs4749997	Wald ratio	0.330958408679928	0.507997287522604	0.514726094318418	asthma_gwama	BMI_IRN	362216
Asthma	BMI (inverse-rank normalized)	BMI_IRN	continuous	rs4785704	Wald ratio	-0.228365537730244	0.0744494355317885	0.00215936108354693	asthma_gwama	BMI_IRN	362216
Asthma	BMI (inverse-rank normalized)	BMI_IRN	continuous	rs4787938	Wald ratio	0.988123411139357	0.520094753871042	0.0574474079186397	asthma_gwama	BMI_IRN	362216
Asthma	BMI (inverse-rank normalized)	BMI_IRN	continuous	rs4833096	Wald ratio	-0.0922410221422812	0.0408987161198288	0.024111210962039	asthma_gwama	BMI_IRN	362216
Asthma	BMI (inverse-rank normalized)	BMI_IRN	continuous	rs4833938	Wald ratio	0.199265886164495	0.0754024004123408	0.00822479945360274	asthma_gwama	BMI_IRN	362216
Asthma	BMI (inverse-rank normalized)	BMI_IRN	continuous	rs4845604	Wald ratio	-0.042298710352039	0.380970140583246	0.911593398904156	asthma_gwama	BMI_IRN	362216
Asthma	BMI (inverse-rank normalized)	BMI_IRN	continuous	rs4855569	Wald ratio	0.780926388621949	0.52845281568326	0.139472050756945	asthma_gwama	BMI_IRN	362216
Asthma	BMI (inverse-rank normalized)	BMI_IRN	continuous	rs4897221	Wald ratio	-0.213322276004468	0.0744656940730461	0.0041739735782708	asthma_gwama	BMI_IRN	362216
Asthma	BMI (inverse-rank normalized)	BMI_IRN	continuous	rs4900299	Wald ratio	-0.000157981318681319	0.00048389010989011	0.744059849896912	asthma_gwama	BMI_IRN	362216
Asthma	BMI (inverse-rank normalized)	BMI_IRN	continuous	rs4916532	Wald ratio	-0.0609698806962644	0.579790729513006	0.916250098766984	asthma_gwama	BMI_IRN	362216
Asthma	BMI (inverse-rank normalized)	BMI_IRN	continuous	rs5008056	Wald ratio	0.118460282916213	0.0765104733405876	0.121552861681241	asthma_gwama	BMI_IRN	362216
Asthma	BMI (inverse-rank normalized)	BMI_IRN	continuous	rs509399	Wald ratio	0.370028020623179	0.513199955167003	0.470896503585916	asthma_gwama	BMI_IRN	362216
Asthma	BMI (inverse-rank normalized)	BMI_IRN	continuous	rs528498619	Wald ratio	-0.000462825694444444	0.00203190277777778	0.819817704345563	asthma_gwama	BMI_IRN	362216
Asthma	BMI (inverse-rank normalized)	BMI_IRN	continuous	rs529670342	Wald ratio	-0.000757442028985507	0.00598948550724638	0.899366265067705	asthma_gwama	BMI_IRN	362216
Asthma	BMI (inverse-rank normalized)	BMI_IRN	continuous	rs530232231	Wald ratio	-0.00493367010309278	0.00318347422680412	0.121195428916826	asthma_gwama	BMI_IRN	362216
Asthma	BMI (inverse-rank normalized)	BMI_IRN	continuous	rs531660643	Wald ratio	-0.159789244468639	0.0738180969786523	0.0304156400255991	asthma_gwama	BMI_IRN	362216
Asthma	BMI (inverse-rank normalized)	BMI_IRN	continuous	rs532600469	Wald ratio	0.0193584929757344	0.0133001277139208	0.145527622827025	asthma_gwama	BMI_IRN	362216
Asthma	BMI (inverse-rank normalized)	BMI_IRN	continuous	rs533283473	Wald ratio	-0.00123203963414634	0.000688335365853659	0.0734727539637796	asthma_gwama	BMI_IRN	362216
Asthma	BMI (inverse-rank normalized)	BMI_IRN	continuous	rs533588713	Wald ratio	0.00238038009049774	0.00508769230769231	0.639877348764536	asthma_gwama	BMI_IRN	362216
Asthma	BMI (inverse-rank normalized)	BMI_IRN	continuous	rs533591327	Wald ratio	0.00320751982378855	0.00216590308370044	0.138629045882553	asthma_gwama	BMI_IRN	362216
Asthma	BMI (inverse-rank normalized)	BMI_IRN	continuous	rs533959313	Wald ratio	-0.00473910869565218	0.00241439855072464	0.0496632930887086	asthma_gwama	BMI_IRN	362216
Asthma	BMI (inverse-rank normalized)	BMI_IRN	continuous	rs534188121	Wald ratio	-0.000680708474576271	0.00165028474576271	0.679988070947963	asthma_gwama	BMI_IRN	362216
Asthma	BMI (inverse-rank normalized)	BMI_IRN	continuous	rs534820243	Wald ratio	-0.00507319801980198	0.000712975247524753	1.11482167722234e-12	asthma_gwama	BMI_IRN	362216
Asthma	BMI (inverse-rank normalized)	BMI_IRN	continuous	rs535852797	Wald ratio	-0.00443471978021978	0.00297895054945055	0.136570267644691	asthma_gwama	BMI_IRN	362216
Asthma	BMI (inverse-rank normalized)	BMI_IRN	continuous	rs537880376	Wald ratio	-0.0073904375	0.00524292857142857	0.158657523530946	asthma_gwama	BMI_IRN	362216
Asthma	BMI (inverse-rank normalized)	BMI_IRN	continuous	rs538313772	Wald ratio	-0.0815466916312816	0.0878596743455147	0.353331331446444	asthma_gwama	BMI_IRN	362216
Asthma	BMI (inverse-rank normalized)	BMI_IRN	continuous	rs538590173	Wald ratio	-0.0022725447761194	0.00261415422885572	0.384670406749009	asthma_gwama	BMI_IRN	362216
Asthma	BMI (inverse-rank normalized)	BMI_IRN	continuous	rs541612525	Wald ratio	0.0849989976344172	0.469036927148069	0.85619468643141	asthma_gwama	BMI_IRN	362216
Asthma	BMI (inverse-rank normalized)	BMI_IRN	continuous	rs542000946	Wald ratio	-0.00720783673469388	0.00710119727891157	0.310097671859852	asthma_gwama	BMI_IRN	362216
Asthma	BMI (inverse-rank normalized)	BMI_IRN	continuous	rs544253	Wald ratio	0.303594050743657	0.421538057742782	0.471398444319187	asthma_gwama	BMI_IRN	362216
Asthma	BMI (inverse-rank normalized)	BMI_IRN	continuous	rs545072519	Wald ratio	-23.5948910593539	27.7679939894816	0.39548335562132	asthma_gwama	BMI_IRN	362216
Asthma	BMI (inverse-rank normalized)	BMI_IRN	continuous	rs545239531	Wald ratio	0.000250790977443609	0.00223026315789474	0.910467364184144	asthma_gwama	BMI_IRN	362216
Asthma	BMI (inverse-rank normalized)	BMI_IRN	continuous	rs545377435	Wald ratio	-0.00750171106557377	0.0184849385245902	0.684868767786852	asthma_gwama	BMI_IRN	362216
Asthma	BMI (inverse-rank normalized)	BMI_IRN	continuous	rs545989971	Wald ratio	-0.00136571264367816	0.00183690804597701	0.457188407672211	asthma_gwama	BMI_IRN	362216
Asthma	BMI (inverse-rank normalized)	BMI_IRN	continuous	rs546250872	Wald ratio	-0.000181215977961433	0.00158842148760331	0.909169957438948	asthma_gwama	BMI_IRN	362216
Asthma	BMI (inverse-rank normalized)	BMI_IRN	continuous	rs548208154	Wald ratio	3.45635135135135e-06	0.000529722972972973	0.994793977318611	asthma_gwama	BMI_IRN	362216
Asthma	BMI (inverse-rank normalized)	BMI_IRN	continuous	rs548299021	Wald ratio	0.00358003012048193	0.00134997891566265	0.00800365501744506	asthma_gwama	BMI_IRN	362216
Asthma	BMI (inverse-rank normalized)	BMI_IRN	continuous	rs548785166	Wald ratio	-0.00189189285714286	0.00137788571428571	0.169739763937166	asthma_gwama	BMI_IRN	362216
Asthma	BMI (inverse-rank normalized)	BMI_IRN	continuous	rs549479504	Wald ratio	-0.00554024277456647	0.00445915028901734	0.214072934488005	asthma_gwama	BMI_IRN	362216
Asthma	BMI (inverse-rank normalized)	BMI_IRN	continuous	rs549956721	Wald ratio	-0.135313879493206	0.0981090408759961	0.16782715920691	asthma_gwama	BMI_IRN	362216
Asthma	BMI (inverse-rank normalized)	BMI_IRN	continuous	rs550188093	Wald ratio	0.000497955414012739	0.00210299044585987	0.812824023794656	asthma_gwama	BMI_IRN	362216
Asthma	BMI (inverse-rank normalized)	BMI_IRN	continuous	rs551235185	Wald ratio	-0.00186175961538462	0.00205717788461538	0.365461877187779	asthma_gwama	BMI_IRN	362216
Asthma	BMI (inverse-rank normalized)	BMI_IRN	continuous	rs551258059	Wald ratio	0.000197241401273885	0.000396485987261147	0.618854955524006	asthma_gwama	BMI_IRN	362216
Asthma	BMI (inverse-rank normalized)	BMI_IRN	continuous	rs551599729	Wald ratio	4.98007894736842e-05	0.000374403684210526	0.894182608811204	asthma_gwama	BMI_IRN	362216
Asthma	BMI (inverse-rank normalized)	BMI_IRN	continuous	rs554005245	Wald ratio	0.000798995535714286	0.000819183035714286	0.32938343086155	asthma_gwama	BMI_IRN	362216
Asthma	BMI (inverse-rank normalized)	BMI_IRN	continuous	rs554870125	Wald ratio	-0.00191513445378151	0.00227196638655462	0.399261235992033	asthma_gwama	BMI_IRN	362216
Asthma	BMI (inverse-rank normalized)	BMI_IRN	continuous	rs554911459	Wald ratio	0.00116377272727273	0.000812912337662338	0.152255714283059	asthma_gwama	BMI_IRN	362216
Asthma	BMI (inverse-rank normalized)	BMI_IRN	continuous	rs554917545	Wald ratio	0.00125688745980707	0.00164642443729904	0.445222329051939	asthma_gwama	BMI_IRN	362216
Asthma	BMI (inverse-rank normalized)	BMI_IRN	continuous	rs555284836	Wald ratio	-0.000146714590747331	0.000279688256227758	0.599885820246808	asthma_gwama	BMI_IRN	362216
Asthma	BMI (inverse-rank normalized)	BMI_IRN	continuous	rs555738319	Wald ratio	5.12159393939394e-05	0.00135876363636364	0.969932421048012	asthma_gwama	BMI_IRN	362216
Asthma	BMI (inverse-rank normalized)	BMI_IRN	continuous	rs555805184	Wald ratio	-0.0108537410071942	0.0189430215827338	0.566666510471168	asthma_gwama	BMI_IRN	362216
Asthma	BMI (inverse-rank normalized)	BMI_IRN	continuous	rs55646091	Wald ratio	-0.0258548021174691	0.208732039324427	0.901421376177485	asthma_gwama	BMI_IRN	362216
Asthma	BMI (inverse-rank normalized)	BMI_IRN	continuous	rs55661102	Wald ratio	-0.654791131855309	0.313876312718787	0.0369655968484259	asthma_gwama	BMI_IRN	362216
Asthma	BMI (inverse-rank normalized)	BMI_IRN	continuous	rs55745041	Wald ratio	-0.0228310819983709	0.0748425196850394	0.760324292359305	asthma_gwama	BMI_IRN	362216
Asthma	BMI (inverse-rank normalized)	BMI_IRN	continuous	rs55786261	Wald ratio	0.0825106709212217	0.0751453524512038	0.272198248808512	asthma_gwama	BMI_IRN	362216
Asthma	BMI (inverse-rank normalized)	BMI_IRN	continuous	rs55861950	Wald ratio	-0.135330942622951	0.586805327868852	0.817607515766689	asthma_gwama	BMI_IRN	362216
Asthma	BMI (inverse-rank normalized)	BMI_IRN	continuous	rs55864359	Wald ratio	-0.113122992881973	0.0735093527561662	0.123830538320292	asthma_gwama	BMI_IRN	362216
Asthma	BMI (inverse-rank normalized)	BMI_IRN	continuous	rs559369964	Wald ratio	0.01241265129683	0.00493011527377522	0.0118117078245144	asthma_gwama	BMI_IRN	362216
Asthma	BMI (inverse-rank normalized)	BMI_IRN	continuous	rs559712054	Wald ratio	6.01434782608696e-06	0.00128390969899666	0.996262402467087	asthma_gwama	BMI_IRN	362216
Asthma	BMI (inverse-rank normalized)	BMI_IRN	continuous	rs55978515	Wald ratio	0.727243812418585	0.532860399478941	0.172318314692167	asthma_gwama	BMI_IRN	362216
Asthma	BMI (inverse-rank normalized)	BMI_IRN	continuous	rs56078635	Wald ratio	0.886774618991794	0.669832942555686	0.185544794298696	asthma_gwama	BMI_IRN	362216
Asthma	BMI (inverse-rank normalized)	BMI_IRN	continuous	rs56089125	Wald ratio	0.204266805990944	0.0759714385231627	0.0071724066556187	asthma_gwama	BMI_IRN	362216
Asthma	BMI (inverse-rank normalized)	BMI_IRN	continuous	rs560979380	Wald ratio	-0.00693461904761905	0.0171832380952381	0.686529821140349	asthma_gwama	BMI_IRN	362216
Asthma	BMI (inverse-rank normalized)	BMI_IRN	continuous	rs56118007	Wald ratio	-0.681314002991601	0.847152226441146	0.421258179777348	asthma_gwama	BMI_IRN	362216
Asthma	BMI (inverse-rank normalized)	BMI_IRN	continuous	rs561226516	Wald ratio	-0.00223014383561644	0.000739006849315069	0.00254652166941767	asthma_gwama	BMI_IRN	362216
Asthma	BMI (inverse-rank normalized)	BMI_IRN	continuous	rs56179589	Wald ratio	-0.203299013591527	0.168095140688213	0.226498356859956	asthma_gwama	BMI_IRN	362216
Asthma	BMI (inverse-rank normalized)	BMI_IRN	continuous	rs56188488	Wald ratio	-0.60933443546412	1.09211976487877	0.576887148271615	asthma_gwama	BMI_IRN	362216
Asthma	BMI (inverse-rank normalized)	BMI_IRN	continuous	rs562623682	Wald ratio	0.00734766666666667	0.00446433333333333	0.0997926317151294	asthma_gwama	BMI_IRN	362216
Asthma	BMI (inverse-rank normalized)	BMI_IRN	continuous	rs565606835	Wald ratio	0.0620760504201681	0.0577172268907563	0.282141839018606	asthma_gwama	BMI_IRN	362216
Asthma	BMI (inverse-rank normalized)	BMI_IRN	continuous	rs566801348	Wald ratio	-0.00010161847826087	0.000668380434782609	0.879157845005319	asthma_gwama	BMI_IRN	362216
Asthma	BMI (inverse-rank normalized)	BMI_IRN	continuous	rs56699544	Wald ratio	0.172980109607941	0.0847142911892078	0.0411591113466699	asthma_gwama	BMI_IRN	362216
Asthma	BMI (inverse-rank normalized)	BMI_IRN	continuous	rs567582625	Wald ratio	-0.000661436363636364	0.00163026573426573	0.684946114130994	asthma_gwama	BMI_IRN	362216
Asthma	BMI (inverse-rank normalized)	BMI_IRN	continuous	rs568257090	Wald ratio	-0.000427711374407583	0.0014814644549763	0.772804460712211	asthma_gwama	BMI_IRN	362216
Asthma	BMI (inverse-rank normalized)	BMI_IRN	continuous	rs570002184	Wald ratio	0.00373928965517241	0.00389697931034483	0.337289088045234	asthma_gwama	BMI_IRN	362216
Asthma	BMI (inverse-rank normalized)	BMI_IRN	continuous	rs570424956	Wald ratio	-0.0119549479166667	0.0135340625	0.377061811242864	asthma_gwama	BMI_IRN	362216
Asthma	BMI (inverse-rank normalized)	BMI_IRN	continuous	rs571013696	Wald ratio	0.00162105031446541	0.00433913836477988	0.708710813248483	asthma_gwama	BMI_IRN	362216
Asthma	BMI (inverse-rank normalized)	BMI_IRN	continuous	rs571708735	Wald ratio	0.00162423744292237	0.00119915068493151	0.175580146370349	asthma_gwama	BMI_IRN	362216
Asthma	BMI (inverse-rank normalized)	BMI_IRN	continuous	rs575330204	Wald ratio	0.00241698206278027	0.00186942152466368	0.196044357181714	asthma_gwama	BMI_IRN	362216
Asthma	BMI (inverse-rank normalized)	BMI_IRN	continuous	rs576824842	Wald ratio	-0.00655823834196891	0.00462823834196891	0.156481372755706	asthma_gwama	BMI_IRN	362216
Asthma	BMI (inverse-rank normalized)	BMI_IRN	continuous	rs57719838	Wald ratio	-0.533620969612619	0.521203897007655	0.305918493018359	asthma_gwama	BMI_IRN	362216
Asthma	BMI (inverse-rank normalized)	BMI_IRN	continuous	rs58452854	Wald ratio	-0.0236888321416411	0.0961157643854273	0.80532503066106	asthma_gwama	BMI_IRN	362216
Asthma	BMI (inverse-rank normalized)	BMI_IRN	continuous	rs58939053	Wald ratio	0.0386836932027042	0.0349553293164347	0.268440603417665	asthma_gwama	BMI_IRN	362216
Asthma	BMI (inverse-rank normalized)	BMI_IRN	continuous	rs59111282	Wald ratio	-0.122971276251214	0.0891572207966917	0.167813609416288	asthma_gwama	BMI_IRN	362216
Asthma	BMI (inverse-rank normalized)	BMI_IRN	continuous	rs6072731	Wald ratio	-1.13356	0.5375024	0.0349498109869656	asthma_gwama	BMI_IRN	362216
Asthma	BMI (inverse-rank normalized)	BMI_IRN	continuous	rs60739516	Wald ratio	-0.48554316046439	0.0717054131539357	1.27577451634441e-11	asthma_gwama	BMI_IRN	362216
Asthma	BMI (inverse-rank normalized)	BMI_IRN	continuous	rs60946542	Wald ratio	-0.170188545506096	0.436216331159626	0.696427761024349	asthma_gwama	BMI_IRN	362216
Asthma	BMI (inverse-rank normalized)	BMI_IRN	continuous	rs610265	Wald ratio	0.121541056661802	0.0477655384518822	0.0109423526973773	asthma_gwama	BMI_IRN	362216
Asthma	BMI (inverse-rank normalized)	BMI_IRN	continuous	rs61192126	Wald ratio	-0.139135031847134	0.522736730360934	0.790110943642559	asthma_gwama	BMI_IRN	362216
Asthma	BMI (inverse-rank normalized)	BMI_IRN	continuous	rs61811905	Wald ratio	-0.476100493218249	0.506565967940814	0.347289982375603	asthma_gwama	BMI_IRN	362216
Asthma	BMI (inverse-rank normalized)	BMI_IRN	continuous	rs61816761	Wald ratio	-0.527540500736377	0.572932479891243	0.357169189012663	asthma_gwama	BMI_IRN	362216
Asthma	BMI (inverse-rank normalized)	BMI_IRN	continuous	rs61840192	Wald ratio	-0.0150037324145851	0.0227071490094746	0.508773113024373	asthma_gwama	BMI_IRN	362216
Asthma	BMI (inverse-rank normalized)	BMI_IRN	continuous	rs61841332	Wald ratio	0.510074214006207	0.360686816893807	0.157310579515156	asthma_gwama	BMI_IRN	362216
Asthma	BMI (inverse-rank normalized)	BMI_IRN	continuous	rs61859945	Wald ratio	0.527095393625408	0.576506363329204	0.360563216525775	asthma_gwama	BMI_IRN	362216
Asthma	BMI (inverse-rank normalized)	BMI_IRN	continuous	rs61896951	Wald ratio	-0.0914851337536207	0.0523029902879537	0.0802672145497344	asthma_gwama	BMI_IRN	362216
Asthma	BMI (inverse-rank normalized)	BMI_IRN	continuous	rs61907677	Wald ratio	0.48523656320969	0.472193414080242	0.304127449514392	asthma_gwama	BMI_IRN	362216
Asthma	BMI (inverse-rank normalized)	BMI_IRN	continuous	rs62045456	Wald ratio	0.789345338983051	0.575514830508475	0.170204665148966	asthma_gwama	BMI_IRN	362216
Asthma	BMI (inverse-rank normalized)	BMI_IRN	continuous	rs62066986	Wald ratio	-0.012189899768697	0.627534052942688	0.984502002487678	asthma_gwama	BMI_IRN	362216
Asthma	BMI (inverse-rank normalized)	BMI_IRN	continuous	rs62126619	Wald ratio	0.833693881416935	0.587533623792385	0.155907119750709	asthma_gwama	BMI_IRN	362216
Asthma	BMI (inverse-rank normalized)	BMI_IRN	continuous	rs62162265	Wald ratio	0.133066780612868	0.0722668172384324	0.0655737773189756	asthma_gwama	BMI_IRN	362216
Asthma	BMI (inverse-rank normalized)	BMI_IRN	continuous	rs62169918	Wald ratio	0.0155364425220966	0.0752609945463826	0.836451765406242	asthma_gwama	BMI_IRN	362216
Asthma	BMI (inverse-rank normalized)	BMI_IRN	continuous	rs62212899	Wald ratio	0.205308701215611	0.553304542546385	0.710593492250665	asthma_gwama	BMI_IRN	362216
Asthma	BMI (inverse-rank normalized)	BMI_IRN	continuous	rs62275576	Wald ratio	-0.104107757349327	0.390148461311572	0.789591285430956	asthma_gwama	BMI_IRN	362216
Asthma	BMI (inverse-rank normalized)	BMI_IRN	continuous	rs62351976	Wald ratio	0.10211943884669	0.0440106185087583	0.0203226880303728	asthma_gwama	BMI_IRN	362216
Asthma	BMI (inverse-rank normalized)	BMI_IRN	continuous	rs62379371	Wald ratio	-1.0846694378464	0.72020486935867	0.132052594264607	asthma_gwama	BMI_IRN	362216
Asthma	BMI (inverse-rank normalized)	BMI_IRN	continuous	rs62407901	Wald ratio	-0.452935521460478	0.48290541852787	0.34827608273401	asthma_gwama	BMI_IRN	362216
Asthma	BMI (inverse-rank normalized)	BMI_IRN	continuous	rs62436761	Wald ratio	-0.32406794274875	0.728530781169167	0.656446982052598	asthma_gwama	BMI_IRN	362216
Asthma	BMI (inverse-rank normalized)	BMI_IRN	continuous	rs62449487	Wald ratio	-0.0346190792499106	0.0714253231822595	0.627896863424889	asthma_gwama	BMI_IRN	362216
Asthma	BMI (inverse-rank normalized)	BMI_IRN	continuous	rs62569046	Wald ratio	0.122021809833557	0.510642816146929	0.811138721811645	asthma_gwama	BMI_IRN	362216
Asthma	BMI (inverse-rank normalized)	BMI_IRN	continuous	rs62623446	Wald ratio	-0.415843986998917	0.568650054171181	0.464606452240045	asthma_gwama	BMI_IRN	362216
Asthma	BMI (inverse-rank normalized)	BMI_IRN	continuous	rs636176	Wald ratio	0.107932073306316	0.0982839005845856	0.272131852836607	asthma_gwama	BMI_IRN	362216
Asthma	BMI (inverse-rank normalized)	BMI_IRN	continuous	rs6457809	Wald ratio	0.0157637707273681	0.0704215040029195	0.822874939140794	asthma_gwama	BMI_IRN	362216
Asthma	BMI (inverse-rank normalized)	BMI_IRN	continuous	rs6462	Wald ratio	-0.262658239613347	0.0493822845989404	1.04410363288442e-07	asthma_gwama	BMI_IRN	362216
Asthma	BMI (inverse-rank normalized)	BMI_IRN	continuous	rs6498021	Wald ratio	0.223335195530726	0.512354748603352	0.662909624137896	asthma_gwama	BMI_IRN	362216
Asthma	BMI (inverse-rank normalized)	BMI_IRN	continuous	rs658648	Wald ratio	0.130045235602094	0.485981151832461	0.789012491030267	asthma_gwama	BMI_IRN	362216
Asthma	BMI (inverse-rank normalized)	BMI_IRN	continuous	rs6591221	Wald ratio	0.0617055015060762	0.0760339992383063	0.417049065418147	asthma_gwama	BMI_IRN	362216
Asthma	BMI (inverse-rank normalized)	BMI_IRN	continuous	rs6602347	Wald ratio	0.191422931403191	0.416076657344958	0.645468488948362	asthma_gwama	BMI_IRN	362216
Asthma	BMI (inverse-rank normalized)	BMI_IRN	continuous	rs66555610	Wald ratio	-0.153588779468815	0.0657057594747837	0.0194119626053967	asthma_gwama	BMI_IRN	362216
Asthma	BMI (inverse-rank normalized)	BMI_IRN	continuous	rs6658216	Wald ratio	-0.048468423669816	0.0689800216456548	0.4822774056495	asthma_gwama	BMI_IRN	362216
Asthma	BMI (inverse-rank normalized)	BMI_IRN	continuous	rs6673550	Wald ratio	0.0976937899941827	0.0796894997091332	0.220224821657475	asthma_gwama	BMI_IRN	362216
Asthma	BMI (inverse-rank normalized)	BMI_IRN	continuous	rs67140765	Wald ratio	-0.362933685072319	0.430306558719185	0.398987708227986	asthma_gwama	BMI_IRN	362216
Asthma	BMI (inverse-rank normalized)	BMI_IRN	continuous	rs6721008	Wald ratio	-0.0112694358486075	0.553137348250417	0.983745290597551	asthma_gwama	BMI_IRN	362216
Asthma	BMI (inverse-rank normalized)	BMI_IRN	continuous	rs6734942	Wald ratio	0.535048635824437	0.534989323843417	0.317256858315825	asthma_gwama	BMI_IRN	362216
Asthma	BMI (inverse-rank normalized)	BMI_IRN	continuous	rs6742122	Wald ratio	0.265165411071078	0.519280489136369	0.609603131583375	asthma_gwama	BMI_IRN	362216
Asthma	BMI (inverse-rank normalized)	BMI_IRN	continuous	rs67538026	Wald ratio	0.132887962900733	0.0745564218025405	0.0746870927967209	asthma_gwama	BMI_IRN	362216
Asthma	BMI (inverse-rank normalized)	BMI_IRN	continuous	rs67551275	Wald ratio	-0.171518410074366	0.0574622340839012	0.00283680927871461	asthma_gwama	BMI_IRN	362216
Asthma	BMI (inverse-rank normalized)	BMI_IRN	continuous	rs67598120	Wald ratio	-0.0716424109404018	0.0921556643592774	0.436918988634654	asthma_gwama	BMI_IRN	362216
Asthma	BMI (inverse-rank normalized)	BMI_IRN	continuous	rs68002741	Wald ratio	-0.049917870135597	0.488959320912799	0.918685217179613	asthma_gwama	BMI_IRN	362216
Asthma	BMI (inverse-rank normalized)	BMI_IRN	continuous	rs68018114	Wald ratio	-0.966913134385098	0.508806310587341	0.0573864145924067	asthma_gwama	BMI_IRN	362216
Asthma	BMI (inverse-rank normalized)	BMI_IRN	continuous	rs68112369	Wald ratio	0.0396673725284922	0.0918549097052036	0.665851783774634	asthma_gwama	BMI_IRN	362216
Asthma	BMI (inverse-rank normalized)	BMI_IRN	continuous	rs6835650	Wald ratio	0.014360793032038	0.0665839322694604	0.829237537139603	asthma_gwama	BMI_IRN	362216
Asthma	BMI (inverse-rank normalized)	BMI_IRN	continuous	rs6852559	Wald ratio	-0.0716163535671625	0.0853884786621783	0.401630864876929	asthma_gwama	BMI_IRN	362216
Asthma	BMI (inverse-rank normalized)	BMI_IRN	continuous	rs6905736	Wald ratio	-0.545748922413793	0.546099137931035	0.317620960926148	asthma_gwama	BMI_IRN	362216
Asthma	BMI (inverse-rank normalized)	BMI_IRN	continuous	rs6910879	Wald ratio	-0.698969287554844	1.08869002019639	0.520855115555466	asthma_gwama	BMI_IRN	362216
Asthma	BMI (inverse-rank normalized)	BMI_IRN	continuous	rs6922431	Wald ratio	-0.357692214333394	0.301262212512895	0.235104610166078	asthma_gwama	BMI_IRN	362216
Asthma	BMI (inverse-rank normalized)	BMI_IRN	continuous	rs6993477	Wald ratio	0.631483662054754	0.455746246688254	0.165867963643954	asthma_gwama	BMI_IRN	362216
Asthma	BMI (inverse-rank normalized)	BMI_IRN	continuous	rs7026596	Wald ratio	-0.278507915122937	0.441025597844392	0.527713278581489	asthma_gwama	BMI_IRN	362216
Asthma	BMI (inverse-rank normalized)	BMI_IRN	continuous	rs7030351	Wald ratio	0.795880274779195	0.437797841020608	0.069076771742582	asthma_gwama	BMI_IRN	362216
Asthma	BMI (inverse-rank normalized)	BMI_IRN	continuous	rs707958	Wald ratio	0.0816725722351857	0.063091349062311	0.195488278083697	asthma_gwama	BMI_IRN	362216
Asthma	BMI (inverse-rank normalized)	BMI_IRN	continuous	rs7091048	Wald ratio	0.652588996763754	0.496600238460228	0.188808066417265	asthma_gwama	BMI_IRN	362216
Asthma	BMI (inverse-rank normalized)	BMI_IRN	continuous	rs7095431	Wald ratio	0.096003343083995	0.46475344755537	0.836346996515434	asthma_gwama	BMI_IRN	362216
Asthma	BMI (inverse-rank normalized)	BMI_IRN	continuous	rs7114362	Wald ratio	-0.088406085764714	0.0217811609493477	4.93186548186886e-05	asthma_gwama	BMI_IRN	362216
Asthma	BMI (inverse-rank normalized)	BMI_IRN	continuous	rs7125695	Wald ratio	-0.628649455941967	0.494339662897376	0.20348137958683	asthma_gwama	BMI_IRN	362216
Asthma	BMI (inverse-rank normalized)	BMI_IRN	continuous	rs7135586	Wald ratio	0.00625825147347741	0.447079708111142	0.988831523616334	asthma_gwama	BMI_IRN	362216
Asthma	BMI (inverse-rank normalized)	BMI_IRN	continuous	rs71368508	Wald ratio	-1.4795852196256	0.837715649088462	0.0773599307018898	asthma_gwama	BMI_IRN	362216
Asthma	BMI (inverse-rank normalized)	BMI_IRN	continuous	rs71526323	Wald ratio	-0.0549727410067217	0.0492763777286362	0.264593270346302	asthma_gwama	BMI_IRN	362216
Asthma	BMI (inverse-rank normalized)	BMI_IRN	continuous	rs71554596	Wald ratio	0.162212169632061	0.0903113663845224	0.0724717049022751	asthma_gwama	BMI_IRN	362216
Asthma	BMI (inverse-rank normalized)	BMI_IRN	continuous	rs7166997	Wald ratio	0.60770848985725	0.540560480841473	0.260920031627311	asthma_gwama	BMI_IRN	362216
Asthma	BMI (inverse-rank normalized)	BMI_IRN	continuous	rs7179656	Wald ratio	0.606942979150967	0.573790504898267	0.290156659808932	asthma_gwama	BMI_IRN	362216
Asthma	BMI (inverse-rank normalized)	BMI_IRN	continuous	rs7189678	Wald ratio	-0.0391095190543647	0.0545583590720141	0.473473902540695	asthma_gwama	BMI_IRN	362216
Asthma	BMI (inverse-rank normalized)	BMI_IRN	continuous	rs7210983	Wald ratio	-0.0321255262150785	0.0437529659395331	0.462797625026182	asthma_gwama	BMI_IRN	362216
Asthma	BMI (inverse-rank normalized)	BMI_IRN	continuous	rs7219572	Wald ratio	0.0463995950286273	0.0762836894288507	0.543021321489112	asthma_gwama	BMI_IRN	362216
Asthma	BMI (inverse-rank normalized)	BMI_IRN	continuous	rs7240215	Wald ratio	0.347819945182374	0.562833649588868	0.536588514860609	asthma_gwama	BMI_IRN	362216
Asthma	BMI (inverse-rank normalized)	BMI_IRN	continuous	rs72502575	Wald ratio	0.0564883718411161	0.0295891419967721	0.0562503223577047	asthma_gwama	BMI_IRN	362216
Asthma	BMI (inverse-rank normalized)	BMI_IRN	continuous	rs72743461	Wald ratio	-0.101456827441188	0.162999737153371	0.533655525121007	asthma_gwama	BMI_IRN	362216
Asthma	BMI (inverse-rank normalized)	BMI_IRN	continuous	rs72797984	Wald ratio	1.22826280623608	0.451077951002227	0.00647018062040247	asthma_gwama	BMI_IRN	362216
Asthma	BMI (inverse-rank normalized)	BMI_IRN	continuous	rs72798679	Wald ratio	-0.439019676739283	0.412976106816585	0.28775331889155	asthma_gwama	BMI_IRN	362216
Asthma	BMI (inverse-rank normalized)	BMI_IRN	continuous	rs72832017	Wald ratio	0.187576447050978	0.0644295157209266	0.00359878224712203	asthma_gwama	BMI_IRN	362216
Asthma	BMI (inverse-rank normalized)	BMI_IRN	continuous	rs72837826	Wald ratio	1.46624420823113	0.481067048242028	0.00230446677065693	asthma_gwama	BMI_IRN	362216
Asthma	BMI (inverse-rank normalized)	BMI_IRN	continuous	rs72923904	Wald ratio	-1.30856257264626	0.946454862456412	0.166789468108124	asthma_gwama	BMI_IRN	362216
Asthma	BMI (inverse-rank normalized)	BMI_IRN	continuous	rs72975913	Wald ratio	-1.72946905435124	0.483199811498586	0.000344646849863231	asthma_gwama	BMI_IRN	362216
Asthma	BMI (inverse-rank normalized)	BMI_IRN	continuous	rs73012738	Wald ratio	-0.920454466908588	0.435951270088129	0.0347405149255719	asthma_gwama	BMI_IRN	362216
Asthma	BMI (inverse-rank normalized)	BMI_IRN	continuous	rs73028255	Wald ratio	-0.00651526771653543	0.00742217322834646	0.380046117520216	asthma_gwama	BMI_IRN	362216
Asthma	BMI (inverse-rank normalized)	BMI_IRN	continuous	rs73063828	Wald ratio	0.210840765700075	0.123206484196307	0.087029476380879	asthma_gwama	BMI_IRN	362216
Asthma	BMI (inverse-rank normalized)	BMI_IRN	continuous	rs73078636	Wald ratio	1.3010178645617	0.467889488990445	0.00542569917235399	asthma_gwama	BMI_IRN	362216
Asthma	BMI (inverse-rank normalized)	BMI_IRN	continuous	rs73084574	Wald ratio	-1.59373022383687	0.58257939763272	0.00622582129909101	asthma_gwama	BMI_IRN	362216
Asthma	BMI (inverse-rank normalized)	BMI_IRN	continuous	rs73156090	Wald ratio	0.000190511971830986	0.00176729225352113	0.914155300347906	asthma_gwama	BMI_IRN	362216
Asthma	BMI (inverse-rank normalized)	BMI_IRN	continuous	rs73251988	Wald ratio	0.0154890243902439	0.00406285365853659	0.000137651185673646	asthma_gwama	BMI_IRN	362216
Asthma	BMI (inverse-rank normalized)	BMI_IRN	continuous	rs73351149	Wald ratio	0.0261767801525078	0.0613618300934379	0.669672793916124	asthma_gwama	BMI_IRN	362216
Asthma	BMI (inverse-rank normalized)	BMI_IRN	continuous	rs7372960	Wald ratio	-0.606843177189409	0.480633401221996	0.20673637565608	asthma_gwama	BMI_IRN	362216
Asthma	BMI (inverse-rank normalized)	BMI_IRN	continuous	rs7397189	Wald ratio	0.352451419074406	0.0819096778317566	1.68555890100753e-05	asthma_gwama	BMI_IRN	362216
Asthma	BMI (inverse-rank normalized)	BMI_IRN	continuous	rs74466521	Wald ratio	0.0145270580518203	0.24879632666448	0.953438490547947	asthma_gwama	BMI_IRN	362216
Asthma	BMI (inverse-rank normalized)	BMI_IRN	continuous	rs74527968	Wald ratio	-0.00388662608695652	0.00205680869565217	0.0588062470634401	asthma_gwama	BMI_IRN	362216
Asthma	BMI (inverse-rank normalized)	BMI_IRN	continuous	rs74584830	Wald ratio	-0.283093391968522	0.687489873857193	0.680501948862407	asthma_gwama	BMI_IRN	362216
Asthma	BMI (inverse-rank normalized)	BMI_IRN	continuous	rs74655554	Wald ratio	0.0038501	0.00162612352941176	0.0179012051643612	asthma_gwama	BMI_IRN	362216
Asthma	BMI (inverse-rank normalized)	BMI_IRN	continuous	rs74775122	Wald ratio	0.00749420701846587	0.0749542533623182	0.920357229709867	asthma_gwama	BMI_IRN	362216
Asthma	BMI (inverse-rank normalized)	BMI_IRN	continuous	rs74948252	Wald ratio	-0.000582339259259259	0.00400195555555556	0.884305319736307	asthma_gwama	BMI_IRN	362216
Asthma	BMI (inverse-rank normalized)	BMI_IRN	continuous	rs75007171	Wald ratio	-0.555695298769772	0.376856876098418	0.140332857569513	asthma_gwama	BMI_IRN	362216
Asthma	BMI (inverse-rank normalized)	BMI_IRN	continuous	rs75032480	Wald ratio	-0.0401351049931492	0.0729187776821846	0.582039314464544	asthma_gwama	BMI_IRN	362216
Asthma	BMI (inverse-rank normalized)	BMI_IRN	continuous	rs75395290	Wald ratio	-0.0131504	0.00722468571428571	0.0687279828864071	asthma_gwama	BMI_IRN	362216
Asthma	BMI (inverse-rank normalized)	BMI_IRN	continuous	rs75507056	Wald ratio	-0.187856528236946	0.320892169738689	0.558265691293862	asthma_gwama	BMI_IRN	362216
Asthma	BMI (inverse-rank normalized)	BMI_IRN	continuous	rs7555556	Wald ratio	0.404104637728998	0.381630632117511	0.289650144336706	asthma_gwama	BMI_IRN	362216
Asthma	BMI (inverse-rank normalized)	BMI_IRN	continuous	rs75557865	Wald ratio	-0.0875497872644714	0.0791808788301334	0.268859181309597	asthma_gwama	BMI_IRN	362216
Asthma	BMI (inverse-rank normalized)	BMI_IRN	continuous	rs75565607	Wald ratio	-0.234700788167753	0.0705049138853751	0.000872031120559118	asthma_gwama	BMI_IRN	362216
Asthma	BMI (inverse-rank normalized)	BMI_IRN	continuous	rs7569613	Wald ratio	0.254298625429553	0.0759797250859106	0.000817126010154373	asthma_gwama	BMI_IRN	362216
Asthma	BMI (inverse-rank normalized)	BMI_IRN	continuous	rs7592973	Wald ratio	0.0197363481712504	0.0993889991494188	0.842593812817618	asthma_gwama	BMI_IRN	362216
Asthma	BMI (inverse-rank normalized)	BMI_IRN	continuous	rs75957773	Wald ratio	-1.64791032826261	0.661738991192955	0.0127645231267695	asthma_gwama	BMI_IRN	362216
Asthma	BMI (inverse-rank normalized)	BMI_IRN	continuous	rs760517	Wald ratio	-0.95253821942446	0.521027428057554	0.0675207286691282	asthma_gwama	BMI_IRN	362216
Asthma	BMI (inverse-rank normalized)	BMI_IRN	continuous	rs7608337	Wald ratio	-0.052754329004329	0.048115367965368	0.272897949531676	asthma_gwama	BMI_IRN	362216
Asthma	BMI (inverse-rank normalized)	BMI_IRN	continuous	rs7609911	Wald ratio	0.0320030609842242	0.519008712032023	0.950832085153959	asthma_gwama	BMI_IRN	362216
Asthma	BMI (inverse-rank normalized)	BMI_IRN	continuous	rs7611041	Wald ratio	-0.226855561277034	0.564742533470649	0.687906798296857	asthma_gwama	BMI_IRN	362216
Asthma	BMI (inverse-rank normalized)	BMI_IRN	continuous	rs76111267	Wald ratio	0.116471963452891	0.0592397151615635	0.049285579802478	asthma_gwama	BMI_IRN	362216
Asthma	BMI (inverse-rank normalized)	BMI_IRN	continuous	rs76181804	Wald ratio	-1.19211666861895	0.493373550427551	0.0156810437154787	asthma_gwama	BMI_IRN	362216
Asthma	BMI (inverse-rank normalized)	BMI_IRN	continuous	rs76245582	Wald ratio	0.247289969876158	0.581288631038715	0.670532835427573	asthma_gwama	BMI_IRN	362216
Asthma	BMI (inverse-rank normalized)	BMI_IRN	continuous	rs7625643	Wald ratio	0.222625487522592	0.0696810096077623	0.00139867962197457	asthma_gwama	BMI_IRN	362216
Asthma	BMI (inverse-rank normalized)	BMI_IRN	continuous	rs7628922	Wald ratio	0.062988545886297	0.0771238999860316	0.414089094381996	asthma_gwama	BMI_IRN	362216
Asthma	BMI (inverse-rank normalized)	BMI_IRN	continuous	rs76300334	Wald ratio	-0.0130756818181818	0.00718363636363636	0.0687279828864071	asthma_gwama	BMI_IRN	362216
Asthma	BMI (inverse-rank normalized)	BMI_IRN	continuous	rs7636493	Wald ratio	-0.13307454318582	0.0479443789207391	0.00550995097769411	asthma_gwama	BMI_IRN	362216
Asthma	BMI (inverse-rank normalized)	BMI_IRN	continuous	rs7650543	Wald ratio	0.000788348898678414	0.0385962995594714	0.983703938271114	asthma_gwama	BMI_IRN	362216
Asthma	BMI (inverse-rank normalized)	BMI_IRN	continuous	rs76537075	Wald ratio	-0.0130756818181818	0.00718363636363636	0.0687279828864071	asthma_gwama	BMI_IRN	362216
Asthma	BMI (inverse-rank normalized)	BMI_IRN	continuous	rs76613419	Wald ratio	-0.914676007005254	0.443907021174972	0.0393495632823262	asthma_gwama	BMI_IRN	362216
Asthma	BMI (inverse-rank normalized)	BMI_IRN	continuous	rs76876264	Wald ratio	0.00376261494252874	0.00158874137931035	0.0178700776541005	asthma_gwama	BMI_IRN	362216
Asthma	BMI (inverse-rank normalized)	BMI_IRN	continuous	rs76905924	Wald ratio	-0.285287195101091	0.0748219356162978	0.000137355822300823	asthma_gwama	BMI_IRN	362216
Asthma	BMI (inverse-rank normalized)	BMI_IRN	continuous	rs77000868	Wald ratio	0.773727600335687	0.273884583107074	0.00472786479203593	asthma_gwama	BMI_IRN	362216
Asthma	BMI (inverse-rank normalized)	BMI_IRN	continuous	rs77042341	Wald ratio	-0.111347961684117	0.615218311427935	0.85637593621125	asthma_gwama	BMI_IRN	362216
Asthma	BMI (inverse-rank normalized)	BMI_IRN	continuous	rs7706446	Wald ratio	0.100316275598265	0.0637458599617484	0.115558941663409	asthma_gwama	BMI_IRN	362216
Asthma	BMI (inverse-rank normalized)	BMI_IRN	continuous	rs771018	Wald ratio	-1.60776337115073	0.51911785135448	0.0019541952606982	asthma_gwama	BMI_IRN	362216
Asthma	BMI (inverse-rank normalized)	BMI_IRN	continuous	rs7712116	Wald ratio	0.109782051620743	0.0651980028003065	0.0922154213952082	asthma_gwama	BMI_IRN	362216
Asthma	BMI (inverse-rank normalized)	BMI_IRN	continuous	rs7714962	Wald ratio	0.0136074739636512	0.453271390647335	0.976050633204678	asthma_gwama	BMI_IRN	362216
Asthma	BMI (inverse-rank normalized)	BMI_IRN	continuous	rs77409392	Wald ratio	-0.0130756818181818	0.00718363636363636	0.0687279828864071	asthma_gwama	BMI_IRN	362216
Asthma	BMI (inverse-rank normalized)	BMI_IRN	continuous	rs7750922	Wald ratio	0.709729562664194	0.439789831556174	0.106572426645965	asthma_gwama	BMI_IRN	362216
Asthma	BMI (inverse-rank normalized)	BMI_IRN	continuous	rs7757696	Wald ratio	0.0562310607382386	0.0253404007341908	0.0264848143773398	asthma_gwama	BMI_IRN	362216
Asthma	BMI (inverse-rank normalized)	BMI_IRN	continuous	rs7770794	Wald ratio	-0.674225890879807	0.463146768673243	0.14546175285441	asthma_gwama	BMI_IRN	362216
Asthma	BMI (inverse-rank normalized)	BMI_IRN	continuous	rs77798824	Wald ratio	-0.176737516619885	0.111486187029103	0.112901317258327	asthma_gwama	BMI_IRN	362216
Asthma	BMI (inverse-rank normalized)	BMI_IRN	continuous	rs7781	Wald ratio	-0.0765220690527381	0.060718712171855	0.207571398338196	asthma_gwama	BMI_IRN	362216
Asthma	BMI (inverse-rank normalized)	BMI_IRN	continuous	rs77812656	Wald ratio	-0.445356566397652	0.334296404988995	0.182787700222168	asthma_gwama	BMI_IRN	362216
Asthma	BMI (inverse-rank normalized)	BMI_IRN	continuous	rs77872759	Wald ratio	0.0434769625943169	0.0702883287847167	0.53621175408597	asthma_gwama	BMI_IRN	362216
Asthma	BMI (inverse-rank normalized)	BMI_IRN	continuous	rs7800265	Wald ratio	-0.105098843494099	0.125204572714753	0.401235362315543	asthma_gwama	BMI_IRN	362216
Asthma	BMI (inverse-rank normalized)	BMI_IRN	continuous	rs7803406	Wald ratio	-1.29574610244989	0.597498608017817	0.0301117144838727	asthma_gwama	BMI_IRN	362216
Asthma	BMI (inverse-rank normalized)	BMI_IRN	continuous	rs78037977	Wald ratio	0.376682119205298	0.597927152317881	0.528707700503409	asthma_gwama	BMI_IRN	362216
Asthma	BMI (inverse-rank normalized)	BMI_IRN	continuous	rs78218185	Wald ratio	-0.639955874865645	0.374944277875205	0.0878587457795161	asthma_gwama	BMI_IRN	362216
Asthma	BMI (inverse-rank normalized)	BMI_IRN	continuous	rs7823221	Wald ratio	-1.36061120148733	0.543241924238903	0.0122585175104278	asthma_gwama	BMI_IRN	362216
Asthma	BMI (inverse-rank normalized)	BMI_IRN	continuous	rs7824394	Wald ratio	0.00561197170904538	0.0314734206214953	0.858480871219566	asthma_gwama	BMI_IRN	362216
Asthma	BMI (inverse-rank normalized)	BMI_IRN	continuous	rs78351402	Wald ratio	0.385150084780716	0.435176664680812	0.376133410389425	asthma_gwama	BMI_IRN	362216
Asthma	BMI (inverse-rank normalized)	BMI_IRN	continuous	rs78515650	Wald ratio	0.427023174208641	0.0851198918049565	5.25594420428848e-07	asthma_gwama	BMI_IRN	362216
Asthma	BMI (inverse-rank normalized)	BMI_IRN	continuous	rs7851584	Wald ratio	0.163463157894737	0.07796	0.0360151120992657	asthma_gwama	BMI_IRN	362216
Asthma	BMI (inverse-rank normalized)	BMI_IRN	continuous	rs7852683	Wald ratio	0.000495751113194282	0.532263885633935	0.999256849632853	asthma_gwama	BMI_IRN	362216
Asthma	BMI (inverse-rank normalized)	BMI_IRN	continuous	rs785515	Wald ratio	0.289601973353022	0.0743081518273652	9.72666999857772e-05	asthma_gwama	BMI_IRN	362216
Asthma	BMI (inverse-rank normalized)	BMI_IRN	continuous	rs7864027	Wald ratio	0.372836470254422	0.389722879031495	0.33873347746313	asthma_gwama	BMI_IRN	362216
Asthma	BMI (inverse-rank normalized)	BMI_IRN	continuous	rs78792612	Wald ratio	0.002243795	0.001886845	0.234369538743277	asthma_gwama	BMI_IRN	362216
Asthma	BMI (inverse-rank normalized)	BMI_IRN	continuous	rs78867455	Wald ratio	0.0616134127480338	0.0769021685478298	0.423020422634674	asthma_gwama	BMI_IRN	362216
Asthma	BMI (inverse-rank normalized)	BMI_IRN	continuous	rs78921182	Wald ratio	-0.000316859130434783	0.00263594782608696	0.904319247886186	asthma_gwama	BMI_IRN	362216
Asthma	BMI (inverse-rank normalized)	BMI_IRN	continuous	rs7893324	Wald ratio	0.352782669461915	0.504577218728162	0.484448997254679	asthma_gwama	BMI_IRN	362216
Asthma	BMI (inverse-rank normalized)	BMI_IRN	continuous	rs7918084	Wald ratio	0.672625250501002	0.365993653974616	0.0660910305217271	asthma_gwama	BMI_IRN	362216
Asthma	BMI (inverse-rank normalized)	BMI_IRN	continuous	rs79282662	Wald ratio	-0.827329667256967	0.447963463510113	0.0647661825027824	asthma_gwama	BMI_IRN	362216
Asthma	BMI (inverse-rank normalized)	BMI_IRN	continuous	rs7943688	Wald ratio	2.42222708378911	0.494189455261431	9.5149331669871e-07	asthma_gwama	BMI_IRN	362216
Asthma	BMI (inverse-rank normalized)	BMI_IRN	continuous	rs79491862	Wald ratio	0.865322714451634	0.575262983242077	0.132524447922477	asthma_gwama	BMI_IRN	362216
Asthma	BMI (inverse-rank normalized)	BMI_IRN	continuous	rs79534829	Wald ratio	0.821901356183793	0.589201808245058	0.16303383850626	asthma_gwama	BMI_IRN	362216
Asthma	BMI (inverse-rank normalized)	BMI_IRN	continuous	rs80021310	Wald ratio	-0.0130756818181818	0.00718363636363636	0.0687279828864071	asthma_gwama	BMI_IRN	362216
Asthma	BMI (inverse-rank normalized)	BMI_IRN	continuous	rs80074882	Wald ratio	-0.256188349773394	0.474566782191416	0.589309968661078	asthma_gwama	BMI_IRN	362216
Asthma	BMI (inverse-rank normalized)	BMI_IRN	continuous	rs803305	Wald ratio	0.0391463358070501	0.554130333951763	0.943680584643735	asthma_gwama	BMI_IRN	362216
Asthma	BMI (inverse-rank normalized)	BMI_IRN	continuous	rs8057047	Wald ratio	0.0158619060275834	0.110050795900889	0.885395771860595	asthma_gwama	BMI_IRN	362216
Asthma	BMI (inverse-rank normalized)	BMI_IRN	continuous	rs8087436	Wald ratio	1.09623830734967	0.617532293986637	0.075866211780755	asthma_gwama	BMI_IRN	362216
Asthma	BMI (inverse-rank normalized)	BMI_IRN	continuous	rs8089099	Wald ratio	0.753306165099269	0.514290491118077	0.14298957933203	asthma_gwama	BMI_IRN	362216
Asthma	BMI (inverse-rank normalized)	BMI_IRN	continuous	rs8100197	Wald ratio	0.979070908783212	0.428837366728719	0.0224255337071594	asthma_gwama	BMI_IRN	362216
Asthma	BMI (inverse-rank normalized)	BMI_IRN	continuous	rs8111628	Wald ratio	0.0611872132690272	0.0689821785672274	0.375078737521065	asthma_gwama	BMI_IRN	362216
Asthma	BMI (inverse-rank normalized)	BMI_IRN	continuous	rs8113513	Wald ratio	0.198841798331864	0.0834959652810741	0.0172444455676962	asthma_gwama	BMI_IRN	362216
Asthma	BMI (inverse-rank normalized)	BMI_IRN	continuous	rs8185754	Wald ratio	0.00215703962703963	0.00179910256410256	0.230546176019437	asthma_gwama	BMI_IRN	362216
Asthma	BMI (inverse-rank normalized)	BMI_IRN	continuous	rs821429	Wald ratio	0.715746062816977	0.593321469881662	0.227687303379187	asthma_gwama	BMI_IRN	362216
Asthma	BMI (inverse-rank normalized)	BMI_IRN	continuous	rs857229	Wald ratio	0.843821656050956	0.610650120799473	0.167020384930981	asthma_gwama	BMI_IRN	362216
Asthma	BMI (inverse-rank normalized)	BMI_IRN	continuous	rs9267111	Wald ratio	-0.0572201655263311	0.0472277246913341	0.225673203590933	asthma_gwama	BMI_IRN	362216
Asthma	BMI (inverse-rank normalized)	BMI_IRN	continuous	rs9271726	Wald ratio	-0.0500787919878356	0.0183646548489656	0.00639301463726499	asthma_gwama	BMI_IRN	362216
Asthma	BMI (inverse-rank normalized)	BMI_IRN	continuous	rs9273374	Wald ratio	-0.0380549094425424	0.014286124977132	0.00772710445670597	asthma_gwama	BMI_IRN	362216
Asthma	BMI (inverse-rank normalized)	BMI_IRN	continuous	rs9290877	Wald ratio	-0.458755784061697	0.45417823479006	0.312457561836071	asthma_gwama	BMI_IRN	362216
Asthma	BMI (inverse-rank normalized)	BMI_IRN	continuous	rs9299219	Wald ratio	0.189431759656652	0.812068669527897	0.81555127344105	asthma_gwama	BMI_IRN	362216
Asthma	BMI (inverse-rank normalized)	BMI_IRN	continuous	rs9322952	Wald ratio	-0.41300585679199	0.435890799168713	0.343384845452401	asthma_gwama	BMI_IRN	362216
Asthma	BMI (inverse-rank normalized)	BMI_IRN	continuous	rs9327638	Wald ratio	0.0949975449024422	0.505989145884481	0.851075603272382	asthma_gwama	BMI_IRN	362216
Asthma	BMI (inverse-rank normalized)	BMI_IRN	continuous	rs9379084	Wald ratio	0.406331754957088	0.514884581237052	0.430012324370104	asthma_gwama	BMI_IRN	362216
Asthma	BMI (inverse-rank normalized)	BMI_IRN	continuous	rs9386512	Wald ratio	-0.642099591230026	0.513036046079524	0.210727254833849	asthma_gwama	BMI_IRN	362216
Asthma	BMI (inverse-rank normalized)	BMI_IRN	continuous	rs9392504	Wald ratio	-0.587481270989409	0.56413071557737	0.297693607164292	asthma_gwama	BMI_IRN	362216
Asthma	BMI (inverse-rank normalized)	BMI_IRN	continuous	rs9549000	Wald ratio	-0.0489930349733254	0.0850766893894487	0.564703675487533	asthma_gwama	BMI_IRN	362216
Asthma	BMI (inverse-rank normalized)	BMI_IRN	continuous	rs961552	Wald ratio	-0.0147967569774563	0.0757756131704045	0.845181034044006	asthma_gwama	BMI_IRN	362216
Asthma	BMI (inverse-rank normalized)	BMI_IRN	continuous	rs9663421	Wald ratio	-0.0107821324661989	0.458110559644019	0.981222648871278	asthma_gwama	BMI_IRN	362216
Asthma	BMI (inverse-rank normalized)	BMI_IRN	continuous	rs9663656	Wald ratio	0.00137803125	0.00362241666666667	0.703635411986222	asthma_gwama	BMI_IRN	362216
Asthma	BMI (inverse-rank normalized)	BMI_IRN	continuous	rs9688839	Wald ratio	-0.522612701049611	0.308033678169599	0.089770613068712	asthma_gwama	BMI_IRN	362216
Asthma	BMI (inverse-rank normalized)	BMI_IRN	continuous	rs9693836	Wald ratio	-0.0448010763021334	0.0835285198710146	0.591712092038284	asthma_gwama	BMI_IRN	362216
Asthma	BMI (inverse-rank normalized)	BMI_IRN	continuous	rs9695132	Wald ratio	-0.00700846473607208	0.0376173335500801	0.852202096932564	asthma_gwama	BMI_IRN	362216
Asthma	BMI (inverse-rank normalized)	BMI_IRN	continuous	rs9713035	Wald ratio	-0.241867215175409	0.0732883099074391	0.000966106175503852	asthma_gwama	BMI_IRN	362216
Asthma	BMI (inverse-rank normalized)	BMI_IRN	continuous	rs9775039	Wald ratio	-0.000293366966885623	0.0208667298706575	0.988782848862536	asthma_gwama	BMI_IRN	362216
Asthma	BMI (inverse-rank normalized)	BMI_IRN	continuous	rs9797329	Wald ratio	0.114769389509888	0.0770466036113499	0.136326816896467	asthma_gwama	BMI_IRN	362216
Asthma	BMI (inverse-rank normalized)	BMI_IRN	continuous	rs9801498	Wald ratio	-0.588939496176338	0.0669427575348628	1.39700847829518e-18	asthma_gwama	BMI_IRN	362216
Asthma	BMI (inverse-rank normalized)	BMI_IRN	continuous	rs9836924	Wald ratio	0.0671912085053809	0.0789104919205384	0.394499230265301	asthma_gwama	BMI_IRN	362216
Asthma	BMI (inverse-rank normalized)	BMI_IRN	continuous	rs9852322	Wald ratio	0.320095108254617	0.0717372675041387	8.11801552827196e-06	asthma_gwama	BMI_IRN	362216
Asthma	BMI (inverse-rank normalized)	BMI_IRN	continuous	rs9878655	Wald ratio	0.0698966670424229	0.0423225491301244	0.0986318102837862	asthma_gwama	BMI_IRN	362216
Asthma	BMI (inverse-rank normalized)	BMI_IRN	continuous	rs9883633	Wald ratio	0.393387395736793	0.507669138090825	0.438405060553588	asthma_gwama	BMI_IRN	362216
Asthma	BMI (inverse-rank normalized)	BMI_IRN	continuous	rs9909541	Wald ratio	-1.18280325760823	0.590248606943849	0.0450800340254952	asthma_gwama	BMI_IRN	362216
Asthma	BMI (inverse-rank normalized)	BMI_IRN	continuous	rs9920526	Wald ratio	0.0166423885116535	0.0335776059827491	0.620148764827596	asthma_gwama	BMI_IRN	362216
Asthma	BMI (inverse-rank normalized)	BMI_IRN	continuous	rs9938050	Wald ratio	0.395331798199707	0.0802421324401647	8.36146294410155e-07	asthma_gwama	BMI_IRN	362216
Asthma	BMI (inverse-rank normalized)	BMI_IRN	continuous	rs9949875	Wald ratio	0.0653008701567416	0.0976568124486267	0.503701504555657	asthma_gwama	BMI_IRN	362216
Asthma	BMI (inverse-rank normalized)	BMI_IRN	continuous	rs9950097	Wald ratio	-0.281093649775497	0.0803381797448507	0.000467216815771107	asthma_gwama	BMI_IRN	362216
Asthma	BMI (inverse-rank normalized)	BMI_IRN	continuous	rs9979383	Wald ratio	0.104206450287592	0.469716516023007	0.824430917954948	asthma_gwama	BMI_IRN	362216
Asthma	BMI (inverse-rank normalized)	BMI_IRN	continuous	rs9979428	Wald ratio	-0.2121592039801	0.087110447761194	0.0148704184424009	asthma_gwama	BMI_IRN	362216
Asthma	BMI (inverse-rank normalized)	BMI_IRN	continuous	All - Inverse variance weighted	Inverse variance weighted	-0.000217175347883562	0.000166409397584385	0.191870168256249	asthma_gwama	BMI_IRN	362216
Asthma	BMI (inverse-rank normalized)	BMI_IRN	continuous	All - MR Egger	MR Egger	-0.000233716890546036	0.000167060675281954	0.162291750300762	asthma_gwama	BMI_IRN	362216
