exposure	outcome	outcome_id	outcome_type	SNP	method	beta	SE	p_value	id.exposure	id.outcome	samplesize
Asthma	Bronchiectasis	J10_BRONCHIECTASIS	binary	rs10035217	Wald ratio	-0.368070528967254	0.866256926952141	0.670911290870727	asthma_gwama	J10_BRONCHIECTASIS	409082
Asthma	Bronchiectasis	J10_BRONCHIECTASIS	binary	rs10040192	Wald ratio	3.51392285983067	6.08309031044215	0.563497584977315	asthma_gwama	J10_BRONCHIECTASIS	409082
Asthma	Bronchiectasis	J10_BRONCHIECTASIS	binary	rs10057913	Wald ratio	9.0260764290978	3.81703337193389	0.0180454775988256	asthma_gwama	J10_BRONCHIECTASIS	409082
Asthma	Bronchiectasis	J10_BRONCHIECTASIS	binary	rs1009727	Wald ratio	8.50721205597417	6.05926803013994	0.160318862262759	asthma_gwama	J10_BRONCHIECTASIS	409082
Asthma	Bronchiectasis	J10_BRONCHIECTASIS	binary	rs1012177	Wald ratio	9.05920735712722	5.8878913947887	0.123897926941057	asthma_gwama	J10_BRONCHIECTASIS	409082
Asthma	Bronchiectasis	J10_BRONCHIECTASIS	binary	rs10158467	Wald ratio	0.162035286172548	4.73847712307952	0.972721138518914	asthma_gwama	J10_BRONCHIECTASIS	409082
Asthma	Bronchiectasis	J10_BRONCHIECTASIS	binary	rs10175070	Wald ratio	-1.51608056265985	6.17399829497016	0.806023666462775	asthma_gwama	J10_BRONCHIECTASIS	409082
Asthma	Bronchiectasis	J10_BRONCHIECTASIS	binary	rs10185424	Wald ratio	3.46872824083555	5.77358181445833	0.547977786075504	asthma_gwama	J10_BRONCHIECTASIS	409082
Asthma	Bronchiectasis	J10_BRONCHIECTASIS	binary	rs10186746	Wald ratio	3.85729826270498	4.21974346484819	0.360660472375476	asthma_gwama	J10_BRONCHIECTASIS	409082
Asthma	Bronchiectasis	J10_BRONCHIECTASIS	binary	rs10197437	Wald ratio	1.42991093599974	0.988077343310267	0.147850720169494	asthma_gwama	J10_BRONCHIECTASIS	409082
Asthma	Bronchiectasis	J10_BRONCHIECTASIS	binary	rs1021621	Wald ratio	10.2541427723947	5.18048249950564	0.0477732532664094	asthma_gwama	J10_BRONCHIECTASIS	409082
Asthma	Bronchiectasis	J10_BRONCHIECTASIS	binary	rs1029751	Wald ratio	-0.0673076660522903	0.915041982387876	0.941362954431403	asthma_gwama	J10_BRONCHIECTASIS	409082
Asthma	Bronchiectasis	J10_BRONCHIECTASIS	binary	rs1030347	Wald ratio	-0.000195736938170203	6.51496691763632	0.999976028200466	asthma_gwama	J10_BRONCHIECTASIS	409082
Asthma	Bronchiectasis	J10_BRONCHIECTASIS	binary	rs10498730	Wald ratio	-6.97127345686298	8.38285141036233	0.405628415551299	asthma_gwama	J10_BRONCHIECTASIS	409082
Asthma	Bronchiectasis	J10_BRONCHIECTASIS	binary	rs10751640	Wald ratio	-1.39099758029037	0.486339639243291	0.00423459173979008	asthma_gwama	J10_BRONCHIECTASIS	409082
Asthma	Bronchiectasis	J10_BRONCHIECTASIS	binary	rs10791824	Wald ratio	5.6656394963552	4.43444333996024	0.201375013103625	asthma_gwama	J10_BRONCHIECTASIS	409082
Asthma	Bronchiectasis	J10_BRONCHIECTASIS	binary	rs10795633	Wald ratio	6.39939223936419	4.14103163472027	0.122258766707386	asthma_gwama	J10_BRONCHIECTASIS	409082
Asthma	Bronchiectasis	J10_BRONCHIECTASIS	binary	rs10797291	Wald ratio	-0.141501996939271	0.987081482587436	0.886010675886342	asthma_gwama	J10_BRONCHIECTASIS	409082
Asthma	Bronchiectasis	J10_BRONCHIECTASIS	binary	rs10905469	Wald ratio	-0.143199913183454	0.484544846171933	0.767585295087431	asthma_gwama	J10_BRONCHIECTASIS	409082
Asthma	Bronchiectasis	J10_BRONCHIECTASIS	binary	rs10916031	Wald ratio	0.0480992297236067	0.838209592853906	0.95423986841629	asthma_gwama	J10_BRONCHIECTASIS	409082
Asthma	Bronchiectasis	J10_BRONCHIECTASIS	binary	rs10928554	Wald ratio	0.726772245336197	5.60998523688096	0.896922653257982	asthma_gwama	J10_BRONCHIECTASIS	409082
Asthma	Bronchiectasis	J10_BRONCHIECTASIS	binary	rs10988207	Wald ratio	0.811038396942144	0.874917472635663	0.353932528106549	asthma_gwama	J10_BRONCHIECTASIS	409082
Asthma	Bronchiectasis	J10_BRONCHIECTASIS	binary	rs11069349	Wald ratio	2.06630669546436	5.92038091498135	0.727077420708377	asthma_gwama	J10_BRONCHIECTASIS	409082
Asthma	Bronchiectasis	J10_BRONCHIECTASIS	binary	rs11074853	Wald ratio	4.77249530369443	4.78786787726988	0.318866809898164	asthma_gwama	J10_BRONCHIECTASIS	409082
Asthma	Bronchiectasis	J10_BRONCHIECTASIS	binary	rs111164030	Wald ratio	-8.382165764057	9.9608425466071	0.400061320961143	asthma_gwama	J10_BRONCHIECTASIS	409082
Asthma	Bronchiectasis	J10_BRONCHIECTASIS	binary	rs111261380	Wald ratio	0.996215910813455	0.708186916918158	0.159512438785169	asthma_gwama	J10_BRONCHIECTASIS	409082
Asthma	Bronchiectasis	J10_BRONCHIECTASIS	binary	rs11146290	Wald ratio	-0.250945096395641	1.05641939089131	0.812235516694692	asthma_gwama	J10_BRONCHIECTASIS	409082
Asthma	Bronchiectasis	J10_BRONCHIECTASIS	binary	rs111572801	Wald ratio	-1.70682498958991	2.40356898196032	0.47762905823604	asthma_gwama	J10_BRONCHIECTASIS	409082
Asthma	Bronchiectasis	J10_BRONCHIECTASIS	binary	rs11158543	Wald ratio	0.734654204278911	1.0086004691165	0.466375059802393	asthma_gwama	J10_BRONCHIECTASIS	409082
Asthma	Bronchiectasis	J10_BRONCHIECTASIS	binary	rs111597890	Wald ratio	0.306220821385407	0.827151219280992	0.711224973687743	asthma_gwama	J10_BRONCHIECTASIS	409082
Asthma	Bronchiectasis	J10_BRONCHIECTASIS	binary	rs111641596	Wald ratio	-2.39527603870233	7.26020204894707	0.741461433196727	asthma_gwama	J10_BRONCHIECTASIS	409082
Asthma	Bronchiectasis	J10_BRONCHIECTASIS	binary	rs11188006	Wald ratio	1.60268673225825	0.957742912033533	0.0942486305985857	asthma_gwama	J10_BRONCHIECTASIS	409082
Asthma	Bronchiectasis	J10_BRONCHIECTASIS	binary	rs111966309	Wald ratio	0.301564146392863	0.823345119067132	0.714165851750775	asthma_gwama	J10_BRONCHIECTASIS	409082
Asthma	Bronchiectasis	J10_BRONCHIECTASIS	binary	rs112068732	Wald ratio	10.6663748662581	5.69179068184029	0.0609314148528659	asthma_gwama	J10_BRONCHIECTASIS	409082
Asthma	Bronchiectasis	J10_BRONCHIECTASIS	binary	rs11207023	Wald ratio	14.4524188346592	7.15209632337132	0.0433082549988635	asthma_gwama	J10_BRONCHIECTASIS	409082
Asthma	Bronchiectasis	J10_BRONCHIECTASIS	binary	rs11236723	Wald ratio	15.530661907852	12.2036015574302	0.203149587251465	asthma_gwama	J10_BRONCHIECTASIS	409082
Asthma	Bronchiectasis	J10_BRONCHIECTASIS	binary	rs112502960	Wald ratio	0.651228925779988	0.419898585362703	0.120920964282488	asthma_gwama	J10_BRONCHIECTASIS	409082
Asthma	Bronchiectasis	J10_BRONCHIECTASIS	binary	rs11253578	Wald ratio	6.02640203932993	5.36545884923525	0.261358999746279	asthma_gwama	J10_BRONCHIECTASIS	409082
Asthma	Bronchiectasis	J10_BRONCHIECTASIS	binary	rs11255686	Wald ratio	1.37696993210475	5.09342386032978	0.786896622026675	asthma_gwama	J10_BRONCHIECTASIS	409082
Asthma	Bronchiectasis	J10_BRONCHIECTASIS	binary	rs11256016	Wald ratio	0.719153824064325	0.420076577007753	0.0869042475663079	asthma_gwama	J10_BRONCHIECTASIS	409082
Asthma	Bronchiectasis	J10_BRONCHIECTASIS	binary	rs112715785	Wald ratio	0.0828940574081708	1.12714412792085	0.941373676910505	asthma_gwama	J10_BRONCHIECTASIS	409082
Asthma	Bronchiectasis	J10_BRONCHIECTASIS	binary	rs112743107	Wald ratio	-3.28494936708861	7.68015189873418	0.668855480338752	asthma_gwama	J10_BRONCHIECTASIS	409082
Asthma	Bronchiectasis	J10_BRONCHIECTASIS	binary	rs112842054	Wald ratio	1.35329231824156	0.615792080150854	0.0279744216327295	asthma_gwama	J10_BRONCHIECTASIS	409082
Asthma	Bronchiectasis	J10_BRONCHIECTASIS	binary	rs113030358	Wald ratio	0.00368507692307692	0.0130904487179487	0.778320155265138	asthma_gwama	J10_BRONCHIECTASIS	409082
Asthma	Bronchiectasis	J10_BRONCHIECTASIS	binary	rs113108794	Wald ratio	3.32905575539568	7.85080935251799	0.671536775798527	asthma_gwama	J10_BRONCHIECTASIS	409082
Asthma	Bronchiectasis	J10_BRONCHIECTASIS	binary	rs113206908	Wald ratio	-6.56491316204966	5.32747236974307	0.217846224729807	asthma_gwama	J10_BRONCHIECTASIS	409082
Asthma	Bronchiectasis	J10_BRONCHIECTASIS	binary	rs113214835	Wald ratio	-2.94323285037424	7.5328572409531	0.696004717371408	asthma_gwama	J10_BRONCHIECTASIS	409082
Asthma	Bronchiectasis	J10_BRONCHIECTASIS	binary	rs113359448	Wald ratio	-0.0109844893874756	0.950263338073419	0.990777125707147	asthma_gwama	J10_BRONCHIECTASIS	409082
Asthma	Bronchiectasis	J10_BRONCHIECTASIS	binary	rs113396459	Wald ratio	3.62317123857024	18.9337073981712	0.848242853274918	asthma_gwama	J10_BRONCHIECTASIS	409082
Asthma	Bronchiectasis	J10_BRONCHIECTASIS	binary	rs113481061	Wald ratio	-1.03403327895595	0.664964437194127	0.11994120593951	asthma_gwama	J10_BRONCHIECTASIS	409082
Asthma	Bronchiectasis	J10_BRONCHIECTASIS	binary	rs113484502	Wald ratio	1.22230984965101	0.910526537755941	0.179459563512658	asthma_gwama	J10_BRONCHIECTASIS	409082
Asthma	Bronchiectasis	J10_BRONCHIECTASIS	binary	rs113560750	Wald ratio	13.1209792200399	6.56458155422716	0.0456350500164606	asthma_gwama	J10_BRONCHIECTASIS	409082
Asthma	Bronchiectasis	J10_BRONCHIECTASIS	binary	rs113604048	Wald ratio	5.04069102112676	4.83794014084507	0.297454096592212	asthma_gwama	J10_BRONCHIECTASIS	409082
Asthma	Bronchiectasis	J10_BRONCHIECTASIS	binary	rs113626350	Wald ratio	1.67287159804606	4.42805303558967	0.705587032222291	asthma_gwama	J10_BRONCHIECTASIS	409082
Asthma	Bronchiectasis	J10_BRONCHIECTASIS	binary	rs113973315	Wald ratio	0.0910315642458101	0.228661452513967	0.690551832497633	asthma_gwama	J10_BRONCHIECTASIS	409082
Asthma	Bronchiectasis	J10_BRONCHIECTASIS	binary	rs113981909	Wald ratio	0.178135146725479	0.752554677448998	0.812883911594815	asthma_gwama	J10_BRONCHIECTASIS	409082
Asthma	Bronchiectasis	J10_BRONCHIECTASIS	binary	rs114045542	Wald ratio	-0.0632878417266187	0.0373971942446043	0.0905858837153298	asthma_gwama	J10_BRONCHIECTASIS	409082
Asthma	Bronchiectasis	J10_BRONCHIECTASIS	binary	rs114137525	Wald ratio	-8.07924848001595	8.08994318748131	0.317950689520973	asthma_gwama	J10_BRONCHIECTASIS	409082
Asthma	Bronchiectasis	J10_BRONCHIECTASIS	binary	rs1143869	Wald ratio	4.77478714161599	4.67000868809731	0.30657437248909	asthma_gwama	J10_BRONCHIECTASIS	409082
Asthma	Bronchiectasis	J10_BRONCHIECTASIS	binary	rs114677569	Wald ratio	-0.265809210453433	1.23847031584078	0.830058115076486	asthma_gwama	J10_BRONCHIECTASIS	409082
Asthma	Bronchiectasis	J10_BRONCHIECTASIS	binary	rs1149915	Wald ratio	7.49060611609595	2.71927302691815	0.00587575475519169	asthma_gwama	J10_BRONCHIECTASIS	409082
Asthma	Bronchiectasis	J10_BRONCHIECTASIS	binary	rs115026096	Wald ratio	6.19078357162882	6.6551724137931	0.352256481749292	asthma_gwama	J10_BRONCHIECTASIS	409082
Asthma	Bronchiectasis	J10_BRONCHIECTASIS	binary	rs115222658	Wald ratio	1.46242948842638	6.64470920054464	0.825801597119027	asthma_gwama	J10_BRONCHIECTASIS	409082
Asthma	Bronchiectasis	J10_BRONCHIECTASIS	binary	rs115285331	Wald ratio	0.508041998054586	0.996601247353665	0.610209385384191	asthma_gwama	J10_BRONCHIECTASIS	409082
Asthma	Bronchiectasis	J10_BRONCHIECTASIS	binary	rs115804565	Wald ratio	6.89057811352429	9.13823313398384	0.450826202142074	asthma_gwama	J10_BRONCHIECTASIS	409082
Asthma	Bronchiectasis	J10_BRONCHIECTASIS	binary	rs11597580	Wald ratio	0.518108582150433	0.86477198564203	0.549087938360247	asthma_gwama	J10_BRONCHIECTASIS	409082
Asthma	Bronchiectasis	J10_BRONCHIECTASIS	binary	rs116018601	Wald ratio	-12.4757983530829	7.2444935395327	0.0850500043650712	asthma_gwama	J10_BRONCHIECTASIS	409082
Asthma	Bronchiectasis	J10_BRONCHIECTASIS	binary	rs11603178	Wald ratio	0.425005926199068	0.750983749045223	0.571439834197117	asthma_gwama	J10_BRONCHIECTASIS	409082
Asthma	Bronchiectasis	J10_BRONCHIECTASIS	binary	rs11629680	Wald ratio	1.03552948843271	0.745910720104269	0.165053206166978	asthma_gwama	J10_BRONCHIECTASIS	409082
Asthma	Bronchiectasis	J10_BRONCHIECTASIS	binary	rs11643304	Wald ratio	1.25326636728906	0.820049633656346	0.126442757041942	asthma_gwama	J10_BRONCHIECTASIS	409082
Asthma	Bronchiectasis	J10_BRONCHIECTASIS	binary	rs11647496	Wald ratio	0.136685655285363	0.920742692348773	0.881986440735189	asthma_gwama	J10_BRONCHIECTASIS	409082
Asthma	Bronchiectasis	J10_BRONCHIECTASIS	binary	rs11652371	Wald ratio	-1.05317705854355	1.07143027129938	0.325625307061222	asthma_gwama	J10_BRONCHIECTASIS	409082
Asthma	Bronchiectasis	J10_BRONCHIECTASIS	binary	rs116581033	Wald ratio	40.2487031972083	23.5659247382816	0.0876512740820003	asthma_gwama	J10_BRONCHIECTASIS	409082
Asthma	Bronchiectasis	J10_BRONCHIECTASIS	binary	rs116589735	Wald ratio	4.04690231851007	5.92388192068922	0.494511809190918	asthma_gwama	J10_BRONCHIECTASIS	409082
Asthma	Bronchiectasis	J10_BRONCHIECTASIS	binary	rs11663959	Wald ratio	2.05810940430345	1.05168716267484	0.0503522055284989	asthma_gwama	J10_BRONCHIECTASIS	409082
Asthma	Bronchiectasis	J10_BRONCHIECTASIS	binary	rs11666329	Wald ratio	-3.59248805905341	5.82147199305254	0.53716223241744	asthma_gwama	J10_BRONCHIECTASIS	409082
Asthma	Bronchiectasis	J10_BRONCHIECTASIS	binary	rs11672343	Wald ratio	1.26920537340619	0.975705828779599	0.193324384479282	asthma_gwama	J10_BRONCHIECTASIS	409082
Asthma	Bronchiectasis	J10_BRONCHIECTASIS	binary	rs11684846	Wald ratio	9.64692177133158	8.22886900169727	0.241065968075797	asthma_gwama	J10_BRONCHIECTASIS	409082
Asthma	Bronchiectasis	J10_BRONCHIECTASIS	binary	rs116863868	Wald ratio	-0.710421258878276	7.93325985794759	0.928645035419641	asthma_gwama	J10_BRONCHIECTASIS	409082
Asthma	Bronchiectasis	J10_BRONCHIECTASIS	binary	rs11688802	Wald ratio	0.725372410391319	4.01638441302203	0.85667893978724	asthma_gwama	J10_BRONCHIECTASIS	409082
Asthma	Bronchiectasis	J10_BRONCHIECTASIS	binary	rs11692304	Wald ratio	-7.06284575714956	6.15675105485232	0.251310988603768	asthma_gwama	J10_BRONCHIECTASIS	409082
Asthma	Bronchiectasis	J10_BRONCHIECTASIS	binary	rs116949439	Wald ratio	0.0132806565656566	0.0286824747474748	0.643347604671312	asthma_gwama	J10_BRONCHIECTASIS	409082
Asthma	Bronchiectasis	J10_BRONCHIECTASIS	binary	rs11699259	Wald ratio	-3.95417569193743	6.35297232250301	0.533670010585576	asthma_gwama	J10_BRONCHIECTASIS	409082
Asthma	Bronchiectasis	J10_BRONCHIECTASIS	binary	rs117010001	Wald ratio	-0.0203986046511628	0.0388882170542636	0.599899800607122	asthma_gwama	J10_BRONCHIECTASIS	409082
Asthma	Bronchiectasis	J10_BRONCHIECTASIS	binary	rs117051189	Wald ratio	2.15514008382969	1.13261636885065	0.0570669172417643	asthma_gwama	J10_BRONCHIECTASIS	409082
Asthma	Bronchiectasis	J10_BRONCHIECTASIS	binary	rs11709566	Wald ratio	-13.4931781516478	6.22595067988016	0.0302159614952318	asthma_gwama	J10_BRONCHIECTASIS	409082
Asthma	Bronchiectasis	J10_BRONCHIECTASIS	binary	rs117097909	Wald ratio	2.5692909219191	2.26894402634055	0.25747765715037	asthma_gwama	J10_BRONCHIECTASIS	409082
Asthma	Bronchiectasis	J10_BRONCHIECTASIS	binary	rs11716980	Wald ratio	-0.677965564114182	5.95962845491618	0.909428283355098	asthma_gwama	J10_BRONCHIECTASIS	409082
Asthma	Bronchiectasis	J10_BRONCHIECTASIS	binary	rs117185005	Wald ratio	3.12670707660849	6.15675162491784	0.611558454798316	asthma_gwama	J10_BRONCHIECTASIS	409082
Asthma	Bronchiectasis	J10_BRONCHIECTASIS	binary	rs117320438	Wald ratio	0.0106936798905609	0.0171296853625171	0.53244525283338	asthma_gwama	J10_BRONCHIECTASIS	409082
Asthma	Bronchiectasis	J10_BRONCHIECTASIS	binary	rs117378200	Wald ratio	5.04952826842591	7.77080229836135	0.515816353114357	asthma_gwama	J10_BRONCHIECTASIS	409082
Asthma	Bronchiectasis	J10_BRONCHIECTASIS	binary	rs117402700	Wald ratio	0.0200336507936508	0.0423218518518519	0.635953345377314	asthma_gwama	J10_BRONCHIECTASIS	409082
Asthma	Bronchiectasis	J10_BRONCHIECTASIS	binary	rs117552144	Wald ratio	-9.33714138464181	7.20171791788353	0.194797825039678	asthma_gwama	J10_BRONCHIECTASIS	409082
Asthma	Bronchiectasis	J10_BRONCHIECTASIS	binary	rs117675359	Wald ratio	6.53407371483996	5.96186226964113	0.273088121261641	asthma_gwama	J10_BRONCHIECTASIS	409082
Asthma	Bronchiectasis	J10_BRONCHIECTASIS	binary	rs117683492	Wald ratio	5.24725984779591	4.45504714497679	0.238866921844852	asthma_gwama	J10_BRONCHIECTASIS	409082
Asthma	Bronchiectasis	J10_BRONCHIECTASIS	binary	rs117710327	Wald ratio	-0.0584208780272034	2.35715470529691	0.980226862173816	asthma_gwama	J10_BRONCHIECTASIS	409082
Asthma	Bronchiectasis	J10_BRONCHIECTASIS	binary	rs117856230	Wald ratio	-0.0519150289017341	0.0907872832369942	0.567436130523437	asthma_gwama	J10_BRONCHIECTASIS	409082
Asthma	Bronchiectasis	J10_BRONCHIECTASIS	binary	rs117971857	Wald ratio	0.00577032967032967	0.0123613186813187	0.640639149157783	asthma_gwama	J10_BRONCHIECTASIS	409082
Asthma	Bronchiectasis	J10_BRONCHIECTASIS	binary	rs118023715	Wald ratio	-0.0513217142857143	0.0897497142857143	0.567436130523437	asthma_gwama	J10_BRONCHIECTASIS	409082
Asthma	Bronchiectasis	J10_BRONCHIECTASIS	binary	rs11802525	Wald ratio	0.239623277963603	0.977816202732581	0.806410259673103	asthma_gwama	J10_BRONCHIECTASIS	409082
Asthma	Bronchiectasis	J10_BRONCHIECTASIS	binary	rs11804609	Wald ratio	-7.89480566654559	4.8372756992372	0.102663298717287	asthma_gwama	J10_BRONCHIECTASIS	409082
Asthma	Bronchiectasis	J10_BRONCHIECTASIS	binary	rs11809494	Wald ratio	21.1297891842346	5.89940421631531	0.000341389341786318	asthma_gwama	J10_BRONCHIECTASIS	409082
Asthma	Bronchiectasis	J10_BRONCHIECTASIS	binary	rs11870777	Wald ratio	1.71664573540493	1.03365388065593	0.0967626846562199	asthma_gwama	J10_BRONCHIECTASIS	409082
Asthma	Bronchiectasis	J10_BRONCHIECTASIS	binary	rs1190978	Wald ratio	-0.330707681365576	1.03168563300142	0.748550807977433	asthma_gwama	J10_BRONCHIECTASIS	409082
Asthma	Bronchiectasis	J10_BRONCHIECTASIS	binary	rs11964507	Wald ratio	3.95847150913223	5.19060685127515	0.445688799290319	asthma_gwama	J10_BRONCHIECTASIS	409082
Asthma	Bronchiectasis	J10_BRONCHIECTASIS	binary	rs12077197	Wald ratio	-11.2373061791252	6.13177505207128	0.0668568548323728	asthma_gwama	J10_BRONCHIECTASIS	409082
Asthma	Bronchiectasis	J10_BRONCHIECTASIS	binary	rs12098541	Wald ratio	1.07112961542676	0.944662357108944	0.256846725239641	asthma_gwama	J10_BRONCHIECTASIS	409082
Asthma	Bronchiectasis	J10_BRONCHIECTASIS	binary	rs12123821	Wald ratio	2.10538545158076	3.02959960141317	0.48709383366522	asthma_gwama	J10_BRONCHIECTASIS	409082
Asthma	Bronchiectasis	J10_BRONCHIECTASIS	binary	rs12148282	Wald ratio	23.1143936458737	13.6252421542038	0.0898027527276025	asthma_gwama	J10_BRONCHIECTASIS	409082
Asthma	Bronchiectasis	J10_BRONCHIECTASIS	binary	rs12212737	Wald ratio	0.171579172850651	0.45832581054822	0.70813597496804	asthma_gwama	J10_BRONCHIECTASIS	409082
Asthma	Bronchiectasis	J10_BRONCHIECTASIS	binary	rs12253380	Wald ratio	8.30689746533604	4.33198798904884	0.0551653445446513	asthma_gwama	J10_BRONCHIECTASIS	409082
Asthma	Bronchiectasis	J10_BRONCHIECTASIS	binary	rs12303699	Wald ratio	3.60562962962963	5.64308994708995	0.522858075478274	asthma_gwama	J10_BRONCHIECTASIS	409082
Asthma	Bronchiectasis	J10_BRONCHIECTASIS	binary	rs1238556	Wald ratio	-0.0140628872497366	5.89106427818757	0.998095327188725	asthma_gwama	J10_BRONCHIECTASIS	409082
Asthma	Bronchiectasis	J10_BRONCHIECTASIS	binary	rs12419600	Wald ratio	-0.987821405365265	1.61221572449643	0.540067818431406	asthma_gwama	J10_BRONCHIECTASIS	409082
Asthma	Bronchiectasis	J10_BRONCHIECTASIS	binary	rs12434251	Wald ratio	-1.34762209105605	0.967370953795255	0.16359654963184	asthma_gwama	J10_BRONCHIECTASIS	409082
Asthma	Bronchiectasis	J10_BRONCHIECTASIS	binary	rs12446418	Wald ratio	6.70372353991329	5.11354246365723	0.189866394442785	asthma_gwama	J10_BRONCHIECTASIS	409082
Asthma	Bronchiectasis	J10_BRONCHIECTASIS	binary	rs12462901	Wald ratio	0.764468035735004	0.881845341686971	0.385999097035364	asthma_gwama	J10_BRONCHIECTASIS	409082
Asthma	Bronchiectasis	J10_BRONCHIECTASIS	binary	rs12467817	Wald ratio	-0.473708256469493	0.863984621485096	0.583497458387772	asthma_gwama	J10_BRONCHIECTASIS	409082
Asthma	Bronchiectasis	J10_BRONCHIECTASIS	binary	rs12470864	Wald ratio	0.543260275941363	1.96924403564243	0.782645996116059	asthma_gwama	J10_BRONCHIECTASIS	409082
Asthma	Bronchiectasis	J10_BRONCHIECTASIS	binary	rs12482736	Wald ratio	-0.125890694585515	1.04717946714587	0.904309798559438	asthma_gwama	J10_BRONCHIECTASIS	409082
Asthma	Bronchiectasis	J10_BRONCHIECTASIS	binary	rs12539003	Wald ratio	6.86341067661853	5.14778516956028	0.182441740093381	asthma_gwama	J10_BRONCHIECTASIS	409082
Asthma	Bronchiectasis	J10_BRONCHIECTASIS	binary	rs12595715	Wald ratio	2.19442508710801	5.85522177229494	0.707823445453346	asthma_gwama	J10_BRONCHIECTASIS	409082
Asthma	Bronchiectasis	J10_BRONCHIECTASIS	binary	rs12596491	Wald ratio	0.0234499018645731	6.77794406280667	0.997239535004953	asthma_gwama	J10_BRONCHIECTASIS	409082
Asthma	Bronchiectasis	J10_BRONCHIECTASIS	binary	rs12611017	Wald ratio	-4.85328482773379	6.76950567087524	0.473415181812586	asthma_gwama	J10_BRONCHIECTASIS	409082
Asthma	Bronchiectasis	J10_BRONCHIECTASIS	binary	rs12638043	Wald ratio	-0.0624914396533438	0.812372352352959	0.938683506603511	asthma_gwama	J10_BRONCHIECTASIS	409082
Asthma	Bronchiectasis	J10_BRONCHIECTASIS	binary	rs12653071	Wald ratio	0.898871471415762	1.03726927001206	0.386174993577592	asthma_gwama	J10_BRONCHIECTASIS	409082
Asthma	Bronchiectasis	J10_BRONCHIECTASIS	binary	rs1265764	Wald ratio	-6.65790898768451	6.39027862695432	0.297466919260077	asthma_gwama	J10_BRONCHIECTASIS	409082
Asthma	Bronchiectasis	J10_BRONCHIECTASIS	binary	rs12661996	Wald ratio	-2.1142578125	1.02172475961538	0.0385176896410529	asthma_gwama	J10_BRONCHIECTASIS	409082
Asthma	Bronchiectasis	J10_BRONCHIECTASIS	binary	rs12718488	Wald ratio	5.4384051939404	4.3804061927751	0.214410065464306	asthma_gwama	J10_BRONCHIECTASIS	409082
Asthma	Bronchiectasis	J10_BRONCHIECTASIS	binary	rs12722502	Wald ratio	5.31595918078095	7.09194954290979	0.453509769226022	asthma_gwama	J10_BRONCHIECTASIS	409082
Asthma	Bronchiectasis	J10_BRONCHIECTASIS	binary	rs12817660	Wald ratio	0.282177968725809	1.00813593435516	0.779553678737858	asthma_gwama	J10_BRONCHIECTASIS	409082
Asthma	Bronchiectasis	J10_BRONCHIECTASIS	binary	rs12906125	Wald ratio	-0.468875029819719	0.988048256824456	0.635110111461798	asthma_gwama	J10_BRONCHIECTASIS	409082
Asthma	Bronchiectasis	J10_BRONCHIECTASIS	binary	rs12936466	Wald ratio	-0.744642560955382	0.619976364239509	0.229719326121526	asthma_gwama	J10_BRONCHIECTASIS	409082
Asthma	Bronchiectasis	J10_BRONCHIECTASIS	binary	rs12953110	Wald ratio	-1.71275216138329	6.03989913544669	0.776737650739299	asthma_gwama	J10_BRONCHIECTASIS	409082
Asthma	Bronchiectasis	J10_BRONCHIECTASIS	binary	rs12964116	Wald ratio	8.06735419630157	7.23157894736842	0.264604956226196	asthma_gwama	J10_BRONCHIECTASIS	409082
Asthma	Bronchiectasis	J10_BRONCHIECTASIS	binary	rs12965763	Wald ratio	0.760731047155521	0.843045864269574	0.366865548264562	asthma_gwama	J10_BRONCHIECTASIS	409082
Asthma	Bronchiectasis	J10_BRONCHIECTASIS	binary	rs13000664	Wald ratio	0.899938112684424	0.873064164768789	0.302643444252406	asthma_gwama	J10_BRONCHIECTASIS	409082
Asthma	Bronchiectasis	J10_BRONCHIECTASIS	binary	rs13049055	Wald ratio	0.351882941578777	0.952111155106008	0.711694124029501	asthma_gwama	J10_BRONCHIECTASIS	409082
Asthma	Bronchiectasis	J10_BRONCHIECTASIS	binary	rs13087727	Wald ratio	-0.811087572060052	0.655894155751563	0.216230603050826	asthma_gwama	J10_BRONCHIECTASIS	409082
Asthma	Bronchiectasis	J10_BRONCHIECTASIS	binary	rs13104716	Wald ratio	-0.236147064137308	0.934056007226739	0.800408119066173	asthma_gwama	J10_BRONCHIECTASIS	409082
Asthma	Bronchiectasis	J10_BRONCHIECTASIS	binary	rs13149287	Wald ratio	-8.33199914383562	7.0705051369863	0.238630646471569	asthma_gwama	J10_BRONCHIECTASIS	409082
Asthma	Bronchiectasis	J10_BRONCHIECTASIS	binary	rs13290954	Wald ratio	0.859868345735547	0.969255867200916	0.375002033664269	asthma_gwama	J10_BRONCHIECTASIS	409082
Asthma	Bronchiectasis	J10_BRONCHIECTASIS	binary	rs13382528	Wald ratio	-1.38123670442132	0.832875294658771	0.0972376488658396	asthma_gwama	J10_BRONCHIECTASIS	409082
Asthma	Bronchiectasis	J10_BRONCHIECTASIS	binary	rs13421997	Wald ratio	-0.582955115060378	6.12444748234222	0.924167938434617	asthma_gwama	J10_BRONCHIECTASIS	409082
Asthma	Bronchiectasis	J10_BRONCHIECTASIS	binary	rs1363105	Wald ratio	0.630448025909932	0.991004780999383	0.524665286167498	asthma_gwama	J10_BRONCHIECTASIS	409082
Asthma	Bronchiectasis	J10_BRONCHIECTASIS	binary	rs137926256	Wald ratio	-0.0221308733087331	0.0308263222632226	0.472805814598956	asthma_gwama	J10_BRONCHIECTASIS	409082
Asthma	Bronchiectasis	J10_BRONCHIECTASIS	binary	rs138012443	Wald ratio	-1.4659582749494	0.685910010898334	0.0325780064473643	asthma_gwama	J10_BRONCHIECTASIS	409082
Asthma	Bronchiectasis	J10_BRONCHIECTASIS	binary	rs138026135	Wald ratio	1.89700895346168	0.984123183890328	0.0539032413813884	asthma_gwama	J10_BRONCHIECTASIS	409082
Asthma	Bronchiectasis	J10_BRONCHIECTASIS	binary	rs138121471	Wald ratio	0.0232571341463415	0.0201535975609756	0.248502557963818	asthma_gwama	J10_BRONCHIECTASIS	409082
Asthma	Bronchiectasis	J10_BRONCHIECTASIS	binary	rs138327512	Wald ratio	0.0357461386138614	0.132192475247525	0.786845014218258	asthma_gwama	J10_BRONCHIECTASIS	409082
Asthma	Bronchiectasis	J10_BRONCHIECTASIS	binary	rs138417339	Wald ratio	-0.0059407519379845	0.0105217054263566	0.572333123886655	asthma_gwama	J10_BRONCHIECTASIS	409082
Asthma	Bronchiectasis	J10_BRONCHIECTASIS	binary	rs138450506	Wald ratio	0.0587814122533749	0.0535352024922118	0.272206447528691	asthma_gwama	J10_BRONCHIECTASIS	409082
Asthma	Bronchiectasis	J10_BRONCHIECTASIS	binary	rs138453626	Wald ratio	0.00737739215686275	0.00789819607843137	0.350272739523929	asthma_gwama	J10_BRONCHIECTASIS	409082
Asthma	Bronchiectasis	J10_BRONCHIECTASIS	binary	rs138542223	Wald ratio	0.00122360559006211	0.00622521739130435	0.844174784400121	asthma_gwama	J10_BRONCHIECTASIS	409082
Asthma	Bronchiectasis	J10_BRONCHIECTASIS	binary	rs138700582	Wald ratio	0.00454297058823529	0.0179971568627451	0.800710935118054	asthma_gwama	J10_BRONCHIECTASIS	409082
Asthma	Bronchiectasis	J10_BRONCHIECTASIS	binary	rs139170956	Wald ratio	-1.61244845727286	13.6586094127684	0.906025162291694	asthma_gwama	J10_BRONCHIECTASIS	409082
Asthma	Bronchiectasis	J10_BRONCHIECTASIS	binary	rs139450603	Wald ratio	0.00460514159292035	0.0101161061946903	0.64894473489098	asthma_gwama	J10_BRONCHIECTASIS	409082
Asthma	Bronchiectasis	J10_BRONCHIECTASIS	binary	rs139671781	Wald ratio	0.470403252572187	0.572216229671424	0.411035609707761	asthma_gwama	J10_BRONCHIECTASIS	409082
Asthma	Bronchiectasis	J10_BRONCHIECTASIS	binary	rs139689471	Wald ratio	0.00397942934782609	0.0210910326086957	0.850344619403388	asthma_gwama	J10_BRONCHIECTASIS	409082
Asthma	Bronchiectasis	J10_BRONCHIECTASIS	binary	rs141267412	Wald ratio	0.00746537	0.0118556	0.528896475105468	asthma_gwama	J10_BRONCHIECTASIS	409082
Asthma	Bronchiectasis	J10_BRONCHIECTASIS	binary	rs141343442	Wald ratio	2.4991630548498	3.69711552832163	0.499055592942297	asthma_gwama	J10_BRONCHIECTASIS	409082
Asthma	Bronchiectasis	J10_BRONCHIECTASIS	binary	rs141405779	Wald ratio	-1.43334736842105	0.606357894736842	0.0180854688782114	asthma_gwama	J10_BRONCHIECTASIS	409082
Asthma	Bronchiectasis	J10_BRONCHIECTASIS	binary	rs141441459	Wald ratio	-0.0510301136363636	0.0892397727272727	0.567436130523437	asthma_gwama	J10_BRONCHIECTASIS	409082
Asthma	Bronchiectasis	J10_BRONCHIECTASIS	binary	rs1420466	Wald ratio	2.95054251331624	5.41304004734662	0.585698161414306	asthma_gwama	J10_BRONCHIECTASIS	409082
Asthma	Bronchiectasis	J10_BRONCHIECTASIS	binary	rs142102013	Wald ratio	-1.02750736218183	0.933149513251927	0.270845473471961	asthma_gwama	J10_BRONCHIECTASIS	409082
Asthma	Bronchiectasis	J10_BRONCHIECTASIS	binary	rs142757787	Wald ratio	0.0276792114695341	0.114248566308244	0.808569524900807	asthma_gwama	J10_BRONCHIECTASIS	409082
Asthma	Bronchiectasis	J10_BRONCHIECTASIS	binary	rs142828423	Wald ratio	-0.0944421487603306	0.0834776859504132	0.257909476788621	asthma_gwama	J10_BRONCHIECTASIS	409082
Asthma	Bronchiectasis	J10_BRONCHIECTASIS	binary	rs142833331	Wald ratio	0.0131962931034483	0.00849215517241379	0.120198911989281	asthma_gwama	J10_BRONCHIECTASIS	409082
Asthma	Bronchiectasis	J10_BRONCHIECTASIS	binary	rs142849353	Wald ratio	-0.0264904761904762	0.0294508095238095	0.368395922531043	asthma_gwama	J10_BRONCHIECTASIS	409082
Asthma	Bronchiectasis	J10_BRONCHIECTASIS	binary	rs142974104	Wald ratio	0.00415602083333333	0.0360970138888889	0.908338312934985	asthma_gwama	J10_BRONCHIECTASIS	409082
Asthma	Bronchiectasis	J10_BRONCHIECTASIS	binary	rs143122977	Wald ratio	-0.00758	0.01868796875	0.685030241991573	asthma_gwama	J10_BRONCHIECTASIS	409082
Asthma	Bronchiectasis	J10_BRONCHIECTASIS	binary	rs143253231	Wald ratio	0.271520008063703	0.662213990525149	0.68179235342372	asthma_gwama	J10_BRONCHIECTASIS	409082
Asthma	Bronchiectasis	J10_BRONCHIECTASIS	binary	rs143628759	Wald ratio	0.812585224555603	1.13230266843378	0.472979539247629	asthma_gwama	J10_BRONCHIECTASIS	409082
Asthma	Bronchiectasis	J10_BRONCHIECTASIS	binary	rs143857279	Wald ratio	0.0129672950819672	0.0176030327868852	0.461334495390125	asthma_gwama	J10_BRONCHIECTASIS	409082
Asthma	Bronchiectasis	J10_BRONCHIECTASIS	binary	rs144044754	Wald ratio	-0.0398035627530364	0.0246278137651822	0.106050287669191	asthma_gwama	J10_BRONCHIECTASIS	409082
Asthma	Bronchiectasis	J10_BRONCHIECTASIS	binary	rs144301783	Wald ratio	-0.542032816773017	0.782822850197508	0.488681133079688	asthma_gwama	J10_BRONCHIECTASIS	409082
Asthma	Bronchiectasis	J10_BRONCHIECTASIS	binary	rs144532877	Wald ratio	-0.0017011797752809	0.0251320786516854	0.946032746560198	asthma_gwama	J10_BRONCHIECTASIS	409082
Asthma	Bronchiectasis	J10_BRONCHIECTASIS	binary	rs144666843	Wald ratio	-1.54827632282202	5.25143639764832	0.768124427259087	asthma_gwama	J10_BRONCHIECTASIS	409082
Asthma	Bronchiectasis	J10_BRONCHIECTASIS	binary	rs144989638	Wald ratio	0.0098682	0.0450849333333333	0.826743357221931	asthma_gwama	J10_BRONCHIECTASIS	409082
Asthma	Bronchiectasis	J10_BRONCHIECTASIS	binary	rs145081654	Wald ratio	-0.00422784020618557	0.0128018556701031	0.741209454187276	asthma_gwama	J10_BRONCHIECTASIS	409082
Asthma	Bronchiectasis	J10_BRONCHIECTASIS	binary	rs145167319	Wald ratio	-0.68450186869416	0.850491634987088	0.420917321616519	asthma_gwama	J10_BRONCHIECTASIS	409082
Asthma	Bronchiectasis	J10_BRONCHIECTASIS	binary	rs145237994	Wald ratio	-7.984328874959	12.9420168373483	0.537280366604077	asthma_gwama	J10_BRONCHIECTASIS	409082
Asthma	Bronchiectasis	J10_BRONCHIECTASIS	binary	rs145781990	Wald ratio	-0.0329700296735905	0.0360166172106825	0.359975583854171	asthma_gwama	J10_BRONCHIECTASIS	409082
Asthma	Bronchiectasis	J10_BRONCHIECTASIS	binary	rs146763133	Wald ratio	0.0259941584158416	0.034494900990099	0.451110321841505	asthma_gwama	J10_BRONCHIECTASIS	409082
Asthma	Bronchiectasis	J10_BRONCHIECTASIS	binary	rs146806896	Wald ratio	-0.00935182432432432	0.0100560810810811	0.352388131243175	asthma_gwama	J10_BRONCHIECTASIS	409082
Asthma	Bronchiectasis	J10_BRONCHIECTASIS	binary	rs146983365	Wald ratio	-0.0510301136363636	0.0892397727272727	0.567436130523437	asthma_gwama	J10_BRONCHIECTASIS	409082
Asthma	Bronchiectasis	J10_BRONCHIECTASIS	binary	rs147200296	Wald ratio	0.021828	0.0232945641025641	0.34873662138031	asthma_gwama	J10_BRONCHIECTASIS	409082
Asthma	Bronchiectasis	J10_BRONCHIECTASIS	binary	rs1474011	Wald ratio	-7.806860551827	6.44685558041263	0.225912143236099	asthma_gwama	J10_BRONCHIECTASIS	409082
Asthma	Bronchiectasis	J10_BRONCHIECTASIS	binary	rs147471705	Wald ratio	0.136882897074103	0.664755169755673	0.836857500593831	asthma_gwama	J10_BRONCHIECTASIS	409082
Asthma	Bronchiectasis	J10_BRONCHIECTASIS	binary	rs147739507	Wald ratio	-0.526394868262442	0.473074163366053	0.265832530767717	asthma_gwama	J10_BRONCHIECTASIS	409082
Asthma	Bronchiectasis	J10_BRONCHIECTASIS	binary	rs147793459	Wald ratio	8.99364406779661	6.70723870056497	0.17995739108486	asthma_gwama	J10_BRONCHIECTASIS	409082
Asthma	Bronchiectasis	J10_BRONCHIECTASIS	binary	rs148083049	Wald ratio	-0.698243214811698	3.40843677677256	0.837683603659392	asthma_gwama	J10_BRONCHIECTASIS	409082
Asthma	Bronchiectasis	J10_BRONCHIECTASIS	binary	rs148238614	Wald ratio	7.67092857142857e-05	0.0120321428571429	0.994913230265442	asthma_gwama	J10_BRONCHIECTASIS	409082
Asthma	Bronchiectasis	J10_BRONCHIECTASIS	binary	rs148673593	Wald ratio	0.100998995983936	0.800179718875502	0.899557471759413	asthma_gwama	J10_BRONCHIECTASIS	409082
Asthma	Bronchiectasis	J10_BRONCHIECTASIS	binary	rs149064226	Wald ratio	1.88314370779946	0.977710138763358	0.054094926423063	asthma_gwama	J10_BRONCHIECTASIS	409082
Asthma	Bronchiectasis	J10_BRONCHIECTASIS	binary	rs149096812	Wald ratio	20.010297903641	8.24371705283805	0.0152100259361087	asthma_gwama	J10_BRONCHIECTASIS	409082
Asthma	Bronchiectasis	J10_BRONCHIECTASIS	binary	rs150059260	Wald ratio	0.0898891719745223	0.0406077707006369	0.0268566282056046	asthma_gwama	J10_BRONCHIECTASIS	409082
Asthma	Bronchiectasis	J10_BRONCHIECTASIS	binary	rs150597587	Wald ratio	8.70092989985694	5.52733496832209	0.115449615939418	asthma_gwama	J10_BRONCHIECTASIS	409082
Asthma	Bronchiectasis	J10_BRONCHIECTASIS	binary	rs150786584	Wald ratio	-11.7166618033265	7.13458807508997	0.100541557051529	asthma_gwama	J10_BRONCHIECTASIS	409082
Asthma	Bronchiectasis	J10_BRONCHIECTASIS	binary	rs150788669	Wald ratio	-1.04754080251857	0.760661125072492	0.168467366452475	asthma_gwama	J10_BRONCHIECTASIS	409082
Asthma	Bronchiectasis	J10_BRONCHIECTASIS	binary	rs151158980	Wald ratio	8.6351401316276	9.39739702728684	0.358155004856873	asthma_gwama	J10_BRONCHIECTASIS	409082
Asthma	Bronchiectasis	J10_BRONCHIECTASIS	binary	rs151220143	Wald ratio	0.0125899447513812	0.0195964640883978	0.52057453862375	asthma_gwama	J10_BRONCHIECTASIS	409082
Asthma	Bronchiectasis	J10_BRONCHIECTASIS	binary	rs151288460	Wald ratio	7.4601215098242	7.891158221303	0.344466309209724	asthma_gwama	J10_BRONCHIECTASIS	409082
Asthma	Bronchiectasis	J10_BRONCHIECTASIS	binary	rs151328686	Wald ratio	3.71334496985084	5.50068761239818	0.499631779592473	asthma_gwama	J10_BRONCHIECTASIS	409082
Asthma	Bronchiectasis	J10_BRONCHIECTASIS	binary	rs1553754	Wald ratio	2.97220612582781	5.38338162251656	0.580874607441033	asthma_gwama	J10_BRONCHIECTASIS	409082
Asthma	Bronchiectasis	J10_BRONCHIECTASIS	binary	rs1617988	Wald ratio	0.0480430658805435	0.504074169016492	0.924068983123789	asthma_gwama	J10_BRONCHIECTASIS	409082
Asthma	Bronchiectasis	J10_BRONCHIECTASIS	binary	rs1627507	Wald ratio	1.57167801574923	0.996446912922737	0.114730597767553	asthma_gwama	J10_BRONCHIECTASIS	409082
Asthma	Bronchiectasis	J10_BRONCHIECTASIS	binary	rs163093	Wald ratio	-0.327243212327154	0.972933418564748	0.736609230161997	asthma_gwama	J10_BRONCHIECTASIS	409082
Asthma	Bronchiectasis	J10_BRONCHIECTASIS	binary	rs1644005	Wald ratio	0.415332882476706	0.98574165915239	0.673506461167958	asthma_gwama	J10_BRONCHIECTASIS	409082
Asthma	Bronchiectasis	J10_BRONCHIECTASIS	binary	rs1663671	Wald ratio	9.70386643233743	4.64400702987698	0.0366585993641262	asthma_gwama	J10_BRONCHIECTASIS	409082
Asthma	Bronchiectasis	J10_BRONCHIECTASIS	binary	rs1684466	Wald ratio	7.76815575007546	4.01865378810746	0.0532331944367553	asthma_gwama	J10_BRONCHIECTASIS	409082
Asthma	Bronchiectasis	J10_BRONCHIECTASIS	binary	rs16924144	Wald ratio	-1.51457526080477	4.05497764530552	0.708768801207024	asthma_gwama	J10_BRONCHIECTASIS	409082
Asthma	Bronchiectasis	J10_BRONCHIECTASIS	binary	rs1705333	Wald ratio	0.0244072978303748	4.24860289283366	0.995416352272688	asthma_gwama	J10_BRONCHIECTASIS	409082
Asthma	Bronchiectasis	J10_BRONCHIECTASIS	binary	rs17057868	Wald ratio	4.55992085924251	5.82698322969663	0.433889887261664	asthma_gwama	J10_BRONCHIECTASIS	409082
Asthma	Bronchiectasis	J10_BRONCHIECTASIS	binary	rs17098678	Wald ratio	-12.201527638191	6.88753768844221	0.076471450743132	asthma_gwama	J10_BRONCHIECTASIS	409082
Asthma	Bronchiectasis	J10_BRONCHIECTASIS	binary	rs17168863	Wald ratio	-0.0398672789115646	0.0433957142857143	0.35825689601052	asthma_gwama	J10_BRONCHIECTASIS	409082
Asthma	Bronchiectasis	J10_BRONCHIECTASIS	binary	rs17181428	Wald ratio	6.84216300940439	7.1751828631139	0.340292604051988	asthma_gwama	J10_BRONCHIECTASIS	409082
Asthma	Bronchiectasis	J10_BRONCHIECTASIS	binary	rs17204454	Wald ratio	-8.3684819175778	5.4781118587048	0.126606519516068	asthma_gwama	J10_BRONCHIECTASIS	409082
Asthma	Bronchiectasis	J10_BRONCHIECTASIS	binary	rs17445108	Wald ratio	7.26912716459682	6.81472800419801	0.286116818990538	asthma_gwama	J10_BRONCHIECTASIS	409082
Asthma	Bronchiectasis	J10_BRONCHIECTASIS	binary	rs174551	Wald ratio	0.149320025079384	0.527383047145198	0.77707418696678	asthma_gwama	J10_BRONCHIECTASIS	409082
Asthma	Bronchiectasis	J10_BRONCHIECTASIS	binary	rs17547610	Wald ratio	5.82901719169234	3.38844281029514	0.0853844100439789	asthma_gwama	J10_BRONCHIECTASIS	409082
Asthma	Bronchiectasis	J10_BRONCHIECTASIS	binary	rs17772583	Wald ratio	6.01103906129381	4.77197776748495	0.207794344049417	asthma_gwama	J10_BRONCHIECTASIS	409082
Asthma	Bronchiectasis	J10_BRONCHIECTASIS	binary	rs1779773	Wald ratio	-0.422890572043264	0.776437476054345	0.585990803430428	asthma_gwama	J10_BRONCHIECTASIS	409082
Asthma	Bronchiectasis	J10_BRONCHIECTASIS	binary	rs1787663	Wald ratio	-7.40106710931942	8.77436566279346	0.39895589503552	asthma_gwama	J10_BRONCHIECTASIS	409082
Asthma	Bronchiectasis	J10_BRONCHIECTASIS	binary	rs179768	Wald ratio	-3.10592525068368	4.77053783044667	0.51500520006094	asthma_gwama	J10_BRONCHIECTASIS	409082
Asthma	Bronchiectasis	J10_BRONCHIECTASIS	binary	rs1799595	Wald ratio	3.52322863403945	6.4736303871439	0.58627420030914	asthma_gwama	J10_BRONCHIECTASIS	409082
Asthma	Bronchiectasis	J10_BRONCHIECTASIS	binary	rs1800440	Wald ratio	-2.07413640389725	6.39032772364925	0.745503250267261	asthma_gwama	J10_BRONCHIECTASIS	409082
Asthma	Bronchiectasis	J10_BRONCHIECTASIS	binary	rs181104005	Wald ratio	0.01313864	0.00711416	0.064771866281461	asthma_gwama	J10_BRONCHIECTASIS	409082
Asthma	Bronchiectasis	J10_BRONCHIECTASIS	binary	rs182417546	Wald ratio	-0.0235509225092251	0.0244270479704797	0.33497926074368	asthma_gwama	J10_BRONCHIECTASIS	409082
Asthma	Bronchiectasis	J10_BRONCHIECTASIS	binary	rs183861049	Wald ratio	0.00183127218934911	0.00650899408284024	0.778445887029522	asthma_gwama	J10_BRONCHIECTASIS	409082
Asthma	Bronchiectasis	J10_BRONCHIECTASIS	binary	rs183886834	Wald ratio	0.0223714761904762	0.0262725714285714	0.394483597997064	asthma_gwama	J10_BRONCHIECTASIS	409082
Asthma	Bronchiectasis	J10_BRONCHIECTASIS	binary	rs184163934	Wald ratio	13.9696197037921	12.855205338252	0.277173951321815	asthma_gwama	J10_BRONCHIECTASIS	409082
Asthma	Bronchiectasis	J10_BRONCHIECTASIS	binary	rs184289015	Wald ratio	0.0227984090909091	0.0430142424242424	0.596098058976913	asthma_gwama	J10_BRONCHIECTASIS	409082
Asthma	Bronchiectasis	J10_BRONCHIECTASIS	binary	rs184482331	Wald ratio	0.347943450474474	0.822427637165373	0.672245085622402	asthma_gwama	J10_BRONCHIECTASIS	409082
Asthma	Bronchiectasis	J10_BRONCHIECTASIS	binary	rs184739995	Wald ratio	-0.038268961038961	0.0319905194805195	0.231595330058147	asthma_gwama	J10_BRONCHIECTASIS	409082
Asthma	Bronchiectasis	J10_BRONCHIECTASIS	binary	rs186399184	Wald ratio	-1.3881369670946	0.882462866406695	0.115712815278326	asthma_gwama	J10_BRONCHIECTASIS	409082
Asthma	Bronchiectasis	J10_BRONCHIECTASIS	binary	rs186520974	Wald ratio	-0.92323728687365	0.648468716650535	0.154527807240518	asthma_gwama	J10_BRONCHIECTASIS	409082
Asthma	Bronchiectasis	J10_BRONCHIECTASIS	binary	rs187228722	Wald ratio	-0.0421190476190476	0.109710317460317	0.701044075802446	asthma_gwama	J10_BRONCHIECTASIS	409082
Asthma	Bronchiectasis	J10_BRONCHIECTASIS	binary	rs187528027	Wald ratio	0.0403058415841584	0.0898387128712871	0.653686543576387	asthma_gwama	J10_BRONCHIECTASIS	409082
Asthma	Bronchiectasis	J10_BRONCHIECTASIS	binary	rs187875490	Wald ratio	-0.0492535657686212	0.0454174326465927	0.278159168360196	asthma_gwama	J10_BRONCHIECTASIS	409082
Asthma	Bronchiectasis	J10_BRONCHIECTASIS	binary	rs187909364	Wald ratio	0.000237495263157895	0.00547757894736842	0.965416390887175	asthma_gwama	J10_BRONCHIECTASIS	409082
Asthma	Bronchiectasis	J10_BRONCHIECTASIS	binary	rs188248983	Wald ratio	0.0231513422818792	0.0173528187919463	0.182153208737319	asthma_gwama	J10_BRONCHIECTASIS	409082
Asthma	Bronchiectasis	J10_BRONCHIECTASIS	binary	rs188388762	Wald ratio	0.0463121390374332	0.042675614973262	0.27782725632591	asthma_gwama	J10_BRONCHIECTASIS	409082
Asthma	Bronchiectasis	J10_BRONCHIECTASIS	binary	rs188573597	Wald ratio	0.367399427019109	0.63026785465941	0.559943215674622	asthma_gwama	J10_BRONCHIECTASIS	409082
Asthma	Bronchiectasis	J10_BRONCHIECTASIS	binary	rs188575117	Wald ratio	-26.9209970011307	15.6674696425938	0.0857467510493979	asthma_gwama	J10_BRONCHIECTASIS	409082
Asthma	Bronchiectasis	J10_BRONCHIECTASIS	binary	rs1888072	Wald ratio	-5.54033278650106	6.028380595266	0.358073792878302	asthma_gwama	J10_BRONCHIECTASIS	409082
Asthma	Bronchiectasis	J10_BRONCHIECTASIS	binary	rs189099472	Wald ratio	2.66905736202168	1.33284932752526	0.0452288402012922	asthma_gwama	J10_BRONCHIECTASIS	409082
Asthma	Bronchiectasis	J10_BRONCHIECTASIS	binary	rs189321018	Wald ratio	0.0199933333333333	0.0422165079365079	0.635792014923774	asthma_gwama	J10_BRONCHIECTASIS	409082
Asthma	Bronchiectasis	J10_BRONCHIECTASIS	binary	rs189324776	Wald ratio	0.111355702881883	1.07970098768773	0.917855282078033	asthma_gwama	J10_BRONCHIECTASIS	409082
Asthma	Bronchiectasis	J10_BRONCHIECTASIS	binary	rs189488647	Wald ratio	0.00343687439613527	0.00728024154589372	0.636867925942361	asthma_gwama	J10_BRONCHIECTASIS	409082
Asthma	Bronchiectasis	J10_BRONCHIECTASIS	binary	rs189539537	Wald ratio	-0.0690105590062112	0.0403593788819876	0.0872841049932133	asthma_gwama	J10_BRONCHIECTASIS	409082
Asthma	Bronchiectasis	J10_BRONCHIECTASIS	binary	rs190438685	Wald ratio	-11.1671428571429	17.4641142857143	0.522540844936072	asthma_gwama	J10_BRONCHIECTASIS	409082
Asthma	Bronchiectasis	J10_BRONCHIECTASIS	binary	rs191699156	Wald ratio	-1.38513001846231	0.890146133867384	0.119691361314987	asthma_gwama	J10_BRONCHIECTASIS	409082
Asthma	Bronchiectasis	J10_BRONCHIECTASIS	binary	rs192258066	Wald ratio	-1.7197799799188	1.25389036830081	0.170201917300239	asthma_gwama	J10_BRONCHIECTASIS	409082
Asthma	Bronchiectasis	J10_BRONCHIECTASIS	binary	rs192487861	Wald ratio	0.000749749049429658	0.00334555513307985	0.822677133197247	asthma_gwama	J10_BRONCHIECTASIS	409082
Asthma	Bronchiectasis	J10_BRONCHIECTASIS	binary	rs192730519	Wald ratio	0.453684501845018	0.176345387453875	0.0100907437997124	asthma_gwama	J10_BRONCHIECTASIS	409082
Asthma	Bronchiectasis	J10_BRONCHIECTASIS	binary	rs193117554	Wald ratio	-0.0122552348993289	0.0237789932885906	0.606286996066837	asthma_gwama	J10_BRONCHIECTASIS	409082
Asthma	Bronchiectasis	J10_BRONCHIECTASIS	binary	rs193138021	Wald ratio	0.000757245454545455	0.0101720909090909	0.940657543355618	asthma_gwama	J10_BRONCHIECTASIS	409082
Asthma	Bronchiectasis	J10_BRONCHIECTASIS	binary	rs1946131	Wald ratio	-2.14300102174865	5.76293971682966	0.709997830015128	asthma_gwama	J10_BRONCHIECTASIS	409082
Asthma	Bronchiectasis	J10_BRONCHIECTASIS	binary	rs194676	Wald ratio	0.00879462818068249	0.850105200867907	0.991745759384292	asthma_gwama	J10_BRONCHIECTASIS	409082
Asthma	Bronchiectasis	J10_BRONCHIECTASIS	binary	rs1963840	Wald ratio	-1.10665808481728	0.954212257741543	0.246146159763689	asthma_gwama	J10_BRONCHIECTASIS	409082
Asthma	Bronchiectasis	J10_BRONCHIECTASIS	binary	rs1971814	Wald ratio	-0.644668944200423	0.952946152594762	0.498722665282737	asthma_gwama	J10_BRONCHIECTASIS	409082
Asthma	Bronchiectasis	J10_BRONCHIECTASIS	binary	rs1981551	Wald ratio	-0.235415487522511	0.498418660492239	0.636694980749327	asthma_gwama	J10_BRONCHIECTASIS	409082
Asthma	Bronchiectasis	J10_BRONCHIECTASIS	binary	rs199805492	Wald ratio	0.812100015544157	0.79211800235383	0.30525653647373	asthma_gwama	J10_BRONCHIECTASIS	409082
Asthma	Bronchiectasis	J10_BRONCHIECTASIS	binary	rs200009375	Wald ratio	-0.00986502994011976	0.0303566467065868	0.745203017573312	asthma_gwama	J10_BRONCHIECTASIS	409082
Asthma	Bronchiectasis	J10_BRONCHIECTASIS	binary	rs200305098	Wald ratio	1.92266365688488	0.916082653238409	0.0358355568123335	asthma_gwama	J10_BRONCHIECTASIS	409082
Asthma	Bronchiectasis	J10_BRONCHIECTASIS	binary	rs200410144	Wald ratio	0.486123230344582	1.06619179057965	0.648430598481476	asthma_gwama	J10_BRONCHIECTASIS	409082
Asthma	Bronchiectasis	J10_BRONCHIECTASIS	binary	rs200706434	Wald ratio	-0.0510301136363636	0.0892397727272727	0.567436130523437	asthma_gwama	J10_BRONCHIECTASIS	409082
Asthma	Bronchiectasis	J10_BRONCHIECTASIS	binary	rs201011002	Wald ratio	15.0484839250343	9.82242876733202	0.125509294622172	asthma_gwama	J10_BRONCHIECTASIS	409082
Asthma	Bronchiectasis	J10_BRONCHIECTASIS	binary	rs201519354	Wald ratio	0.914279876498366	0.830993461678169	0.271234050682007	asthma_gwama	J10_BRONCHIECTASIS	409082
Asthma	Bronchiectasis	J10_BRONCHIECTASIS	binary	rs201782376	Wald ratio	-0.0510301136363636	0.0892397727272727	0.567436130523437	asthma_gwama	J10_BRONCHIECTASIS	409082
Asthma	Bronchiectasis	J10_BRONCHIECTASIS	binary	rs202204907	Wald ratio	0.910121900476198	0.57650603338008	0.114408138726087	asthma_gwama	J10_BRONCHIECTASIS	409082
Asthma	Bronchiectasis	J10_BRONCHIECTASIS	binary	rs2029745	Wald ratio	2.00342177300484	5.49728363866077	0.71553059452651	asthma_gwama	J10_BRONCHIECTASIS	409082
Asthma	Bronchiectasis	J10_BRONCHIECTASIS	binary	rs2032006	Wald ratio	-0.224310231983129	0.95187986328267	0.813704481622482	asthma_gwama	J10_BRONCHIECTASIS	409082
Asthma	Bronchiectasis	J10_BRONCHIECTASIS	binary	rs204992	Wald ratio	-5.65195804868662	3.4839988453767	0.104747315877444	asthma_gwama	J10_BRONCHIECTASIS	409082
Asthma	Bronchiectasis	J10_BRONCHIECTASIS	binary	rs2055456	Wald ratio	0.00707790849673203	0.0179280392156863	0.692993845421074	asthma_gwama	J10_BRONCHIECTASIS	409082
Asthma	Bronchiectasis	J10_BRONCHIECTASIS	binary	rs2066844	Wald ratio	2.45099108928896	8.76445717403164	0.779745110912889	asthma_gwama	J10_BRONCHIECTASIS	409082
Asthma	Bronchiectasis	J10_BRONCHIECTASIS	binary	rs2070901	Wald ratio	5.25089518836255	5.3325624766878	0.324778739494464	asthma_gwama	J10_BRONCHIECTASIS	409082
Asthma	Bronchiectasis	J10_BRONCHIECTASIS	binary	rs2087630	Wald ratio	-0.00836371040723982	0.0292780090497738	0.775134505969121	asthma_gwama	J10_BRONCHIECTASIS	409082
Asthma	Bronchiectasis	J10_BRONCHIECTASIS	binary	rs2111574	Wald ratio	-0.601071233624454	0.940024563318777	0.52254923836159	asthma_gwama	J10_BRONCHIECTASIS	409082
Asthma	Bronchiectasis	J10_BRONCHIECTASIS	binary	rs2143793	Wald ratio	0.850747597475713	0.683571185419885	0.213292324644163	asthma_gwama	J10_BRONCHIECTASIS	409082
Asthma	Bronchiectasis	J10_BRONCHIECTASIS	binary	rs2205759	Wald ratio	0.665731174923398	1.15664470294748	0.564905171891384	asthma_gwama	J10_BRONCHIECTASIS	409082
Asthma	Bronchiectasis	J10_BRONCHIECTASIS	binary	rs2230624	Wald ratio	14.3276696892332	9.54775948587024	0.133450870808234	asthma_gwama	J10_BRONCHIECTASIS	409082
Asthma	Bronchiectasis	J10_BRONCHIECTASIS	binary	rs223819	Wald ratio	7.37231075697211	6.75799468791501	0.275315952560779	asthma_gwama	J10_BRONCHIECTASIS	409082
Asthma	Bronchiectasis	J10_BRONCHIECTASIS	binary	rs2239349	Wald ratio	4.5720705100419	7.47522034388094	0.540782452805011	asthma_gwama	J10_BRONCHIECTASIS	409082
Asthma	Bronchiectasis	J10_BRONCHIECTASIS	binary	rs2243284	Wald ratio	0.249504643962848	0.334029721362229	0.455091676167078	asthma_gwama	J10_BRONCHIECTASIS	409082
Asthma	Bronchiectasis	J10_BRONCHIECTASIS	binary	rs2262046	Wald ratio	0.178590981090981	0.766112266112266	0.815673404602264	asthma_gwama	J10_BRONCHIECTASIS	409082
Asthma	Bronchiectasis	J10_BRONCHIECTASIS	binary	rs227136	Wald ratio	-6.20659611124785	6.5336697021905	0.342142591686809	asthma_gwama	J10_BRONCHIECTASIS	409082
Asthma	Bronchiectasis	J10_BRONCHIECTASIS	binary	rs2274468	Wald ratio	0.00940545918367347	0.012056887755102	0.435337823297717	asthma_gwama	J10_BRONCHIECTASIS	409082
Asthma	Bronchiectasis	J10_BRONCHIECTASIS	binary	rs2282160	Wald ratio	3.97706661316212	5.18228330658106	0.442822808229511	asthma_gwama	J10_BRONCHIECTASIS	409082
Asthma	Bronchiectasis	J10_BRONCHIECTASIS	binary	rs2315649	Wald ratio	0.374807153630683	5.630058177117	0.94692202404734	asthma_gwama	J10_BRONCHIECTASIS	409082
Asthma	Bronchiectasis	J10_BRONCHIECTASIS	binary	rs2381384	Wald ratio	-2.54939041950658	5.18625323989632	0.623025548745679	asthma_gwama	J10_BRONCHIECTASIS	409082
Asthma	Bronchiectasis	J10_BRONCHIECTASIS	binary	rs2428493	Wald ratio	4.31970155273241	5.58572292800968	0.439317101988884	asthma_gwama	J10_BRONCHIECTASIS	409082
Asthma	Bronchiectasis	J10_BRONCHIECTASIS	binary	rs2439042	Wald ratio	-0.251526167775568	0.905683974666758	0.781227633453289	asthma_gwama	J10_BRONCHIECTASIS	409082
Asthma	Bronchiectasis	J10_BRONCHIECTASIS	binary	rs252872	Wald ratio	-0.529340627699395	0.715990890767741	0.459717589451673	asthma_gwama	J10_BRONCHIECTASIS	409082
Asthma	Bronchiectasis	J10_BRONCHIECTASIS	binary	rs2621348	Wald ratio	-0.608116820070682	0.581795409530467	0.295911277313999	asthma_gwama	J10_BRONCHIECTASIS	409082
Asthma	Bronchiectasis	J10_BRONCHIECTASIS	binary	rs2647074	Wald ratio	0.264712212047346	0.297887432197993	0.374201054486661	asthma_gwama	J10_BRONCHIECTASIS	409082
Asthma	Bronchiectasis	J10_BRONCHIECTASIS	binary	rs2652696	Wald ratio	1.3304381443299	0.5326735395189	0.0125015536804513	asthma_gwama	J10_BRONCHIECTASIS	409082
Asthma	Bronchiectasis	J10_BRONCHIECTASIS	binary	rs274945	Wald ratio	-7.7358183538316	4.86773888363292	0.112014888547045	asthma_gwama	J10_BRONCHIECTASIS	409082
Asthma	Bronchiectasis	J10_BRONCHIECTASIS	binary	rs2766678	Wald ratio	0.0142719146482122	0.745175672078786	0.984719516965965	asthma_gwama	J10_BRONCHIECTASIS	409082
Asthma	Bronchiectasis	J10_BRONCHIECTASIS	binary	rs28373140	Wald ratio	0.0110361194029851	0.041808855721393	0.791806062692241	asthma_gwama	J10_BRONCHIECTASIS	409082
Asthma	Bronchiectasis	J10_BRONCHIECTASIS	binary	rs28514280	Wald ratio	-0.388629414334196	0.95428917039078	0.683828114456765	asthma_gwama	J10_BRONCHIECTASIS	409082
Asthma	Bronchiectasis	J10_BRONCHIECTASIS	binary	rs2852714	Wald ratio	-19.4381562555615	5.09393130450258	0.000135663309138994	asthma_gwama	J10_BRONCHIECTASIS	409082
Asthma	Bronchiectasis	J10_BRONCHIECTASIS	binary	rs28588688	Wald ratio	-1.42789600197957	0.789617872671356	0.0705539115766198	asthma_gwama	J10_BRONCHIECTASIS	409082
Asthma	Bronchiectasis	J10_BRONCHIECTASIS	binary	rs28607030	Wald ratio	-5.16155913978495	6.40963261648746	0.420657203482389	asthma_gwama	J10_BRONCHIECTASIS	409082
Asthma	Bronchiectasis	J10_BRONCHIECTASIS	binary	rs28617673	Wald ratio	4.61929539295393	4.40886178861789	0.294763164633935	asthma_gwama	J10_BRONCHIECTASIS	409082
Asthma	Bronchiectasis	J10_BRONCHIECTASIS	binary	rs28635831	Wald ratio	0.978136474531162	0.659235072328051	0.137876691012744	asthma_gwama	J10_BRONCHIECTASIS	409082
Asthma	Bronchiectasis	J10_BRONCHIECTASIS	binary	rs28893537	Wald ratio	0.537266219867364	0.391696199866662	0.17017549994492	asthma_gwama	J10_BRONCHIECTASIS	409082
Asthma	Bronchiectasis	J10_BRONCHIECTASIS	binary	rs3024664	Wald ratio	0.29996216322004	2.98901428664623	0.920062591226177	asthma_gwama	J10_BRONCHIECTASIS	409082
Asthma	Bronchiectasis	J10_BRONCHIECTASIS	binary	rs3024971	Wald ratio	-6.82928557624171	3.98622044707853	0.0866714746356999	asthma_gwama	J10_BRONCHIECTASIS	409082
Asthma	Bronchiectasis	J10_BRONCHIECTASIS	binary	rs3091308	Wald ratio	0.401025399136614	0.302421992760682	0.184824542854118	asthma_gwama	J10_BRONCHIECTASIS	409082
Asthma	Bronchiectasis	J10_BRONCHIECTASIS	binary	rs3116990	Wald ratio	0.089513791957461	0.564908607510801	0.874096605675437	asthma_gwama	J10_BRONCHIECTASIS	409082
Asthma	Bronchiectasis	J10_BRONCHIECTASIS	binary	rs3122929	Wald ratio	0.953688398849473	2.50436241610738	0.703343602220568	asthma_gwama	J10_BRONCHIECTASIS	409082
Asthma	Bronchiectasis	J10_BRONCHIECTASIS	binary	rs3131024	Wald ratio	-2.8482097952341	6.60987905640043	0.666539663268131	asthma_gwama	J10_BRONCHIECTASIS	409082
Asthma	Bronchiectasis	J10_BRONCHIECTASIS	binary	rs3135911	Wald ratio	-0.356977283263792	0.793034306907742	0.652608750361216	asthma_gwama	J10_BRONCHIECTASIS	409082
Asthma	Bronchiectasis	J10_BRONCHIECTASIS	binary	rs322355	Wald ratio	0.582802866710481	0.807460958282477	0.470434548205806	asthma_gwama	J10_BRONCHIECTASIS	409082
Asthma	Bronchiectasis	J10_BRONCHIECTASIS	binary	rs34108746	Wald ratio	7.14973254880984	5.65936079165552	0.206464751698321	asthma_gwama	J10_BRONCHIECTASIS	409082
Asthma	Bronchiectasis	J10_BRONCHIECTASIS	binary	rs34111295	Wald ratio	-0.897496774193549	0.956283870967742	0.347974431506625	asthma_gwama	J10_BRONCHIECTASIS	409082
Asthma	Bronchiectasis	J10_BRONCHIECTASIS	binary	rs34173062	Wald ratio	14.2778686159469	5.35645859382514	0.0076864190528803	asthma_gwama	J10_BRONCHIECTASIS	409082
Asthma	Bronchiectasis	J10_BRONCHIECTASIS	binary	rs34215892	Wald ratio	-14.0669896424992	6.58869027731373	0.0327593253296781	asthma_gwama	J10_BRONCHIECTASIS	409082
Asthma	Bronchiectasis	J10_BRONCHIECTASIS	binary	rs34240248	Wald ratio	0.248198373281509	0.979273734974448	0.799919353914661	asthma_gwama	J10_BRONCHIECTASIS	409082
Asthma	Bronchiectasis	J10_BRONCHIECTASIS	binary	rs34368225	Wald ratio	1.14251882172356	1.02822162122652	0.266499449725053	asthma_gwama	J10_BRONCHIECTASIS	409082
Asthma	Bronchiectasis	J10_BRONCHIECTASIS	binary	rs34607223	Wald ratio	1.49943836544979	0.986714437881282	0.12860462969027	asthma_gwama	J10_BRONCHIECTASIS	409082
Asthma	Bronchiectasis	J10_BRONCHIECTASIS	binary	rs34630948	Wald ratio	0.812731445721978	0.76715512104694	0.289413311683131	asthma_gwama	J10_BRONCHIECTASIS	409082
Asthma	Bronchiectasis	J10_BRONCHIECTASIS	binary	rs34660307	Wald ratio	-3.53730370603015	5.55860552763819	0.524538348618084	asthma_gwama	J10_BRONCHIECTASIS	409082
Asthma	Bronchiectasis	J10_BRONCHIECTASIS	binary	rs34712979	Wald ratio	-8.27449786975046	6.06348143639684	0.172364744959394	asthma_gwama	J10_BRONCHIECTASIS	409082
Asthma	Bronchiectasis	J10_BRONCHIECTASIS	binary	rs35032841	Wald ratio	-0.769532581617936	0.87272518683624	0.377907585524063	asthma_gwama	J10_BRONCHIECTASIS	409082
Asthma	Bronchiectasis	J10_BRONCHIECTASIS	binary	rs35167234	Wald ratio	-0.988483033932136	6.07498336660013	0.87074385803544	asthma_gwama	J10_BRONCHIECTASIS	409082
Asthma	Bronchiectasis	J10_BRONCHIECTASIS	binary	rs35177143	Wald ratio	-0.495304870715574	0.655401082381239	0.449812364569907	asthma_gwama	J10_BRONCHIECTASIS	409082
Asthma	Bronchiectasis	J10_BRONCHIECTASIS	binary	rs35330847	Wald ratio	21.578394515701	6.23638876603273	0.000540017990050316	asthma_gwama	J10_BRONCHIECTASIS	409082
Asthma	Bronchiectasis	J10_BRONCHIECTASIS	binary	rs35407628	Wald ratio	-1.66495356037152	1.18679876160991	0.160648274804304	asthma_gwama	J10_BRONCHIECTASIS	409082
Asthma	Bronchiectasis	J10_BRONCHIECTASIS	binary	rs35449774	Wald ratio	-9.09270980502967	6.70854761231986	0.175292790169589	asthma_gwama	J10_BRONCHIECTASIS	409082
Asthma	Bronchiectasis	J10_BRONCHIECTASIS	binary	rs35453239	Wald ratio	11.5847669636737	8.21949965729952	0.158709584228479	asthma_gwama	J10_BRONCHIECTASIS	409082
Asthma	Bronchiectasis	J10_BRONCHIECTASIS	binary	rs35462600	Wald ratio	1.22179421331964	9.64209895565828	0.899166330824077	asthma_gwama	J10_BRONCHIECTASIS	409082
Asthma	Bronchiectasis	J10_BRONCHIECTASIS	binary	rs35586997	Wald ratio	0.550657625814518	0.635093414123927	0.385914717134793	asthma_gwama	J10_BRONCHIECTASIS	409082
Asthma	Bronchiectasis	J10_BRONCHIECTASIS	binary	rs35668054	Wald ratio	2.90353329944077	5.61761565836299	0.605252342443073	asthma_gwama	J10_BRONCHIECTASIS	409082
Asthma	Bronchiectasis	J10_BRONCHIECTASIS	binary	rs35960329	Wald ratio	3.23609914982886	7.97190018770012	0.684787978175685	asthma_gwama	J10_BRONCHIECTASIS	409082
Asthma	Bronchiectasis	J10_BRONCHIECTASIS	binary	rs36198584	Wald ratio	-0.310066350184615	0.755278865106466	0.68141553329707	asthma_gwama	J10_BRONCHIECTASIS	409082
Asthma	Bronchiectasis	J10_BRONCHIECTASIS	binary	rs364359	Wald ratio	1.7133035910188	0.938360272069041	0.0678731021617787	asthma_gwama	J10_BRONCHIECTASIS	409082
Asthma	Bronchiectasis	J10_BRONCHIECTASIS	binary	rs368560236	Wald ratio	-0.0558383928571429	0.0547372321428572	0.307672872820031	asthma_gwama	J10_BRONCHIECTASIS	409082
Asthma	Bronchiectasis	J10_BRONCHIECTASIS	binary	rs369028166	Wald ratio	-1.33828683951428	0.598496882179193	0.0253465388096509	asthma_gwama	J10_BRONCHIECTASIS	409082
Asthma	Bronchiectasis	J10_BRONCHIECTASIS	binary	rs371235274	Wald ratio	-0.0553442477876106	0.0542528318584071	0.307672872820031	asthma_gwama	J10_BRONCHIECTASIS	409082
Asthma	Bronchiectasis	J10_BRONCHIECTASIS	binary	rs371891784	Wald ratio	0.227722215034286	1.12421076465261	0.839477509145799	asthma_gwama	J10_BRONCHIECTASIS	409082
Asthma	Bronchiectasis	J10_BRONCHIECTASIS	binary	rs372911770	Wald ratio	-0.0727197674418605	0.0712856976744186	0.307672872820031	asthma_gwama	J10_BRONCHIECTASIS	409082
Asthma	Bronchiectasis	J10_BRONCHIECTASIS	binary	rs374381259	Wald ratio	-0.0447400900900901	0.0473342342342342	0.344559239305603	asthma_gwama	J10_BRONCHIECTASIS	409082
Asthma	Bronchiectasis	J10_BRONCHIECTASIS	binary	rs3749833	Wald ratio	0.486033755274262	2.40822335936799	0.840055459757951	asthma_gwama	J10_BRONCHIECTASIS	409082
Asthma	Bronchiectasis	J10_BRONCHIECTASIS	binary	rs376573492	Wald ratio	-0.0681205128205128	0.0874608974358974	0.436057350869649	asthma_gwama	J10_BRONCHIECTASIS	409082
Asthma	Bronchiectasis	J10_BRONCHIECTASIS	binary	rs3774190	Wald ratio	0.0712191666666667	0.173594444444444	0.681613921880891	asthma_gwama	J10_BRONCHIECTASIS	409082
Asthma	Bronchiectasis	J10_BRONCHIECTASIS	binary	rs377618546	Wald ratio	0.974684364784128	0.915091308758877	0.286820487578752	asthma_gwama	J10_BRONCHIECTASIS	409082
Asthma	Bronchiectasis	J10_BRONCHIECTASIS	binary	rs3777755	Wald ratio	5.84198578307728	6.51194680119239	0.369655865214842	asthma_gwama	J10_BRONCHIECTASIS	409082
Asthma	Bronchiectasis	J10_BRONCHIECTASIS	binary	rs3825729	Wald ratio	-0.0650565068493151	0.562842465753425	0.907980943919633	asthma_gwama	J10_BRONCHIECTASIS	409082
Asthma	Bronchiectasis	J10_BRONCHIECTASIS	binary	rs3826620	Wald ratio	4.47304094782789	6.10345042610684	0.463637199022911	asthma_gwama	J10_BRONCHIECTASIS	409082
Asthma	Bronchiectasis	J10_BRONCHIECTASIS	binary	rs3828058	Wald ratio	-3.99716147045137	4.23294555607259	0.345017454336559	asthma_gwama	J10_BRONCHIECTASIS	409082
Asthma	Bronchiectasis	J10_BRONCHIECTASIS	binary	rs3867128	Wald ratio	0.595732214787443	0.614784113985153	0.332539988407227	asthma_gwama	J10_BRONCHIECTASIS	409082
Asthma	Bronchiectasis	J10_BRONCHIECTASIS	binary	rs4097694	Wald ratio	-0.712218565824456	0.823159871344377	0.386915262221144	asthma_gwama	J10_BRONCHIECTASIS	409082
Asthma	Bronchiectasis	J10_BRONCHIECTASIS	binary	rs41265154	Wald ratio	16.5198051948052	14.9777272727273	0.270045373543049	asthma_gwama	J10_BRONCHIECTASIS	409082
Asthma	Bronchiectasis	J10_BRONCHIECTASIS	binary	rs41283642	Wald ratio	3.26254347398123	4.44302775772688	0.462762051633914	asthma_gwama	J10_BRONCHIECTASIS	409082
Asthma	Bronchiectasis	J10_BRONCHIECTASIS	binary	rs41285280	Wald ratio	4.48878678918631	4.02367825276335	0.264596443436148	asthma_gwama	J10_BRONCHIECTASIS	409082
Asthma	Bronchiectasis	J10_BRONCHIECTASIS	binary	rs4141168	Wald ratio	1.42185572790133	0.855531676322183	0.0965216614457413	asthma_gwama	J10_BRONCHIECTASIS	409082
Asthma	Bronchiectasis	J10_BRONCHIECTASIS	binary	rs4245080	Wald ratio	-0.400632452047693	6.64481596682219	0.951922688953246	asthma_gwama	J10_BRONCHIECTASIS	409082
Asthma	Bronchiectasis	J10_BRONCHIECTASIS	binary	rs4365903	Wald ratio	1.27642729039008	0.959288596622329	0.1833213887923	asthma_gwama	J10_BRONCHIECTASIS	409082
Asthma	Bronchiectasis	J10_BRONCHIECTASIS	binary	rs4385322	Wald ratio	0.216117149420136	0.729180906493361	0.7669372663313	asthma_gwama	J10_BRONCHIECTASIS	409082
Asthma	Bronchiectasis	J10_BRONCHIECTASIS	binary	rs4393428	Wald ratio	2.4064263322884	5.05385971786834	0.633963144288157	asthma_gwama	J10_BRONCHIECTASIS	409082
Asthma	Bronchiectasis	J10_BRONCHIECTASIS	binary	rs4510515	Wald ratio	-0.27097172640297	1.00066400114237	0.786551074488392	asthma_gwama	J10_BRONCHIECTASIS	409082
Asthma	Bronchiectasis	J10_BRONCHIECTASIS	binary	rs45473596	Wald ratio	-0.00259797633136095	0.00588872189349112	0.659083919525207	asthma_gwama	J10_BRONCHIECTASIS	409082
Asthma	Bronchiectasis	J10_BRONCHIECTASIS	binary	rs4548024	Wald ratio	1.10381804953658	0.978122924113497	0.259106085459667	asthma_gwama	J10_BRONCHIECTASIS	409082
Asthma	Bronchiectasis	J10_BRONCHIECTASIS	binary	rs4550510	Wald ratio	-0.241902251140528	1.04443197965747	0.816839928106555	asthma_gwama	J10_BRONCHIECTASIS	409082
Asthma	Bronchiectasis	J10_BRONCHIECTASIS	binary	rs4665699	Wald ratio	-4.57213097155126	6.61248523886205	0.489289627360627	asthma_gwama	J10_BRONCHIECTASIS	409082
Asthma	Bronchiectasis	J10_BRONCHIECTASIS	binary	rs4673685	Wald ratio	2.41105266596968	1.04852979613173	0.0214788138034448	asthma_gwama	J10_BRONCHIECTASIS	409082
Asthma	Bronchiectasis	J10_BRONCHIECTASIS	binary	rs4713678	Wald ratio	-0.156895924308588	6.28068898592916	0.980070368519975	asthma_gwama	J10_BRONCHIECTASIS	409082
Asthma	Bronchiectasis	J10_BRONCHIECTASIS	binary	rs4719622	Wald ratio	3.21700680272109	6.93204567541302	0.64259218250227	asthma_gwama	J10_BRONCHIECTASIS	409082
Asthma	Bronchiectasis	J10_BRONCHIECTASIS	binary	rs4749997	Wald ratio	-5.99400994575045	5.98080922242315	0.316243540702758	asthma_gwama	J10_BRONCHIECTASIS	409082
Asthma	Bronchiectasis	J10_BRONCHIECTASIS	binary	rs4785704	Wald ratio	0.687491384432561	0.871087344028521	0.429975497939909	asthma_gwama	J10_BRONCHIECTASIS	409082
Asthma	Bronchiectasis	J10_BRONCHIECTASIS	binary	rs4787938	Wald ratio	10.2600415992605	6.1068638779755	0.0929410592240228	asthma_gwama	J10_BRONCHIECTASIS	409082
Asthma	Bronchiectasis	J10_BRONCHIECTASIS	binary	rs4833096	Wald ratio	-0.367590398809155	0.482235316008187	0.445902730216089	asthma_gwama	J10_BRONCHIECTASIS	409082
Asthma	Bronchiectasis	J10_BRONCHIECTASIS	binary	rs4833938	Wald ratio	0.206080062832879	0.886105588690082	0.816096651921619	asthma_gwama	J10_BRONCHIECTASIS	409082
Asthma	Bronchiectasis	J10_BRONCHIECTASIS	binary	rs4845604	Wald ratio	6.5270709887301	4.48902056465667	0.145944139154835	asthma_gwama	J10_BRONCHIECTASIS	409082
Asthma	Bronchiectasis	J10_BRONCHIECTASIS	binary	rs4855569	Wald ratio	-0.723330770709206	6.20226792235249	0.90715834068219	asthma_gwama	J10_BRONCHIECTASIS	409082
Asthma	Bronchiectasis	J10_BRONCHIECTASIS	binary	rs4897221	Wald ratio	-0.144230105270284	0.876637443726094	0.869316673639918	asthma_gwama	J10_BRONCHIECTASIS	409082
Asthma	Bronchiectasis	J10_BRONCHIECTASIS	binary	rs4900299	Wald ratio	0.00296318315018315	0.00573534798534799	0.605398604710954	asthma_gwama	J10_BRONCHIECTASIS	409082
Asthma	Bronchiectasis	J10_BRONCHIECTASIS	binary	rs4916532	Wald ratio	12.1603950713867	6.81963622139644	0.0745628259115033	asthma_gwama	J10_BRONCHIECTASIS	409082
Asthma	Bronchiectasis	J10_BRONCHIECTASIS	binary	rs5008056	Wald ratio	0.889876904243743	0.898371191512514	0.32190790744569	asthma_gwama	J10_BRONCHIECTASIS	409082
Asthma	Bronchiectasis	J10_BRONCHIECTASIS	binary	rs509399	Wald ratio	-8.48175297018606	6.06459314055145	0.161942218079798	asthma_gwama	J10_BRONCHIECTASIS	409082
Asthma	Bronchiectasis	J10_BRONCHIECTASIS	binary	rs528498619	Wald ratio	-0.044921875	0.02614625	0.085778356792331	asthma_gwama	J10_BRONCHIECTASIS	409082
Asthma	Bronchiectasis	J10_BRONCHIECTASIS	binary	rs529670342	Wald ratio	0.0399817391304348	0.0693138405797101	0.564059794182039	asthma_gwama	J10_BRONCHIECTASIS	409082
Asthma	Bronchiectasis	J10_BRONCHIECTASIS	binary	rs530232231	Wald ratio	0.0279980412371134	0.0371062371134021	0.4505266361703	asthma_gwama	J10_BRONCHIECTASIS	409082
Asthma	Bronchiectasis	J10_BRONCHIECTASIS	binary	rs531660643	Wald ratio	0.519275187619085	0.867397052533344	0.549400199023907	asthma_gwama	J10_BRONCHIECTASIS	409082
Asthma	Bronchiectasis	J10_BRONCHIECTASIS	binary	rs532600469	Wald ratio	-0.0150501915708812	0.151112388250319	0.920665058274881	asthma_gwama	J10_BRONCHIECTASIS	409082
Asthma	Bronchiectasis	J10_BRONCHIECTASIS	binary	rs533283473	Wald ratio	-0.00154808841463415	0.00847783536585366	0.855108582161654	asthma_gwama	J10_BRONCHIECTASIS	409082
Asthma	Bronchiectasis	J10_BRONCHIECTASIS	binary	rs533588713	Wald ratio	0.0299261538461538	0.0588158371040724	0.610884601583872	asthma_gwama	J10_BRONCHIECTASIS	409082
Asthma	Bronchiectasis	J10_BRONCHIECTASIS	binary	rs533591327	Wald ratio	-0.0452312775330397	0.0259815418502203	0.0817010323019549	asthma_gwama	J10_BRONCHIECTASIS	409082
Asthma	Bronchiectasis	J10_BRONCHIECTASIS	binary	rs533959313	Wald ratio	0.0646802173913043	0.0286685507246377	0.0240619665965983	asthma_gwama	J10_BRONCHIECTASIS	409082
Asthma	Bronchiectasis	J10_BRONCHIECTASIS	binary	rs534188121	Wald ratio	0.041648813559322	0.0218571525423729	0.0567150516564683	asthma_gwama	J10_BRONCHIECTASIS	409082
Asthma	Bronchiectasis	J10_BRONCHIECTASIS	binary	rs534820243	Wald ratio	-0.00778642574257426	0.00827847524752475	0.346928960133285	asthma_gwama	J10_BRONCHIECTASIS	409082
Asthma	Bronchiectasis	J10_BRONCHIECTASIS	binary	rs535852797	Wald ratio	0.0187688461538462	0.0327707692307692	0.566826622798478	asthma_gwama	J10_BRONCHIECTASIS	409082
Asthma	Bronchiectasis	J10_BRONCHIECTASIS	binary	rs537880376	Wald ratio	-0.0385580357142857	0.0675783928571429	0.568292843752365	asthma_gwama	J10_BRONCHIECTASIS	409082
Asthma	Bronchiectasis	J10_BRONCHIECTASIS	binary	rs538313772	Wald ratio	-1.06593500284195	1.02959644254238	0.300531638544562	asthma_gwama	J10_BRONCHIECTASIS	409082
Asthma	Bronchiectasis	J10_BRONCHIECTASIS	binary	rs538590173	Wald ratio	-0.0256482587064677	0.0291674129353234	0.379213500656306	asthma_gwama	J10_BRONCHIECTASIS	409082
Asthma	Bronchiectasis	J10_BRONCHIECTASIS	binary	rs541612525	Wald ratio	0.209726955615252	5.35158975181428	0.968739181484497	asthma_gwama	J10_BRONCHIECTASIS	409082
Asthma	Bronchiectasis	J10_BRONCHIECTASIS	binary	rs542000946	Wald ratio	0.0114614829931973	0.0826345578231293	0.88968655037094	asthma_gwama	J10_BRONCHIECTASIS	409082
Asthma	Bronchiectasis	J10_BRONCHIECTASIS	binary	rs544253	Wald ratio	1.90761154855643	4.96206474190726	0.700653048418204	asthma_gwama	J10_BRONCHIECTASIS	409082
Asthma	Bronchiectasis	J10_BRONCHIECTASIS	binary	rs545072519	Wald ratio	241.355371900826	346.667918858002	0.486294255243252	asthma_gwama	J10_BRONCHIECTASIS	409082
Asthma	Bronchiectasis	J10_BRONCHIECTASIS	binary	rs545239531	Wald ratio	-0.0269360902255639	0.0266155639097744	0.311517582479517	asthma_gwama	J10_BRONCHIECTASIS	409082
Asthma	Bronchiectasis	J10_BRONCHIECTASIS	binary	rs545377435	Wald ratio	-0.0560536885245902	0.243676229508197	0.818065762049651	asthma_gwama	J10_BRONCHIECTASIS	409082
Asthma	Bronchiectasis	J10_BRONCHIECTASIS	binary	rs545989971	Wald ratio	0.019342183908046	0.0218595689655172	0.376243847712546	asthma_gwama	J10_BRONCHIECTASIS	409082
Asthma	Bronchiectasis	J10_BRONCHIECTASIS	binary	rs546250872	Wald ratio	0.00647019283746557	0.0186236914600551	0.728277828834276	asthma_gwama	J10_BRONCHIECTASIS	409082
Asthma	Bronchiectasis	J10_BRONCHIECTASIS	binary	rs548208154	Wald ratio	0.00160935135135135	0.00615570945945946	0.793752879303135	asthma_gwama	J10_BRONCHIECTASIS	409082
Asthma	Bronchiectasis	J10_BRONCHIECTASIS	binary	rs548299021	Wald ratio	-0.00854295180722891	0.0172654819277108	0.620741658075761	asthma_gwama	J10_BRONCHIECTASIS	409082
Asthma	Bronchiectasis	J10_BRONCHIECTASIS	binary	rs548785166	Wald ratio	-0.0141820714285714	0.0159381428571429	0.373562776445547	asthma_gwama	J10_BRONCHIECTASIS	409082
Asthma	Bronchiectasis	J10_BRONCHIECTASIS	binary	rs549479504	Wald ratio	0.0684468208092486	0.0482661271676301	0.156157786022691	asthma_gwama	J10_BRONCHIECTASIS	409082
Asthma	Bronchiectasis	J10_BRONCHIECTASIS	binary	rs549956721	Wald ratio	-0.58660436851459	1.1644097918936	0.614417188535898	asthma_gwama	J10_BRONCHIECTASIS	409082
Asthma	Bronchiectasis	J10_BRONCHIECTASIS	binary	rs550188093	Wald ratio	0.0167490127388535	0.0246180891719745	0.496280409580231	asthma_gwama	J10_BRONCHIECTASIS	409082
Asthma	Bronchiectasis	J10_BRONCHIECTASIS	binary	rs551235185	Wald ratio	-0.0256926923076923	0.0246273557692308	0.296828697517419	asthma_gwama	J10_BRONCHIECTASIS	409082
Asthma	Bronchiectasis	J10_BRONCHIECTASIS	binary	rs551258059	Wald ratio	-0.00437061146496815	0.00464082165605096	0.346307665149509	asthma_gwama	J10_BRONCHIECTASIS	409082
Asthma	Bronchiectasis	J10_BRONCHIECTASIS	binary	rs551599729	Wald ratio	-0.0049547052631579	0.00438807894736842	0.258843604908661	asthma_gwama	J10_BRONCHIECTASIS	409082
Asthma	Bronchiectasis	J10_BRONCHIECTASIS	binary	rs554005245	Wald ratio	-0.0156278571428571	0.00970392857142857	0.107295934889069	asthma_gwama	J10_BRONCHIECTASIS	409082
Asthma	Bronchiectasis	J10_BRONCHIECTASIS	binary	rs554870125	Wald ratio	0.00116598319327731	0.0269932773109244	0.965545837420834	asthma_gwama	J10_BRONCHIECTASIS	409082
Asthma	Bronchiectasis	J10_BRONCHIECTASIS	binary	rs554911459	Wald ratio	0.00656581168831169	0.0096574025974026	0.496584589667361	asthma_gwama	J10_BRONCHIECTASIS	409082
Asthma	Bronchiectasis	J10_BRONCHIECTASIS	binary	rs554917545	Wald ratio	-0.008078038585209	0.0200845337620579	0.687535409395903	asthma_gwama	J10_BRONCHIECTASIS	409082
Asthma	Bronchiectasis	J10_BRONCHIECTASIS	binary	rs555284836	Wald ratio	0.00328630604982206	0.00323808185053381	0.310156916863253	asthma_gwama	J10_BRONCHIECTASIS	409082
Asthma	Bronchiectasis	J10_BRONCHIECTASIS	binary	rs555738319	Wald ratio	-0.00245413939393939	0.0157819393939394	0.876424765458895	asthma_gwama	J10_BRONCHIECTASIS	409082
Asthma	Bronchiectasis	J10_BRONCHIECTASIS	binary	rs555805184	Wald ratio	0.507469784172662	0.31908345323741	0.111745051467625	asthma_gwama	J10_BRONCHIECTASIS	409082
Asthma	Bronchiectasis	J10_BRONCHIECTASIS	binary	rs55646091	Wald ratio	-0.514786272462098	2.49218553062768	0.836353367333776	asthma_gwama	J10_BRONCHIECTASIS	409082
Asthma	Bronchiectasis	J10_BRONCHIECTASIS	binary	rs55661102	Wald ratio	2.93928821470245	3.67949824970829	0.424389839289912	asthma_gwama	J10_BRONCHIECTASIS	409082
Asthma	Bronchiectasis	J10_BRONCHIECTASIS	binary	rs55745041	Wald ratio	-1.62378835188705	0.882381889763779	0.0657340238137153	asthma_gwama	J10_BRONCHIECTASIS	409082
Asthma	Bronchiectasis	J10_BRONCHIECTASIS	binary	rs55786261	Wald ratio	-1.36311176494965	0.892820438440181	0.126823701548015	asthma_gwama	J10_BRONCHIECTASIS	409082
Asthma	Bronchiectasis	J10_BRONCHIECTASIS	binary	rs55861950	Wald ratio	-1.23228483606557	6.95610655737705	0.859389376282238	asthma_gwama	J10_BRONCHIECTASIS	409082
Asthma	Bronchiectasis	J10_BRONCHIECTASIS	binary	rs55864359	Wald ratio	0.500811123986095	0.865174639960272	0.56268665909943	asthma_gwama	J10_BRONCHIECTASIS	409082
Asthma	Bronchiectasis	J10_BRONCHIECTASIS	binary	rs559369964	Wald ratio	-0.095928530259366	0.0583083573487032	0.0999299144159458	asthma_gwama	J10_BRONCHIECTASIS	409082
Asthma	Bronchiectasis	J10_BRONCHIECTASIS	binary	rs559712054	Wald ratio	-0.015779364548495	0.0159633110367893	0.322919131717837	asthma_gwama	J10_BRONCHIECTASIS	409082
Asthma	Bronchiectasis	J10_BRONCHIECTASIS	binary	rs55978515	Wald ratio	-6.17813721233174	6.27537993920973	0.324867721784146	asthma_gwama	J10_BRONCHIECTASIS	409082
Asthma	Bronchiectasis	J10_BRONCHIECTASIS	binary	rs56078635	Wald ratio	-8.74385990621336	7.81178194607268	0.263004949141241	asthma_gwama	J10_BRONCHIECTASIS	409082
Asthma	Bronchiectasis	J10_BRONCHIECTASIS	binary	rs56089125	Wald ratio	0.331309299895507	0.897850923023337	0.712125807654703	asthma_gwama	J10_BRONCHIECTASIS	409082
Asthma	Bronchiectasis	J10_BRONCHIECTASIS	binary	rs560979380	Wald ratio	-0.0562501904761905	0.226505714285714	0.803872167602916	asthma_gwama	J10_BRONCHIECTASIS	409082
Asthma	Bronchiectasis	J10_BRONCHIECTASIS	binary	rs56118007	Wald ratio	0.480619606489472	10.008572086066	0.961699668268885	asthma_gwama	J10_BRONCHIECTASIS	409082
Asthma	Bronchiectasis	J10_BRONCHIECTASIS	binary	rs561226516	Wald ratio	0.00562354109589041	0.0087436301369863	0.520121180411584	asthma_gwama	J10_BRONCHIECTASIS	409082
Asthma	Bronchiectasis	J10_BRONCHIECTASIS	binary	rs56179589	Wald ratio	0.809252693304241	1.99881244602027	0.685575462314739	asthma_gwama	J10_BRONCHIECTASIS	409082
Asthma	Bronchiectasis	J10_BRONCHIECTASIS	binary	rs56188488	Wald ratio	-8.07124050942934	12.0662809208915	0.503553708236682	asthma_gwama	J10_BRONCHIECTASIS	409082
Asthma	Bronchiectasis	J10_BRONCHIECTASIS	binary	rs562623682	Wald ratio	0.00208576666666667	0.0493945	0.966317979089613	asthma_gwama	J10_BRONCHIECTASIS	409082
Asthma	Bronchiectasis	J10_BRONCHIECTASIS	binary	rs565606835	Wald ratio	0.935394957983193	0.349434453781513	0.00743107006729989	asthma_gwama	J10_BRONCHIECTASIS	409082
Asthma	Bronchiectasis	J10_BRONCHIECTASIS	binary	rs566801348	Wald ratio	0.00703836956521739	0.00795695652173913	0.37639642246275	asthma_gwama	J10_BRONCHIECTASIS	409082
Asthma	Bronchiectasis	J10_BRONCHIECTASIS	binary	rs56699544	Wald ratio	0.663737400835473	0.994247499329322	0.504403233579437	asthma_gwama	J10_BRONCHIECTASIS	409082
Asthma	Bronchiectasis	J10_BRONCHIECTASIS	binary	rs567582625	Wald ratio	0.000392722377622378	0.0192498601398601	0.983723238282358	asthma_gwama	J10_BRONCHIECTASIS	409082
Asthma	Bronchiectasis	J10_BRONCHIECTASIS	binary	rs568257090	Wald ratio	-0.0275800947867299	0.0172995734597156	0.110876818851925	asthma_gwama	J10_BRONCHIECTASIS	409082
Asthma	Bronchiectasis	J10_BRONCHIECTASIS	binary	rs570002184	Wald ratio	-0.0370148965517241	0.0491128965517241	0.451047647095377	asthma_gwama	J10_BRONCHIECTASIS	409082
Asthma	Bronchiectasis	J10_BRONCHIECTASIS	binary	rs570424956	Wald ratio	0.161479166666667	0.0725390625	0.0260075212140635	asthma_gwama	J10_BRONCHIECTASIS	409082
Asthma	Bronchiectasis	J10_BRONCHIECTASIS	binary	rs571013696	Wald ratio	8.7440251572327e-06	0.0521401886792453	0.999866192992081	asthma_gwama	J10_BRONCHIECTASIS	409082
Asthma	Bronchiectasis	J10_BRONCHIECTASIS	binary	rs571708735	Wald ratio	-0.0109283105022831	0.0146380821917808	0.455324916840607	asthma_gwama	J10_BRONCHIECTASIS	409082
Asthma	Bronchiectasis	J10_BRONCHIECTASIS	binary	rs575330204	Wald ratio	-0.0259907174887892	0.0221752914798206	0.241173957106075	asthma_gwama	J10_BRONCHIECTASIS	409082
Asthma	Bronchiectasis	J10_BRONCHIECTASIS	binary	rs576824842	Wald ratio	0.0448777720207254	0.0521062176165803	0.389086712908438	asthma_gwama	J10_BRONCHIECTASIS	409082
Asthma	Bronchiectasis	J10_BRONCHIECTASIS	binary	rs57719838	Wald ratio	6.06914868939921	6.14054743678961	0.32297021315697	asthma_gwama	J10_BRONCHIECTASIS	409082
Asthma	Bronchiectasis	J10_BRONCHIECTASIS	binary	rs58452854	Wald ratio	0.264041538985359	1.13395301327886	0.815877488373286	asthma_gwama	J10_BRONCHIECTASIS	409082
Asthma	Bronchiectasis	J10_BRONCHIECTASIS	binary	rs58939053	Wald ratio	-0.213361249180904	0.412376736083364	0.604881146925325	asthma_gwama	J10_BRONCHIECTASIS	409082
Asthma	Bronchiectasis	J10_BRONCHIECTASIS	binary	rs59111282	Wald ratio	-0.963668070053063	1.05563389053586	0.361305157015162	asthma_gwama	J10_BRONCHIECTASIS	409082
Asthma	Bronchiectasis	J10_BRONCHIECTASIS	binary	rs6072731	Wald ratio	-1.300344	6.409856	0.839239507239766	asthma_gwama	J10_BRONCHIECTASIS	409082
Asthma	Bronchiectasis	J10_BRONCHIECTASIS	binary	rs60739516	Wald ratio	-0.313307218484771	0.846084192000908	0.71115699947406	asthma_gwama	J10_BRONCHIECTASIS	409082
Asthma	Bronchiectasis	J10_BRONCHIECTASIS	binary	rs60946542	Wald ratio	5.50574142330593	5.11324071448823	0.281586769703788	asthma_gwama	J10_BRONCHIECTASIS	409082
Asthma	Bronchiectasis	J10_BRONCHIECTASIS	binary	rs610265	Wald ratio	-0.64754036623829	0.557027412951717	0.245035340865542	asthma_gwama	J10_BRONCHIECTASIS	409082
Asthma	Bronchiectasis	J10_BRONCHIECTASIS	binary	rs61192126	Wald ratio	-4.29048832271762	6.17006369426752	0.486822325866972	asthma_gwama	J10_BRONCHIECTASIS	409082
Asthma	Bronchiectasis	J10_BRONCHIECTASIS	binary	rs61811905	Wald ratio	-2.17160912453761	5.95850801479655	0.71551813513512	asthma_gwama	J10_BRONCHIECTASIS	409082
Asthma	Bronchiectasis	J10_BRONCHIECTASIS	binary	rs61816761	Wald ratio	12.1179902571655	6.98348816132321	0.0826992610553564	asthma_gwama	J10_BRONCHIECTASIS	409082
Asthma	Bronchiectasis	J10_BRONCHIECTASIS	binary	rs61840192	Wald ratio	0.691317829457364	0.268595080868983	0.0100579947175238	asthma_gwama	J10_BRONCHIECTASIS	409082
Asthma	Bronchiectasis	J10_BRONCHIECTASIS	binary	rs61841332	Wald ratio	3.19905545810282	4.23954931858049	0.450504378219482	asthma_gwama	J10_BRONCHIECTASIS	409082
Asthma	Bronchiectasis	J10_BRONCHIECTASIS	binary	rs61859945	Wald ratio	-4.7097984007208	6.79365919585539	0.488143978356803	asthma_gwama	J10_BRONCHIECTASIS	409082
Asthma	Bronchiectasis	J10_BRONCHIECTASIS	binary	rs61896951	Wald ratio	-0.763100613392401	0.615375276878514	0.21495419564472	asthma_gwama	J10_BRONCHIECTASIS	409082
Asthma	Bronchiectasis	J10_BRONCHIECTASIS	binary	rs61907677	Wald ratio	8.75809992429977	5.55334973504921	0.114776160507732	asthma_gwama	J10_BRONCHIECTASIS	409082
Asthma	Bronchiectasis	J10_BRONCHIECTASIS	binary	rs62045456	Wald ratio	-1.05185169491525	6.77580508474576	0.876634940667756	asthma_gwama	J10_BRONCHIECTASIS	409082
Asthma	Bronchiectasis	J10_BRONCHIECTASIS	binary	rs62066986	Wald ratio	7.78251092264199	7.33407864302236	0.288624626983458	asthma_gwama	J10_BRONCHIECTASIS	409082
Asthma	Bronchiectasis	J10_BRONCHIECTASIS	binary	rs62126619	Wald ratio	-0.935398749763213	6.87957946580792	0.891847027715517	asthma_gwama	J10_BRONCHIECTASIS	409082
Asthma	Bronchiectasis	J10_BRONCHIECTASIS	binary	rs62162265	Wald ratio	0.0725488340861922	0.84982602856794	0.931968004046718	asthma_gwama	J10_BRONCHIECTASIS	409082
Asthma	Bronchiectasis	J10_BRONCHIECTASIS	binary	rs62169918	Wald ratio	0.450106117185611	0.880976815409827	0.609409108750318	asthma_gwama	J10_BRONCHIECTASIS	409082
Asthma	Bronchiectasis	J10_BRONCHIECTASIS	binary	rs62212899	Wald ratio	-8.75847728726808	6.52340051183621	0.179393596174323	asthma_gwama	J10_BRONCHIECTASIS	409082
Asthma	Bronchiectasis	J10_BRONCHIECTASIS	binary	rs62275576	Wald ratio	1.54227706223577	4.58241077573493	0.736445176729726	asthma_gwama	J10_BRONCHIECTASIS	409082
Asthma	Bronchiectasis	J10_BRONCHIECTASIS	binary	rs62351976	Wald ratio	0.226015346457914	0.517892574794606	0.662536696515733	asthma_gwama	J10_BRONCHIECTASIS	409082
Asthma	Bronchiectasis	J10_BRONCHIECTASIS	binary	rs62379371	Wald ratio	-3.11303444180523	8.41034243863816	0.711275496094455	asthma_gwama	J10_BRONCHIECTASIS	409082
Asthma	Bronchiectasis	J10_BRONCHIECTASIS	binary	rs62407901	Wald ratio	-2.22133423965819	5.69167799572733	0.696331309717223	asthma_gwama	J10_BRONCHIECTASIS	409082
Asthma	Bronchiectasis	J10_BRONCHIECTASIS	binary	rs62436761	Wald ratio	-8.45563028108295	8.65147439213658	0.328389512976023	asthma_gwama	J10_BRONCHIECTASIS	409082
Asthma	Bronchiectasis	J10_BRONCHIECTASIS	binary	rs62449487	Wald ratio	0.0603773440294313	0.843303867967912	0.942923272168666	asthma_gwama	J10_BRONCHIECTASIS	409082
Asthma	Bronchiectasis	J10_BRONCHIECTASIS	binary	rs62569046	Wald ratio	-3.19213698105988	6.01685479242395	0.595742785706481	asthma_gwama	J10_BRONCHIECTASIS	409082
Asthma	Bronchiectasis	J10_BRONCHIECTASIS	binary	rs62623446	Wald ratio	-3.39604550379198	6.78437703141929	0.616674828847953	asthma_gwama	J10_BRONCHIECTASIS	409082
Asthma	Bronchiectasis	J10_BRONCHIECTASIS	binary	rs636176	Wald ratio	-0.583387727289029	1.16397267152028	0.616227578563354	asthma_gwama	J10_BRONCHIECTASIS	409082
Asthma	Bronchiectasis	J10_BRONCHIECTASIS	binary	rs6457809	Wald ratio	0.563303149875693	0.83442510777091	0.499625359745931	asthma_gwama	J10_BRONCHIECTASIS	409082
Asthma	Bronchiectasis	J10_BRONCHIECTASIS	binary	rs6462	Wald ratio	1.27165907612232	0.582706571242681	0.0290850542469678	asthma_gwama	J10_BRONCHIECTASIS	409082
Asthma	Bronchiectasis	J10_BRONCHIECTASIS	binary	rs6498021	Wald ratio	-0.448064245810056	6.06280726256983	0.941086964910955	asthma_gwama	J10_BRONCHIECTASIS	409082
Asthma	Bronchiectasis	J10_BRONCHIECTASIS	binary	rs658648	Wald ratio	-4.46707853403141	5.70379057591623	0.433523082257074	asthma_gwama	J10_BRONCHIECTASIS	409082
Asthma	Bronchiectasis	J10_BRONCHIECTASIS	binary	rs6591221	Wald ratio	0.01583537028702	0.89607727729114	0.985900613500442	asthma_gwama	J10_BRONCHIECTASIS	409082
Asthma	Bronchiectasis	J10_BRONCHIECTASIS	binary	rs6602347	Wald ratio	10.6515051817733	4.89406152327686	0.0295243000929614	asthma_gwama	J10_BRONCHIECTASIS	409082
Asthma	Bronchiectasis	J10_BRONCHIECTASIS	binary	rs66555610	Wald ratio	0.398316920322292	0.774109221128022	0.606868396619122	asthma_gwama	J10_BRONCHIECTASIS	409082
Asthma	Bronchiectasis	J10_BRONCHIECTASIS	binary	rs6658216	Wald ratio	-0.867341387076959	0.811030508672887	0.28487538318117	asthma_gwama	J10_BRONCHIECTASIS	409082
Asthma	Bronchiectasis	J10_BRONCHIECTASIS	binary	rs6673550	Wald ratio	0.35325479930192	0.93728184991274	0.706253257655791	asthma_gwama	J10_BRONCHIECTASIS	409082
Asthma	Bronchiectasis	J10_BRONCHIECTASIS	binary	rs67140765	Wald ratio	-7.54200855089603	5.06263986173019	0.136293057340471	asthma_gwama	J10_BRONCHIECTASIS	409082
Asthma	Bronchiectasis	J10_BRONCHIECTASIS	binary	rs6721008	Wald ratio	-6.48157581528208	6.50718876457986	0.319219098883862	asthma_gwama	J10_BRONCHIECTASIS	409082
Asthma	Bronchiectasis	J10_BRONCHIECTASIS	binary	rs6734942	Wald ratio	1.94572716488731	6.27468564650059	0.756491317659486	asthma_gwama	J10_BRONCHIECTASIS	409082
Asthma	Bronchiectasis	J10_BRONCHIECTASIS	binary	rs6742122	Wald ratio	-7.60197619827492	6.07343596462496	0.210687818884925	asthma_gwama	J10_BRONCHIECTASIS	409082
Asthma	Bronchiectasis	J10_BRONCHIECTASIS	binary	rs67538026	Wald ratio	0.505877411116338	0.878725048726393	0.564821513885488	asthma_gwama	J10_BRONCHIECTASIS	409082
Asthma	Bronchiectasis	J10_BRONCHIECTASIS	binary	rs67551275	Wald ratio	0.698478998782163	0.676125204052548	0.301575062713846	asthma_gwama	J10_BRONCHIECTASIS	409082
Asthma	Bronchiectasis	J10_BRONCHIECTASIS	binary	rs67598120	Wald ratio	0.234678372446395	1.08724632787439	0.829107359253946	asthma_gwama	J10_BRONCHIECTASIS	409082
Asthma	Bronchiectasis	J10_BRONCHIECTASIS	binary	rs68002741	Wald ratio	0.449722191599603	5.74646676220924	0.937620722659299	asthma_gwama	J10_BRONCHIECTASIS	409082
Asthma	Bronchiectasis	J10_BRONCHIECTASIS	binary	rs68018114	Wald ratio	2.9360957992777	6.00469492491922	0.624865279876071	asthma_gwama	J10_BRONCHIECTASIS	409082
Asthma	Bronchiectasis	J10_BRONCHIECTASIS	binary	rs68112369	Wald ratio	-2.03154488567418	1.08830807299722	0.0619434673297976	asthma_gwama	J10_BRONCHIECTASIS	409082
Asthma	Bronchiectasis	J10_BRONCHIECTASIS	binary	rs6835650	Wald ratio	-0.173412717748812	0.783999269094896	0.82494457530893	asthma_gwama	J10_BRONCHIECTASIS	409082
Asthma	Bronchiectasis	J10_BRONCHIECTASIS	binary	rs6852559	Wald ratio	1.33872027364535	1.00968346183082	0.184879066320306	asthma_gwama	J10_BRONCHIECTASIS	409082
Asthma	Bronchiectasis	J10_BRONCHIECTASIS	binary	rs6905736	Wald ratio	5.75847701149425	6.40359195402299	0.368515609129464	asthma_gwama	J10_BRONCHIECTASIS	409082
Asthma	Bronchiectasis	J10_BRONCHIECTASIS	binary	rs6910879	Wald ratio	-28.01176962184	13.2668013092834	0.0347363569542418	asthma_gwama	J10_BRONCHIECTASIS	409082
Asthma	Bronchiectasis	J10_BRONCHIECTASIS	binary	rs6922431	Wald ratio	7.60592268948359	3.56119910188725	0.0326976964812396	asthma_gwama	J10_BRONCHIECTASIS	409082
Asthma	Bronchiectasis	J10_BRONCHIECTASIS	binary	rs6993477	Wald ratio	-4.82082720047101	5.3818957904033	0.370386890528797	asthma_gwama	J10_BRONCHIECTASIS	409082
Asthma	Bronchiectasis	J10_BRONCHIECTASIS	binary	rs7026596	Wald ratio	-0.0426916470191984	5.19280902660829	0.993440424605907	asthma_gwama	J10_BRONCHIECTASIS	409082
Asthma	Bronchiectasis	J10_BRONCHIECTASIS	binary	rs7030351	Wald ratio	-11.3978606476938	5.13801766437684	0.0265317841975563	asthma_gwama	J10_BRONCHIECTASIS	409082
Asthma	Bronchiectasis	J10_BRONCHIECTASIS	binary	rs707958	Wald ratio	-0.0550983781292311	0.742010197908565	0.940807042321644	asthma_gwama	J10_BRONCHIECTASIS	409082
Asthma	Bronchiectasis	J10_BRONCHIECTASIS	binary	rs7091048	Wald ratio	4.64133878385284	5.86308976324306	0.428582314919862	asthma_gwama	J10_BRONCHIECTASIS	409082
Asthma	Bronchiectasis	J10_BRONCHIECTASIS	binary	rs7095431	Wald ratio	5.78274132887589	5.47335979941496	0.290728436421721	asthma_gwama	J10_BRONCHIECTASIS	409082
Asthma	Bronchiectasis	J10_BRONCHIECTASIS	binary	rs7114362	Wald ratio	-0.0461255016417366	0.257068341599535	0.857600904383878	asthma_gwama	J10_BRONCHIECTASIS	409082
Asthma	Bronchiectasis	J10_BRONCHIECTASIS	binary	rs7125695	Wald ratio	2.76099850650736	5.83168337956049	0.635893631480298	asthma_gwama	J10_BRONCHIECTASIS	409082
Asthma	Bronchiectasis	J10_BRONCHIECTASIS	binary	rs7135586	Wald ratio	3.94292730844794	5.24454111703621	0.45216201870132	asthma_gwama	J10_BRONCHIECTASIS	409082
Asthma	Bronchiectasis	J10_BRONCHIECTASIS	binary	rs71368508	Wald ratio	-0.792609812798238	9.72482564541784	0.935041338269141	asthma_gwama	J10_BRONCHIECTASIS	409082
Asthma	Bronchiectasis	J10_BRONCHIECTASIS	binary	rs71526323	Wald ratio	1.12474766273291	0.578243163356907	0.0517615110177389	asthma_gwama	J10_BRONCHIECTASIS	409082
Asthma	Bronchiectasis	J10_BRONCHIECTASIS	binary	rs71554596	Wald ratio	-0.0682583347728451	1.06623337363966	0.948955739947888	asthma_gwama	J10_BRONCHIECTASIS	409082
Asthma	Bronchiectasis	J10_BRONCHIECTASIS	binary	rs7166997	Wald ratio	-8.04019534184823	6.36536438767844	0.206547396620016	asthma_gwama	J10_BRONCHIECTASIS	409082
Asthma	Bronchiectasis	J10_BRONCHIECTASIS	binary	rs7179656	Wald ratio	-4.82258226576237	6.76282341120322	0.475782700046053	asthma_gwama	J10_BRONCHIECTASIS	409082
Asthma	Bronchiectasis	J10_BRONCHIECTASIS	binary	rs7189678	Wald ratio	0.409861011123755	0.631104711920299	0.516057736251447	asthma_gwama	J10_BRONCHIECTASIS	409082
Asthma	Bronchiectasis	J10_BRONCHIECTASIS	binary	rs7210983	Wald ratio	-0.0471685801760429	0.515445847684654	0.927087159324697	asthma_gwama	J10_BRONCHIECTASIS	409082
Asthma	Bronchiectasis	J10_BRONCHIECTASIS	binary	rs7219572	Wald ratio	1.31651654796816	0.898624493785784	0.142911304346195	asthma_gwama	J10_BRONCHIECTASIS	409082
Asthma	Bronchiectasis	J10_BRONCHIECTASIS	binary	rs7240215	Wald ratio	6.32530044275775	6.63472485768501	0.34040623878133	asthma_gwama	J10_BRONCHIECTASIS	409082
Asthma	Bronchiectasis	J10_BRONCHIECTASIS	binary	rs72502575	Wald ratio	0.281540094671736	0.345157551533271	0.414679893914213	asthma_gwama	J10_BRONCHIECTASIS	409082
Asthma	Bronchiectasis	J10_BRONCHIECTASIS	binary	rs72743461	Wald ratio	4.25702457615981	1.93432119858063	0.0277512663995718	asthma_gwama	J10_BRONCHIECTASIS	409082
Asthma	Bronchiectasis	J10_BRONCHIECTASIS	binary	rs72797984	Wald ratio	2.06785077951002	5.28270601336303	0.69547366205034	asthma_gwama	J10_BRONCHIECTASIS	409082
Asthma	Bronchiectasis	J10_BRONCHIECTASIS	binary	rs72798679	Wald ratio	-1.64831342234715	4.84718903724526	0.733814712392979	asthma_gwama	J10_BRONCHIECTASIS	409082
Asthma	Bronchiectasis	J10_BRONCHIECTASIS	binary	rs72832017	Wald ratio	-0.514593099660671	0.761098797638429	0.498965309815213	asthma_gwama	J10_BRONCHIECTASIS	409082
Asthma	Bronchiectasis	J10_BRONCHIECTASIS	binary	rs72837826	Wald ratio	4.85662305805397	5.66330062687381	0.391135180460554	asthma_gwama	J10_BRONCHIECTASIS	409082
Asthma	Bronchiectasis	J10_BRONCHIECTASIS	binary	rs72923904	Wald ratio	14.2717551336691	10.9664471135219	0.193120922892273	asthma_gwama	J10_BRONCHIECTASIS	409082
Asthma	Bronchiectasis	J10_BRONCHIECTASIS	binary	rs72975913	Wald ratio	-6.94671693371034	5.68568960100534	0.221787168486275	asthma_gwama	J10_BRONCHIECTASIS	409082
Asthma	Bronchiectasis	J10_BRONCHIECTASIS	binary	rs73012738	Wald ratio	14.8892344911007	5.06404008985658	0.00328012200294922	asthma_gwama	J10_BRONCHIECTASIS	409082
Asthma	Bronchiectasis	J10_BRONCHIECTASIS	binary	rs73028255	Wald ratio	0.0656955905511811	0.0759240157480315	0.386884704697512	asthma_gwama	J10_BRONCHIECTASIS	409082
Asthma	Bronchiectasis	J10_BRONCHIECTASIS	binary	rs73063828	Wald ratio	0.937707812044272	1.469431865281	0.52338052976104	asthma_gwama	J10_BRONCHIECTASIS	409082
Asthma	Bronchiectasis	J10_BRONCHIECTASIS	binary	rs73078636	Wald ratio	4.64513225315053	5.50641185431381	0.398900759493517	asthma_gwama	J10_BRONCHIECTASIS	409082
Asthma	Bronchiectasis	J10_BRONCHIECTASIS	binary	rs73084574	Wald ratio	-1.49245283018868	6.85396695183406	0.827623730377899	asthma_gwama	J10_BRONCHIECTASIS	409082
Asthma	Bronchiectasis	J10_BRONCHIECTASIS	binary	rs73156090	Wald ratio	0.00406760563380282	0.0218117957746479	0.852063258094264	asthma_gwama	J10_BRONCHIECTASIS	409082
Asthma	Bronchiectasis	J10_BRONCHIECTASIS	binary	rs73251988	Wald ratio	-0.0274756097560976	0.0481618292682927	0.568348672106456	asthma_gwama	J10_BRONCHIECTASIS	409082
Asthma	Bronchiectasis	J10_BRONCHIECTASIS	binary	rs73351149	Wald ratio	-0.746584684781441	0.722392868649984	0.301375373758167	asthma_gwama	J10_BRONCHIECTASIS	409082
Asthma	Bronchiectasis	J10_BRONCHIECTASIS	binary	rs7372960	Wald ratio	-3.34450101832994	5.66146639511202	0.554689154789973	asthma_gwama	J10_BRONCHIECTASIS	409082
Asthma	Bronchiectasis	J10_BRONCHIECTASIS	binary	rs7397189	Wald ratio	0.168974686780874	0.964957811301457	0.860992448059488	asthma_gwama	J10_BRONCHIECTASIS	409082
Asthma	Bronchiectasis	J10_BRONCHIECTASIS	binary	rs74466521	Wald ratio	3.5115026003842	2.91522278967343	0.228380912645282	asthma_gwama	J10_BRONCHIECTASIS	409082
Asthma	Bronchiectasis	J10_BRONCHIECTASIS	binary	rs74527968	Wald ratio	-0.0393089565217391	0.024339652173913	0.106306973543073	asthma_gwama	J10_BRONCHIECTASIS	409082
Asthma	Bronchiectasis	J10_BRONCHIECTASIS	binary	rs74584830	Wald ratio	12.7297766462215	8.101307719014	0.116107483856156	asthma_gwama	J10_BRONCHIECTASIS	409082
Asthma	Bronchiectasis	J10_BRONCHIECTASIS	binary	rs74655554	Wald ratio	0.0342307058823529	0.0186575882352941	0.0665531022722107	asthma_gwama	J10_BRONCHIECTASIS	409082
Asthma	Bronchiectasis	J10_BRONCHIECTASIS	binary	rs74775122	Wald ratio	0.0017989680131865	0.883705597095148	0.998375739820558	asthma_gwama	J10_BRONCHIECTASIS	409082
Asthma	Bronchiectasis	J10_BRONCHIECTASIS	binary	rs74948252	Wald ratio	0.0139993333333333	0.0474031851851852	0.767745819208817	asthma_gwama	J10_BRONCHIECTASIS	409082
Asthma	Bronchiectasis	J10_BRONCHIECTASIS	binary	rs75007171	Wald ratio	0.469636972759227	4.43998791739895	0.915761363889964	asthma_gwama	J10_BRONCHIECTASIS	409082
Asthma	Bronchiectasis	J10_BRONCHIECTASIS	binary	rs75032480	Wald ratio	-1.71650256508301	0.858442468852564	0.0455483832891105	asthma_gwama	J10_BRONCHIECTASIS	409082
Asthma	Bronchiectasis	J10_BRONCHIECTASIS	binary	rs75395290	Wald ratio	-0.0513217142857143	0.0897497142857143	0.567436130523437	asthma_gwama	J10_BRONCHIECTASIS	409082
Asthma	Bronchiectasis	J10_BRONCHIECTASIS	binary	rs75507056	Wald ratio	1.8104478963815	3.77313527467053	0.631351219623982	asthma_gwama	J10_BRONCHIECTASIS	409082
Asthma	Bronchiectasis	J10_BRONCHIECTASIS	binary	rs7555556	Wald ratio	2.67724046872421	4.48245585080046	0.550326525446486	asthma_gwama	J10_BRONCHIECTASIS	409082
Asthma	Bronchiectasis	J10_BRONCHIECTASIS	binary	rs75557865	Wald ratio	0.577056741392256	0.932525295863277	0.536040994547307	asthma_gwama	J10_BRONCHIECTASIS	409082
Asthma	Bronchiectasis	J10_BRONCHIECTASIS	binary	rs75565607	Wald ratio	0.708152184489637	0.829501800136227	0.393266892810073	asthma_gwama	J10_BRONCHIECTASIS	409082
Asthma	Bronchiectasis	J10_BRONCHIECTASIS	binary	rs7569613	Wald ratio	0.631845360824742	0.892429553264605	0.478941613221901	asthma_gwama	J10_BRONCHIECTASIS	409082
Asthma	Bronchiectasis	J10_BRONCHIECTASIS	binary	rs7592973	Wald ratio	0.279334278423589	1.16506662886306	0.810517713032721	asthma_gwama	J10_BRONCHIECTASIS	409082
Asthma	Bronchiectasis	J10_BRONCHIECTASIS	binary	rs75957773	Wald ratio	-9.18515612489992	7.78405124099279	0.238001458538436	asthma_gwama	J10_BRONCHIECTASIS	409082
Asthma	Bronchiectasis	J10_BRONCHIECTASIS	binary	rs760517	Wald ratio	1.92863534172662	6.13585881294964	0.753276499682982	asthma_gwama	J10_BRONCHIECTASIS	409082
Asthma	Bronchiectasis	J10_BRONCHIECTASIS	binary	rs7608337	Wald ratio	0.477545454545455	0.566549783549784	0.399283739746847	asthma_gwama	J10_BRONCHIECTASIS	409082
Asthma	Bronchiectasis	J10_BRONCHIECTASIS	binary	rs7609911	Wald ratio	-8.90711090181305	6.11229102896162	0.145048520882256	asthma_gwama	J10_BRONCHIECTASIS	409082
Asthma	Bronchiectasis	J10_BRONCHIECTASIS	binary	rs7611041	Wald ratio	-12.0861997940268	6.63522142121524	0.0685275913458817	asthma_gwama	J10_BRONCHIECTASIS	409082
Asthma	Bronchiectasis	J10_BRONCHIECTASIS	binary	rs76111267	Wald ratio	0.339393108054916	0.69838496129394	0.626989483609209	asthma_gwama	J10_BRONCHIECTASIS	409082
Asthma	Bronchiectasis	J10_BRONCHIECTASIS	binary	rs76181804	Wald ratio	-1.46248096521026	5.76512826519855	0.799745034282147	asthma_gwama	J10_BRONCHIECTASIS	409082
Asthma	Bronchiectasis	J10_BRONCHIECTASIS	binary	rs76245582	Wald ratio	-0.166301461564208	6.84582171148053	0.980619372676178	asthma_gwama	J10_BRONCHIECTASIS	409082
Asthma	Bronchiectasis	J10_BRONCHIECTASIS	binary	rs7625643	Wald ratio	-1.15222754225196	0.819291625709484	0.159614146658553	asthma_gwama	J10_BRONCHIECTASIS	409082
Asthma	Bronchiectasis	J10_BRONCHIECTASIS	binary	rs7628922	Wald ratio	0.931285794105322	0.906757228663221	0.304396514495409	asthma_gwama	J10_BRONCHIECTASIS	409082
Asthma	Bronchiectasis	J10_BRONCHIECTASIS	binary	rs76300334	Wald ratio	-0.0510301136363636	0.0892397727272727	0.567436130523437	asthma_gwama	J10_BRONCHIECTASIS	409082
Asthma	Bronchiectasis	J10_BRONCHIECTASIS	binary	rs7636493	Wald ratio	0.855315112045536	0.563552296463429	0.129084766975104	asthma_gwama	J10_BRONCHIECTASIS	409082
Asthma	Bronchiectasis	J10_BRONCHIECTASIS	binary	rs7650543	Wald ratio	0.150699735682819	0.454214977973568	0.740054904736953	asthma_gwama	J10_BRONCHIECTASIS	409082
Asthma	Bronchiectasis	J10_BRONCHIECTASIS	binary	rs76537075	Wald ratio	-0.0510301136363636	0.0892397727272727	0.567436130523437	asthma_gwama	J10_BRONCHIECTASIS	409082
Asthma	Bronchiectasis	J10_BRONCHIECTASIS	binary	rs76613419	Wald ratio	18.2802101576182	5.0804967361885	0.000320532223101032	asthma_gwama	J10_BRONCHIECTASIS	409082
Asthma	Bronchiectasis	J10_BRONCHIECTASIS	binary	rs76876264	Wald ratio	0.0334452298850575	0.018228908045977	0.0665448475694907	asthma_gwama	J10_BRONCHIECTASIS	409082
Asthma	Bronchiectasis	J10_BRONCHIECTASIS	binary	rs76905924	Wald ratio	0.703722075878348	0.88049673292053	0.424155300225284	asthma_gwama	J10_BRONCHIECTASIS	409082
Asthma	Bronchiectasis	J10_BRONCHIECTASIS	binary	rs77000868	Wald ratio	3.94825986078886	3.19425383817939	0.216439698959419	asthma_gwama	J10_BRONCHIECTASIS	409082
Asthma	Bronchiectasis	J10_BRONCHIECTASIS	binary	rs77042341	Wald ratio	3.60084651370016	7.23025172644242	0.618466382688515	asthma_gwama	J10_BRONCHIECTASIS	409082
Asthma	Bronchiectasis	J10_BRONCHIECTASIS	binary	rs7706446	Wald ratio	-0.487902536113573	0.755988866601359	0.518678868677354	asthma_gwama	J10_BRONCHIECTASIS	409082
Asthma	Bronchiectasis	J10_BRONCHIECTASIS	binary	rs771018	Wald ratio	-6.95121555915721	6.10620514007872	0.254959534600386	asthma_gwama	J10_BRONCHIECTASIS	409082
Asthma	Bronchiectasis	J10_BRONCHIECTASIS	binary	rs7712116	Wald ratio	0.880331809896177	0.76628272527937	0.250624349754816	asthma_gwama	J10_BRONCHIECTASIS	409082
Asthma	Bronchiectasis	J10_BRONCHIECTASIS	binary	rs7714962	Wald ratio	0.662803757402491	5.3239942822136	0.900924386697166	asthma_gwama	J10_BRONCHIECTASIS	409082
Asthma	Bronchiectasis	J10_BRONCHIECTASIS	binary	rs77409392	Wald ratio	-0.0510301136363636	0.0892397727272727	0.567436130523437	asthma_gwama	J10_BRONCHIECTASIS	409082
Asthma	Bronchiectasis	J10_BRONCHIECTASIS	binary	rs7750922	Wald ratio	-4.42149590480606	5.16938649358677	0.392372278698973	asthma_gwama	J10_BRONCHIECTASIS	409082
Asthma	Bronchiectasis	J10_BRONCHIECTASIS	binary	rs7757696	Wald ratio	0.453282572738629	0.29947517918583	0.13012991297055	asthma_gwama	J10_BRONCHIECTASIS	409082
Asthma	Bronchiectasis	J10_BRONCHIECTASIS	binary	rs7770794	Wald ratio	-10.1297362593115	5.44237970606	0.0627061045664932	asthma_gwama	J10_BRONCHIECTASIS	409082
Asthma	Bronchiectasis	J10_BRONCHIECTASIS	binary	rs77798824	Wald ratio	-0.000909187102969419	1.32327337863791	0.999451794083539	asthma_gwama	J10_BRONCHIECTASIS	409082
Asthma	Bronchiectasis	J10_BRONCHIECTASIS	binary	rs7781	Wald ratio	-1.27811523243419	0.720670653489675	0.0761445529495009	asthma_gwama	J10_BRONCHIECTASIS	409082
Asthma	Bronchiectasis	J10_BRONCHIECTASIS	binary	rs77812656	Wald ratio	-0.350282465150404	3.94139398385913	0.929183051685535	asthma_gwama	J10_BRONCHIECTASIS	409082
Asthma	Bronchiectasis	J10_BRONCHIECTASIS	binary	rs77872759	Wald ratio	-0.664918927596725	0.827320597206614	0.421569301998591	asthma_gwama	J10_BRONCHIECTASIS	409082
Asthma	Bronchiectasis	J10_BRONCHIECTASIS	binary	rs7800265	Wald ratio	1.36894019043106	1.48404436481024	0.356299708387612	asthma_gwama	J10_BRONCHIECTASIS	409082
Asthma	Bronchiectasis	J10_BRONCHIECTASIS	binary	rs7803406	Wald ratio	3.95680679287305	7.03972717149221	0.574069552251325	asthma_gwama	J10_BRONCHIECTASIS	409082
Asthma	Bronchiectasis	J10_BRONCHIECTASIS	binary	rs78037977	Wald ratio	2.49016556291391	7.02418874172185	0.722954533712401	asthma_gwama	J10_BRONCHIECTASIS	409082
Asthma	Bronchiectasis	J10_BRONCHIECTASIS	binary	rs78218185	Wald ratio	-1.00057136391922	4.41534196979125	0.820725127593867	asthma_gwama	J10_BRONCHIECTASIS	409082
Asthma	Bronchiectasis	J10_BRONCHIECTASIS	binary	rs7823221	Wald ratio	-3.37081106204973	6.40037183360446	0.598430669203271	asthma_gwama	J10_BRONCHIECTASIS	409082
Asthma	Bronchiectasis	J10_BRONCHIECTASIS	binary	rs7824394	Wald ratio	0.468156692462405	0.371189578699202	0.207224770195419	asthma_gwama	J10_BRONCHIECTASIS	409082
Asthma	Bronchiectasis	J10_BRONCHIECTASIS	binary	rs78351402	Wald ratio	1.63084643233582	5.18083497548233	0.752925297972912	asthma_gwama	J10_BRONCHIECTASIS	409082
Asthma	Bronchiectasis	J10_BRONCHIECTASIS	binary	rs78515650	Wald ratio	-2.46548724321953	1.00139995613714	0.013814906804043	asthma_gwama	J10_BRONCHIECTASIS	409082
Asthma	Bronchiectasis	J10_BRONCHIECTASIS	binary	rs7851584	Wald ratio	0.0584536842105263	0.919438596491228	0.949308313425738	asthma_gwama	J10_BRONCHIECTASIS	409082
Asthma	Bronchiectasis	J10_BRONCHIECTASIS	binary	rs7852683	Wald ratio	1.33496601827982	6.26039371924068	0.831139812342922	asthma_gwama	J10_BRONCHIECTASIS	409082
Asthma	Bronchiectasis	J10_BRONCHIECTASIS	binary	rs785515	Wald ratio	0.132618384401114	0.873785951605866	0.879364832626604	asthma_gwama	J10_BRONCHIECTASIS	409082
Asthma	Bronchiectasis	J10_BRONCHIECTASIS	binary	rs7864027	Wald ratio	1.07688451716637	4.60541946467417	0.81511707921953	asthma_gwama	J10_BRONCHIECTASIS	409082
Asthma	Bronchiectasis	J10_BRONCHIECTASIS	binary	rs78792612	Wald ratio	0.0241852	0.023197	0.297133433467833	asthma_gwama	J10_BRONCHIECTASIS	409082
Asthma	Bronchiectasis	J10_BRONCHIECTASIS	binary	rs78867455	Wald ratio	0.523877060778571	0.904323933002073	0.562385119533991	asthma_gwama	J10_BRONCHIECTASIS	409082
Asthma	Bronchiectasis	J10_BRONCHIECTASIS	binary	rs78921182	Wald ratio	-0.0366693913043478	0.0312302608695652	0.240330069898705	asthma_gwama	J10_BRONCHIECTASIS	409082
Asthma	Bronchiectasis	J10_BRONCHIECTASIS	binary	rs7893324	Wald ratio	5.16121593291405	5.95218728162124	0.38588037795349	asthma_gwama	J10_BRONCHIECTASIS	409082
Asthma	Bronchiectasis	J10_BRONCHIECTASIS	binary	rs7918084	Wald ratio	-6.52862391449566	4.32144288577154	0.130851917763867	asthma_gwama	J10_BRONCHIECTASIS	409082
Asthma	Bronchiectasis	J10_BRONCHIECTASIS	binary	rs79282662	Wald ratio	1.69341038307391	5.25949296299748	0.747473774929869	asthma_gwama	J10_BRONCHIECTASIS	409082
Asthma	Bronchiectasis	J10_BRONCHIECTASIS	binary	rs7943688	Wald ratio	-1.83468168890834	5.81419820608182	0.752342599752698	asthma_gwama	J10_BRONCHIECTASIS	409082
Asthma	Bronchiectasis	J10_BRONCHIECTASIS	binary	rs79491862	Wald ratio	1.06329019412643	6.83115148498424	0.876306433902898	asthma_gwama	J10_BRONCHIECTASIS	409082
Asthma	Bronchiectasis	J10_BRONCHIECTASIS	binary	rs79534829	Wald ratio	-8.86674313474125	6.92490385264152	0.200399608691542	asthma_gwama	J10_BRONCHIECTASIS	409082
Asthma	Bronchiectasis	J10_BRONCHIECTASIS	binary	rs80021310	Wald ratio	-0.0510301136363636	0.0892397727272727	0.567436130523437	asthma_gwama	J10_BRONCHIECTASIS	409082
Asthma	Bronchiectasis	J10_BRONCHIECTASIS	binary	rs80074882	Wald ratio	8.82158091175687	5.615135963743	0.11617428000644	asthma_gwama	J10_BRONCHIECTASIS	409082
Asthma	Bronchiectasis	J10_BRONCHIECTASIS	binary	rs803305	Wald ratio	-0.446992115027829	6.5220547309833	0.945359381966594	asthma_gwama	J10_BRONCHIECTASIS	409082
Asthma	Bronchiectasis	J10_BRONCHIECTASIS	binary	rs8057047	Wald ratio	1.41177313133103	1.29716635657541	0.276439901602477	asthma_gwama	J10_BRONCHIECTASIS	409082
Asthma	Bronchiectasis	J10_BRONCHIECTASIS	binary	rs8087436	Wald ratio	5.02523385300668	7.23567928730512	0.487363971265799	asthma_gwama	J10_BRONCHIECTASIS	409082
Asthma	Bronchiectasis	J10_BRONCHIECTASIS	binary	rs8089099	Wald ratio	-8.83003134796238	6.04068965517241	0.143807313926748	asthma_gwama	J10_BRONCHIECTASIS	409082
Asthma	Bronchiectasis	J10_BRONCHIECTASIS	binary	rs8100197	Wald ratio	7.25628701980031	5.063107124725	0.151809611667255	asthma_gwama	J10_BRONCHIECTASIS	409082
Asthma	Bronchiectasis	J10_BRONCHIECTASIS	binary	rs8111628	Wald ratio	1.82510586989766	0.813960122338548	0.0249449188674405	asthma_gwama	J10_BRONCHIECTASIS	409082
Asthma	Bronchiectasis	J10_BRONCHIECTASIS	binary	rs8113513	Wald ratio	0.414579236454872	0.982959245948329	0.673195492883873	asthma_gwama	J10_BRONCHIECTASIS	409082
Asthma	Bronchiectasis	J10_BRONCHIECTASIS	binary	rs8185754	Wald ratio	-0.00533130536130536	0.0211055944055944	0.800576150410669	asthma_gwama	J10_BRONCHIECTASIS	409082
Asthma	Bronchiectasis	J10_BRONCHIECTASIS	binary	rs821429	Wald ratio	-2.46156241658511	7.06456090399502	0.727511168137435	asthma_gwama	J10_BRONCHIECTASIS	409082
Asthma	Bronchiectasis	J10_BRONCHIECTASIS	binary	rs857229	Wald ratio	0.729942894794641	7.18653634965957	0.919097286142412	asthma_gwama	J10_BRONCHIECTASIS	409082
Asthma	Bronchiectasis	J10_BRONCHIECTASIS	binary	rs9267111	Wald ratio	0.913978640513248	0.557244199794546	0.100968548876321	asthma_gwama	J10_BRONCHIECTASIS	409082
Asthma	Bronchiectasis	J10_BRONCHIECTASIS	binary	rs9271726	Wald ratio	0.4852664906957	0.21698010123816	0.0253219039312923	asthma_gwama	J10_BRONCHIECTASIS	409082
Asthma	Bronchiectasis	J10_BRONCHIECTASIS	binary	rs9273374	Wald ratio	0.154372370174843	0.168332331495178	0.359106461655173	asthma_gwama	J10_BRONCHIECTASIS	409082
Asthma	Bronchiectasis	J10_BRONCHIECTASIS	binary	rs9290877	Wald ratio	4.63953727506427	5.35590402742074	0.386354572647621	asthma_gwama	J10_BRONCHIECTASIS	409082
Asthma	Bronchiectasis	J10_BRONCHIECTASIS	binary	rs9299219	Wald ratio	-6.78127038626609	9.57764806866953	0.478926094428024	asthma_gwama	J10_BRONCHIECTASIS	409082
Asthma	Bronchiectasis	J10_BRONCHIECTASIS	binary	rs9322952	Wald ratio	0.618668052144342	5.13648214623087	0.904129958192533	asthma_gwama	J10_BRONCHIECTASIS	409082
Asthma	Bronchiectasis	J10_BRONCHIECTASIS	binary	rs9327638	Wald ratio	-0.211642331050523	5.95700994960589	0.971658494606134	asthma_gwama	J10_BRONCHIECTASIS	409082
Asthma	Bronchiectasis	J10_BRONCHIECTASIS	binary	rs9379084	Wald ratio	-6.17931340633323	6.03169576797869	0.30561160836659	asthma_gwama	J10_BRONCHIECTASIS	409082
Asthma	Bronchiectasis	J10_BRONCHIECTASIS	binary	rs9386512	Wald ratio	5.19578843057104	6.05301622692927	0.390682634603195	asthma_gwama	J10_BRONCHIECTASIS	409082
Asthma	Bronchiectasis	J10_BRONCHIECTASIS	binary	rs9392504	Wald ratio	7.33562386980109	6.61741152157065	0.267631380860391	asthma_gwama	J10_BRONCHIECTASIS	409082
Asthma	Bronchiectasis	J10_BRONCHIECTASIS	binary	rs9549000	Wald ratio	0.0340939908120925	1.00305275637226	0.972884943979273	asthma_gwama	J10_BRONCHIECTASIS	409082
Asthma	Bronchiectasis	J10_BRONCHIECTASIS	binary	rs961552	Wald ratio	-0.246069876636822	0.893729767563942	0.783063354429749	asthma_gwama	J10_BRONCHIECTASIS	409082
Asthma	Bronchiectasis	J10_BRONCHIECTASIS	binary	rs9663421	Wald ratio	-0.444653431456444	5.39423241485538	0.934303770374861	asthma_gwama	J10_BRONCHIECTASIS	409082
Asthma	Bronchiectasis	J10_BRONCHIECTASIS	binary	rs9663656	Wald ratio	0.031239375	0.0472659895833333	0.50865904436031	asthma_gwama	J10_BRONCHIECTASIS	409082
Asthma	Bronchiectasis	J10_BRONCHIECTASIS	binary	rs9688839	Wald ratio	1.01485312995545	3.61054141810768	0.778648584400505	asthma_gwama	J10_BRONCHIECTASIS	409082
Asthma	Bronchiectasis	J10_BRONCHIECTASIS	binary	rs9693836	Wald ratio	-0.0339690776688663	0.985956819783458	0.97251599557029	asthma_gwama	J10_BRONCHIECTASIS	409082
Asthma	Bronchiectasis	J10_BRONCHIECTASIS	binary	rs9695132	Wald ratio	0.669673254220757	0.441226399758482	0.129076356156543	asthma_gwama	J10_BRONCHIECTASIS	409082
Asthma	Bronchiectasis	J10_BRONCHIECTASIS	binary	rs9713035	Wald ratio	2.05215861044452	0.864312649982859	0.0175810967652317	asthma_gwama	J10_BRONCHIECTASIS	409082
Asthma	Bronchiectasis	J10_BRONCHIECTASIS	binary	rs9775039	Wald ratio	0.302318683551161	0.246307306832803	0.219670616097237	asthma_gwama	J10_BRONCHIECTASIS	409082
Asthma	Bronchiectasis	J10_BRONCHIECTASIS	binary	rs9797329	Wald ratio	-0.413238177128117	0.907116079105761	0.648712457405983	asthma_gwama	J10_BRONCHIECTASIS	409082
Asthma	Bronchiectasis	J10_BRONCHIECTASIS	binary	rs9801498	Wald ratio	0.787519680611786	0.788034188034188	0.317626576321064	asthma_gwama	J10_BRONCHIECTASIS	409082
Asthma	Bronchiectasis	J10_BRONCHIECTASIS	binary	rs9836924	Wald ratio	-0.585424456221348	0.926078616249959	0.527286143132776	asthma_gwama	J10_BRONCHIECTASIS	409082
Asthma	Bronchiectasis	J10_BRONCHIECTASIS	binary	rs9852322	Wald ratio	0.444259421560035	0.845148829811406	0.599125704049474	asthma_gwama	J10_BRONCHIECTASIS	409082
Asthma	Bronchiectasis	J10_BRONCHIECTASIS	binary	rs9878655	Wald ratio	1.25793033479878	0.497424191184759	0.0114424359695145	asthma_gwama	J10_BRONCHIECTASIS	409082
Asthma	Bronchiectasis	J10_BRONCHIECTASIS	binary	rs9883633	Wald ratio	-8.82645968489342	5.9636468952734	0.138861510137551	asthma_gwama	J10_BRONCHIECTASIS	409082
Asthma	Bronchiectasis	J10_BRONCHIECTASIS	binary	rs9909541	Wald ratio	9.56645949421346	6.96493784826404	0.169591726572399	asthma_gwama	J10_BRONCHIECTASIS	409082
Asthma	Bronchiectasis	J10_BRONCHIECTASIS	binary	rs9920526	Wald ratio	-0.388850018351991	0.393793585979079	0.323423897449105	asthma_gwama	J10_BRONCHIECTASIS	409082
Asthma	Bronchiectasis	J10_BRONCHIECTASIS	binary	rs9938050	Wald ratio	1.7509943479171	0.943740841532343	0.0635425158186317	asthma_gwama	J10_BRONCHIECTASIS	409082
Asthma	Bronchiectasis	J10_BRONCHIECTASIS	binary	rs9949875	Wald ratio	-1.43769734417959	1.15026784955075	0.211343207140242	asthma_gwama	J10_BRONCHIECTASIS	409082
Asthma	Bronchiectasis	J10_BRONCHIECTASIS	binary	rs9950097	Wald ratio	0.404732378305181	0.947052954172903	0.669117269612564	asthma_gwama	J10_BRONCHIECTASIS	409082
Asthma	Bronchiectasis	J10_BRONCHIECTASIS	binary	rs9979383	Wald ratio	3.68868118323747	5.54291290057519	0.505745434131696	asthma_gwama	J10_BRONCHIECTASIS	409082
Asthma	Bronchiectasis	J10_BRONCHIECTASIS	binary	rs9979428	Wald ratio	-1.37793432835821	1.02708855721393	0.179728152000461	asthma_gwama	J10_BRONCHIECTASIS	409082
Asthma	Bronchiectasis	J10_BRONCHIECTASIS	binary	All - Inverse variance weighted	Inverse variance weighted	0.000842130210195404	0.00122103776688157	0.490392930343358	asthma_gwama	J10_BRONCHIECTASIS	409082
Asthma	Bronchiectasis	J10_BRONCHIECTASIS	binary	All - MR Egger	MR Egger	0.000391970094706099	0.00121125706272887	0.746340407920698	asthma_gwama	J10_BRONCHIECTASIS	409082
