exposure	outcome	outcome_id	outcome_type	SNP	method	beta	SE	p_value	id.exposure	id.outcome	samplesize
Asthma	Eosinophilic disease	EOSINOPHIL_DISEASE	binary	rs10035217	Wald ratio	-1.97069353484467	2.00396305625525	0.325411527163671	asthma_gwama	EOSINOPHIL_DISEASE	264712
Asthma	Eosinophilic disease	EOSINOPHIL_DISEASE	binary	rs10040192	Wald ratio	-0.995888993414864	14.0774929444967	0.943602019898558	asthma_gwama	EOSINOPHIL_DISEASE	264712
Asthma	Eosinophilic disease	EOSINOPHIL_DISEASE	binary	rs10057913	Wald ratio	8.8393409832614	8.84200442151805	0.317456305381214	asthma_gwama	EOSINOPHIL_DISEASE	264712
Asthma	Eosinophilic disease	EOSINOPHIL_DISEASE	binary	rs1009727	Wald ratio	1.42081808396125	14.0801291711518	0.919622341761501	asthma_gwama	EOSINOPHIL_DISEASE	264712
Asthma	Eosinophilic disease	EOSINOPHIL_DISEASE	binary	rs1012177	Wald ratio	21.377950514561	13.6800306546967	0.118120308452123	asthma_gwama	EOSINOPHIL_DISEASE	264712
Asthma	Eosinophilic disease	EOSINOPHIL_DISEASE	binary	rs10158467	Wald ratio	-5.37675164612527	10.9901570150262	0.624676481062108	asthma_gwama	EOSINOPHIL_DISEASE	264712
Asthma	Eosinophilic disease	EOSINOPHIL_DISEASE	binary	rs10175070	Wald ratio	13.0725490196078	14.336231884058	0.361845629692183	asthma_gwama	EOSINOPHIL_DISEASE	264712
Asthma	Eosinophilic disease	EOSINOPHIL_DISEASE	binary	rs10185424	Wald ratio	22.4806471431497	13.4347122670489	0.0942632274920896	asthma_gwama	EOSINOPHIL_DISEASE	264712
Asthma	Eosinophilic disease	EOSINOPHIL_DISEASE	binary	rs10186746	Wald ratio	6.74651729176814	9.7647507712291	0.489625104752839	asthma_gwama	EOSINOPHIL_DISEASE	264712
Asthma	Eosinophilic disease	EOSINOPHIL_DISEASE	binary	rs10197437	Wald ratio	2.52420951561103	2.29256365261729	0.270878255418807	asthma_gwama	EOSINOPHIL_DISEASE	264712
Asthma	Eosinophilic disease	EOSINOPHIL_DISEASE	binary	rs1021621	Wald ratio	21.1736207237493	11.9555863159976	0.0765568439950978	asthma_gwama	EOSINOPHIL_DISEASE	264712
Asthma	Eosinophilic disease	EOSINOPHIL_DISEASE	binary	rs1029751	Wald ratio	0.200653286913783	2.11391562563998	0.924378214331791	asthma_gwama	EOSINOPHIL_DISEASE	264712
Asthma	Eosinophilic disease	EOSINOPHIL_DISEASE	binary	rs1030347	Wald ratio	-15.7232261008442	15.0196668948209	0.295172211075699	asthma_gwama	EOSINOPHIL_DISEASE	264712
Asthma	Eosinophilic disease	EOSINOPHIL_DISEASE	binary	rs10498730	Wald ratio	8.67539242299068	19.1881269916204	0.651180417161859	asthma_gwama	EOSINOPHIL_DISEASE	264712
Asthma	Eosinophilic disease	EOSINOPHIL_DISEASE	binary	rs10751640	Wald ratio	-1.31298760815369	1.13741201055873	0.248350921076705	asthma_gwama	EOSINOPHIL_DISEASE	264712
Asthma	Eosinophilic disease	EOSINOPHIL_DISEASE	binary	rs10791824	Wald ratio	10.7599072233267	10.2527998674619	0.293966282011942	asthma_gwama	EOSINOPHIL_DISEASE	264712
Asthma	Eosinophilic disease	EOSINOPHIL_DISEASE	binary	rs10795633	Wald ratio	24.4709365747234	9.55123889668069	0.0104050534879796	asthma_gwama	EOSINOPHIL_DISEASE	264712
Asthma	Eosinophilic disease	EOSINOPHIL_DISEASE	binary	rs10797291	Wald ratio	2.55633608301295	2.27779478182972	0.261741064212964	asthma_gwama	EOSINOPHIL_DISEASE	264712
Asthma	Eosinophilic disease	EOSINOPHIL_DISEASE	binary	rs10905469	Wald ratio	1.38259870860388	1.12127005371774	0.217551564267588	asthma_gwama	EOSINOPHIL_DISEASE	264712
Asthma	Eosinophilic disease	EOSINOPHIL_DISEASE	binary	rs10916031	Wald ratio	1.36761926338274	1.93826137614085	0.480442689432004	asthma_gwama	EOSINOPHIL_DISEASE	264712
Asthma	Eosinophilic disease	EOSINOPHIL_DISEASE	binary	rs10928554	Wald ratio	3.20480472419809	12.9864313514964	0.805077703150609	asthma_gwama	EOSINOPHIL_DISEASE	264712
Asthma	Eosinophilic disease	EOSINOPHIL_DISEASE	binary	rs10988207	Wald ratio	-0.369134765738113	2.02615393525222	0.855437578716907	asthma_gwama	EOSINOPHIL_DISEASE	264712
Asthma	Eosinophilic disease	EOSINOPHIL_DISEASE	binary	rs11069349	Wald ratio	-8.18246612998233	13.6769094836049	0.549660693377115	asthma_gwama	EOSINOPHIL_DISEASE	264712
Asthma	Eosinophilic disease	EOSINOPHIL_DISEASE	binary	rs11074853	Wald ratio	5.65605823418911	11.0812773951158	0.609760242580471	asthma_gwama	EOSINOPHIL_DISEASE	264712
Asthma	Eosinophilic disease	EOSINOPHIL_DISEASE	binary	rs111164030	Wald ratio	-8.78749157702962	22.8950061144526	0.701114119057648	asthma_gwama	EOSINOPHIL_DISEASE	264712
Asthma	Eosinophilic disease	EOSINOPHIL_DISEASE	binary	rs111261380	Wald ratio	-0.806467126930974	1.6261799440517	0.619945661737415	asthma_gwama	EOSINOPHIL_DISEASE	264712
Asthma	Eosinophilic disease	EOSINOPHIL_DISEASE	binary	rs11146290	Wald ratio	-0.467787789885443	2.45289536183291	0.848754044436105	asthma_gwama	EOSINOPHIL_DISEASE	264712
Asthma	Eosinophilic disease	EOSINOPHIL_DISEASE	binary	rs111572801	Wald ratio	-2.41018442650476	5.66100044326837	0.670288287807391	asthma_gwama	EOSINOPHIL_DISEASE	264712
Asthma	Eosinophilic disease	EOSINOPHIL_DISEASE	binary	rs11158543	Wald ratio	0.45839434217073	2.33124244793518	0.844116374009918	asthma_gwama	EOSINOPHIL_DISEASE	264712
Asthma	Eosinophilic disease	EOSINOPHIL_DISEASE	binary	rs111597890	Wald ratio	2.63184586581985	1.9149726283859	0.169332526677293	asthma_gwama	EOSINOPHIL_DISEASE	264712
Asthma	Eosinophilic disease	EOSINOPHIL_DISEASE	binary	rs111641596	Wald ratio	4.8255406943654	16.8335230506545	0.774370713030304	asthma_gwama	EOSINOPHIL_DISEASE	264712
Asthma	Eosinophilic disease	EOSINOPHIL_DISEASE	binary	rs11188006	Wald ratio	1.15077429120335	2.21407405251208	0.603234903921889	asthma_gwama	EOSINOPHIL_DISEASE	264712
Asthma	Eosinophilic disease	EOSINOPHIL_DISEASE	binary	rs111966309	Wald ratio	1.62174116655349	1.88876764933149	0.390548012395744	asthma_gwama	EOSINOPHIL_DISEASE	264712
Asthma	Eosinophilic disease	EOSINOPHIL_DISEASE	binary	rs112068732	Wald ratio	14.8564341990079	13.3476315533508	0.265691688989997	asthma_gwama	EOSINOPHIL_DISEASE	264712
Asthma	Eosinophilic disease	EOSINOPHIL_DISEASE	binary	rs11207023	Wald ratio	-17.5567834874221	16.632272629542	0.291157692458277	asthma_gwama	EOSINOPHIL_DISEASE	264712
Asthma	Eosinophilic disease	EOSINOPHIL_DISEASE	binary	rs11236723	Wald ratio	-23.7968851395198	28.1422777417262	0.397780385601849	asthma_gwama	EOSINOPHIL_DISEASE	264712
Asthma	Eosinophilic disease	EOSINOPHIL_DISEASE	binary	rs112502960	Wald ratio	-0.408108326335508	0.969417350300368	0.673767418818158	asthma_gwama	EOSINOPHIL_DISEASE	264712
Asthma	Eosinophilic disease	EOSINOPHIL_DISEASE	binary	rs11253578	Wald ratio	20.6882738528769	12.4181172614712	0.0957183787151662	asthma_gwama	EOSINOPHIL_DISEASE	264712
Asthma	Eosinophilic disease	EOSINOPHIL_DISEASE	binary	rs11255686	Wald ratio	1.57283996120272	11.746323957323	0.893481166704469	asthma_gwama	EOSINOPHIL_DISEASE	264712
Asthma	Eosinophilic disease	EOSINOPHIL_DISEASE	binary	rs11256016	Wald ratio	2.31285536517661	0.971073035321145	0.0172304863983016	asthma_gwama	EOSINOPHIL_DISEASE	264712
Asthma	Eosinophilic disease	EOSINOPHIL_DISEASE	binary	rs112715785	Wald ratio	-3.37922804885986	2.5765984682476	0.189686383374303	asthma_gwama	EOSINOPHIL_DISEASE	264712
Asthma	Eosinophilic disease	EOSINOPHIL_DISEASE	binary	rs112743107	Wald ratio	-6.08218987341772	17.6169620253165	0.729909259975528	asthma_gwama	EOSINOPHIL_DISEASE	264712
Asthma	Eosinophilic disease	EOSINOPHIL_DISEASE	binary	rs112842054	Wald ratio	0.208698881926059	1.43207938896402	0.884133461221943	asthma_gwama	EOSINOPHIL_DISEASE	264712
Asthma	Eosinophilic disease	EOSINOPHIL_DISEASE	binary	rs113030358	Wald ratio	-0.0281730128205128	0.0281620512820513	0.317122179592045	asthma_gwama	EOSINOPHIL_DISEASE	264712
Asthma	Eosinophilic disease	EOSINOPHIL_DISEASE	binary	rs113108794	Wald ratio	9.95863309352518	18.230035971223	0.584876157067416	asthma_gwama	EOSINOPHIL_DISEASE	264712
Asthma	Eosinophilic disease	EOSINOPHIL_DISEASE	binary	rs113206908	Wald ratio	4.92444380651644	11.8152002296541	0.676832853133444	asthma_gwama	EOSINOPHIL_DISEASE	264712
Asthma	Eosinophilic disease	EOSINOPHIL_DISEASE	binary	rs113214835	Wald ratio	2.7968069765845	17.6856416947058	0.874346499586063	asthma_gwama	EOSINOPHIL_DISEASE	264712
Asthma	Eosinophilic disease	EOSINOPHIL_DISEASE	binary	rs113359448	Wald ratio	1.57544899141518	2.20206720387634	0.474336633556189	asthma_gwama	EOSINOPHIL_DISEASE	264712
Asthma	Eosinophilic disease	EOSINOPHIL_DISEASE	binary	rs113396459	Wald ratio	-4.08080493211416	42.2414796342477	0.923038829906309	asthma_gwama	EOSINOPHIL_DISEASE	264712
Asthma	Eosinophilic disease	EOSINOPHIL_DISEASE	binary	rs113481061	Wald ratio	-1.43716802610114	1.54539641109299	0.352388049627411	asthma_gwama	EOSINOPHIL_DISEASE	264712
Asthma	Eosinophilic disease	EOSINOPHIL_DISEASE	binary	rs113484502	Wald ratio	4.68747232355608	2.10258313476583	0.0257881406339271	asthma_gwama	EOSINOPHIL_DISEASE	264712
Asthma	Eosinophilic disease	EOSINOPHIL_DISEASE	binary	rs113560750	Wald ratio	8.50398519783661	14.9941645317393	0.570610245959299	asthma_gwama	EOSINOPHIL_DISEASE	264712
Asthma	Eosinophilic disease	EOSINOPHIL_DISEASE	binary	rs113604048	Wald ratio	1.92778389084507	11.1746258802817	0.863033140677957	asthma_gwama	EOSINOPHIL_DISEASE	264712
Asthma	Eosinophilic disease	EOSINOPHIL_DISEASE	binary	rs113626350	Wald ratio	-14.0334089323098	10.4729588276343	0.180256393216055	asthma_gwama	EOSINOPHIL_DISEASE	264712
Asthma	Eosinophilic disease	EOSINOPHIL_DISEASE	binary	rs113973315	Wald ratio	-0.284251396648045	0.45036312849162	0.527935616321119	asthma_gwama	EOSINOPHIL_DISEASE	264712
Asthma	Eosinophilic disease	EOSINOPHIL_DISEASE	binary	rs113981909	Wald ratio	0.744565949886663	1.7345310298352	0.667733536278966	asthma_gwama	EOSINOPHIL_DISEASE	264712
Asthma	Eosinophilic disease	EOSINOPHIL_DISEASE	binary	rs114045542	Wald ratio	0.0150836690647482	0.086531654676259	0.861618786168069	asthma_gwama	EOSINOPHIL_DISEASE	264712
Asthma	Eosinophilic disease	EOSINOPHIL_DISEASE	binary	rs114137525	Wald ratio	27.8928535831755	18.5028406259344	0.131685017014256	asthma_gwama	EOSINOPHIL_DISEASE	264712
Asthma	Eosinophilic disease	EOSINOPHIL_DISEASE	binary	rs1143869	Wald ratio	-2.74849695916594	10.7827106863597	0.798801481995674	asthma_gwama	EOSINOPHIL_DISEASE	264712
Asthma	Eosinophilic disease	EOSINOPHIL_DISEASE	binary	rs114677569	Wald ratio	2.79465363864978	2.93481560260117	0.340974444837615	asthma_gwama	EOSINOPHIL_DISEASE	264712
Asthma	Eosinophilic disease	EOSINOPHIL_DISEASE	binary	rs1149915	Wald ratio	9.29078923274126	6.4135323200879	0.14744294664791	asthma_gwama	EOSINOPHIL_DISEASE	264712
Asthma	Eosinophilic disease	EOSINOPHIL_DISEASE	binary	rs115026096	Wald ratio	37.9826885337819	15.1984861227923	0.0124505660371568	asthma_gwama	EOSINOPHIL_DISEASE	264712
Asthma	Eosinophilic disease	EOSINOPHIL_DISEASE	binary	rs115222658	Wald ratio	-21.2285547558841	15.1318809570123	0.160645892985759	asthma_gwama	EOSINOPHIL_DISEASE	264712
Asthma	Eosinophilic disease	EOSINOPHIL_DISEASE	binary	rs115285331	Wald ratio	0.843007953310065	2.30563597871488	0.714641745963156	asthma_gwama	EOSINOPHIL_DISEASE	264712
Asthma	Eosinophilic disease	EOSINOPHIL_DISEASE	binary	rs115804565	Wald ratio	14.1605288007554	21.1653551568566	0.503468166428784	asthma_gwama	EOSINOPHIL_DISEASE	264712
Asthma	Eosinophilic disease	EOSINOPHIL_DISEASE	binary	rs11597580	Wald ratio	1.903359030837	1.98148963941916	0.336768538720366	asthma_gwama	EOSINOPHIL_DISEASE	264712
Asthma	Eosinophilic disease	EOSINOPHIL_DISEASE	binary	rs116018601	Wald ratio	1.70082345852581	16.4308763473254	0.917555148706854	asthma_gwama	EOSINOPHIL_DISEASE	264712
Asthma	Eosinophilic disease	EOSINOPHIL_DISEASE	binary	rs11603178	Wald ratio	-0.936299944688809	1.74583190665578	0.59174715652878	asthma_gwama	EOSINOPHIL_DISEASE	264712
Asthma	Eosinophilic disease	EOSINOPHIL_DISEASE	binary	rs11629680	Wald ratio	-0.690915607689801	1.70451178451178	0.685223813104411	asthma_gwama	EOSINOPHIL_DISEASE	264712
Asthma	Eosinophilic disease	EOSINOPHIL_DISEASE	binary	rs11643304	Wald ratio	-2.4097376506736	1.8823611439376	0.200486216346924	asthma_gwama	EOSINOPHIL_DISEASE	264712
Asthma	Eosinophilic disease	EOSINOPHIL_DISEASE	binary	rs11647496	Wald ratio	-3.9812012674903	2.12862534268523	0.0614399991037618	asthma_gwama	EOSINOPHIL_DISEASE	264712
Asthma	Eosinophilic disease	EOSINOPHIL_DISEASE	binary	rs11652371	Wald ratio	0.787854989687451	2.47161669046486	0.749907759754558	asthma_gwama	EOSINOPHIL_DISEASE	264712
Asthma	Eosinophilic disease	EOSINOPHIL_DISEASE	binary	rs116581033	Wald ratio	48.9172875601245	60.7752522870886	0.420884158998295	asthma_gwama	EOSINOPHIL_DISEASE	264712
Asthma	Eosinophilic disease	EOSINOPHIL_DISEASE	binary	rs116589735	Wald ratio	20.588622830356	13.7713797035348	0.134906669098732	asthma_gwama	EOSINOPHIL_DISEASE	264712
Asthma	Eosinophilic disease	EOSINOPHIL_DISEASE	binary	rs11663959	Wald ratio	4.76369701221171	2.45717312565318	0.0525390948077025	asthma_gwama	EOSINOPHIL_DISEASE	264712
Asthma	Eosinophilic disease	EOSINOPHIL_DISEASE	binary	rs11666329	Wald ratio	26.3406426400347	13.431893182805	0.0498729429223482	asthma_gwama	EOSINOPHIL_DISEASE	264712
Asthma	Eosinophilic disease	EOSINOPHIL_DISEASE	binary	rs11672343	Wald ratio	2.77854052823315	2.26230267152398	0.219375152379744	asthma_gwama	EOSINOPHIL_DISEASE	264712
Asthma	Eosinophilic disease	EOSINOPHIL_DISEASE	binary	rs11684846	Wald ratio	15.4733837370776	18.9870390371856	0.415104058248724	asthma_gwama	EOSINOPHIL_DISEASE	264712
Asthma	Eosinophilic disease	EOSINOPHIL_DISEASE	binary	rs116863868	Wald ratio	4.60859049718344	18.0440852314475	0.798408558508561	asthma_gwama	EOSINOPHIL_DISEASE	264712
Asthma	Eosinophilic disease	EOSINOPHIL_DISEASE	binary	rs11688802	Wald ratio	7.0800559026636	9.16680368299901	0.439902309536991	asthma_gwama	EOSINOPHIL_DISEASE	264712
Asthma	Eosinophilic disease	EOSINOPHIL_DISEASE	binary	rs11692304	Wald ratio	0.50283872480075	14.2096108766995	0.971770969760396	asthma_gwama	EOSINOPHIL_DISEASE	264712
Asthma	Eosinophilic disease	EOSINOPHIL_DISEASE	binary	rs116949439	Wald ratio	-0.051229797979798	0.0602641414141414	0.395276397661693	asthma_gwama	EOSINOPHIL_DISEASE	264712
Asthma	Eosinophilic disease	EOSINOPHIL_DISEASE	binary	rs11699259	Wald ratio	1.1853742478941	14.7386040914561	0.935898056292334	asthma_gwama	EOSINOPHIL_DISEASE	264712
Asthma	Eosinophilic disease	EOSINOPHIL_DISEASE	binary	rs117010001	Wald ratio	0.0293413178294574	0.091346511627907	0.748052043950763	asthma_gwama	EOSINOPHIL_DISEASE	264712
Asthma	Eosinophilic disease	EOSINOPHIL_DISEASE	binary	rs117051189	Wald ratio	3.11779174939334	2.56379880873594	0.223953364804889	asthma_gwama	EOSINOPHIL_DISEASE	264712
Asthma	Eosinophilic disease	EOSINOPHIL_DISEASE	binary	rs11709566	Wald ratio	16.4578013367135	14.5171007144503	0.256927223761855	asthma_gwama	EOSINOPHIL_DISEASE	264712
Asthma	Eosinophilic disease	EOSINOPHIL_DISEASE	binary	rs117097909	Wald ratio	0.469472013170273	5.25307502351835	0.9287871537987	asthma_gwama	EOSINOPHIL_DISEASE	264712
Asthma	Eosinophilic disease	EOSINOPHIL_DISEASE	binary	rs11716980	Wald ratio	2.67945174444948	13.8126415949252	0.846187260606379	asthma_gwama	EOSINOPHIL_DISEASE	264712
Asthma	Eosinophilic disease	EOSINOPHIL_DISEASE	binary	rs117185005	Wald ratio	-0.767947126268897	14.0055502811656	0.956272602607606	asthma_gwama	EOSINOPHIL_DISEASE	264712
Asthma	Eosinophilic disease	EOSINOPHIL_DISEASE	binary	rs117320438	Wald ratio	-0.038987414500684	0.0398155950752394	0.327481369599268	asthma_gwama	EOSINOPHIL_DISEASE	264712
Asthma	Eosinophilic disease	EOSINOPHIL_DISEASE	binary	rs117378200	Wald ratio	15.4877633539051	17.5374902461517	0.377169746007448	asthma_gwama	EOSINOPHIL_DISEASE	264712
Asthma	Eosinophilic disease	EOSINOPHIL_DISEASE	binary	rs117402700	Wald ratio	0.0206659259259259	0.0986164021164021	0.834012109343664	asthma_gwama	EOSINOPHIL_DISEASE	264712
Asthma	Eosinophilic disease	EOSINOPHIL_DISEASE	binary	rs117552144	Wald ratio	14.3579281910325	16.4906373475348	0.38393353632916	asthma_gwama	EOSINOPHIL_DISEASE	264712
Asthma	Eosinophilic disease	EOSINOPHIL_DISEASE	binary	rs117675359	Wald ratio	10.6455868089234	13.7490785645005	0.438767367230148	asthma_gwama	EOSINOPHIL_DISEASE	264712
Asthma	Eosinophilic disease	EOSINOPHIL_DISEASE	binary	rs117683492	Wald ratio	-13.7604939453405	10.6761594792514	0.197433114854204	asthma_gwama	EOSINOPHIL_DISEASE	264712
Asthma	Eosinophilic disease	EOSINOPHIL_DISEASE	binary	rs117710327	Wald ratio	-1.12268605551255	5.46243503262192	0.837159236873196	asthma_gwama	EOSINOPHIL_DISEASE	264712
Asthma	Eosinophilic disease	EOSINOPHIL_DISEASE	binary	rs117856230	Wald ratio	-0.0677809248554913	0.282154335260116	0.810154735791122	asthma_gwama	EOSINOPHIL_DISEASE	264712
Asthma	Eosinophilic disease	EOSINOPHIL_DISEASE	binary	rs117971857	Wald ratio	0.0246447252747253	0.0296482967032967	0.405840441111909	asthma_gwama	EOSINOPHIL_DISEASE	264712
Asthma	Eosinophilic disease	EOSINOPHIL_DISEASE	binary	rs118023715	Wald ratio	-0.0670062857142857	0.278929714285714	0.810154735791122	asthma_gwama	EOSINOPHIL_DISEASE	264712
Asthma	Eosinophilic disease	EOSINOPHIL_DISEASE	binary	rs11802525	Wald ratio	0.619167753273995	2.24903622654346	0.783083004508099	asthma_gwama	EOSINOPHIL_DISEASE	264712
Asthma	Eosinophilic disease	EOSINOPHIL_DISEASE	binary	rs11804609	Wald ratio	3.50422084998184	11.3662186705412	0.757853019516893	asthma_gwama	EOSINOPHIL_DISEASE	264712
Asthma	Eosinophilic disease	EOSINOPHIL_DISEASE	binary	rs11809494	Wald ratio	15.1662007332722	13.6932401466544	0.268048236311871	asthma_gwama	EOSINOPHIL_DISEASE	264712
Asthma	Eosinophilic disease	EOSINOPHIL_DISEASE	binary	rs11870777	Wald ratio	0.28723348523449	2.38462808138075	0.904125013616125	asthma_gwama	EOSINOPHIL_DISEASE	264712
Asthma	Eosinophilic disease	EOSINOPHIL_DISEASE	binary	rs1190978	Wald ratio	4.55065027433449	2.38590987604146	0.0564815132908956	asthma_gwama	EOSINOPHIL_DISEASE	264712
Asthma	Eosinophilic disease	EOSINOPHIL_DISEASE	binary	rs11964507	Wald ratio	8.80111101759111	12.0817271273462	0.466329205799708	asthma_gwama	EOSINOPHIL_DISEASE	264712
Asthma	Eosinophilic disease	EOSINOPHIL_DISEASE	binary	rs12077197	Wald ratio	7.8953945845869	14.141587595464	0.576632485139546	asthma_gwama	EOSINOPHIL_DISEASE	264712
Asthma	Eosinophilic disease	EOSINOPHIL_DISEASE	binary	rs12098541	Wald ratio	-3.29607757203901	2.18730141338885	0.131832415289151	asthma_gwama	EOSINOPHIL_DISEASE	264712
Asthma	Eosinophilic disease	EOSINOPHIL_DISEASE	binary	rs12123821	Wald ratio	-2.52733490352387	7.06852975813027	0.720681998546644	asthma_gwama	EOSINOPHIL_DISEASE	264712
Asthma	Eosinophilic disease	EOSINOPHIL_DISEASE	binary	rs12148282	Wald ratio	-21.249806276637	29.9440139480821	0.477920443499991	asthma_gwama	EOSINOPHIL_DISEASE	264712
Asthma	Eosinophilic disease	EOSINOPHIL_DISEASE	binary	rs12212737	Wald ratio	2.04899245681411	1.06007466682987	0.0532515244525456	asthma_gwama	EOSINOPHIL_DISEASE	264712
Asthma	Eosinophilic disease	EOSINOPHIL_DISEASE	binary	rs12253380	Wald ratio	-0.961688598427978	9.94595071977391	0.922971413820991	asthma_gwama	EOSINOPHIL_DISEASE	264712
Asthma	Eosinophilic disease	EOSINOPHIL_DISEASE	binary	rs12303699	Wald ratio	19.8329947089947	13.0564444444444	0.128757568451337	asthma_gwama	EOSINOPHIL_DISEASE	264712
Asthma	Eosinophilic disease	EOSINOPHIL_DISEASE	binary	rs1238556	Wald ratio	14.9605057955743	13.602866174921	0.271416915161145	asthma_gwama	EOSINOPHIL_DISEASE	264712
Asthma	Eosinophilic disease	EOSINOPHIL_DISEASE	binary	rs12419600	Wald ratio	-5.17727652464495	3.6982920263622	0.161540227863628	asthma_gwama	EOSINOPHIL_DISEASE	264712
Asthma	Eosinophilic disease	EOSINOPHIL_DISEASE	binary	rs12434251	Wald ratio	4.350313921576	2.24518214970488	0.0526693784619451	asthma_gwama	EOSINOPHIL_DISEASE	264712
Asthma	Eosinophilic disease	EOSINOPHIL_DISEASE	binary	rs12446418	Wald ratio	9.26254781943382	11.9315990818669	0.437569525426822	asthma_gwama	EOSINOPHIL_DISEASE	264712
Asthma	Eosinophilic disease	EOSINOPHIL_DISEASE	binary	rs12462901	Wald ratio	0.533069381598793	2.04164056155006	0.794016513105804	asthma_gwama	EOSINOPHIL_DISEASE	264712
Asthma	Eosinophilic disease	EOSINOPHIL_DISEASE	binary	rs12467817	Wald ratio	1.29045566608624	2.01730944951123	0.522373196021144	asthma_gwama	EOSINOPHIL_DISEASE	264712
Asthma	Eosinophilic disease	EOSINOPHIL_DISEASE	binary	rs12470864	Wald ratio	11.2552457602759	4.53680655360736	0.0131060664618738	asthma_gwama	EOSINOPHIL_DISEASE	264712
Asthma	Eosinophilic disease	EOSINOPHIL_DISEASE	binary	rs12482736	Wald ratio	-1.13983123681538	2.4280959449957	0.638759319438044	asthma_gwama	EOSINOPHIL_DISEASE	264712
Asthma	Eosinophilic disease	EOSINOPHIL_DISEASE	binary	rs12539003	Wald ratio	13.9823462599383	11.8212558818757	0.236882894155125	asthma_gwama	EOSINOPHIL_DISEASE	264712
Asthma	Eosinophilic disease	EOSINOPHIL_DISEASE	binary	rs12595715	Wald ratio	-6.65628590262737	13.3934457105189	0.619202562571868	asthma_gwama	EOSINOPHIL_DISEASE	264712
Asthma	Eosinophilic disease	EOSINOPHIL_DISEASE	binary	rs12596491	Wald ratio	5.52691364082434	15.718817468106	0.72512979926206	asthma_gwama	EOSINOPHIL_DISEASE	264712
Asthma	Eosinophilic disease	EOSINOPHIL_DISEASE	binary	rs12611017	Wald ratio	-7.77019045580997	15.7857693130751	0.622558494970827	asthma_gwama	EOSINOPHIL_DISEASE	264712
Asthma	Eosinophilic disease	EOSINOPHIL_DISEASE	binary	rs12638043	Wald ratio	2.44886821611466	1.88250962092058	0.193308789480493	asthma_gwama	EOSINOPHIL_DISEASE	264712
Asthma	Eosinophilic disease	EOSINOPHIL_DISEASE	binary	rs12653071	Wald ratio	-1.63792474414866	2.40157375629966	0.49522540641178	asthma_gwama	EOSINOPHIL_DISEASE	264712
Asthma	Eosinophilic disease	EOSINOPHIL_DISEASE	binary	rs1265764	Wald ratio	-3.1908463621277	14.8029522229016	0.829334846786008	asthma_gwama	EOSINOPHIL_DISEASE	264712
Asthma	Eosinophilic disease	EOSINOPHIL_DISEASE	binary	rs12661996	Wald ratio	-1.68657602163462	2.36278921274038	0.475346388694953	asthma_gwama	EOSINOPHIL_DISEASE	264712
Asthma	Eosinophilic disease	EOSINOPHIL_DISEASE	binary	rs12718488	Wald ratio	-4.97085067421342	10.1229898451806	0.623394122555236	asthma_gwama	EOSINOPHIL_DISEASE	264712
Asthma	Eosinophilic disease	EOSINOPHIL_DISEASE	binary	rs12722502	Wald ratio	-3.30381262844589	16.7197576358869	0.843358572068706	asthma_gwama	EOSINOPHIL_DISEASE	264712
Asthma	Eosinophilic disease	EOSINOPHIL_DISEASE	binary	rs12817660	Wald ratio	-2.58711874903236	2.32781777364917	0.266399525326564	asthma_gwama	EOSINOPHIL_DISEASE	264712
Asthma	Eosinophilic disease	EOSINOPHIL_DISEASE	binary	rs12906125	Wald ratio	-2.40720444399005	2.28975564870668	0.29312396911838	asthma_gwama	EOSINOPHIL_DISEASE	264712
Asthma	Eosinophilic disease	EOSINOPHIL_DISEASE	binary	rs12936466	Wald ratio	-3.18597611544203	1.43988638248466	0.0269212334401683	asthma_gwama	EOSINOPHIL_DISEASE	264712
Asthma	Eosinophilic disease	EOSINOPHIL_DISEASE	binary	rs12953110	Wald ratio	-34.6438040345821	13.9892507204611	0.0132692912769216	asthma_gwama	EOSINOPHIL_DISEASE	264712
Asthma	Eosinophilic disease	EOSINOPHIL_DISEASE	binary	rs12964116	Wald ratio	18.4217638691323	16.499786628734	0.264214597888368	asthma_gwama	EOSINOPHIL_DISEASE	264712
Asthma	Eosinophilic disease	EOSINOPHIL_DISEASE	binary	rs12965763	Wald ratio	1.53556653671376	1.95364654465993	0.431867381398446	asthma_gwama	EOSINOPHIL_DISEASE	264712
Asthma	Eosinophilic disease	EOSINOPHIL_DISEASE	binary	rs13000664	Wald ratio	2.59983661748688	2.02285622338845	0.198711730835734	asthma_gwama	EOSINOPHIL_DISEASE	264712
Asthma	Eosinophilic disease	EOSINOPHIL_DISEASE	binary	rs13049055	Wald ratio	-1.03868471257334	2.20090709477701	0.636973307201989	asthma_gwama	EOSINOPHIL_DISEASE	264712
Asthma	Eosinophilic disease	EOSINOPHIL_DISEASE	binary	rs13087727	Wald ratio	0.967719133853456	1.52049866574321	0.52448412119013	asthma_gwama	EOSINOPHIL_DISEASE	264712
Asthma	Eosinophilic disease	EOSINOPHIL_DISEASE	binary	rs13104716	Wald ratio	0.527165311653117	2.16446612466125	0.807575925701268	asthma_gwama	EOSINOPHIL_DISEASE	264712
Asthma	Eosinophilic disease	EOSINOPHIL_DISEASE	binary	rs13149287	Wald ratio	25.134845890411	16.4025042808219	0.125429045035999	asthma_gwama	EOSINOPHIL_DISEASE	264712
Asthma	Eosinophilic disease	EOSINOPHIL_DISEASE	binary	rs13290954	Wald ratio	-4.21176302232399	2.24202633085289	0.0603056920306761	asthma_gwama	EOSINOPHIL_DISEASE	264712
Asthma	Eosinophilic disease	EOSINOPHIL_DISEASE	binary	rs13382528	Wald ratio	-1.06091818547692	1.92672051974932	0.581884468919935	asthma_gwama	EOSINOPHIL_DISEASE	264712
Asthma	Eosinophilic disease	EOSINOPHIL_DISEASE	binary	rs13421997	Wald ratio	14.162292093871	14.1327409432673	0.316299658290519	asthma_gwama	EOSINOPHIL_DISEASE	264712
Asthma	Eosinophilic disease	EOSINOPHIL_DISEASE	binary	rs1363105	Wald ratio	1.76945943861814	2.29350709438618	0.440405787515385	asthma_gwama	EOSINOPHIL_DISEASE	264712
Asthma	Eosinophilic disease	EOSINOPHIL_DISEASE	binary	rs137926256	Wald ratio	-0.0523391143911439	0.067990282902829	0.44141684154162	asthma_gwama	EOSINOPHIL_DISEASE	264712
Asthma	Eosinophilic disease	EOSINOPHIL_DISEASE	binary	rs138012443	Wald ratio	1.89701593232653	1.58673517048108	0.231873517629304	asthma_gwama	EOSINOPHIL_DISEASE	264712
Asthma	Eosinophilic disease	EOSINOPHIL_DISEASE	binary	rs138026135	Wald ratio	-1.96194614804368	2.25726607851497	0.384754592097723	asthma_gwama	EOSINOPHIL_DISEASE	264712
Asthma	Eosinophilic disease	EOSINOPHIL_DISEASE	binary	rs138121471	Wald ratio	-0.0262521951219512	0.0469303658536585	0.575898234110781	asthma_gwama	EOSINOPHIL_DISEASE	264712
Asthma	Eosinophilic disease	EOSINOPHIL_DISEASE	binary	rs138327512	Wald ratio	0.157378217821782	0.268205940594059	0.557350629211836	asthma_gwama	EOSINOPHIL_DISEASE	264712
Asthma	Eosinophilic disease	EOSINOPHIL_DISEASE	binary	rs138417339	Wald ratio	0.0174258914728682	0.0248782945736434	0.483649079611724	asthma_gwama	EOSINOPHIL_DISEASE	264712
Asthma	Eosinophilic disease	EOSINOPHIL_DISEASE	binary	rs138450506	Wald ratio	-0.105964693665628	0.13006230529595	0.415231139742676	asthma_gwama	EOSINOPHIL_DISEASE	264712
Asthma	Eosinophilic disease	EOSINOPHIL_DISEASE	binary	rs138453626	Wald ratio	0.014965	0.0187610784313725	0.425066640936562	asthma_gwama	EOSINOPHIL_DISEASE	264712
Asthma	Eosinophilic disease	EOSINOPHIL_DISEASE	binary	rs138542223	Wald ratio	0.0239279813664596	0.0138848447204969	0.0848313138736259	asthma_gwama	EOSINOPHIL_DISEASE	264712
Asthma	Eosinophilic disease	EOSINOPHIL_DISEASE	binary	rs138700582	Wald ratio	-0.022941862745098	0.0413694117647059	0.579194964661462	asthma_gwama	EOSINOPHIL_DISEASE	264712
Asthma	Eosinophilic disease	EOSINOPHIL_DISEASE	binary	rs139170956	Wald ratio	-10.8447319778189	31.4821555523959	0.73049108965806	asthma_gwama	EOSINOPHIL_DISEASE	264712
Asthma	Eosinophilic disease	EOSINOPHIL_DISEASE	binary	rs139450603	Wald ratio	0.00892982300884956	0.0227219469026549	0.694316299880808	asthma_gwama	EOSINOPHIL_DISEASE	264712
Asthma	Eosinophilic disease	EOSINOPHIL_DISEASE	binary	rs139671781	Wald ratio	2.91889312977099	1.32504978426817	0.0276049389385539	asthma_gwama	EOSINOPHIL_DISEASE	264712
Asthma	Eosinophilic disease	EOSINOPHIL_DISEASE	binary	rs139689471	Wald ratio	-0.0285411684782609	0.0495054347826087	0.564259725892913	asthma_gwama	EOSINOPHIL_DISEASE	264712
Asthma	Eosinophilic disease	EOSINOPHIL_DISEASE	binary	rs141267412	Wald ratio	-0.00246323	0.0267283	0.926572408184942	asthma_gwama	EOSINOPHIL_DISEASE	264712
Asthma	Eosinophilic disease	EOSINOPHIL_DISEASE	binary	rs141343442	Wald ratio	1.92911373486773	8.55372888955313	0.821567784762044	asthma_gwama	EOSINOPHIL_DISEASE	264712
Asthma	Eosinophilic disease	EOSINOPHIL_DISEASE	binary	rs141405779	Wald ratio	2.43936842105263	1.4026995951417	0.0820255057150602	asthma_gwama	EOSINOPHIL_DISEASE	264712
Asthma	Eosinophilic disease	EOSINOPHIL_DISEASE	binary	rs141441459	Wald ratio	-0.0666255681818182	0.277344886363636	0.810154735791122	asthma_gwama	EOSINOPHIL_DISEASE	264712
Asthma	Eosinophilic disease	EOSINOPHIL_DISEASE	binary	rs1420466	Wald ratio	-7.58013414874729	12.544643913987	0.545675691080976	asthma_gwama	EOSINOPHIL_DISEASE	264712
Asthma	Eosinophilic disease	EOSINOPHIL_DISEASE	binary	rs142102013	Wald ratio	-0.984926753324705	2.1741789057078	0.65054088921606	asthma_gwama	EOSINOPHIL_DISEASE	264712
Asthma	Eosinophilic disease	EOSINOPHIL_DISEASE	binary	rs142757787	Wald ratio	0.202154121863799	0.269168458781362	0.452633406784428	asthma_gwama	EOSINOPHIL_DISEASE	264712
Asthma	Eosinophilic disease	EOSINOPHIL_DISEASE	binary	rs142828423	Wald ratio	-0.0936719008264463	0.204971900826446	0.647671949702211	asthma_gwama	EOSINOPHIL_DISEASE	264712
Asthma	Eosinophilic disease	EOSINOPHIL_DISEASE	binary	rs142833331	Wald ratio	-0.0290971264367816	0.020867816091954	0.163210679651731	asthma_gwama	EOSINOPHIL_DISEASE	264712
Asthma	Eosinophilic disease	EOSINOPHIL_DISEASE	binary	rs142849353	Wald ratio	0.0458170952380952	0.0674309523809524	0.496842119845599	asthma_gwama	EOSINOPHIL_DISEASE	264712
Asthma	Eosinophilic disease	EOSINOPHIL_DISEASE	binary	rs142974104	Wald ratio	-0.0708638888888889	0.0908180555555555	0.435223642717763	asthma_gwama	EOSINOPHIL_DISEASE	264712
Asthma	Eosinophilic disease	EOSINOPHIL_DISEASE	binary	rs143122977	Wald ratio	0.0242485416666667	0.0451173958333333	0.590953794084879	asthma_gwama	EOSINOPHIL_DISEASE	264712
Asthma	Eosinophilic disease	EOSINOPHIL_DISEASE	binary	rs143253231	Wald ratio	0.804034371535128	1.52750478782381	0.598630393143115	asthma_gwama	EOSINOPHIL_DISEASE	264712
Asthma	Eosinophilic disease	EOSINOPHIL_DISEASE	binary	rs143628759	Wald ratio	-5.20807771659676	2.61971061225047	0.0468077630897017	asthma_gwama	EOSINOPHIL_DISEASE	264712
Asthma	Eosinophilic disease	EOSINOPHIL_DISEASE	binary	rs143857279	Wald ratio	-0.0217722950819672	0.0413395081967213	0.598422498286364	asthma_gwama	EOSINOPHIL_DISEASE	264712
Asthma	Eosinophilic disease	EOSINOPHIL_DISEASE	binary	rs144044754	Wald ratio	0.12652024291498	0.0573631578947369	0.0274119435118956	asthma_gwama	EOSINOPHIL_DISEASE	264712
Asthma	Eosinophilic disease	EOSINOPHIL_DISEASE	binary	rs144301783	Wald ratio	1.14784563962321	1.80949559404436	0.52585527768928	asthma_gwama	EOSINOPHIL_DISEASE	264712
Asthma	Eosinophilic disease	EOSINOPHIL_DISEASE	binary	rs144532877	Wald ratio	0.0573078651685393	0.0567573033707865	0.312638907755087	asthma_gwama	EOSINOPHIL_DISEASE	264712
Asthma	Eosinophilic disease	EOSINOPHIL_DISEASE	binary	rs144666843	Wald ratio	0.752127872795297	11.7675040085516	0.949037376974993	asthma_gwama	EOSINOPHIL_DISEASE	264712
Asthma	Eosinophilic disease	EOSINOPHIL_DISEASE	binary	rs144989638	Wald ratio	0.119917066666667	0.108474133333333	0.268947337073548	asthma_gwama	EOSINOPHIL_DISEASE	264712
Asthma	Eosinophilic disease	EOSINOPHIL_DISEASE	binary	rs145081654	Wald ratio	0.0136713402061856	0.0291472164948454	0.63903786223304	asthma_gwama	EOSINOPHIL_DISEASE	264712
Asthma	Eosinophilic disease	EOSINOPHIL_DISEASE	binary	rs145167319	Wald ratio	1.43934844328954	1.96463115345749	0.463783904507862	asthma_gwama	EOSINOPHIL_DISEASE	264712
Asthma	Eosinophilic disease	EOSINOPHIL_DISEASE	binary	rs145237994	Wald ratio	38.2247895331463	28.0244177994825	0.172573364596229	asthma_gwama	EOSINOPHIL_DISEASE	264712
Asthma	Eosinophilic disease	EOSINOPHIL_DISEASE	binary	rs145781990	Wald ratio	-0.108727002967359	0.0820032640949555	0.184877367421757	asthma_gwama	EOSINOPHIL_DISEASE	264712
Asthma	Eosinophilic disease	EOSINOPHIL_DISEASE	binary	rs146763133	Wald ratio	-0.0498044554455446	0.0751356435643564	0.507419857533668	asthma_gwama	EOSINOPHIL_DISEASE	264712
Asthma	Eosinophilic disease	EOSINOPHIL_DISEASE	binary	rs146806896	Wald ratio	-0.0147166216216216	0.0239039189189189	0.538120740230547	asthma_gwama	EOSINOPHIL_DISEASE	264712
Asthma	Eosinophilic disease	EOSINOPHIL_DISEASE	binary	rs146983365	Wald ratio	-0.0666255681818182	0.277344886363636	0.810154735791122	asthma_gwama	EOSINOPHIL_DISEASE	264712
Asthma	Eosinophilic disease	EOSINOPHIL_DISEASE	binary	rs147200296	Wald ratio	-0.0543564102564103	0.0528635897435897	0.303837367354506	asthma_gwama	EOSINOPHIL_DISEASE	264712
Asthma	Eosinophilic disease	EOSINOPHIL_DISEASE	binary	rs1474011	Wald ratio	-9.07608749689287	14.9080536912752	0.542654149528314	asthma_gwama	EOSINOPHIL_DISEASE	264712
Asthma	Eosinophilic disease	EOSINOPHIL_DISEASE	binary	rs147471705	Wald ratio	1.94654288299762	1.52792841103328	0.202672210074956	asthma_gwama	EOSINOPHIL_DISEASE	264712
Asthma	Eosinophilic disease	EOSINOPHIL_DISEASE	binary	rs147739507	Wald ratio	1.92598013891281	1.09691751334596	0.0791206383558536	asthma_gwama	EOSINOPHIL_DISEASE	264712
Asthma	Eosinophilic disease	EOSINOPHIL_DISEASE	binary	rs147793459	Wald ratio	-1.37432026836158	15.5498764124294	0.929573522560595	asthma_gwama	EOSINOPHIL_DISEASE	264712
Asthma	Eosinophilic disease	EOSINOPHIL_DISEASE	binary	rs148083049	Wald ratio	5.00406760642401	7.90770741286205	0.526858446013164	asthma_gwama	EOSINOPHIL_DISEASE	264712
Asthma	Eosinophilic disease	EOSINOPHIL_DISEASE	binary	rs148238614	Wald ratio	-0.0162620535714286	0.0272138392857143	0.550129838735665	asthma_gwama	EOSINOPHIL_DISEASE	264712
Asthma	Eosinophilic disease	EOSINOPHIL_DISEASE	binary	rs148673593	Wald ratio	-0.743390562248996	1.83745983935743	0.685789838980447	asthma_gwama	EOSINOPHIL_DISEASE	264712
Asthma	Eosinophilic disease	EOSINOPHIL_DISEASE	binary	rs149064226	Wald ratio	-3.24839172736456	2.26225477165187	0.151028269835855	asthma_gwama	EOSINOPHIL_DISEASE	264712
Asthma	Eosinophilic disease	EOSINOPHIL_DISEASE	binary	rs149096812	Wald ratio	11.289199460586	19.1222263086919	0.55494224324174	asthma_gwama	EOSINOPHIL_DISEASE	264712
Asthma	Eosinophilic disease	EOSINOPHIL_DISEASE	binary	rs150059260	Wald ratio	-0.0643891719745223	0.0961082802547771	0.502880181690541	asthma_gwama	EOSINOPHIL_DISEASE	264712
Asthma	Eosinophilic disease	EOSINOPHIL_DISEASE	binary	rs150597587	Wald ratio	-9.28498875945228	12.7677294093603	0.467089249618555	asthma_gwama	EOSINOPHIL_DISEASE	264712
Asthma	Eosinophilic disease	EOSINOPHIL_DISEASE	binary	rs150786584	Wald ratio	3.68931037836786	16.7620854002529	0.825794418606755	asthma_gwama	EOSINOPHIL_DISEASE	264712
Asthma	Eosinophilic disease	EOSINOPHIL_DISEASE	binary	rs150788669	Wald ratio	0.336226560989754	1.76233741128386	0.848694477674784	asthma_gwama	EOSINOPHIL_DISEASE	264712
Asthma	Eosinophilic disease	EOSINOPHIL_DISEASE	binary	rs151158980	Wald ratio	-17.7959772239888	21.4720845966132	0.407219867900441	asthma_gwama	EOSINOPHIL_DISEASE	264712
Asthma	Eosinophilic disease	EOSINOPHIL_DISEASE	binary	rs151220143	Wald ratio	0.0625082872928177	0.0467894475138122	0.181566141339219	asthma_gwama	EOSINOPHIL_DISEASE	264712
Asthma	Eosinophilic disease	EOSINOPHIL_DISEASE	binary	rs151288460	Wald ratio	12.6476215098242	18.2101861427094	0.487346419299282	asthma_gwama	EOSINOPHIL_DISEASE	264712
Asthma	Eosinophilic disease	EOSINOPHIL_DISEASE	binary	rs151328686	Wald ratio	1.78038717867344	12.8937374378504	0.890175971471939	asthma_gwama	EOSINOPHIL_DISEASE	264712
Asthma	Eosinophilic disease	EOSINOPHIL_DISEASE	binary	rs1553754	Wald ratio	0.554735099337748	12.4344163907285	0.964415877856096	asthma_gwama	EOSINOPHIL_DISEASE	264712
Asthma	Eosinophilic disease	EOSINOPHIL_DISEASE	binary	rs1617988	Wald ratio	1.39621977270785	1.16392548919081	0.230303154043842	asthma_gwama	EOSINOPHIL_DISEASE	264712
Asthma	Eosinophilic disease	EOSINOPHIL_DISEASE	binary	rs1627507	Wald ratio	0.589595617605661	2.30518887663103	0.798129291404315	asthma_gwama	EOSINOPHIL_DISEASE	264712
Asthma	Eosinophilic disease	EOSINOPHIL_DISEASE	binary	rs163093	Wald ratio	1.6205699290112	2.24811761935202	0.470997882791578	asthma_gwama	EOSINOPHIL_DISEASE	264712
Asthma	Eosinophilic disease	EOSINOPHIL_DISEASE	binary	rs1644005	Wald ratio	2.65280658250676	2.28652314397355	0.245970514674911	asthma_gwama	EOSINOPHIL_DISEASE	264712
Asthma	Eosinophilic disease	EOSINOPHIL_DISEASE	binary	rs1663671	Wald ratio	-16.2554305799649	10.7162038664323	0.129291440320628	asthma_gwama	EOSINOPHIL_DISEASE	264712
Asthma	Eosinophilic disease	EOSINOPHIL_DISEASE	binary	rs1684466	Wald ratio	-9.5235134319348	9.3204195593118	0.306880205279709	asthma_gwama	EOSINOPHIL_DISEASE	264712
Asthma	Eosinophilic disease	EOSINOPHIL_DISEASE	binary	rs16924144	Wald ratio	14.1510283159463	9.33430700447094	0.129513422737256	asthma_gwama	EOSINOPHIL_DISEASE	264712
Asthma	Eosinophilic disease	EOSINOPHIL_DISEASE	binary	rs1705333	Wald ratio	7.0163708086785	9.82817225509533	0.475286586351738	asthma_gwama	EOSINOPHIL_DISEASE	264712
Asthma	Eosinophilic disease	EOSINOPHIL_DISEASE	binary	rs17057868	Wald ratio	-7.29572263048804	13.4348219332956	0.58709831971204	asthma_gwama	EOSINOPHIL_DISEASE	264712
Asthma	Eosinophilic disease	EOSINOPHIL_DISEASE	binary	rs17098678	Wald ratio	-3.76361809045226	15.9661909547739	0.813646665774433	asthma_gwama	EOSINOPHIL_DISEASE	264712
Asthma	Eosinophilic disease	EOSINOPHIL_DISEASE	binary	rs17168863	Wald ratio	0.0803836734693878	0.10107619047619	0.426451791521143	asthma_gwama	EOSINOPHIL_DISEASE	264712
Asthma	Eosinophilic disease	EOSINOPHIL_DISEASE	binary	rs17181428	Wald ratio	-11.5098223615465	16.5690700104493	0.487270210022382	asthma_gwama	EOSINOPHIL_DISEASE	264712
Asthma	Eosinophilic disease	EOSINOPHIL_DISEASE	binary	rs17204454	Wald ratio	8.71194280908326	12.6463204373423	0.490891541209149	asthma_gwama	EOSINOPHIL_DISEASE	264712
Asthma	Eosinophilic disease	EOSINOPHIL_DISEASE	binary	rs17445108	Wald ratio	-7.7312926359979	15.8532447087633	0.625777313150123	asthma_gwama	EOSINOPHIL_DISEASE	264712
Asthma	Eosinophilic disease	EOSINOPHIL_DISEASE	binary	rs174551	Wald ratio	1.12065004146189	1.21734320328459	0.357274795547512	asthma_gwama	EOSINOPHIL_DISEASE	264712
Asthma	Eosinophilic disease	EOSINOPHIL_DISEASE	binary	rs17547610	Wald ratio	-2.64781874192587	7.90608168538209	0.737693653501175	asthma_gwama	EOSINOPHIL_DISEASE	264712
Asthma	Eosinophilic disease	EOSINOPHIL_DISEASE	binary	rs17772583	Wald ratio	12.0118573413617	11.0148062374556	0.275484514166144	asthma_gwama	EOSINOPHIL_DISEASE	264712
Asthma	Eosinophilic disease	EOSINOPHIL_DISEASE	binary	rs1779773	Wald ratio	-1.00700834045563	1.79720314756417	0.57526138800018	asthma_gwama	EOSINOPHIL_DISEASE	264712
Asthma	Eosinophilic disease	EOSINOPHIL_DISEASE	binary	rs1787663	Wald ratio	43.4716623191843	20.3696466682476	0.0328313843657837	asthma_gwama	EOSINOPHIL_DISEASE	264712
Asthma	Eosinophilic disease	EOSINOPHIL_DISEASE	binary	rs179768	Wald ratio	-5.1898450319052	11.0218778486782	0.637735295575893	asthma_gwama	EOSINOPHIL_DISEASE	264712
Asthma	Eosinophilic disease	EOSINOPHIL_DISEASE	binary	rs1799595	Wald ratio	10.4804784514244	15.0341490138787	0.485733006123624	asthma_gwama	EOSINOPHIL_DISEASE	264712
Asthma	Eosinophilic disease	EOSINOPHIL_DISEASE	binary	rs1800440	Wald ratio	3.33002657218778	14.8948272807795	0.823092429845715	asthma_gwama	EOSINOPHIL_DISEASE	264712
Asthma	Eosinophilic disease	EOSINOPHIL_DISEASE	binary	rs181104005	Wald ratio	-0.01835536	0.01734364	0.289903299791976	asthma_gwama	EOSINOPHIL_DISEASE	264712
Asthma	Eosinophilic disease	EOSINOPHIL_DISEASE	binary	rs182417546	Wald ratio	0.0554778597785978	0.0597723247232472	0.353328234174012	asthma_gwama	EOSINOPHIL_DISEASE	264712
Asthma	Eosinophilic disease	EOSINOPHIL_DISEASE	binary	rs183861049	Wald ratio	0.00803668639053255	0.0146985798816568	0.584539379967142	asthma_gwama	EOSINOPHIL_DISEASE	264712
Asthma	Eosinophilic disease	EOSINOPHIL_DISEASE	binary	rs183886834	Wald ratio	-0.0765119047619048	0.0648895238095238	0.238354264607582	asthma_gwama	EOSINOPHIL_DISEASE	264712
Asthma	Eosinophilic disease	EOSINOPHIL_DISEASE	binary	rs184163934	Wald ratio	11.9708674659578	30.0933109097814	0.690783780991735	asthma_gwama	EOSINOPHIL_DISEASE	264712
Asthma	Eosinophilic disease	EOSINOPHIL_DISEASE	binary	rs184289015	Wald ratio	-0.0830818181818182	0.103775	0.423365744166126	asthma_gwama	EOSINOPHIL_DISEASE	264712
Asthma	Eosinophilic disease	EOSINOPHIL_DISEASE	binary	rs184482331	Wald ratio	1.72526703114991	1.93130930921984	0.371688658307237	asthma_gwama	EOSINOPHIL_DISEASE	264712
Asthma	Eosinophilic disease	EOSINOPHIL_DISEASE	binary	rs184739995	Wald ratio	0.00083667012987013	0.0758985714285714	0.991204674257368	asthma_gwama	EOSINOPHIL_DISEASE	264712
Asthma	Eosinophilic disease	EOSINOPHIL_DISEASE	binary	rs186399184	Wald ratio	-1.65189282741095	2.04338605792402	0.418854849414401	asthma_gwama	EOSINOPHIL_DISEASE	264712
Asthma	Eosinophilic disease	EOSINOPHIL_DISEASE	binary	rs186520974	Wald ratio	-1.78430496612315	1.4763358399722	0.226815132300253	asthma_gwama	EOSINOPHIL_DISEASE	264712
Asthma	Eosinophilic disease	EOSINOPHIL_DISEASE	binary	rs187228722	Wald ratio	-0.0500011904761905	0.267724603174603	0.851846046912217	asthma_gwama	EOSINOPHIL_DISEASE	264712
Asthma	Eosinophilic disease	EOSINOPHIL_DISEASE	binary	rs187528027	Wald ratio	-0.118233663366337	0.226807920792079	0.602161810864711	asthma_gwama	EOSINOPHIL_DISEASE	264712
Asthma	Eosinophilic disease	EOSINOPHIL_DISEASE	binary	rs187875490	Wald ratio	-0.0861443740095087	0.110613153724247	0.436103663621273	asthma_gwama	EOSINOPHIL_DISEASE	264712
Asthma	Eosinophilic disease	EOSINOPHIL_DISEASE	binary	rs187909364	Wald ratio	0.0169195263157895	0.0127427894736842	0.184253251534611	asthma_gwama	EOSINOPHIL_DISEASE	264712
Asthma	Eosinophilic disease	EOSINOPHIL_DISEASE	binary	rs188248983	Wald ratio	-0.0317511409395973	0.0431042281879195	0.461357640954139	asthma_gwama	EOSINOPHIL_DISEASE	264712
Asthma	Eosinophilic disease	EOSINOPHIL_DISEASE	binary	rs188388762	Wald ratio	-0.0538919786096257	0.108272192513369	0.618663550854755	asthma_gwama	EOSINOPHIL_DISEASE	264712
Asthma	Eosinophilic disease	EOSINOPHIL_DISEASE	binary	rs188573597	Wald ratio	0.547121651816758	1.44120455788683	0.704221548467166	asthma_gwama	EOSINOPHIL_DISEASE	264712
Asthma	Eosinophilic disease	EOSINOPHIL_DISEASE	binary	rs188575117	Wald ratio	21.1245759795487	37.8192812546089	0.576457745084331	asthma_gwama	EOSINOPHIL_DISEASE	264712
Asthma	Eosinophilic disease	EOSINOPHIL_DISEASE	binary	rs1888072	Wald ratio	11.8551441293649	13.8942816967424	0.393526735696621	asthma_gwama	EOSINOPHIL_DISEASE	264712
Asthma	Eosinophilic disease	EOSINOPHIL_DISEASE	binary	rs189099472	Wald ratio	4.13276425983779	3.11715140581687	0.184901177881213	asthma_gwama	EOSINOPHIL_DISEASE	264712
Asthma	Eosinophilic disease	EOSINOPHIL_DISEASE	binary	rs189321018	Wald ratio	0.0501444444444445	0.101751587301587	0.622145144785201	asthma_gwama	EOSINOPHIL_DISEASE	264712
Asthma	Eosinophilic disease	EOSINOPHIL_DISEASE	binary	rs189324776	Wald ratio	-2.23383845217156	2.47714788255987	0.367174596578883	asthma_gwama	EOSINOPHIL_DISEASE	264712
Asthma	Eosinophilic disease	EOSINOPHIL_DISEASE	binary	rs189488647	Wald ratio	5.97787439613527e-05	0.0172433816425121	0.997233927641331	asthma_gwama	EOSINOPHIL_DISEASE	264712
Asthma	Eosinophilic disease	EOSINOPHIL_DISEASE	binary	rs189539537	Wald ratio	0.0102089440993789	0.0948577639751553	0.914294191563919	asthma_gwama	EOSINOPHIL_DISEASE	264712
Asthma	Eosinophilic disease	EOSINOPHIL_DISEASE	binary	rs190438685	Wald ratio	-57.9308571428571	43.2646857142857	0.180574864313612	asthma_gwama	EOSINOPHIL_DISEASE	264712
Asthma	Eosinophilic disease	EOSINOPHIL_DISEASE	binary	rs191699156	Wald ratio	1.10475639140095	2.05163188033921	0.590247843133919	asthma_gwama	EOSINOPHIL_DISEASE	264712
Asthma	Eosinophilic disease	EOSINOPHIL_DISEASE	binary	rs192258066	Wald ratio	0.222748504823853	2.8880545975757	0.938522095976801	asthma_gwama	EOSINOPHIL_DISEASE	264712
Asthma	Eosinophilic disease	EOSINOPHIL_DISEASE	binary	rs192487861	Wald ratio	0.00295525095057034	0.00791958174904943	0.709031260728816	asthma_gwama	EOSINOPHIL_DISEASE	264712
Asthma	Eosinophilic disease	EOSINOPHIL_DISEASE	binary	rs192730519	Wald ratio	-0.198208487084871	0.735817343173432	0.787643537793612	asthma_gwama	EOSINOPHIL_DISEASE	264712
Asthma	Eosinophilic disease	EOSINOPHIL_DISEASE	binary	rs193117554	Wald ratio	-0.0283437583892617	0.0541006711409396	0.600342736334469	asthma_gwama	EOSINOPHIL_DISEASE	264712
Asthma	Eosinophilic disease	EOSINOPHIL_DISEASE	binary	rs193138021	Wald ratio	0.0145020909090909	0.0226943636363636	0.522811679524333	asthma_gwama	EOSINOPHIL_DISEASE	264712
Asthma	Eosinophilic disease	EOSINOPHIL_DISEASE	binary	rs1946131	Wald ratio	1.55203619909502	13.2736972704715	0.90691894089171	asthma_gwama	EOSINOPHIL_DISEASE	264712
Asthma	Eosinophilic disease	EOSINOPHIL_DISEASE	binary	rs194676	Wald ratio	0.594963508448945	1.96910710763364	0.762538571315839	asthma_gwama	EOSINOPHIL_DISEASE	264712
Asthma	Eosinophilic disease	EOSINOPHIL_DISEASE	binary	rs1963840	Wald ratio	-1.8405099048845	2.20192018880069	0.40323037233943	asthma_gwama	EOSINOPHIL_DISEASE	264712
Asthma	Eosinophilic disease	EOSINOPHIL_DISEASE	binary	rs1971814	Wald ratio	0.433945013827884	2.20502684236213	0.843985566130523	asthma_gwama	EOSINOPHIL_DISEASE	264712
Asthma	Eosinophilic disease	EOSINOPHIL_DISEASE	binary	rs1981551	Wald ratio	0.573381356658949	1.14816568047337	0.617505338971899	asthma_gwama	EOSINOPHIL_DISEASE	264712
Asthma	Eosinophilic disease	EOSINOPHIL_DISEASE	binary	rs199805492	Wald ratio	0.314290631314814	1.87176070881354	0.866652699858054	asthma_gwama	EOSINOPHIL_DISEASE	264712
Asthma	Eosinophilic disease	EOSINOPHIL_DISEASE	binary	rs200009375	Wald ratio	0.0216652095808383	0.0714880239520958	0.761843614059168	asthma_gwama	EOSINOPHIL_DISEASE	264712
Asthma	Eosinophilic disease	EOSINOPHIL_DISEASE	binary	rs200305098	Wald ratio	1.56752908491057	2.11262024657059	0.458097412921226	asthma_gwama	EOSINOPHIL_DISEASE	264712
Asthma	Eosinophilic disease	EOSINOPHIL_DISEASE	binary	rs200410144	Wald ratio	3.16850681150387	2.47095093936426	0.199736516613937	asthma_gwama	EOSINOPHIL_DISEASE	264712
Asthma	Eosinophilic disease	EOSINOPHIL_DISEASE	binary	rs200706434	Wald ratio	-0.0666255681818182	0.277344886363636	0.810154735791122	asthma_gwama	EOSINOPHIL_DISEASE	264712
Asthma	Eosinophilic disease	EOSINOPHIL_DISEASE	binary	rs201011002	Wald ratio	-3.15928691147341	22.8286454365382	0.889931138101666	asthma_gwama	EOSINOPHIL_DISEASE	264712
Asthma	Eosinophilic disease	EOSINOPHIL_DISEASE	binary	rs201519354	Wald ratio	0.126481565564838	1.9149564111878	0.947338560808482	asthma_gwama	EOSINOPHIL_DISEASE	264712
Asthma	Eosinophilic disease	EOSINOPHIL_DISEASE	binary	rs201782376	Wald ratio	-0.0666255681818182	0.277344886363636	0.810154735791122	asthma_gwama	EOSINOPHIL_DISEASE	264712
Asthma	Eosinophilic disease	EOSINOPHIL_DISEASE	binary	rs202204907	Wald ratio	1.28097520380958	1.34503845027663	0.340909016079765	asthma_gwama	EOSINOPHIL_DISEASE	264712
Asthma	Eosinophilic disease	EOSINOPHIL_DISEASE	binary	rs2029745	Wald ratio	-10.034659928406	12.7418825015793	0.430969598009744	asthma_gwama	EOSINOPHIL_DISEASE	264712
Asthma	Eosinophilic disease	EOSINOPHIL_DISEASE	binary	rs2032006	Wald ratio	3.47160570140353	2.2078103410661	0.11585311966977	asthma_gwama	EOSINOPHIL_DISEASE	264712
Asthma	Eosinophilic disease	EOSINOPHIL_DISEASE	binary	rs204992	Wald ratio	-16.6506302318868	7.99668045800058	0.0373248654327062	asthma_gwama	EOSINOPHIL_DISEASE	264712
Asthma	Eosinophilic disease	EOSINOPHIL_DISEASE	binary	rs2055456	Wald ratio	0.00806032679738562	0.0407601307189543	0.843240457596223	asthma_gwama	EOSINOPHIL_DISEASE	264712
Asthma	Eosinophilic disease	EOSINOPHIL_DISEASE	binary	rs2066844	Wald ratio	44.2831423895254	20.1102018548827	0.0276636298601467	asthma_gwama	EOSINOPHIL_DISEASE	264712
Asthma	Eosinophilic disease	EOSINOPHIL_DISEASE	binary	rs2070901	Wald ratio	21.8088399850802	12.4221745617307	0.0791502630593119	asthma_gwama	EOSINOPHIL_DISEASE	264712
Asthma	Eosinophilic disease	EOSINOPHIL_DISEASE	binary	rs2087630	Wald ratio	-0.0456067873303167	0.0758701357466063	0.547762421718781	asthma_gwama	EOSINOPHIL_DISEASE	264712
Asthma	Eosinophilic disease	EOSINOPHIL_DISEASE	binary	rs2111574	Wald ratio	1.68827101528384	2.17792712882096	0.438237247916102	asthma_gwama	EOSINOPHIL_DISEASE	264712
Asthma	Eosinophilic disease	EOSINOPHIL_DISEASE	binary	rs2143793	Wald ratio	2.3803477441148	1.58393778313127	0.132889641725783	asthma_gwama	EOSINOPHIL_DISEASE	264712
Asthma	Eosinophilic disease	EOSINOPHIL_DISEASE	binary	rs2205759	Wald ratio	-0.692434718945742	2.66505057078554	0.795002252462792	asthma_gwama	EOSINOPHIL_DISEASE	264712
Asthma	Eosinophilic disease	EOSINOPHIL_DISEASE	binary	rs2230624	Wald ratio	34.0927458403029	21.9661942072366	0.120649017339508	asthma_gwama	EOSINOPHIL_DISEASE	264712
Asthma	Eosinophilic disease	EOSINOPHIL_DISEASE	binary	rs223819	Wald ratio	24.37197875166	15.5341301460823	0.116664011497233	asthma_gwama	EOSINOPHIL_DISEASE	264712
Asthma	Eosinophilic disease	EOSINOPHIL_DISEASE	binary	rs2239349	Wald ratio	-18.3061696286664	17.0622742378269	0.283314523864628	asthma_gwama	EOSINOPHIL_DISEASE	264712
Asthma	Eosinophilic disease	EOSINOPHIL_DISEASE	binary	rs2243284	Wald ratio	-0.424504024767802	0.770174613003096	0.581511017229501	asthma_gwama	EOSINOPHIL_DISEASE	264712
Asthma	Eosinophilic disease	EOSINOPHIL_DISEASE	binary	rs2262046	Wald ratio	2.19084001584002	1.76107563607564	0.213486621795265	asthma_gwama	EOSINOPHIL_DISEASE	264712
Asthma	Eosinophilic disease	EOSINOPHIL_DISEASE	binary	rs227136	Wald ratio	2.06495938961359	15.1826975141521	0.891815421823713	asthma_gwama	EOSINOPHIL_DISEASE	264712
Asthma	Eosinophilic disease	EOSINOPHIL_DISEASE	binary	rs2274468	Wald ratio	-0.00477154591836735	0.0284513775510204	0.866812385822764	asthma_gwama	EOSINOPHIL_DISEASE	264712
Asthma	Eosinophilic disease	EOSINOPHIL_DISEASE	binary	rs2282160	Wald ratio	-28.5284911717496	12.0052166934189	0.0174852854078365	asthma_gwama	EOSINOPHIL_DISEASE	264712
Asthma	Eosinophilic disease	EOSINOPHIL_DISEASE	binary	rs2315649	Wald ratio	-6.59366515837104	13.0705666882137	0.613933483110005	asthma_gwama	EOSINOPHIL_DISEASE	264712
Asthma	Eosinophilic disease	EOSINOPHIL_DISEASE	binary	rs2381384	Wald ratio	15.3201497552078	12.1720264951522	0.208161866925138	asthma_gwama	EOSINOPHIL_DISEASE	264712
Asthma	Eosinophilic disease	EOSINOPHIL_DISEASE	binary	rs2428493	Wald ratio	17.8688848558177	12.9111716071789	0.166362644145677	asthma_gwama	EOSINOPHIL_DISEASE	264712
Asthma	Eosinophilic disease	EOSINOPHIL_DISEASE	binary	rs2439042	Wald ratio	0.325751651919428	2.11291126506162	0.877474157646727	asthma_gwama	EOSINOPHIL_DISEASE	264712
Asthma	Eosinophilic disease	EOSINOPHIL_DISEASE	binary	rs252872	Wald ratio	0.290225898489647	1.65018192288564	0.860392073544972	asthma_gwama	EOSINOPHIL_DISEASE	264712
Asthma	Eosinophilic disease	EOSINOPHIL_DISEASE	binary	rs2621348	Wald ratio	0.862464561730553	1.34358615868577	0.520930088639816	asthma_gwama	EOSINOPHIL_DISEASE	264712
Asthma	Eosinophilic disease	EOSINOPHIL_DISEASE	binary	rs2647074	Wald ratio	1.36974328567978	0.690631793925819	0.0473317879182029	asthma_gwama	EOSINOPHIL_DISEASE	264712
Asthma	Eosinophilic disease	EOSINOPHIL_DISEASE	binary	rs2652696	Wald ratio	0.396171821305842	1.22864089347079	0.747113928256287	asthma_gwama	EOSINOPHIL_DISEASE	264712
Asthma	Eosinophilic disease	EOSINOPHIL_DISEASE	binary	rs274945	Wald ratio	-2.31769157994324	11.2464900662252	0.8367273857829	asthma_gwama	EOSINOPHIL_DISEASE	264712
Asthma	Eosinophilic disease	EOSINOPHIL_DISEASE	binary	rs2766678	Wald ratio	-3.26774465442286	1.73278768520983	0.0593177381838761	asthma_gwama	EOSINOPHIL_DISEASE	264712
Asthma	Eosinophilic disease	EOSINOPHIL_DISEASE	binary	rs28373140	Wald ratio	-0.0476729850746269	0.0977805970149254	0.625868220268292	asthma_gwama	EOSINOPHIL_DISEASE	264712
Asthma	Eosinophilic disease	EOSINOPHIL_DISEASE	binary	rs28514280	Wald ratio	-0.287808877389873	2.19327643560364	0.8955986986066	asthma_gwama	EOSINOPHIL_DISEASE	264712
Asthma	Eosinophilic disease	EOSINOPHIL_DISEASE	binary	rs2852714	Wald ratio	4.9352553835202	12.0314290799075	0.681661485958454	asthma_gwama	EOSINOPHIL_DISEASE	264712
Asthma	Eosinophilic disease	EOSINOPHIL_DISEASE	binary	rs28588688	Wald ratio	0.776121460638411	1.83148927144827	0.671737042654915	asthma_gwama	EOSINOPHIL_DISEASE	264712
Asthma	Eosinophilic disease	EOSINOPHIL_DISEASE	binary	rs28607030	Wald ratio	-7.05497311827957	14.7581765232975	0.632622969411608	asthma_gwama	EOSINOPHIL_DISEASE	264712
Asthma	Eosinophilic disease	EOSINOPHIL_DISEASE	binary	rs28617673	Wald ratio	1.11282746160795	10.129539295393	0.912520697516378	asthma_gwama	EOSINOPHIL_DISEASE	264712
Asthma	Eosinophilic disease	EOSINOPHIL_DISEASE	binary	rs28635831	Wald ratio	1.77210872618842	1.52636092560191	0.245640915897886	asthma_gwama	EOSINOPHIL_DISEASE	264712
Asthma	Eosinophilic disease	EOSINOPHIL_DISEASE	binary	rs28893537	Wald ratio	-0.285642478683463	0.915014561914453	0.754909351143388	asthma_gwama	EOSINOPHIL_DISEASE	264712
Asthma	Eosinophilic disease	EOSINOPHIL_DISEASE	binary	rs3024664	Wald ratio	0.808506751908148	6.89301324287299	0.906627348914082	asthma_gwama	EOSINOPHIL_DISEASE	264712
Asthma	Eosinophilic disease	EOSINOPHIL_DISEASE	binary	rs3024971	Wald ratio	14.1006248792115	9.11292920182954	0.12178590916803	asthma_gwama	EOSINOPHIL_DISEASE	264712
Asthma	Eosinophilic disease	EOSINOPHIL_DISEASE	binary	rs3091308	Wald ratio	1.82697414968777	0.661636742101863	0.00575726682068872	asthma_gwama	EOSINOPHIL_DISEASE	264712
Asthma	Eosinophilic disease	EOSINOPHIL_DISEASE	binary	rs3116990	Wald ratio	-1.51938683948156	1.30561814556331	0.244533499002012	asthma_gwama	EOSINOPHIL_DISEASE	264712
Asthma	Eosinophilic disease	EOSINOPHIL_DISEASE	binary	rs3122929	Wald ratio	-8.04926174496644	5.78271332694152	0.163936809897151	asthma_gwama	EOSINOPHIL_DISEASE	264712
Asthma	Eosinophilic disease	EOSINOPHIL_DISEASE	binary	rs3131024	Wald ratio	-6.75174230631062	15.1753083463058	0.656380230009795	asthma_gwama	EOSINOPHIL_DISEASE	264712
Asthma	Eosinophilic disease	EOSINOPHIL_DISEASE	binary	rs3135911	Wald ratio	-2.43868799258229	1.82993451553083	0.182642066889918	asthma_gwama	EOSINOPHIL_DISEASE	264712
Asthma	Eosinophilic disease	EOSINOPHIL_DISEASE	binary	rs322355	Wald ratio	2.19872938378243	1.86397208399837	0.238161923145278	asthma_gwama	EOSINOPHIL_DISEASE	264712
Asthma	Eosinophilic disease	EOSINOPHIL_DISEASE	binary	rs34108746	Wald ratio	10.494945172506	13.1037576892217	0.423183105340535	asthma_gwama	EOSINOPHIL_DISEASE	264712
Asthma	Eosinophilic disease	EOSINOPHIL_DISEASE	binary	rs34111295	Wald ratio	-0.0692567741935484	2.20211612903226	0.974910586244675	asthma_gwama	EOSINOPHIL_DISEASE	264712
Asthma	Eosinophilic disease	EOSINOPHIL_DISEASE	binary	rs34173062	Wald ratio	30.141964028085	13.1063768394729	0.021459905609916	asthma_gwama	EOSINOPHIL_DISEASE	264712
Asthma	Eosinophilic disease	EOSINOPHIL_DISEASE	binary	rs34215892	Wald ratio	-7.09459572335449	15.5723354493819	0.648685047161871	asthma_gwama	EOSINOPHIL_DISEASE	264712
Asthma	Eosinophilic disease	EOSINOPHIL_DISEASE	binary	rs34240248	Wald ratio	-0.151187648456057	2.25959475995105	0.946653999220392	asthma_gwama	EOSINOPHIL_DISEASE	264712
Asthma	Eosinophilic disease	EOSINOPHIL_DISEASE	binary	rs34368225	Wald ratio	-1.13084204371026	2.37512974197793	0.633990307641883	asthma_gwama	EOSINOPHIL_DISEASE	264712
Asthma	Eosinophilic disease	EOSINOPHIL_DISEASE	binary	rs34607223	Wald ratio	4.87017849649785	2.27453277815435	0.0322597236196008	asthma_gwama	EOSINOPHIL_DISEASE	264712
Asthma	Eosinophilic disease	EOSINOPHIL_DISEASE	binary	rs34630948	Wald ratio	-1.20483746386247	1.76859841546576	0.495720543308743	asthma_gwama	EOSINOPHIL_DISEASE	264712
Asthma	Eosinophilic disease	EOSINOPHIL_DISEASE	binary	rs34660307	Wald ratio	-4.45749842964824	12.6323021356784	0.724189583606328	asthma_gwama	EOSINOPHIL_DISEASE	264712
Asthma	Eosinophilic disease	EOSINOPHIL_DISEASE	binary	rs34712979	Wald ratio	0.57960843984581	14.0630350983972	0.967124470151535	asthma_gwama	EOSINOPHIL_DISEASE	264712
Asthma	Eosinophilic disease	EOSINOPHIL_DISEASE	binary	rs35032841	Wald ratio	-0.345247148288973	2.01328503998951	0.863842828900518	asthma_gwama	EOSINOPHIL_DISEASE	264712
Asthma	Eosinophilic disease	EOSINOPHIL_DISEASE	binary	rs35167234	Wald ratio	-29.5646484808161	14.0245508982036	0.0350254685759324	asthma_gwama	EOSINOPHIL_DISEASE	264712
Asthma	Eosinophilic disease	EOSINOPHIL_DISEASE	binary	rs35177143	Wald ratio	-3.49455201443175	1.51994467829224	0.0214974984393249	asthma_gwama	EOSINOPHIL_DISEASE	264712
Asthma	Eosinophilic disease	EOSINOPHIL_DISEASE	binary	rs35330847	Wald ratio	-2.22721141088014	13.7710084033613	0.871516979421384	asthma_gwama	EOSINOPHIL_DISEASE	264712
Asthma	Eosinophilic disease	EOSINOPHIL_DISEASE	binary	rs35407628	Wald ratio	-0.231994427244582	2.71781424148607	0.931974664865476	asthma_gwama	EOSINOPHIL_DISEASE	264712
Asthma	Eosinophilic disease	EOSINOPHIL_DISEASE	binary	rs35449774	Wald ratio	-14.6073749646793	15.3769426391636	0.342136062867565	asthma_gwama	EOSINOPHIL_DISEASE	264712
Asthma	Eosinophilic disease	EOSINOPHIL_DISEASE	binary	rs35453239	Wald ratio	0.0647009938313914	19.2954078135709	0.997324553707084	asthma_gwama	EOSINOPHIL_DISEASE	264712
Asthma	Eosinophilic disease	EOSINOPHIL_DISEASE	binary	rs35462600	Wald ratio	-35.5766991953433	22.4060092449923	0.112327152632506	asthma_gwama	EOSINOPHIL_DISEASE	264712
Asthma	Eosinophilic disease	EOSINOPHIL_DISEASE	binary	rs35586997	Wald ratio	1.02816369713145	1.4699944696915	0.484281022196614	asthma_gwama	EOSINOPHIL_DISEASE	264712
Asthma	Eosinophilic disease	EOSINOPHIL_DISEASE	binary	rs35668054	Wald ratio	21.2187341128622	13.1039654295882	0.105391217473769	asthma_gwama	EOSINOPHIL_DISEASE	264712
Asthma	Eosinophilic disease	EOSINOPHIL_DISEASE	binary	rs35960329	Wald ratio	-8.982941371315	19.4527989400464	0.64423806689618	asthma_gwama	EOSINOPHIL_DISEASE	264712
Asthma	Eosinophilic disease	EOSINOPHIL_DISEASE	binary	rs36198584	Wald ratio	-3.26642791704839	1.74462396935121	0.0611676105857154	asthma_gwama	EOSINOPHIL_DISEASE	264712
Asthma	Eosinophilic disease	EOSINOPHIL_DISEASE	binary	rs364359	Wald ratio	0.718028230819864	2.18013969136254	0.741891424832856	asthma_gwama	EOSINOPHIL_DISEASE	264712
Asthma	Eosinophilic disease	EOSINOPHIL_DISEASE	binary	rs368560236	Wald ratio	-0.0908892857142857	0.113545535714286	0.423441135902565	asthma_gwama	EOSINOPHIL_DISEASE	264712
Asthma	Eosinophilic disease	EOSINOPHIL_DISEASE	binary	rs369028166	Wald ratio	0.854323596980637	1.3687561535937	0.532522150436305	asthma_gwama	EOSINOPHIL_DISEASE	264712
Asthma	Eosinophilic disease	EOSINOPHIL_DISEASE	binary	rs371235274	Wald ratio	-0.0900849557522124	0.112540707964602	0.423441135902565	asthma_gwama	EOSINOPHIL_DISEASE	264712
Asthma	Eosinophilic disease	EOSINOPHIL_DISEASE	binary	rs371891784	Wald ratio	-0.103608487514556	2.58796092638116	0.968065385394715	asthma_gwama	EOSINOPHIL_DISEASE	264712
Asthma	Eosinophilic disease	EOSINOPHIL_DISEASE	binary	rs372911770	Wald ratio	-0.118367441860465	0.147873255813953	0.423441135902565	asthma_gwama	EOSINOPHIL_DISEASE	264712
Asthma	Eosinophilic disease	EOSINOPHIL_DISEASE	binary	rs374381259	Wald ratio	-0.093627027027027	0.102265765765766	0.359915253920369	asthma_gwama	EOSINOPHIL_DISEASE	264712
Asthma	Eosinophilic disease	EOSINOPHIL_DISEASE	binary	rs3749833	Wald ratio	13.2001975042643	5.56848011491157	0.0177630481651022	asthma_gwama	EOSINOPHIL_DISEASE	264712
Asthma	Eosinophilic disease	EOSINOPHIL_DISEASE	binary	rs376573492	Wald ratio	-0.0578780769230769	0.251469230769231	0.817967693856263	asthma_gwama	EOSINOPHIL_DISEASE	264712
Asthma	Eosinophilic disease	EOSINOPHIL_DISEASE	binary	rs3774190	Wald ratio	-0.157002777777778	0.507402777777778	0.756998745384898	asthma_gwama	EOSINOPHIL_DISEASE	264712
Asthma	Eosinophilic disease	EOSINOPHIL_DISEASE	binary	rs377618546	Wald ratio	-0.751200541088942	2.12273982640063	0.723426919713574	asthma_gwama	EOSINOPHIL_DISEASE	264712
Asthma	Eosinophilic disease	EOSINOPHIL_DISEASE	binary	rs3777755	Wald ratio	50.46227929374	15.2315294657189	0.000922961662182039	asthma_gwama	EOSINOPHIL_DISEASE	264712
Asthma	Eosinophilic disease	EOSINOPHIL_DISEASE	binary	rs3825729	Wald ratio	1.26784032534247	1.29633561643836	0.328065132252731	asthma_gwama	EOSINOPHIL_DISEASE	264712
Asthma	Eosinophilic disease	EOSINOPHIL_DISEASE	binary	rs3826620	Wald ratio	-12.3948451465392	14.1782373726876	0.382000511993356	asthma_gwama	EOSINOPHIL_DISEASE	264712
Asthma	Eosinophilic disease	EOSINOPHIL_DISEASE	binary	rs3828058	Wald ratio	-16.9108112300295	9.7552815262913	0.0830062785607721	asthma_gwama	EOSINOPHIL_DISEASE	264712
Asthma	Eosinophilic disease	EOSINOPHIL_DISEASE	binary	rs3867128	Wald ratio	0.714093345317754	1.40764173241453	0.611945986015309	asthma_gwama	EOSINOPHIL_DISEASE	264712
Asthma	Eosinophilic disease	EOSINOPHIL_DISEASE	binary	rs4097694	Wald ratio	3.08946399687657	1.90744975551713	0.105300383704769	asthma_gwama	EOSINOPHIL_DISEASE	264712
Asthma	Eosinophilic disease	EOSINOPHIL_DISEASE	binary	rs41265154	Wald ratio	-11.0503896103896	34.3518181818182	0.74769299723769	asthma_gwama	EOSINOPHIL_DISEASE	264712
Asthma	Eosinophilic disease	EOSINOPHIL_DISEASE	binary	rs41283642	Wald ratio	22.9329352319706	10.5020014436643	0.0289862975158624	asthma_gwama	EOSINOPHIL_DISEASE	264712
Asthma	Eosinophilic disease	EOSINOPHIL_DISEASE	binary	rs41285280	Wald ratio	-6.66485550672526	9.27119456652018	0.472216245676929	asthma_gwama	EOSINOPHIL_DISEASE	264712
Asthma	Eosinophilic disease	EOSINOPHIL_DISEASE	binary	rs4141168	Wald ratio	4.63779355883635	1.97089329097365	0.0186154784764682	asthma_gwama	EOSINOPHIL_DISEASE	264712
Asthma	Eosinophilic disease	EOSINOPHIL_DISEASE	binary	rs4245080	Wald ratio	-5.04745982374287	15.3903317781234	0.742939616691284	asthma_gwama	EOSINOPHIL_DISEASE	264712
Asthma	Eosinophilic disease	EOSINOPHIL_DISEASE	binary	rs4365903	Wald ratio	-5.01827081153789	2.21794574801973	0.0236618391791579	asthma_gwama	EOSINOPHIL_DISEASE	264712
Asthma	Eosinophilic disease	EOSINOPHIL_DISEASE	binary	rs4385322	Wald ratio	0.858490671746316	1.68630735615441	0.610685624600916	asthma_gwama	EOSINOPHIL_DISEASE	264712
Asthma	Eosinophilic disease	EOSINOPHIL_DISEASE	binary	rs4393428	Wald ratio	-4.78467868338558	11.6994318181818	0.68256405752656	asthma_gwama	EOSINOPHIL_DISEASE	264712
Asthma	Eosinophilic disease	EOSINOPHIL_DISEASE	binary	rs4510515	Wald ratio	-4.6317649578752	2.30508353562759	0.044497943617694	asthma_gwama	EOSINOPHIL_DISEASE	264712
Asthma	Eosinophilic disease	EOSINOPHIL_DISEASE	binary	rs45473596	Wald ratio	-0.00611136094674556	0.0133796449704142	0.647839566971301	asthma_gwama	EOSINOPHIL_DISEASE	264712
Asthma	Eosinophilic disease	EOSINOPHIL_DISEASE	binary	rs4548024	Wald ratio	-5.56770948660361	2.13485907696201	0.00910733265321223	asthma_gwama	EOSINOPHIL_DISEASE	264712
Asthma	Eosinophilic disease	EOSINOPHIL_DISEASE	binary	rs4550510	Wald ratio	-0.787472889088326	2.4170256525316	0.744573821895803	asthma_gwama	EOSINOPHIL_DISEASE	264712
Asthma	Eosinophilic disease	EOSINOPHIL_DISEASE	binary	rs4665699	Wald ratio	5.49025228126677	15.6462694578637	0.725664506541731	asthma_gwama	EOSINOPHIL_DISEASE	264712
Asthma	Eosinophilic disease	EOSINOPHIL_DISEASE	binary	rs4673685	Wald ratio	0.345501176163095	2.42093570308416	0.886516138374387	asthma_gwama	EOSINOPHIL_DISEASE	264712
Asthma	Eosinophilic disease	EOSINOPHIL_DISEASE	binary	rs4713678	Wald ratio	-9.91011644832606	14.4963852498787	0.494210901133157	asthma_gwama	EOSINOPHIL_DISEASE	264712
Asthma	Eosinophilic disease	EOSINOPHIL_DISEASE	binary	rs4719622	Wald ratio	-1.25870262390671	16.0144314868805	0.937352361604609	asthma_gwama	EOSINOPHIL_DISEASE	264712
Asthma	Eosinophilic disease	EOSINOPHIL_DISEASE	binary	rs4749997	Wald ratio	9.54746835443038	13.8412974683544	0.490331721360794	asthma_gwama	EOSINOPHIL_DISEASE	264712
Asthma	Eosinophilic disease	EOSINOPHIL_DISEASE	binary	rs4785704	Wald ratio	-0.247453357100416	2.01069994058229	0.90205303950383	asthma_gwama	EOSINOPHIL_DISEASE	264712
Asthma	Eosinophilic disease	EOSINOPHIL_DISEASE	binary	rs4787938	Wald ratio	7.60455280795008	14.1519759648717	0.591026433993799	asthma_gwama	EOSINOPHIL_DISEASE	264712
Asthma	Eosinophilic disease	EOSINOPHIL_DISEASE	binary	rs4833096	Wald ratio	0.267693357315636	1.12466166346213	0.811864624832677	asthma_gwama	EOSINOPHIL_DISEASE	264712
Asthma	Eosinophilic disease	EOSINOPHIL_DISEASE	binary	rs4833938	Wald ratio	-0.230289620302874	2.05013867412807	0.910562705968586	asthma_gwama	EOSINOPHIL_DISEASE	264712
Asthma	Eosinophilic disease	EOSINOPHIL_DISEASE	binary	rs4845604	Wald ratio	-20.9549204136168	10.3208551179273	0.0423212485475532	asthma_gwama	EOSINOPHIL_DISEASE	264712
Asthma	Eosinophilic disease	EOSINOPHIL_DISEASE	binary	rs4855569	Wald ratio	16.1305016336729	14.3480107630213	0.26091435735075	asthma_gwama	EOSINOPHIL_DISEASE	264712
Asthma	Eosinophilic disease	EOSINOPHIL_DISEASE	binary	rs4897221	Wald ratio	-1.31432149747825	2.0229699082693	0.515886679237705	asthma_gwama	EOSINOPHIL_DISEASE	264712
Asthma	Eosinophilic disease	EOSINOPHIL_DISEASE	binary	rs4900299	Wald ratio	-0.0163986446886447	0.0136306227106227	0.228947773648796	asthma_gwama	EOSINOPHIL_DISEASE	264712
Asthma	Eosinophilic disease	EOSINOPHIL_DISEASE	binary	rs4916532	Wald ratio	6.81672208097008	15.6495012712693	0.663136275999806	asthma_gwama	EOSINOPHIL_DISEASE	264712
Asthma	Eosinophilic disease	EOSINOPHIL_DISEASE	binary	rs5008056	Wald ratio	1.70483541893362	2.08225312840044	0.412931620154803	asthma_gwama	EOSINOPHIL_DISEASE	264712
Asthma	Eosinophilic disease	EOSINOPHIL_DISEASE	binary	rs509399	Wald ratio	12.716431293432	13.8206680116566	0.357519194121612	asthma_gwama	EOSINOPHIL_DISEASE	264712
Asthma	Eosinophilic disease	EOSINOPHIL_DISEASE	binary	rs528498619	Wald ratio	-0.0535643055555556	0.0627043055555556	0.392973971567788	asthma_gwama	EOSINOPHIL_DISEASE	264712
Asthma	Eosinophilic disease	EOSINOPHIL_DISEASE	binary	rs529670342	Wald ratio	-0.0974673913043478	0.166611594202899	0.558549295962015	asthma_gwama	EOSINOPHIL_DISEASE	264712
Asthma	Eosinophilic disease	EOSINOPHIL_DISEASE	binary	rs530232231	Wald ratio	-0.0522628865979382	0.0888056701030928	0.556191068786032	asthma_gwama	EOSINOPHIL_DISEASE	264712
Asthma	Eosinophilic disease	EOSINOPHIL_DISEASE	binary	rs531660643	Wald ratio	1.49845432982074	2.00278026208345	0.454347318834445	asthma_gwama	EOSINOPHIL_DISEASE	264712
Asthma	Eosinophilic disease	EOSINOPHIL_DISEASE	binary	rs532600469	Wald ratio	-0.481998722860792	0.365457215836526	0.187205107097527	asthma_gwama	EOSINOPHIL_DISEASE	264712
Asthma	Eosinophilic disease	EOSINOPHIL_DISEASE	binary	rs533283473	Wald ratio	-0.0198545426829268	0.019299756097561	0.303599150241353	asthma_gwama	EOSINOPHIL_DISEASE	264712
Asthma	Eosinophilic disease	EOSINOPHIL_DISEASE	binary	rs533588713	Wald ratio	-0.0451243438914027	0.144628959276018	0.755039952689045	asthma_gwama	EOSINOPHIL_DISEASE	264712
Asthma	Eosinophilic disease	EOSINOPHIL_DISEASE	binary	rs533591327	Wald ratio	-0.0446616740088106	0.0607405286343612	0.462165195605812	asthma_gwama	EOSINOPHIL_DISEASE	264712
Asthma	Eosinophilic disease	EOSINOPHIL_DISEASE	binary	rs533959313	Wald ratio	-0.00305799275362319	0.0678713768115942	0.964062907571872	asthma_gwama	EOSINOPHIL_DISEASE	264712
Asthma	Eosinophilic disease	EOSINOPHIL_DISEASE	binary	rs534188121	Wald ratio	-0.0324996949152542	0.0478728813559322	0.49721716548852	asthma_gwama	EOSINOPHIL_DISEASE	264712
Asthma	Eosinophilic disease	EOSINOPHIL_DISEASE	binary	rs534820243	Wald ratio	0.0246187128712871	0.0197264356435644	0.212028807403492	asthma_gwama	EOSINOPHIL_DISEASE	264712
Asthma	Eosinophilic disease	EOSINOPHIL_DISEASE	binary	rs535852797	Wald ratio	0.21767967032967	0.0856895604395604	0.0110748254023138	asthma_gwama	EOSINOPHIL_DISEASE	264712
Asthma	Eosinophilic disease	EOSINOPHIL_DISEASE	binary	rs537880376	Wald ratio	-0.087969375	0.163186607142857	0.589836987562407	asthma_gwama	EOSINOPHIL_DISEASE	264712
Asthma	Eosinophilic disease	EOSINOPHIL_DISEASE	binary	rs538313772	Wald ratio	0.0594814269952188	2.41236751479488	0.980328659087548	asthma_gwama	EOSINOPHIL_DISEASE	264712
Asthma	Eosinophilic disease	EOSINOPHIL_DISEASE	binary	rs538590173	Wald ratio	0.139093532338308	0.0640728855721393	0.0299414405588421	asthma_gwama	EOSINOPHIL_DISEASE	264712
Asthma	Eosinophilic disease	EOSINOPHIL_DISEASE	binary	rs541612525	Wald ratio	-19.0631891263382	12.0483140210898	0.113597353820249	asthma_gwama	EOSINOPHIL_DISEASE	264712
Asthma	Eosinophilic disease	EOSINOPHIL_DISEASE	binary	rs542000946	Wald ratio	0.251319727891157	0.179472108843537	0.16141527213626	asthma_gwama	EOSINOPHIL_DISEASE	264712
Asthma	Eosinophilic disease	EOSINOPHIL_DISEASE	binary	rs544253	Wald ratio	-21.1417322834646	11.4685914260717	0.065263877211689	asthma_gwama	EOSINOPHIL_DISEASE	264712
Asthma	Eosinophilic disease	EOSINOPHIL_DISEASE	binary	rs545072519	Wald ratio	-313.012021036814	726.342599549211	0.666510054598408	asthma_gwama	EOSINOPHIL_DISEASE	264712
Asthma	Eosinophilic disease	EOSINOPHIL_DISEASE	binary	rs545239531	Wald ratio	0.00603453383458647	0.0555863157894737	0.913550298575262	asthma_gwama	EOSINOPHIL_DISEASE	264712
Asthma	Eosinophilic disease	EOSINOPHIL_DISEASE	binary	rs545377435	Wald ratio	-0.107936475409836	0.604787909836066	0.858353909161292	asthma_gwama	EOSINOPHIL_DISEASE	264712
Asthma	Eosinophilic disease	EOSINOPHIL_DISEASE	binary	rs545989971	Wald ratio	0.00235260344827586	0.056508908045977	0.966791716157614	asthma_gwama	EOSINOPHIL_DISEASE	264712
Asthma	Eosinophilic disease	EOSINOPHIL_DISEASE	binary	rs546250872	Wald ratio	-0.0299231404958678	0.0381829201101928	0.433228674552252	asthma_gwama	EOSINOPHIL_DISEASE	264712
Asthma	Eosinophilic disease	EOSINOPHIL_DISEASE	binary	rs548208154	Wald ratio	0.0125189189189189	0.0141062162162162	0.374823041437364	asthma_gwama	EOSINOPHIL_DISEASE	264712
Asthma	Eosinophilic disease	EOSINOPHIL_DISEASE	binary	rs548299021	Wald ratio	0.0270740963855422	0.0422246987951807	0.521398603352791	asthma_gwama	EOSINOPHIL_DISEASE	264712
Asthma	Eosinophilic disease	EOSINOPHIL_DISEASE	binary	rs548785166	Wald ratio	0.0400847142857143	0.0371911428571429	0.281121813194116	asthma_gwama	EOSINOPHIL_DISEASE	264712
Asthma	Eosinophilic disease	EOSINOPHIL_DISEASE	binary	rs549479504	Wald ratio	0.0736	0.128812138728324	0.567745660063382	asthma_gwama	EOSINOPHIL_DISEASE	264712
Asthma	Eosinophilic disease	EOSINOPHIL_DISEASE	binary	rs549956721	Wald ratio	0.565587341627014	2.72148139654876	0.835366911222393	asthma_gwama	EOSINOPHIL_DISEASE	264712
Asthma	Eosinophilic disease	EOSINOPHIL_DISEASE	binary	rs550188093	Wald ratio	-0.035587898089172	0.055675796178344	0.522693659601257	asthma_gwama	EOSINOPHIL_DISEASE	264712
Asthma	Eosinophilic disease	EOSINOPHIL_DISEASE	binary	rs551235185	Wald ratio	-0.0537456730769231	0.0646961538461539	0.406120609643735	asthma_gwama	EOSINOPHIL_DISEASE	264712
Asthma	Eosinophilic disease	EOSINOPHIL_DISEASE	binary	rs551258059	Wald ratio	0.0022735923566879	0.0107936942675159	0.833167575532114	asthma_gwama	EOSINOPHIL_DISEASE	264712
Asthma	Eosinophilic disease	EOSINOPHIL_DISEASE	binary	rs551599729	Wald ratio	-0.00856363157894737	0.0100273684210526	0.393090680992472	asthma_gwama	EOSINOPHIL_DISEASE	264712
Asthma	Eosinophilic disease	EOSINOPHIL_DISEASE	binary	rs554005245	Wald ratio	0.00636754464285714	0.0210113839285714	0.761850134764641	asthma_gwama	EOSINOPHIL_DISEASE	264712
Asthma	Eosinophilic disease	EOSINOPHIL_DISEASE	binary	rs554870125	Wald ratio	-0.015606218487395	0.0630526050420168	0.804512716182834	asthma_gwama	EOSINOPHIL_DISEASE	264712
Asthma	Eosinophilic disease	EOSINOPHIL_DISEASE	binary	rs554911459	Wald ratio	-0.0164594155844156	0.023343961038961	0.480758971712371	asthma_gwama	EOSINOPHIL_DISEASE	264712
Asthma	Eosinophilic disease	EOSINOPHIL_DISEASE	binary	rs554917545	Wald ratio	-0.0279953697749196	0.0495909967845659	0.572396722117301	asthma_gwama	EOSINOPHIL_DISEASE	264712
Asthma	Eosinophilic disease	EOSINOPHIL_DISEASE	binary	rs555284836	Wald ratio	-0.00054955871886121	0.00793975088967971	0.944817595132841	asthma_gwama	EOSINOPHIL_DISEASE	264712
Asthma	Eosinophilic disease	EOSINOPHIL_DISEASE	binary	rs555738319	Wald ratio	0.0697963636363636	0.0348825454545455	0.0454035432177928	asthma_gwama	EOSINOPHIL_DISEASE	264712
Asthma	Eosinophilic disease	EOSINOPHIL_DISEASE	binary	rs555805184	Wald ratio	0.0861690647482014	0.557705035971223	0.877210370092614	asthma_gwama	EOSINOPHIL_DISEASE	264712
Asthma	Eosinophilic disease	EOSINOPHIL_DISEASE	binary	rs55646091	Wald ratio	11.341892037884	5.69725233173683	0.0465066999474001	asthma_gwama	EOSINOPHIL_DISEASE	264712
Asthma	Eosinophilic disease	EOSINOPHIL_DISEASE	binary	rs55661102	Wald ratio	8.81194865810969	8.44660443407235	0.296830954879775	asthma_gwama	EOSINOPHIL_DISEASE	264712
Asthma	Eosinophilic disease	EOSINOPHIL_DISEASE	binary	rs55745041	Wald ratio	-0.481631821884333	2.04039166440402	0.81339487220384	asthma_gwama	EOSINOPHIL_DISEASE	264712
Asthma	Eosinophilic disease	EOSINOPHIL_DISEASE	binary	rs55786261	Wald ratio	-1.49655008080892	2.00095313082757	0.454509252721382	asthma_gwama	EOSINOPHIL_DISEASE	264712
Asthma	Eosinophilic disease	EOSINOPHIL_DISEASE	binary	rs55861950	Wald ratio	-14.9294057377049	16.2599385245902	0.358529293120185	asthma_gwama	EOSINOPHIL_DISEASE	264712
Asthma	Eosinophilic disease	EOSINOPHIL_DISEASE	binary	rs55864359	Wald ratio	0.215090547922529	2.00110577718921	0.914403553315802	asthma_gwama	EOSINOPHIL_DISEASE	264712
Asthma	Eosinophilic disease	EOSINOPHIL_DISEASE	binary	rs559369964	Wald ratio	-0.0367414985590778	0.131022766570605	0.779154742108111	asthma_gwama	EOSINOPHIL_DISEASE	264712
Asthma	Eosinophilic disease	EOSINOPHIL_DISEASE	binary	rs559712054	Wald ratio	0.0174465551839465	0.0339886287625418	0.607737532277375	asthma_gwama	EOSINOPHIL_DISEASE	264712
Asthma	Eosinophilic disease	EOSINOPHIL_DISEASE	binary	rs55978515	Wald ratio	-9.54850195397308	14.5217108119844	0.510838353191658	asthma_gwama	EOSINOPHIL_DISEASE	264712
Asthma	Eosinophilic disease	EOSINOPHIL_DISEASE	binary	rs56078635	Wald ratio	-52.1358440797186	16.0596424384525	0.00116879079480851	asthma_gwama	EOSINOPHIL_DISEASE	264712
Asthma	Eosinophilic disease	EOSINOPHIL_DISEASE	binary	rs56089125	Wald ratio	3.32293974225009	2.07126785092302	0.108647438095372	asthma_gwama	EOSINOPHIL_DISEASE	264712
Asthma	Eosinophilic disease	EOSINOPHIL_DISEASE	binary	rs560979380	Wald ratio	-0.100294285714286	0.562130476190476	0.858394587835347	asthma_gwama	EOSINOPHIL_DISEASE	264712
Asthma	Eosinophilic disease	EOSINOPHIL_DISEASE	binary	rs56118007	Wald ratio	-13.3730871015994	23.7600966517087	0.573545149596034	asthma_gwama	EOSINOPHIL_DISEASE	264712
Asthma	Eosinophilic disease	EOSINOPHIL_DISEASE	binary	rs561226516	Wald ratio	0.0329875342465753	0.0207011643835616	0.111045590843959	asthma_gwama	EOSINOPHIL_DISEASE	264712
Asthma	Eosinophilic disease	EOSINOPHIL_DISEASE	binary	rs56179589	Wald ratio	1.5648211282331	4.40134210645938	0.722190537361183	asthma_gwama	EOSINOPHIL_DISEASE	264712
Asthma	Eosinophilic disease	EOSINOPHIL_DISEASE	binary	rs56188488	Wald ratio	31.0194709772226	25.3416911584619	0.220933754498679	asthma_gwama	EOSINOPHIL_DISEASE	264712
Asthma	Eosinophilic disease	EOSINOPHIL_DISEASE	binary	rs562623682	Wald ratio	0.290005833333333	0.125655	0.0210017511339904	asthma_gwama	EOSINOPHIL_DISEASE	264712
Asthma	Eosinophilic disease	EOSINOPHIL_DISEASE	binary	rs565606835	Wald ratio	0.323622268907563	1.38806302521008	0.815647517638353	asthma_gwama	EOSINOPHIL_DISEASE	264712
Asthma	Eosinophilic disease	EOSINOPHIL_DISEASE	binary	rs566801348	Wald ratio	-0.0120161956521739	0.0185397826086957	0.516900650432037	asthma_gwama	EOSINOPHIL_DISEASE	264712
Asthma	Eosinophilic disease	EOSINOPHIL_DISEASE	binary	rs56699544	Wald ratio	0.700992603380217	2.30392442417507	0.760929632221096	asthma_gwama	EOSINOPHIL_DISEASE	264712
Asthma	Eosinophilic disease	EOSINOPHIL_DISEASE	binary	rs567582625	Wald ratio	-0.0265443356643357	0.0413881818181818	0.52129491421686	asthma_gwama	EOSINOPHIL_DISEASE	264712
Asthma	Eosinophilic disease	EOSINOPHIL_DISEASE	binary	rs568257090	Wald ratio	-0.0532862559241706	0.0424087203791469	0.208937319624559	asthma_gwama	EOSINOPHIL_DISEASE	264712
Asthma	Eosinophilic disease	EOSINOPHIL_DISEASE	binary	rs570002184	Wald ratio	-0.0722144827586207	0.110992413793103	0.515288334926525	asthma_gwama	EOSINOPHIL_DISEASE	264712
Asthma	Eosinophilic disease	EOSINOPHIL_DISEASE	binary	rs570424956	Wald ratio	0.0640286458333333	0.414978645833333	0.877378059731002	asthma_gwama	EOSINOPHIL_DISEASE	264712
Asthma	Eosinophilic disease	EOSINOPHIL_DISEASE	binary	rs571013696	Wald ratio	-0.0696723270440252	0.127621383647799	0.585114136049435	asthma_gwama	EOSINOPHIL_DISEASE	264712
Asthma	Eosinophilic disease	EOSINOPHIL_DISEASE	binary	rs571708735	Wald ratio	-0.0451692694063927	0.0330486301369863	0.171703165891006	asthma_gwama	EOSINOPHIL_DISEASE	264712
Asthma	Eosinophilic disease	EOSINOPHIL_DISEASE	binary	rs575330204	Wald ratio	0.00110425112107623	0.0502502242152466	0.982467859035393	asthma_gwama	EOSINOPHIL_DISEASE	264712
Asthma	Eosinophilic disease	EOSINOPHIL_DISEASE	binary	rs576824842	Wald ratio	0.130951295336788	0.0990979274611399	0.186356948911506	asthma_gwama	EOSINOPHIL_DISEASE	264712
Asthma	Eosinophilic disease	EOSINOPHIL_DISEASE	binary	rs57719838	Wald ratio	-15.7443284620738	14.1919044305266	0.267262837167654	asthma_gwama	EOSINOPHIL_DISEASE	264712
Asthma	Eosinophilic disease	EOSINOPHIL_DISEASE	binary	rs58452854	Wald ratio	2.06251617296561	2.60748042219952	0.428944179699681	asthma_gwama	EOSINOPHIL_DISEASE	264712
Asthma	Eosinophilic disease	EOSINOPHIL_DISEASE	binary	rs58939053	Wald ratio	1.00242931803289	0.952671450718407	0.292694116923218	asthma_gwama	EOSINOPHIL_DISEASE	264712
Asthma	Eosinophilic disease	EOSINOPHIL_DISEASE	binary	rs59111282	Wald ratio	-2.2477192895045	2.46460227697367	0.361768287622306	asthma_gwama	EOSINOPHIL_DISEASE	264712
Asthma	Eosinophilic disease	EOSINOPHIL_DISEASE	binary	rs6072731	Wald ratio	-0.7359736	14.57528	0.959728216053087	asthma_gwama	EOSINOPHIL_DISEASE	264712
Asthma	Eosinophilic disease	EOSINOPHIL_DISEASE	binary	rs60739516	Wald ratio	1.88396491526867	1.95533793181754	0.335297480438995	asthma_gwama	EOSINOPHIL_DISEASE	264712
Asthma	Eosinophilic disease	EOSINOPHIL_DISEASE	binary	rs60946542	Wald ratio	-5.4612276722427	11.7945421037709	0.643342812462037	asthma_gwama	EOSINOPHIL_DISEASE	264712
Asthma	Eosinophilic disease	EOSINOPHIL_DISEASE	binary	rs610265	Wald ratio	1.10158640493339	1.30742676018767	0.399474178900323	asthma_gwama	EOSINOPHIL_DISEASE	264712
Asthma	Eosinophilic disease	EOSINOPHIL_DISEASE	binary	rs61192126	Wald ratio	-5.55486199575372	14.2767940552017	0.697214534457932	asthma_gwama	EOSINOPHIL_DISEASE	264712
Asthma	Eosinophilic disease	EOSINOPHIL_DISEASE	binary	rs61811905	Wald ratio	29.2239519112207	13.7155363748459	0.0331123110862263	asthma_gwama	EOSINOPHIL_DISEASE	264712
Asthma	Eosinophilic disease	EOSINOPHIL_DISEASE	binary	rs61816761	Wald ratio	-4.07802764246063	15.3757788603149	0.790836803716167	asthma_gwama	EOSINOPHIL_DISEASE	264712
Asthma	Eosinophilic disease	EOSINOPHIL_DISEASE	binary	rs61840192	Wald ratio	-0.158604651162791	0.61570389510958	0.79671647240157	asthma_gwama	EOSINOPHIL_DISEASE	264712
Asthma	Eosinophilic disease	EOSINOPHIL_DISEASE	binary	rs61841332	Wald ratio	-3.06236675212522	9.79328025907435	0.754507973713132	asthma_gwama	EOSINOPHIL_DISEASE	264712
Asthma	Eosinophilic disease	EOSINOPHIL_DISEASE	binary	rs61859945	Wald ratio	4.30789503322446	15.7183241356009	0.784032102171228	asthma_gwama	EOSINOPHIL_DISEASE	264712
Asthma	Eosinophilic disease	EOSINOPHIL_DISEASE	binary	rs61896951	Wald ratio	1.12508306355427	1.42144530584427	0.42864854017925	asthma_gwama	EOSINOPHIL_DISEASE	264712
Asthma	Eosinophilic disease	EOSINOPHIL_DISEASE	binary	rs61907677	Wald ratio	14.1185465556397	12.8864307342922	0.273247982651347	asthma_gwama	EOSINOPHIL_DISEASE	264712
Asthma	Eosinophilic disease	EOSINOPHIL_DISEASE	binary	rs62045456	Wald ratio	-11.6506144067797	15.6189830508475	0.45571177564213	asthma_gwama	EOSINOPHIL_DISEASE	264712
Asthma	Eosinophilic disease	EOSINOPHIL_DISEASE	binary	rs62066986	Wald ratio	13.2139552814187	17.0397070161912	0.438055965176694	asthma_gwama	EOSINOPHIL_DISEASE	264712
Asthma	Eosinophilic disease	EOSINOPHIL_DISEASE	binary	rs62126619	Wald ratio	-4.24851297594241	15.8688387952264	0.788909641258595	asthma_gwama	EOSINOPHIL_DISEASE	264712
Asthma	Eosinophilic disease	EOSINOPHIL_DISEASE	binary	rs62162265	Wald ratio	-0.301389329752167	1.96116774508607	0.877863232892277	asthma_gwama	EOSINOPHIL_DISEASE	264712
Asthma	Eosinophilic disease	EOSINOPHIL_DISEASE	binary	rs62169918	Wald ratio	-2.58715310426349	2.03541627488381	0.203704351595459	asthma_gwama	EOSINOPHIL_DISEASE	264712
Asthma	Eosinophilic disease	EOSINOPHIL_DISEASE	binary	rs62212899	Wald ratio	-8.96150031989763	15.2081573896353	0.555689453473744	asthma_gwama	EOSINOPHIL_DISEASE	264712
Asthma	Eosinophilic disease	EOSINOPHIL_DISEASE	binary	rs62275576	Wald ratio	-4.70034411562285	10.5033919968538	0.654508851110435	asthma_gwama	EOSINOPHIL_DISEASE	264712
Asthma	Eosinophilic disease	EOSINOPHIL_DISEASE	binary	rs62351976	Wald ratio	0.412984421019997	1.19831615253449	0.730367074506017	asthma_gwama	EOSINOPHIL_DISEASE	264712
Asthma	Eosinophilic disease	EOSINOPHIL_DISEASE	binary	rs62379371	Wald ratio	-8.10714568487728	19.8284837688044	0.682639747095363	asthma_gwama	EOSINOPHIL_DISEASE	264712
Asthma	Eosinophilic disease	EOSINOPHIL_DISEASE	binary	rs62407901	Wald ratio	-7.93396776073024	13.1038065643814	0.544866448007273	asthma_gwama	EOSINOPHIL_DISEASE	264712
Asthma	Eosinophilic disease	EOSINOPHIL_DISEASE	binary	rs62436761	Wald ratio	-0.908761855492326	19.940334540438	0.963649750691128	asthma_gwama	EOSINOPHIL_DISEASE	264712
Asthma	Eosinophilic disease	EOSINOPHIL_DISEASE	binary	rs62449487	Wald ratio	0.162160083797455	1.93754279290787	0.933299983253249	asthma_gwama	EOSINOPHIL_DISEASE	264712
Asthma	Eosinophilic disease	EOSINOPHIL_DISEASE	binary	rs62569046	Wald ratio	9.25044958867419	13.8617753969772	0.504558096226604	asthma_gwama	EOSINOPHIL_DISEASE	264712
Asthma	Eosinophilic disease	EOSINOPHIL_DISEASE	binary	rs62623446	Wald ratio	-8.3884940411701	15.5368364030336	0.589259070160212	asthma_gwama	EOSINOPHIL_DISEASE	264712
Asthma	Eosinophilic disease	EOSINOPHIL_DISEASE	binary	rs636176	Wald ratio	-1.76163432916114	2.71272818563282	0.516082568775617	asthma_gwama	EOSINOPHIL_DISEASE	264712
Asthma	Eosinophilic disease	EOSINOPHIL_DISEASE	binary	rs6457809	Wald ratio	-0.424688091599571	1.93066624090505	0.825894745474669	asthma_gwama	EOSINOPHIL_DISEASE	264712
Asthma	Eosinophilic disease	EOSINOPHIL_DISEASE	binary	rs6462	Wald ratio	0.916293335811879	1.34482015057161	0.495649993175424	asthma_gwama	EOSINOPHIL_DISEASE	264712
Asthma	Eosinophilic disease	EOSINOPHIL_DISEASE	binary	rs6498021	Wald ratio	-4.18139664804469	13.9308379888268	0.764059696235579	asthma_gwama	EOSINOPHIL_DISEASE	264712
Asthma	Eosinophilic disease	EOSINOPHIL_DISEASE	binary	rs658648	Wald ratio	8.40571727748691	13.239497382199	0.52549558848428	asthma_gwama	EOSINOPHIL_DISEASE	264712
Asthma	Eosinophilic disease	EOSINOPHIL_DISEASE	binary	rs6591221	Wald ratio	-3.08425717550116	2.07168230446976	0.136548108618949	asthma_gwama	EOSINOPHIL_DISEASE	264712
Asthma	Eosinophilic disease	EOSINOPHIL_DISEASE	binary	rs6602347	Wald ratio	-13.1382464221089	11.325974666886	0.246044643077022	asthma_gwama	EOSINOPHIL_DISEASE	264712
Asthma	Eosinophilic disease	EOSINOPHIL_DISEASE	binary	rs66555610	Wald ratio	-1.76403461653238	1.78933154282304	0.324200659917833	asthma_gwama	EOSINOPHIL_DISEASE	264712
Asthma	Eosinophilic disease	EOSINOPHIL_DISEASE	binary	rs6658216	Wald ratio	2.45117734811478	1.881256032995	0.192592775948897	asthma_gwama	EOSINOPHIL_DISEASE	264712
Asthma	Eosinophilic disease	EOSINOPHIL_DISEASE	binary	rs6673550	Wald ratio	0.62716695753345	2.16533595113438	0.772091997205879	asthma_gwama	EOSINOPHIL_DISEASE	264712
Asthma	Eosinophilic disease	EOSINOPHIL_DISEASE	binary	rs67140765	Wald ratio	-6.87101792049486	11.5963795142363	0.553506407748647	asthma_gwama	EOSINOPHIL_DISEASE	264712
Asthma	Eosinophilic disease	EOSINOPHIL_DISEASE	binary	rs6721008	Wald ratio	-2.12106165198762	15.0054748869317	0.887591463072539	asthma_gwama	EOSINOPHIL_DISEASE	264712
Asthma	Eosinophilic disease	EOSINOPHIL_DISEASE	binary	rs6734942	Wald ratio	-13.0721945432977	14.5447924080664	0.368783553513819	asthma_gwama	EOSINOPHIL_DISEASE	264712
Asthma	Eosinophilic disease	EOSINOPHIL_DISEASE	binary	rs6742122	Wald ratio	12.3987334861884	14.2932634567092	0.385693882982121	asthma_gwama	EOSINOPHIL_DISEASE	264712
Asthma	Eosinophilic disease	EOSINOPHIL_DISEASE	binary	rs67538026	Wald ratio	-2.50335708044896	2.03243161502789	0.218059136284365	asthma_gwama	EOSINOPHIL_DISEASE	264712
Asthma	Eosinophilic disease	EOSINOPHIL_DISEASE	binary	rs67551275	Wald ratio	2.76467234990801	1.56606379395227	0.0775026411561423	asthma_gwama	EOSINOPHIL_DISEASE	264712
Asthma	Eosinophilic disease	EOSINOPHIL_DISEASE	binary	rs67598120	Wald ratio	3.40520006753335	2.50428836738139	0.173909813234619	asthma_gwama	EOSINOPHIL_DISEASE	264712
Asthma	Eosinophilic disease	EOSINOPHIL_DISEASE	binary	rs68002741	Wald ratio	17.2245617903208	13.301730790431	0.195350822626001	asthma_gwama	EOSINOPHIL_DISEASE	264712
Asthma	Eosinophilic disease	EOSINOPHIL_DISEASE	binary	rs68018114	Wald ratio	6.37758981182285	13.8245010454286	0.644565354404776	asthma_gwama	EOSINOPHIL_DISEASE	264712
Asthma	Eosinophilic disease	EOSINOPHIL_DISEASE	binary	rs68112369	Wald ratio	-1.1978134145471	2.47962121392372	0.629050960917714	asthma_gwama	EOSINOPHIL_DISEASE	264712
Asthma	Eosinophilic disease	EOSINOPHIL_DISEASE	binary	rs6835650	Wald ratio	-2.5065081008649	1.8175508588135	0.167876863714788	asthma_gwama	EOSINOPHIL_DISEASE	264712
Asthma	Eosinophilic disease	EOSINOPHIL_DISEASE	binary	rs6852559	Wald ratio	0.0389352807036595	2.32377022478011	0.986631894360343	asthma_gwama	EOSINOPHIL_DISEASE	264712
Asthma	Eosinophilic disease	EOSINOPHIL_DISEASE	binary	rs6905736	Wald ratio	-1.3732507183908	14.7570941091954	0.925858288302572	asthma_gwama	EOSINOPHIL_DISEASE	264712
Asthma	Eosinophilic disease	EOSINOPHIL_DISEASE	binary	rs6910879	Wald ratio	-43.9750679016645	30.1652622048889	0.144894319524566	asthma_gwama	EOSINOPHIL_DISEASE	264712
Asthma	Eosinophilic disease	EOSINOPHIL_DISEASE	binary	rs6922431	Wald ratio	-0.224113720492748	8.30001820498817	0.978458462790097	asthma_gwama	EOSINOPHIL_DISEASE	264712
Asthma	Eosinophilic disease	EOSINOPHIL_DISEASE	binary	rs6993477	Wald ratio	6.23876950250221	12.4148366205475	0.615298060012546	asthma_gwama	EOSINOPHIL_DISEASE	264712
Asthma	Eosinophilic disease	EOSINOPHIL_DISEASE	binary	rs7026596	Wald ratio	1.07323509599192	11.9881441562816	0.928664918875033	asthma_gwama	EOSINOPHIL_DISEASE	264712
Asthma	Eosinophilic disease	EOSINOPHIL_DISEASE	binary	rs7030351	Wald ratio	2.89831207065751	11.9193130520118	0.807880678410215	asthma_gwama	EOSINOPHIL_DISEASE	264712
Asthma	Eosinophilic disease	EOSINOPHIL_DISEASE	binary	rs707958	Wald ratio	-0.709777316855357	1.71364042289632	0.678733003273353	asthma_gwama	EOSINOPHIL_DISEASE	264712
Asthma	Eosinophilic disease	EOSINOPHIL_DISEASE	binary	rs7091048	Wald ratio	29.5317663089763	13.538783852836	0.0291633250161042	asthma_gwama	EOSINOPHIL_DISEASE	264712
Asthma	Eosinophilic disease	EOSINOPHIL_DISEASE	binary	rs7095431	Wald ratio	21.1767655662349	12.6991851232762	0.0954013456793249	asthma_gwama	EOSINOPHIL_DISEASE	264712
Asthma	Eosinophilic disease	EOSINOPHIL_DISEASE	binary	rs7114362	Wald ratio	1.17047437806285	0.593904375006163	0.0487452855538886	asthma_gwama	EOSINOPHIL_DISEASE	264712
Asthma	Eosinophilic disease	EOSINOPHIL_DISEASE	binary	rs7125695	Wald ratio	1.9601301472157	13.4135267761895	0.883818088454604	asthma_gwama	EOSINOPHIL_DISEASE	264712
Asthma	Eosinophilic disease	EOSINOPHIL_DISEASE	binary	rs7135586	Wald ratio	2.94396575919169	12.1985686219478	0.809293948833011	asthma_gwama	EOSINOPHIL_DISEASE	264712
Asthma	Eosinophilic disease	EOSINOPHIL_DISEASE	binary	rs71368508	Wald ratio	36.4032790896856	23.1028386149517	0.115093597339512	asthma_gwama	EOSINOPHIL_DISEASE	264712
Asthma	Eosinophilic disease	EOSINOPHIL_DISEASE	binary	rs71526323	Wald ratio	-0.800915201541392	1.3398156460053	0.549986635373351	asthma_gwama	EOSINOPHIL_DISEASE	264712
Asthma	Eosinophilic disease	EOSINOPHIL_DISEASE	binary	rs71554596	Wald ratio	-2.21255830022456	2.44359993090344	0.365226876245045	asthma_gwama	EOSINOPHIL_DISEASE	264712
Asthma	Eosinophilic disease	EOSINOPHIL_DISEASE	binary	rs7166997	Wald ratio	24.8061607813674	14.7224342599549	0.0920035243606799	asthma_gwama	EOSINOPHIL_DISEASE	264712
Asthma	Eosinophilic disease	EOSINOPHIL_DISEASE	binary	rs7179656	Wald ratio	18.8242150213514	15.6501381562422	0.22904806488977	asthma_gwama	EOSINOPHIL_DISEASE	264712
Asthma	Eosinophilic disease	EOSINOPHIL_DISEASE	binary	rs7189678	Wald ratio	0.230891061517382	1.43730405703537	0.872375557825388	asthma_gwama	EOSINOPHIL_DISEASE	264712
Asthma	Eosinophilic disease	EOSINOPHIL_DISEASE	binary	rs7210983	Wald ratio	2.78082663605052	1.19234787600459	0.0196887204727525	asthma_gwama	EOSINOPHIL_DISEASE	264712
Asthma	Eosinophilic disease	EOSINOPHIL_DISEASE	binary	rs7219572	Wald ratio	-0.947447982125402	2.07436461388074	0.647857004795582	asthma_gwama	EOSINOPHIL_DISEASE	264712
Asthma	Eosinophilic disease	EOSINOPHIL_DISEASE	binary	rs7240215	Wald ratio	27.0042167404596	15.2696394686907	0.0769788908393737	asthma_gwama	EOSINOPHIL_DISEASE	264712
Asthma	Eosinophilic disease	EOSINOPHIL_DISEASE	binary	rs72502575	Wald ratio	0.0513563838429792	0.807384178771434	0.949282074570993	asthma_gwama	EOSINOPHIL_DISEASE	264712
Asthma	Eosinophilic disease	EOSINOPHIL_DISEASE	binary	rs72743461	Wald ratio	0.131499540018399	4.46100013142331	0.976483690483914	asthma_gwama	EOSINOPHIL_DISEASE	264712
Asthma	Eosinophilic disease	EOSINOPHIL_DISEASE	binary	rs72797984	Wald ratio	25.6798440979956	12.2541202672606	0.0361168946917368	asthma_gwama	EOSINOPHIL_DISEASE	264712
Asthma	Eosinophilic disease	EOSINOPHIL_DISEASE	binary	rs72798679	Wald ratio	5.97657531037714	11.2474818458655	0.595162351970528	asthma_gwama	EOSINOPHIL_DISEASE	264712
Asthma	Eosinophilic disease	EOSINOPHIL_DISEASE	binary	rs72832017	Wald ratio	-0.13646509620854	1.76312496322304	0.938305690880003	asthma_gwama	EOSINOPHIL_DISEASE	264712
Asthma	Eosinophilic disease	EOSINOPHIL_DISEASE	binary	rs72837826	Wald ratio	32.8693104388117	12.0112973562279	0.00620903851175531	asthma_gwama	EOSINOPHIL_DISEASE	264712
Asthma	Eosinophilic disease	EOSINOPHIL_DISEASE	binary	rs72923904	Wald ratio	-8.89221232080589	24.8447113521891	0.720409411360031	asthma_gwama	EOSINOPHIL_DISEASE	264712
Asthma	Eosinophilic disease	EOSINOPHIL_DISEASE	binary	rs72975913	Wald ratio	1.39287150486962	13.1545240339303	0.915673310278961	asthma_gwama	EOSINOPHIL_DISEASE	264712
Asthma	Eosinophilic disease	EOSINOPHIL_DISEASE	binary	rs73012738	Wald ratio	12.3425090720581	11.9259892863314	0.300703757799752	asthma_gwama	EOSINOPHIL_DISEASE	264712
Asthma	Eosinophilic disease	EOSINOPHIL_DISEASE	binary	rs73028255	Wald ratio	-0.079355905511811	0.196544094488189	0.68639197512414	asthma_gwama	EOSINOPHIL_DISEASE	264712
Asthma	Eosinophilic disease	EOSINOPHIL_DISEASE	binary	rs73063828	Wald ratio	1.58406889458576	3.46196828515727	0.647266368579082	asthma_gwama	EOSINOPHIL_DISEASE	264712
Asthma	Eosinophilic disease	EOSINOPHIL_DISEASE	binary	rs73078636	Wald ratio	52.0805982550893	13.6600193878964	0.000137495927566498	asthma_gwama	EOSINOPHIL_DISEASE	264712
Asthma	Eosinophilic disease	EOSINOPHIL_DISEASE	binary	rs73084574	Wald ratio	3.05573655220907	15.8808156568616	0.847415693233436	asthma_gwama	EOSINOPHIL_DISEASE	264712
Asthma	Eosinophilic disease	EOSINOPHIL_DISEASE	binary	rs73156090	Wald ratio	-0.0367454225352113	0.0412739436619718	0.373314829477452	asthma_gwama	EOSINOPHIL_DISEASE	264712
Asthma	Eosinophilic disease	EOSINOPHIL_DISEASE	binary	rs73251988	Wald ratio	-0.0682408536585366	0.11675	0.558881207717289	asthma_gwama	EOSINOPHIL_DISEASE	264712
Asthma	Eosinophilic disease	EOSINOPHIL_DISEASE	binary	rs73351149	Wald ratio	0.684604231554076	1.67544033938353	0.682824771771513	asthma_gwama	EOSINOPHIL_DISEASE	264712
Asthma	Eosinophilic disease	EOSINOPHIL_DISEASE	binary	rs7372960	Wald ratio	0.762494908350305	13.0526680244399	0.95341664469838	asthma_gwama	EOSINOPHIL_DISEASE	264712
Asthma	Eosinophilic disease	EOSINOPHIL_DISEASE	binary	rs7397189	Wald ratio	-2.05925594477116	2.23316607005881	0.356463919323358	asthma_gwama	EOSINOPHIL_DISEASE	264712
Asthma	Eosinophilic disease	EOSINOPHIL_DISEASE	binary	rs74466521	Wald ratio	2.62580237080073	6.71901794499367	0.695943957402323	asthma_gwama	EOSINOPHIL_DISEASE	264712
Asthma	Eosinophilic disease	EOSINOPHIL_DISEASE	binary	rs74527968	Wald ratio	0.0155077391304348	0.0552894782608696	0.779107238227821	asthma_gwama	EOSINOPHIL_DISEASE	264712
Asthma	Eosinophilic disease	EOSINOPHIL_DISEASE	binary	rs74584830	Wald ratio	17.3419743085291	18.7109130887629	0.354010955946196	asthma_gwama	EOSINOPHIL_DISEASE	264712
Asthma	Eosinophilic disease	EOSINOPHIL_DISEASE	binary	rs74655554	Wald ratio	-0.0257307647058824	0.0446568823529412	0.56448804004267	asthma_gwama	EOSINOPHIL_DISEASE	264712
Asthma	Eosinophilic disease	EOSINOPHIL_DISEASE	binary	rs74775122	Wald ratio	-1.39387018943647	2.0241633023578	0.49106527524925	asthma_gwama	EOSINOPHIL_DISEASE	264712
Asthma	Eosinophilic disease	EOSINOPHIL_DISEASE	binary	rs74948252	Wald ratio	-0.077037037037037	0.10827037037037	0.476759183249671	asthma_gwama	EOSINOPHIL_DISEASE	264712
Asthma	Eosinophilic disease	EOSINOPHIL_DISEASE	binary	rs75007171	Wald ratio	-2.32685083479789	10.2339630931459	0.820139491692813	asthma_gwama	EOSINOPHIL_DISEASE	264712
Asthma	Eosinophilic disease	EOSINOPHIL_DISEASE	binary	rs75032480	Wald ratio	-0.302868750597457	1.97986489500685	0.878418421192292	asthma_gwama	EOSINOPHIL_DISEASE	264712
Asthma	Eosinophilic disease	EOSINOPHIL_DISEASE	binary	rs75395290	Wald ratio	-0.0670062857142857	0.278929714285714	0.810154735791122	asthma_gwama	EOSINOPHIL_DISEASE	264712
Asthma	Eosinophilic disease	EOSINOPHIL_DISEASE	binary	rs75507056	Wald ratio	5.15936778225624	8.79312531135365	0.557371506774935	asthma_gwama	EOSINOPHIL_DISEASE	264712
Asthma	Eosinophilic disease	EOSINOPHIL_DISEASE	binary	rs7555556	Wald ratio	14.1496286515927	10.3815811189965	0.172896670233517	asthma_gwama	EOSINOPHIL_DISEASE	264712
Asthma	Eosinophilic disease	EOSINOPHIL_DISEASE	binary	rs75557865	Wald ratio	0.769455468554471	2.16357753226787	0.722109922521633	asthma_gwama	EOSINOPHIL_DISEASE	264712
Asthma	Eosinophilic disease	EOSINOPHIL_DISEASE	binary	rs75565607	Wald ratio	2.27928383769583	1.93971003211054	0.239969027722483	asthma_gwama	EOSINOPHIL_DISEASE	264712
Asthma	Eosinophilic disease	EOSINOPHIL_DISEASE	binary	rs7569613	Wald ratio	-3.19548453608247	2.06376975945017	0.121532615604047	asthma_gwama	EOSINOPHIL_DISEASE	264712
Asthma	Eosinophilic disease	EOSINOPHIL_DISEASE	binary	rs7592973	Wald ratio	0.538746810320386	2.67604763254891	0.840446933029984	asthma_gwama	EOSINOPHIL_DISEASE	264712
Asthma	Eosinophilic disease	EOSINOPHIL_DISEASE	binary	rs75957773	Wald ratio	19.9276220976781	17.853482786229	0.264346971025067	asthma_gwama	EOSINOPHIL_DISEASE	264712
Asthma	Eosinophilic disease	EOSINOPHIL_DISEASE	binary	rs760517	Wald ratio	9.62295413669065	14.1864433453237	0.497568557381384	asthma_gwama	EOSINOPHIL_DISEASE	264712
Asthma	Eosinophilic disease	EOSINOPHIL_DISEASE	binary	rs7608337	Wald ratio	0.393571428571429	1.31274242424242	0.764323178196639	asthma_gwama	EOSINOPHIL_DISEASE	264712
Asthma	Eosinophilic disease	EOSINOPHIL_DISEASE	binary	rs7609911	Wald ratio	3.79192371085472	14.1094184129974	0.78812111711003	asthma_gwama	EOSINOPHIL_DISEASE	264712
Asthma	Eosinophilic disease	EOSINOPHIL_DISEASE	binary	rs7611041	Wald ratio	-5.00007723995881	15.4237899073121	0.745802105065731	asthma_gwama	EOSINOPHIL_DISEASE	264712
Asthma	Eosinophilic disease	EOSINOPHIL_DISEASE	binary	rs76111267	Wald ratio	0.119869508689481	1.62112193900068	0.94105628566958	asthma_gwama	EOSINOPHIL_DISEASE	264712
Asthma	Eosinophilic disease	EOSINOPHIL_DISEASE	binary	rs76181804	Wald ratio	19.2858146890008	13.4302448166803	0.151002698648079	asthma_gwama	EOSINOPHIL_DISEASE	264712
Asthma	Eosinophilic disease	EOSINOPHIL_DISEASE	binary	rs76245582	Wald ratio	8.10934954814236	15.5104317750753	0.601091192046397	asthma_gwama	EOSINOPHIL_DISEASE	264712
Asthma	Eosinophilic disease	EOSINOPHIL_DISEASE	binary	rs7625643	Wald ratio	0.258577543837397	1.89725718996734	0.891591878377014	asthma_gwama	EOSINOPHIL_DISEASE	264712
Asthma	Eosinophilic disease	EOSINOPHIL_DISEASE	binary	rs7628922	Wald ratio	0.283778460678866	2.09544629138148	0.89227486048869	asthma_gwama	EOSINOPHIL_DISEASE	264712
Asthma	Eosinophilic disease	EOSINOPHIL_DISEASE	binary	rs76300334	Wald ratio	-0.0666255681818182	0.277344886363636	0.810154735791122	asthma_gwama	EOSINOPHIL_DISEASE	264712
Asthma	Eosinophilic disease	EOSINOPHIL_DISEASE	binary	rs7636493	Wald ratio	-1.72115959865306	1.30021708288464	0.185586793208597	asthma_gwama	EOSINOPHIL_DISEASE	264712
Asthma	Eosinophilic disease	EOSINOPHIL_DISEASE	binary	rs7650543	Wald ratio	0.953279295154185	1.05105022026432	0.364418497458326	asthma_gwama	EOSINOPHIL_DISEASE	264712
Asthma	Eosinophilic disease	EOSINOPHIL_DISEASE	binary	rs76537075	Wald ratio	-0.0666255681818182	0.277344886363636	0.810154735791122	asthma_gwama	EOSINOPHIL_DISEASE	264712
Asthma	Eosinophilic disease	EOSINOPHIL_DISEASE	binary	rs76613419	Wald ratio	9.77463779652921	12.121636682057	0.420024136265393	asthma_gwama	EOSINOPHIL_DISEASE	264712
Asthma	Eosinophilic disease	EOSINOPHIL_DISEASE	binary	rs76876264	Wald ratio	-0.0251395977011494	0.0436300574712644	0.564480646730512	asthma_gwama	EOSINOPHIL_DISEASE	264712
Asthma	Eosinophilic disease	EOSINOPHIL_DISEASE	binary	rs76905924	Wald ratio	0.28926140056789	2.0348191987958	0.886956924416959	asthma_gwama	EOSINOPHIL_DISEASE	264712
Asthma	Eosinophilic disease	EOSINOPHIL_DISEASE	binary	rs77000868	Wald ratio	4.63660956706324	7.55121686330651	0.539201114479251	asthma_gwama	EOSINOPHIL_DISEASE	264712
Asthma	Eosinophilic disease	EOSINOPHIL_DISEASE	binary	rs77042341	Wald ratio	-15.8436177322344	16.7559590109156	0.344377526878139	asthma_gwama	EOSINOPHIL_DISEASE	264712
Asthma	Eosinophilic disease	EOSINOPHIL_DISEASE	binary	rs7706446	Wald ratio	0.171849294832921	1.73362255290697	0.921037209416528	asthma_gwama	EOSINOPHIL_DISEASE	264712
Asthma	Eosinophilic disease	EOSINOPHIL_DISEASE	binary	rs771018	Wald ratio	2.56735355406344	14.160175966659	0.856125806500827	asthma_gwama	EOSINOPHIL_DISEASE	264712
Asthma	Eosinophilic disease	EOSINOPHIL_DISEASE	binary	rs7712116	Wald ratio	-2.72876654426333	1.76865241856656	0.122867015487344	asthma_gwama	EOSINOPHIL_DISEASE	264712
Asthma	Eosinophilic disease	EOSINOPHIL_DISEASE	binary	rs7714962	Wald ratio	5.04069838676741	12.3045742291199	0.682054988408877	asthma_gwama	EOSINOPHIL_DISEASE	264712
Asthma	Eosinophilic disease	EOSINOPHIL_DISEASE	binary	rs77409392	Wald ratio	-0.0666255681818182	0.277344886363636	0.810154735791122	asthma_gwama	EOSINOPHIL_DISEASE	264712
Asthma	Eosinophilic disease	EOSINOPHIL_DISEASE	binary	rs7750922	Wald ratio	2.11087930768042	11.9219131509813	0.859462225035568	asthma_gwama	EOSINOPHIL_DISEASE	264712
Asthma	Eosinophilic disease	EOSINOPHIL_DISEASE	binary	rs7757696	Wald ratio	1.14741044198008	0.689230704809229	0.0959586972043687	asthma_gwama	EOSINOPHIL_DISEASE	264712
Asthma	Eosinophilic disease	EOSINOPHIL_DISEASE	binary	rs7770794	Wald ratio	4.97529695993558	12.6233340044292	0.693481417895687	asthma_gwama	EOSINOPHIL_DISEASE	264712
Asthma	Eosinophilic disease	EOSINOPHIL_DISEASE	binary	rs77798824	Wald ratio	-2.9990766730684	3.07333062490767	0.329144127460415	asthma_gwama	EOSINOPHIL_DISEASE	264712
Asthma	Eosinophilic disease	EOSINOPHIL_DISEASE	binary	rs7781	Wald ratio	0.0588803772425879	1.65326925509043	0.971589736992799	asthma_gwama	EOSINOPHIL_DISEASE	264712
Asthma	Eosinophilic disease	EOSINOPHIL_DISEASE	binary	rs77812656	Wald ratio	-7.63888481291269	9.23976522377109	0.408384363792441	asthma_gwama	EOSINOPHIL_DISEASE	264712
Asthma	Eosinophilic disease	EOSINOPHIL_DISEASE	binary	rs77872759	Wald ratio	2.05950874939798	1.91234227002729	0.281499860636553	asthma_gwama	EOSINOPHIL_DISEASE	264712
Asthma	Eosinophilic disease	EOSINOPHIL_DISEASE	binary	rs7800265	Wald ratio	-0.42437251040263	3.49316610149413	0.903305709931735	asthma_gwama	EOSINOPHIL_DISEASE	264712
Asthma	Eosinophilic disease	EOSINOPHIL_DISEASE	binary	rs7803406	Wald ratio	-15.663140311804	16.4689587973274	0.341568606220662	asthma_gwama	EOSINOPHIL_DISEASE	264712
Asthma	Eosinophilic disease	EOSINOPHIL_DISEASE	binary	rs78037977	Wald ratio	18.4899006622517	16.4353311258278	0.260585085728142	asthma_gwama	EOSINOPHIL_DISEASE	264712
Asthma	Eosinophilic disease	EOSINOPHIL_DISEASE	binary	rs78218185	Wald ratio	-3.37512586977428	10.0657917067376	0.737393854794976	asthma_gwama	EOSINOPHIL_DISEASE	264712
Asthma	Eosinophilic disease	EOSINOPHIL_DISEASE	binary	rs7823221	Wald ratio	7.24561933534743	14.7498257029979	0.623260788370158	asthma_gwama	EOSINOPHIL_DISEASE	264712
Asthma	Eosinophilic disease	EOSINOPHIL_DISEASE	binary	rs7824394	Wald ratio	0.948262450550768	0.859367049828842	0.269834884936568	asthma_gwama	EOSINOPHIL_DISEASE	264712
Asthma	Eosinophilic disease	EOSINOPHIL_DISEASE	binary	rs78351402	Wald ratio	-18.0708491819807	11.6459832271665	0.120738606421733	asthma_gwama	EOSINOPHIL_DISEASE	264712
Asthma	Eosinophilic disease	EOSINOPHIL_DISEASE	binary	rs78515650	Wald ratio	0.00378445061773521	2.31632429271146	0.99869640301009	asthma_gwama	EOSINOPHIL_DISEASE	264712
Asthma	Eosinophilic disease	EOSINOPHIL_DISEASE	binary	rs7851584	Wald ratio	-0.608056140350877	2.12981052631579	0.775262818179686	asthma_gwama	EOSINOPHIL_DISEASE	264712
Asthma	Eosinophilic disease	EOSINOPHIL_DISEASE	binary	rs7852683	Wald ratio	-11.3472697445512	14.4804780876494	0.433259975215061	asthma_gwama	EOSINOPHIL_DISEASE	264712
Asthma	Eosinophilic disease	EOSINOPHIL_DISEASE	binary	rs785515	Wald ratio	4.5933147632312	2.01508876732557	0.0226397197782877	asthma_gwama	EOSINOPHIL_DISEASE	264712
Asthma	Eosinophilic disease	EOSINOPHIL_DISEASE	binary	rs7864027	Wald ratio	2.8991014849144	10.6857088811123	0.786155364590629	asthma_gwama	EOSINOPHIL_DISEASE	264712
Asthma	Eosinophilic disease	EOSINOPHIL_DISEASE	binary	rs78792612	Wald ratio	0.073289	0.055634	0.187724041964808	asthma_gwama	EOSINOPHIL_DISEASE	264712
Asthma	Eosinophilic disease	EOSINOPHIL_DISEASE	binary	rs78867455	Wald ratio	-1.12151107308566	2.09269472506499	0.59201578466211	asthma_gwama	EOSINOPHIL_DISEASE	264712
Asthma	Eosinophilic disease	EOSINOPHIL_DISEASE	binary	rs78921182	Wald ratio	-0.0276907826086957	0.0754525217391304	0.713621913303913	asthma_gwama	EOSINOPHIL_DISEASE	264712
Asthma	Eosinophilic disease	EOSINOPHIL_DISEASE	binary	rs7893324	Wald ratio	0.495625436757512	13.9479524807827	0.971653998674474	asthma_gwama	EOSINOPHIL_DISEASE	264712
Asthma	Eosinophilic disease	EOSINOPHIL_DISEASE	binary	rs7918084	Wald ratio	-2.5000334001336	9.98191382765531	0.802234480270761	asthma_gwama	EOSINOPHIL_DISEASE	264712
Asthma	Eosinophilic disease	EOSINOPHIL_DISEASE	binary	rs79282662	Wald ratio	-8.81291825892441	12.1867834840153	0.469585425734954	asthma_gwama	EOSINOPHIL_DISEASE	264712
Asthma	Eosinophilic disease	EOSINOPHIL_DISEASE	binary	rs7943688	Wald ratio	-32.1209800918836	13.4415882739007	0.01686344965347	asthma_gwama	EOSINOPHIL_DISEASE	264712
Asthma	Eosinophilic disease	EOSINOPHIL_DISEASE	binary	rs79491862	Wald ratio	-4.3047619047619	15.7997345279575	0.785269986577512	asthma_gwama	EOSINOPHIL_DISEASE	264712
Asthma	Eosinophilic disease	EOSINOPHIL_DISEASE	binary	rs79534829	Wald ratio	2.84906551514743	16.2891842655691	0.861154004458475	asthma_gwama	EOSINOPHIL_DISEASE	264712
Asthma	Eosinophilic disease	EOSINOPHIL_DISEASE	binary	rs80021310	Wald ratio	-0.0666255681818182	0.277344886363636	0.810154735791122	asthma_gwama	EOSINOPHIL_DISEASE	264712
Asthma	Eosinophilic disease	EOSINOPHIL_DISEASE	binary	rs80074882	Wald ratio	-18.0204612103439	13.0325246600906	0.16674770755919	asthma_gwama	EOSINOPHIL_DISEASE	264712
Asthma	Eosinophilic disease	EOSINOPHIL_DISEASE	binary	rs803305	Wald ratio	14.1176020408163	15.0472634508349	0.348132778441639	asthma_gwama	EOSINOPHIL_DISEASE	264712
Asthma	Eosinophilic disease	EOSINOPHIL_DISEASE	binary	rs8057047	Wald ratio	-0.668506541448864	3.00807713889135	0.824129262377575	asthma_gwama	EOSINOPHIL_DISEASE	264712
Asthma	Eosinophilic disease	EOSINOPHIL_DISEASE	binary	rs8087436	Wald ratio	3.88158129175947	16.7890423162584	0.81716152568974	asthma_gwama	EOSINOPHIL_DISEASE	264712
Asthma	Eosinophilic disease	EOSINOPHIL_DISEASE	binary	rs8089099	Wald ratio	9.80284221525601	13.894670846395	0.480492329551105	asthma_gwama	EOSINOPHIL_DISEASE	264712
Asthma	Eosinophilic disease	EOSINOPHIL_DISEASE	binary	rs8100197	Wald ratio	-17.7366728718903	11.7330343543747	0.130613564415619	asthma_gwama	EOSINOPHIL_DISEASE	264712
Asthma	Eosinophilic disease	EOSINOPHIL_DISEASE	binary	rs8111628	Wald ratio	-1.23967768497824	1.87154158334314	0.507725673840637	asthma_gwama	EOSINOPHIL_DISEASE	264712
Asthma	Eosinophilic disease	EOSINOPHIL_DISEASE	binary	rs8113513	Wald ratio	0.408489862344884	2.27026174815217	0.857206946837296	asthma_gwama	EOSINOPHIL_DISEASE	264712
Asthma	Eosinophilic disease	EOSINOPHIL_DISEASE	binary	rs8185754	Wald ratio	-0.0737304195804196	0.0509831002331002	0.148128483553223	asthma_gwama	EOSINOPHIL_DISEASE	264712
Asthma	Eosinophilic disease	EOSINOPHIL_DISEASE	binary	rs821429	Wald ratio	-30.3449595159712	16.2066909867426	0.0611551124857599	asthma_gwama	EOSINOPHIL_DISEASE	264712
Asthma	Eosinophilic disease	EOSINOPHIL_DISEASE	binary	rs857229	Wald ratio	-4.9949703492203	16.6650340434878	0.764384958315435	asthma_gwama	EOSINOPHIL_DISEASE	264712
Asthma	Eosinophilic disease	EOSINOPHIL_DISEASE	binary	rs9267111	Wald ratio	-1.9015118330006	1.28912061713798	0.140200255351696	asthma_gwama	EOSINOPHIL_DISEASE	264712
Asthma	Eosinophilic disease	EOSINOPHIL_DISEASE	binary	rs9271726	Wald ratio	1.05140897451932	0.503063474614762	0.0366166725130475	asthma_gwama	EOSINOPHIL_DISEASE	264712
Asthma	Eosinophilic disease	EOSINOPHIL_DISEASE	binary	rs9273374	Wald ratio	0.348882079293312	0.389601573321486	0.370528272403153	asthma_gwama	EOSINOPHIL_DISEASE	264712
Asthma	Eosinophilic disease	EOSINOPHIL_DISEASE	binary	rs9290877	Wald ratio	5.72908311910883	12.3823993144816	0.643594068484694	asthma_gwama	EOSINOPHIL_DISEASE	264712
Asthma	Eosinophilic disease	EOSINOPHIL_DISEASE	binary	rs9299219	Wald ratio	-17.0383519313305	22.0504721030043	0.43970123157037	asthma_gwama	EOSINOPHIL_DISEASE	264712
Asthma	Eosinophilic disease	EOSINOPHIL_DISEASE	binary	rs9322952	Wald ratio	2.60207821651238	11.8660306064614	0.826425702681129	asthma_gwama	EOSINOPHIL_DISEASE	264712
Asthma	Eosinophilic disease	EOSINOPHIL_DISEASE	binary	rs9327638	Wald ratio	15.4687944178834	13.7636645561442	0.26106125210466	asthma_gwama	EOSINOPHIL_DISEASE	264712
Asthma	Eosinophilic disease	EOSINOPHIL_DISEASE	binary	rs9379084	Wald ratio	18.5270790174608	13.9356022491862	0.183690262242642	asthma_gwama	EOSINOPHIL_DISEASE	264712
Asthma	Eosinophilic disease	EOSINOPHIL_DISEASE	binary	rs9386512	Wald ratio	4.42680540071844	14.0549981419547	0.752789691697167	asthma_gwama	EOSINOPHIL_DISEASE	264712
Asthma	Eosinophilic disease	EOSINOPHIL_DISEASE	binary	rs9392504	Wald ratio	-46.6597778351847	15.0219581503487	0.00189569452292338	asthma_gwama	EOSINOPHIL_DISEASE	264712
Asthma	Eosinophilic disease	EOSINOPHIL_DISEASE	binary	rs9549000	Wald ratio	2.65085210432721	2.32384410195614	0.253987059243137	asthma_gwama	EOSINOPHIL_DISEASE	264712
Asthma	Eosinophilic disease	EOSINOPHIL_DISEASE	binary	rs961552	Wald ratio	3.36866050336843	2.07123567324798	0.103864303000402	asthma_gwama	EOSINOPHIL_DISEASE	264712
Asthma	Eosinophilic disease	EOSINOPHIL_DISEASE	binary	rs9663421	Wald ratio	19.0409036453876	12.4581892863255	0.126417096103663	asthma_gwama	EOSINOPHIL_DISEASE	264712
Asthma	Eosinophilic disease	EOSINOPHIL_DISEASE	binary	rs9663656	Wald ratio	-0.054484375	0.115549479166667	0.637266446741631	asthma_gwama	EOSINOPHIL_DISEASE	264712
Asthma	Eosinophilic disease	EOSINOPHIL_DISEASE	binary	rs9688839	Wald ratio	9.17088273049913	8.31065468549422	0.269806159778156	asthma_gwama	EOSINOPHIL_DISEASE	264712
Asthma	Eosinophilic disease	EOSINOPHIL_DISEASE	binary	rs9693836	Wald ratio	6.87725030431162	2.46110150127063	0.00519994995594577	asthma_gwama	EOSINOPHIL_DISEASE	264712
Asthma	Eosinophilic disease	EOSINOPHIL_DISEASE	binary	rs9695132	Wald ratio	-1.76194236083695	1.01567543717053	0.0827852012173553	asthma_gwama	EOSINOPHIL_DISEASE	264712
Asthma	Eosinophilic disease	EOSINOPHIL_DISEASE	binary	rs9713035	Wald ratio	-2.59186378699577	1.99337218603588	0.193518461093917	asthma_gwama	EOSINOPHIL_DISEASE	264712
Asthma	Eosinophilic disease	EOSINOPHIL_DISEASE	binary	rs9775039	Wald ratio	0.61574998307036	0.578174307577707	0.28688035547321	asthma_gwama	EOSINOPHIL_DISEASE	264712
Asthma	Eosinophilic disease	EOSINOPHIL_DISEASE	binary	rs9797329	Wald ratio	-0.656178847807395	2.10233190025795	0.754949683480792	asthma_gwama	EOSINOPHIL_DISEASE	264712
Asthma	Eosinophilic disease	EOSINOPHIL_DISEASE	binary	rs9801498	Wald ratio	-0.116551394511921	1.82080802968961	0.94896162034233	asthma_gwama	EOSINOPHIL_DISEASE	264712
Asthma	Eosinophilic disease	EOSINOPHIL_DISEASE	binary	rs9836924	Wald ratio	0.170899307474721	2.14210098514159	0.936411306451845	asthma_gwama	EOSINOPHIL_DISEASE	264712
Asthma	Eosinophilic disease	EOSINOPHIL_DISEASE	binary	rs9852322	Wald ratio	2.50941019898075	1.9526146654981	0.198738536960332	asthma_gwama	EOSINOPHIL_DISEASE	264712
Asthma	Eosinophilic disease	EOSINOPHIL_DISEASE	binary	rs9878655	Wald ratio	-0.819526171419983	1.15048284672904	0.47625898455376	asthma_gwama	EOSINOPHIL_DISEASE	264712
Asthma	Eosinophilic disease	EOSINOPHIL_DISEASE	binary	rs9883633	Wald ratio	21.6791010194625	13.8361214087118	0.117150193211534	asthma_gwama	EOSINOPHIL_DISEASE	264712
Asthma	Eosinophilic disease	EOSINOPHIL_DISEASE	binary	rs9909541	Wald ratio	18.240998714102	16.1600514359194	0.258994415393233	asthma_gwama	EOSINOPHIL_DISEASE	264712
Asthma	Eosinophilic disease	EOSINOPHIL_DISEASE	binary	rs9920526	Wald ratio	1.40766654432006	0.912175399155809	0.122782930511319	asthma_gwama	EOSINOPHIL_DISEASE	264712
Asthma	Eosinophilic disease	EOSINOPHIL_DISEASE	binary	rs9938050	Wald ratio	2.20251901472333	2.18386365222245	0.313194159784355	asthma_gwama	EOSINOPHIL_DISEASE	264712
Asthma	Eosinophilic disease	EOSINOPHIL_DISEASE	binary	rs9949875	Wald ratio	2.61162948896006	2.6626229415266	0.326667499563615	asthma_gwama	EOSINOPHIL_DISEASE	264712
Asthma	Eosinophilic disease	EOSINOPHIL_DISEASE	binary	rs9950097	Wald ratio	2.01040909414867	2.18987242534388	0.358593475297174	asthma_gwama	EOSINOPHIL_DISEASE	264712
Asthma	Eosinophilic disease	EOSINOPHIL_DISEASE	binary	rs9979383	Wald ratio	20.6978225143796	12.7753081347576	0.105201621721141	asthma_gwama	EOSINOPHIL_DISEASE	264712
Asthma	Eosinophilic disease	EOSINOPHIL_DISEASE	binary	rs9979428	Wald ratio	0.719128358208955	2.37894925373134	0.762432350317066	asthma_gwama	EOSINOPHIL_DISEASE	264712
Asthma	Eosinophilic disease	EOSINOPHIL_DISEASE	binary	All - Inverse variance weighted	Inverse variance weighted	0.000145597349940325	0.00270674242874457	0.957101983881824	asthma_gwama	EOSINOPHIL_DISEASE	264712
Asthma	Eosinophilic disease	EOSINOPHIL_DISEASE	binary	All - MR Egger	MR Egger	-0.000937428446245889	0.00267862973753881	0.726477828775669	asthma_gwama	EOSINOPHIL_DISEASE	264712
