6	32658837	32658837	A/G	+	rs9273374
6	32650032	32650032	A/G	+	rs28798705
6	32643672	32643672	T/G	+	rs7757696
2	102353207	102353207	A/T	+	rs145573519
9	6177453	6177453	G/A	+	rs9775039
6	32625789	32625789	T/G	+	rs9271726
17	39882136	39882136	A/T	+	rs12939565
10	9001441	9001441	G/A	+	rs61840192
11	76582026	76582026	C/T	+	rs7114362
6	32665000	32665000	C/T	+	rs1049068
2	102309902	102309902	G/A	+	rs12470864
5	111088134	111088134	G/A	+	rs201024593
2	241760089	241760089	A/G	+	rs62192033
15	67149412	67149412	C/A	+	rs72743461
9	6047765	6047765	C/T	+	rs62557312
11	76588387	76588387	G/A	+	rs55646091
5	132655340	132655340	G/A	+	rs3091308
6	32606583	32606583	C/T	+	rs2647074
8	80380364	80380364	A/C	+	rs7824394
6	32664141	32664141	C/T	+	rs41263792
6	32811503	32811503	G/A	+	rs41316239
6	32530849	32530849	G/A	+	rs148451580
5	110825783	110825783	T/A	+	rs60557452
10	9001389	9001389	G/A	+	rs11256016
16	11119164	11119164	T/A	+	rs35441874
9	6255967	6255967	G/C	+	rs146597587
12	57115319	57115319	C/T	+	rs3122929
6	32594158	32594158	A/C	+	rs188575117
12	56041720	56041720	G/C	+	rs705705
1	152313385	152313385	G/A	+	rs61816761
6	32242578	32242578	T/C	+	rs3134935
6	31388310	31388310	C/T	+	rs72502575
5	132463934	132463934	T/C	+	rs3749833
4	38807011	38807011	T/C	+	rs4833096
12	57099944	57099944	T/G	+	rs3024971
15	67246694	67246694	T/C	+	rs112173287
6	90128956	90128956	G/A	+	rs12212737
6	32665073	32665073	G/A	+	rs9274408
1	152206676	152206676	C/T	+	rs12123821
6	32385958	32385958	C/T	+	rs182229954
6	32633427	32633427	C/G	+	rs114549185
17	49361940	49361940	G/A	+	rs112502960
4	122464858	122464858	C/T	+	rs58939053
10	9099661	9099661	T/C	+	rs117746614
15	60755327	60755327	C/T	+	rs9920526
19	33235672	33235672	C/A	+	rs117710327
17	40009232	40009232	T/C	+	rs7221894
1	167467063	167467063	T/C	+	rs1617988
9	5936490	5936490	C/G	+	rs117134689
6	32656600	32656600	G/A	+	rs567302488
5	132681300	132681300	G/A	+	rs2243284
13	99347347	99347347	G/C	+	rs1319132
2	8321247	8321247	C/T	+	rs71387227
10	8808400	8808400	G/A	+	rs10905469
4	122166148	122166148	C/G	+	rs76120566
6	32781889	32781889	T/C	+	rs28893537
6	32561691	32561691	G/A	+	rs71536563
6	31486585	31486585	C/G	+	rs144596166
6	32651319	32651319	C/T	+	rs555816908
16	27334031	27334031	C/T	+	rs1981551
10	9130270	9130270	T/C	+	rs1149915
3	33001221	33001221	C/T	+	rs7650543
3	188365702	188365702	T/C	+	rs9878655
7	20502593	20502593	A/G	+	rs7793850
5	142158452	142158452	G/C	+	rs249681
6	31390782	31390782	C/T	+	rs2923009
10	100418187	100418187	A/G	+	rs570927678
11	1118685	1118685	T/C	+	rs10751640
6	32344878	32344878	G/A	+	rs2078290
12	75613346	75613346	C/A	+	rs149770152
1	152467700	152467700	A/T	+	rs11205006
17	39908718	39908718	G/A	+	rs117097909
5	17364200	17364200	A/G	+	rs185221697
6	32651312	32651312	T/C	+	rs534331448
6	32228895	32228895	C/T	+	rs9267862
6	32649327	32649327	C/T	+	rs188694433
6	31505085	31505085	A/T	+	rs3131640
6	32556050	32556050	A/T	+	rs71536533
9	6504189	6504189	A/C	+	rs7864027
6	32804798	32804798	T/G	+	rs2621348
6	32650413	32650413	C/T	+	rs185774696
17	40660862	40660862	A/G	+	rs7210983
10	6051176	6051176	C/T	+	rs12722502
13	27346363	27346363	A/C	+	rs113889357
12	57136558	57136558	C/A	+	rs17547610
5	132485856	132485856	C/G	+	rs61175929
2	123081628	123081628	T/C	+	rs144881115
10	9028714	9028714	T/G	+	rs77000868
22	29388181	29388181	C/T	+	rs76890695
11	61806212	61806212	T/C	+	rs174551
16	27360103	27360103	T/C	+	rs3024664
3	186609415	186609415	T/C	+	rs575384931
11	76620349	76620349	A/C	+	rs147739507
2	236961082	236961082	G/A	+	rs538590173
21	35116456	35116456	T/C	+	rs202204907
3	118902865	118902865	G/C	+	rs564508702
14	86381380	86381380	A/G	+	rs538278633
6	32656738	32656738	T/C	+	rs185774274
2	102181785	102181785	T/G	+	rs74180212
7	28180193	28180193	A/G	+	rs849333
22	37053428	37053428	G/A	+	rs550427753
6	32038820	32038820	C/T	+	rs6462
6	32690847	32690847	G/A	+	rs2157051
6	32555018	32555018	C/A	+	rs117137018
5	111085023	111085023	C/T	+	rs181461000
14	68307027	68307027	T/G	+	rs3825729
9	79345730	79345730	A/G	+	rs370138771
10	8524799	8524799	A/T	+	rs2646436
3	152526979	152526979	A/G	+	rs568346764
15	67078906	67078906	C/T	+	rs28617673
22	36665309	36665309	T/G	+	rs193203786
22	36665341	36665341	C/A	+	rs190480671
1	79734026	79734026	A/T	+	rs118030933
6	33131697	33131697	G/A	+	rs3116990
6	31448602	31448602	A/G	+	rs9267111
3	139824789	139824789	A/G	+	rs577884263
12	130251623	130251623	T/C	+	rs528032160
9	5850375	5850375	A/G	+	rs58029167
1	63001902	63001902	T/C	+	rs549030858
10	8990592	8990592	C/G	+	rs72782676
17	39442589	39442589	A/G	+	rs7212218
3	196641059	196641059	G/A	+	rs7636493
17	39487123	39487123	C/G	+	rs72827105
5	35893087	35893087	A/C	+	rs62351976
10	9421323	9421323	A/G	+	rs543697798
6	33033067	33033067	A/T	+	rs35988070
6	29948904	29948904	G/A	+	rs28749158
9	6182285	6182285	G/A	+	rs9695132
1	22824891	22824891	C/T	+	rs541964427
20	11654342	11654342	C/G	+	rs75097346
5	14610200	14610200	C/G	+	rs16903574
1	24973256	24973256	C/T	+	rs12131497
11	118875724	118875724	C/T	+	rs10892305
12	96819501	96819501	A/G	+	rs114355466
2	75253057	75253057	C/T	+	rs529119341
6	31497253	31497253	T/C	+	rs6922431
11	25005764	25005764	C/T	+	rs536084500
19	53354068	53354068	T/C	+	rs570995797
3	18895341	18895341	A/G	+	rs537153307
3	74942289	74942289	A/G	+	rs572775699
3	31839756	31839756	A/G	+	rs539982805
3	139811706	139811706	C/T	+	rs555746714
1	8462178	8462178	A/G	+	rs530763701
11	111617861	111617861	T/C	+	rs61896951
6	32656256	32656256	C/T	+	rs193147579
1	8635947	8635947	T/C	+	rs1890572
19	11913128	11913128	C/T	+	rs566597236
10	53180368	53180368	A/G	+	rs542654675
5	111089234	111089234	G/A	+	rs141405779
4	17436329	17436329	C/T	+	rs190517737
4	40524188	40524188	C/G	+	rs548242521
15	88131769	88131769	C/T	+	rs550441626
21	24670047	24670047	G/A	+	rs182156659
6	32648705	32648705	C/T	+	rs534868470
15	77411550	77411550	C/T	+	rs568522730
6	31595147	31595147	C/T	+	rs71563353
14	44461337	44461337	T/C	+	rs541523992
9	3101219	3101219	G/C	+	rs562156095
12	67565572	67565572	G/A	+	rs141668396
20	63723142	63723142	T/C	+	rs7262150
7	20381307	20381307	C/T	+	rs71526323
6	32679192	32679192	C/T	+	rs114708995
7	70551743	70551743	T/C	+	rs7797987
2	102576115	102576115	G/A	+	rs7608337
5	41434675	41434675	T/A	+	rs147868033
22	41457113	41457113	G/T	+	rs169363
6	32522515	32522515	G/C	+	rs185320691
6	127970504	127970504	C/T	+	rs41285280
17	42266553	42266553	A/T	+	rs9909628
3	108425131	108425131	G/T	+	rs78074993
1	247654715	247654715	G/C	+	rs569426757
3	188683350	188683350	A/G	+	rs55661102
17	45154624	45154624	T/G	+	rs12936466
8	34102532	34102532	A/G	+	rs554256997
6	32641546	32641546	G/A	+	rs142591955
6	13396376	13396376	C/T	+	rs529709481
10	8062377	8062377	T/A	+	rs3824661
16	16066396	16066396	G/T	+	rs138296006
6	32651045	32651045	C/T	+	rs375069308
4	52790620	52790620	C/T	+	rs73814855
5	111359593	111359593	A/C	+	rs7706446
2	102220687	102220687	G/C	+	rs1024792
1	24932376	24932376	G/C	+	rs61774728
7	8147244	8147244	C/T	+	rs576076433
5	132103942	132103942	C/A	+	rs11242105
9	6221246	6221246	T/C	+	rs16924144
18	74857708	74857708	A/C	+	rs187179865
6	33879853	33879853	C/T	+	rs74747954
3	144740227	144740227	G/A	+	rs539467045
5	17158014	17158014	T/G	+	rs183693906
6	32592962	32592962	A/G	+	rs6910879
4	122558356	122558356	T/G	+	rs545659766
3	166790053	166790053	C/A	+	rs547203011
2	5289577	5289577	C/T	+	rs541704177
7	42396693	42396693	A/G	+	rs554019778
11	65886161	65886161	C/T	+	rs3867128
4	125910490	125910490	G/A	+	rs555409217
6	31369660	31369660	G/A	+	rs2922999
16	66837135	66837135	C/A	+	rs570700413
15	63936838	63936838	G/A	+	rs542392817
3	177134250	177134250	A/T	+	rs7626218
5	107385846	107385846	T/G	+	rs115698288
19	11332426	11332426	C/A	+	rs145029725
16	6962320	6962320	C/G	+	rs531849757
22	40006226	40006226	T/C	+	rs532408267
16	66836261	66836261	G/A	+	rs572650636
12	120927628	120927628	G/A	+	rs188074962
1	81503793	81503793	A/G	+	rs557069037
10	8473362	8473362	T/C	+	rs10795633
5	139724927	139724927	T/C	+	rs145258356
3	8209709	8209709	G/C	+	rs551781277
12	111359761	111359761	C/T	+	rs142365849
5	152632542	152632542	A/G	+	rs533792043
11	11180244	11180244	G/A	+	rs560022931
1	151813805	151813805	G/A	+	rs3828058
10	59764362	59764362	A/C	+	rs73267584
11	20811168	20811168	C/T	+	rs112405747
6	31254118	31254118	A/T	+	rs9264218
3	196632439	196632439	G/A	+	rs1684466
10	8263029	8263029	G/A	+	rs113981909
7	22726814	22726814	T/A	+	rs7802307
7	36458174	36458174	T/C	+	rs549298398
3	54710804	54710804	G/A	+	rs564028026
6	30725344	30725344	A/G	+	rs7781
6	105262914	105262914	C/G	+	rs73512033
13	20682204	20682204	T/C	+	rs191530669
1	2582239	2582239	A/T	+	rs2016366
7	42385309	42385309	C/T	+	rs183720841
12	92155247	92155247	C/G	+	rs114048096
15	28378165	28378165	T/C	+	rs543373600
15	54469487	54469487	C/T	+	rs572440779
12	75564820	75564820	C/G	+	rs190029525
3	61603812	61603812	A/G	+	rs373682209
15	83862943	83862943	G/A	+	rs143253231
5	111230477	111230477	G/A	+	rs10057913
10	73035781	73035781	T/C	+	rs543715010
2	156602093	156602093	C/T	+	rs578157227
13	21306590	21306590	A/G	+	rs566362702
13	67228426	67228426	A/T	+	rs74852547
9	110694482	110694482	C/A	+	rs565908580
15	33956328	33956328	C/T	+	rs142833331
17	6666793	6666793	C/T	+	rs545989971
8	132770351	132770351	C/T	+	rs564869949
6	90164994	90164994	G/A	+	rs147471705
6	31552881	31552881	T/A	+	rs34492353
9	74212308	74212308	T/C	+	rs551437449
10	6082294	6082294	C/T	+	rs56382813
10	90366543	90366543	C/T	+	rs192493603
1	152124299	152124299	G/T	+	rs79491862
7	20416355	20416355	A/T	+	rs2390314
2	67648051	67648051	A/G	+	rs551980574
12	15353539	15353539	C/T	+	rs76251111
5	123769469	123769469	T/C	+	rs527986872
15	41401257	41401257	G/T	+	rs4924544
10	61934761	61934761	T/C	+	rs576690139
8	62691697	62691697	A/G	+	rs537897582
10	8829429	8829429	T/C	+	rs112842054
1	151829204	151829204	G/A	+	rs4845604
3	186251666	186251666	T/G	+	rs185986816
2	9983510	9983510	C/T	+	rs536920683
17	40608272	40608272	T/A	+	rs112401631
3	115408856	115408856	G/A	+	rs564750050
11	65791795	65791795	A/G	+	rs10791824
3	196603378	196603378	G/A	+	rs111261380
17	72809377	72809377	G/A	+	rs528176234
7	110379350	110379350	C/G	+	rs79788659
5	121687926	121687926	C/T	+	rs76639799
5	107367830	107367830	A/G	+	rs139592966
10	92669710	92669710	C/T	+	rs7918084
4	98710569	98710569	G/T	+	rs143445255
3	47610578	47610578	G/A	+	rs146563712
15	59070101	59070101	C/T	+	rs189295374
4	115716906	115716906	G/A	+	rs111839173
6	32649216	32649216	T/A	+	rs555746221
5	121694112	121694112	C/T	+	rs114372072
22	50562294	50562294	G/A	+	rs560825322
7	46453599	46453599	A/G	+	rs561635278
4	88461323	88461323	A/G	+	rs574435821
8	1992100	1992100	A/C	+	rs542383204
8	3772461	3772461	A/G	+	rs549888517
7	95526025	95526025	C/T	+	rs113050249
13	39745817	39745817	A/G	+	rs28635831
5	73791198	73791198	G/A	+	rs559853491
10	6586262	6586262	G/A	+	rs61841332
14	47523309	47523309	A/T	+	rs188341231
4	66868754	66868754	T/G	+	rs572507794
15	41898337	41898337	A/G	+	rs372019101
5	143096937	143096937	G/A	+	rs547735028
1	43008477	43008477	G/T	+	rs560248580
1	42994302	42994302	C/T	+	rs553929799
3	34281828	34281828	C/T	+	rs549514839
5	3364751	3364751	T/A	+	rs57580990
2	241740814	241740814	G/A	+	rs60946542
16	30945198	30945198	T/C	+	rs570874297
3	43159443	43159443	C/A	+	rs182011134
2	102249917	102249917	G/A	+	rs10186746
1	42950911	42950911	G/A	+	rs554528507
10	9311767	9311767	T/G	+	rs201962501
5	132794953	132794953	C/T	+	rs532574427
18	59471297	59471297	C/T	+	rs541961434
10	8997543	8997543	A/G	+	rs1705333
7	29234877	29234877	T/C	+	rs150510414
5	139739552	139739552	C/T	+	rs147562575
4	89130305	89130305	C/A	+	rs187146369
4	177521500	177521500	G/A	+	rs138449600
6	32478934	32478934	T/C	+	rs9269160
7	32644824	32644824	A/T	+	rs552246512
21	15597991	15597991	A/C	+	rs554370064
6	135364861	135364861	T/C	+	rs2143793
10	8937888	8937888	A/G	+	rs6602347
6	32605933	32605933	C/T	+	rs139991161
20	20438772	20438772	A/G	+	rs569137980
2	227897199	227897199	A/G	+	rs548526758
1	79552434	79552434	G/A	+	rs557852711
4	100874603	100874603	T/G	+	rs140673264
10	62674522	62674522	A/G	+	rs138012443
10	5223270	5223270	C/T	+	rs538883899
12	71123889	71123889	A/G	+	rs71456061
6	105262910	105262910	T/C	+	rs73512032
5	96899744	96899744	G/A	+	rs564941475
2	170277793	170277793	G/A	+	rs552832612
3	24515803	24515803	T/C	+	rs138660142
17	45259320	45259320	G/C	+	rs4247364
5	157425748	157425748	G/A	+	rs369028166
5	132734014	132734014	G/A	+	rs9327638
7	47208098	47208098	T/C	+	rs60162903
5	117978424	117978424	C/T	+	rs2416483
5	111051427	111051427	G/C	+	rs62375550
6	55833962	55833962	T/C	+	rs75788512
5	169622071	169622071	A/G	+	rs182461349
7	107643437	107643437	T/C	+	rs546869859
9	89062359	89062359	C/T	+	rs184004899
16	27250959	27250959	G/A	+	rs7189678
17	47795683	47795683	A/T	+	rs72833417
3	20616027	20616027	G/A	+	rs573188150
5	142141262	142141262	A/G	+	rs183991587
4	115899396	115899396	T/G	+	rs115200415
16	6614061	6614061	C/T	+	rs114212869
10	19862343	19862343	T/C	+	rs184195810
11	76655646	76655646	T/G	+	rs12718488
3	24515484	24515484	A/G	+	rs143640939
6	80067724	80067724	G/A	+	rs188419495
16	12352494	12352494	T/C	+	rs532047322
7	47204818	47204818	G/C	+	rs60881593
1	203121848	203121848	C/T	+	rs7555556
6	121441087	121441087	T/C	+	rs35586997
7	47201112	47201112	C/T	+	rs73322515
4	74906893	74906893	C/T	+	rs76398516
2	169677944	169677944	A/T	+	rs550039285
11	32452040	32452040	T/C	+	rs374689417
5	24191325	24191325	G/T	+	rs201495976
12	4713569	4713569	G/A	+	rs141648417
9	25819126	25819126	G/A	+	rs73642412
2	70012407	70012407	G/A	+	rs189210278
2	70052406	70052406	C/A	+	rs185321289
15	27641655	27641655	A/G	+	rs555839674
3	33036729	33036729	G/C	+	rs60508576
11	82086336	82086336	C/T	+	rs549994664
5	68663610	68663610	G/C	+	rs561179975
6	149465932	149465932	A/T	+	rs56383785
20	11657576	11657576	T/C	+	rs148529851
5	88678737	88678737	G/A	+	rs535566248
1	71444959	71444959	G/C	+	rs567949921
11	41155996	41155996	A/C	+	rs574679498
13	32399959	32399959	C/T	+	rs148626587
10	9251327	9251327	T/C	+	rs1143869
7	3117642	3117642	G/C	+	rs73033560
10	6802928	6802928	C/A	+	rs548931334
8	126791708	126791708	T/C	+	rs567226195
2	13994664	13994664	T/G	+	rs572176443
10	1144685	1144685	T/C	+	rs559942455
17	49420500	49420500	G/C	+	rs72837213
10	8975515	8975515	T/G	+	rs1663671
17	52416296	52416296	G/A	+	rs150174385
7	80413985	80413985	T/C	+	rs147038821
2	101677541	101677541	T/G	+	rs12467817
6	32523955	32523955	A/G	+	rs113854881
15	47218886	47218886	T/C	+	rs564533920
4	163074104	163074104	T/C	+	rs72996280
14	25639412	25639412	C/T	+	rs562921290
4	82238952	82238952	A/G	+	rs545091099
15	67121286	67121286	G/A	+	rs117683492
1	2251562	2251562	T/C	+	rs150453256
12	100610086	100610086	G/A	+	rs115303362
1	12075268	12075268	A/T	+	rs6690285
6	32577124	32577124	T/C	+	rs557673768
9	137118050	137118050	C/G	+	rs145842726
6	140154790	140154790	C/T	+	rs577358417
4	65203284	65203284	G/A	+	rs140819990
5	132617818	132617818	A/G	+	rs17772583
6	32650716	32650716	G/A	+	rs545361737
8	1555687	1555687	A/G	+	rs537030900
11	36350207	36350207	T/C	+	rs2592555
7	144807643	144807643	T/C	+	rs144496283
5	155302344	155302344	C/T	+	rs146736960
2	142591981	142591981	T/C	+	rs564982698
3	128235867	128235867	T/A	+	rs56397996
18	21347226	21347226	C/T	+	rs548729938
12	34333214	34333214	G/A	+	rs117377396
8	70476965	70476965	A/G	+	rs559242555
17	39966629	39966629	C/G	+	rs11871317
7	147073175	147073175	T/G	+	rs559034603
15	53437837	53437837	C/T	+	rs140767757
6	83788191	83788191	C/T	+	rs147303040
13	90156242	90156242	C/T	+	rs570845848
1	2280291	2280291	G/A	+	rs113458259
3	6342321	6342321	C/T	+	rs377515795
3	104664055	104664055	T/C	+	rs74747014
5	2678335	2678335	G/T	+	rs575177960
8	127781092	127781092	A/G	+	rs73351149
12	104770344	104770344	G/A	+	rs114800091
1	9296617	9296617	T/C	+	rs67551275
12	105162760	105162760	T/C	+	rs566629577
7	47204970	47204970	C/A	+	rs61210982
6	32657066	32657066	G/A	+	rs9501646
16	28583023	28583023	A/G	+	rs117814920
2	118891723	118891723	A/G	+	rs569339600
8	2475533	2475533	G/A	+	rs543183348
19	55816445	55816445	T/C	+	rs544749373
16	85419707	85419707	C/T	+	rs559712054
11	73206318	73206318	T/C	+	rs73541065
20	16417783	16417783	C/T	+	rs558312024
14	78555628	78555628	C/T	+	rs574545616
3	21783360	21783360	G/A	+	rs74647648
20	18184205	18184205	C/T	+	rs191900956
10	50016231	50016231	A/T	+	rs372353853
11	125635048	125635048	C/G	+	rs568214848
4	25690865	25690865	T/G	+	rs545951249
2	16467381	16467381	C/G	+	rs538480028
14	32627300	32627300	G/A	+	rs140004893
11	56401056	56401056	G/A	+	rs542258572
1	198632575	198632575	A/G	+	rs76181804
2	206579068	206579068	T/G	+	rs554851778
6	32680908	32680908	A/T	+	rs114394994
3	64420782	64420782	C/T	+	rs553205203
17	42550742	42550742	C/T	+	rs184482331
12	57758845	57758845	G/A	+	rs146323526
19	5349515	5349515	C/T	+	rs148487251
6	107010507	107010507	T/C	+	rs535693066
6	106570238	106570238	T/C	+	rs187320309
14	98634021	98634021	G/A	+	rs546250872
2	74011348	74011348	A/G	+	rs183338621
2	138827051	138827051	G/A	+	rs563368929
19	36465956	36465956	A/G	+	rs76817027
7	50231654	50231654	A/G	+	rs555526040
3	39524645	39524645	A/G	+	rs556274591
5	52397530	52397530	G/A	+	rs191255770
7	71878455	71878455	C/T	+	rs550256237
12	56941133	56941133	G/C	+	rs201672301
1	160674732	160674732	A/G	+	rs149897355
6	154734189	154734189	C/T	+	rs4385322
3	115617032	115617032	G/A	+	rs148501235
3	119015030	119015030	A/G	+	rs565532444
1	12115601	12115601	G/A	+	rs2230624
9	99153605	99153605	C/T	+	rs41283642
2	227847841	227847841	A/G	+	rs2056567
15	63087826	63087826	G/C	+	rs182159433
2	160736450	160736450	A/G	+	rs528130327
10	31601879	31601879	C/T	+	rs7086577
10	97944133	97944133	A/T	+	rs587634070
14	61407148	61407148	G/A	+	rs141088606
8	82055864	82055864	C/T	+	rs190400917
4	47281372	47281372	T/C	+	rs116559377
22	43781948	43781948	G/A	+	rs529093103
18	57804778	57804778	G/A	+	rs573522714
11	24404004	24404004	A/G	+	rs558586256
4	53248823	53248823	A/G	+	rs187085344
4	40794631	40794631	A/G	+	rs561043065
2	241810604	241810604	C/G	+	rs62193093
2	163079843	163079843	A/G	+	rs148281161
2	157477049	157477049	T/C	+	rs139924082
19	3136093	3136093	C/T	+	rs117552144
15	69626521	69626521	T/C	+	rs140252523
18	37682816	37682816	A/G	+	rs574939045
12	53214290	53214290	G/A	+	rs112352919
2	225220579	225220579	A/T	+	rs141971500
1	203112252	203112252	A/G	+	rs138244378
4	36680925	36680925	T/G	+	rs535160526
1	107433923	107433923	A/T	+	rs371601906
8	48440134	48440134	C/T	+	rs534826554
2	171590873	171590873	C/T	+	rs562451887
1	107431609	107431609	C/T	+	rs377072553
1	20160767	20160767	A/G	+	rs528608794
2	102332436	102332436	G/C	+	rs140650674
7	47161118	47161118	A/G	+	rs151203787
8	20947278	20947278	G/A	+	rs564240876
17	68330235	68330235	T/C	+	rs562167529
17	20015164	20015164	G/A	+	rs574245197
10	31602081	31602081	G/A	+	rs147281079
6	137908903	137908903	T/A	+	rs200820567
10	27060644	27060644	A/C	+	rs115427693
16	27412850	27412850	T/C	+	rs179768
6	105307570	105307570	C/A	+	rs529350912
15	32295448	32295448	T/C	+	rs553925990
9	98103589	98103589	A/G	+	rs533936387
1	152811779	152811779	C/T	+	rs11804609
5	111090784	111090784	G/A	+	rs139671781
2	163933122	163933122	A/G	+	rs558245222
8	78104352	78104352	T/C	+	rs535171706
21	36576440	36576440	T/C	+	rs550188093
15	74184475	74184475	G/C	+	rs573711677
3	48979481	48979481	G/A	+	rs202082295
6	33015988	33015988	C/T	+	rs11964507
12	102724406	102724406	G/A	+	rs80194082
2	71696407	71696407	T/G	+	rs374494611
2	5720824	5720824	G/T	+	rs150249700
4	36687125	36687125	A/T	+	rs535620348
19	41140991	41140991	T/C	+	rs530396246
12	104764692	104764692	C/T	+	rs115006960
3	155078487	155078487	C/A	+	rs115397404
22	46263514	46263514	T/C	+	rs564036611
1	203343804	203343804	A/G	+	rs572044880
3	187718049	187718049	G/A	+	rs9841150
7	39686057	39686057	C/A	+	rs149739757
18	11932681	11932681	C/T	+	rs541805179
8	29925324	29925324	C/T	+	rs191661396
4	180616032	180616032	A/T	+	rs144062274
16	27495134	27495134	G/A	+	rs547316586
5	111155681	111155681	G/A	+	rs252872
6	31471882	31471882	A/G	+	rs9688839
6	34092470	34092470	A/G	+	rs527801593
8	47504308	47504308	A/G	+	rs191600432
22	29039365	29039365	C/T	+	rs551407163
22	29039540	29039540	T/C	+	rs538091671
9	100739170	100739170	C/T	+	rs571710818
2	195565128	195565128	A/C	+	rs548482054
1	67461006	67461006	T/C	+	rs567740344
10	78238325	78238325	C/T	+	rs146012621
22	47096643	47096643	A/G	+	rs147742334
2	195551041	195551041	T/G	+	rs532019918
19	37955675	37955675	C/T	+	rs353401
11	83519439	83519439	A/C	+	rs186904773
11	14387747	14387747	C/A	+	rs558283490
13	51729518	51729518	T/A	+	rs181960659
13	51729520	51729520	C/T	+	rs187594796
7	47186223	47186223	T/G	+	rs75496449
7	47186224	47186224	C/T	+	rs78216460
7	2992595	2992595	C/T	+	rs186520974
17	18991612	18991612	G/A	+	rs140645419
17	40128610	40128610	G/C	+	rs75905358
11	60697326	60697326	C/A	+	rs150420471
20	11641124	11641124	A/T	+	rs185613548
4	155264474	155264474	A/G	+	rs531598749
6	103690815	103690815	T/C	+	rs564228121
1	13877833	13877833	C/T	+	rs149698351
11	94050642	94050642	G/A	+	rs542523147
3	134353531	134353531	G/A	+	rs571532745
5	164108279	164108279	G/T	+	rs185839748
3	160823004	160823004	G/T	+	rs566001350
2	101944264	101944264	G/T	+	rs72988513
16	15991176	15991176	T/G	+	rs571326636
17	58354678	58354678	C/T	+	rs149394482
13	60248503	60248503	A/C	+	rs559120107
8	26982427	26982427	G/A	+	rs548208154
8	136160968	136160968	A/C	+	rs559486074
12	14583853	14583853	C/T	+	rs530690993
14	84637141	84637141	G/A	+	rs148370193
7	125984184	125984184	T/C	+	rs140279130
11	82174357	82174357	T/C	+	rs558176875
15	31438854	31438854	T/C	+	rs558823511
6	32503235	32503235	G/A	+	rs111637026
17	6377536	6377536	C/T	+	rs7214885
16	82373336	82373336	A/G	+	rs547248695
2	30181347	30181347	T/C	+	rs142726493
13	86530338	86530338	C/T	+	rs551388302
2	241732738	241732738	G/A	+	rs35177143
6	5415112	5415112	C/T	+	rs533283473
15	63821098	63821098	C/T	+	rs548194823
8	40016505	40016505	C/T	+	rs185382122
1	197829002	197829002	A/G	+	rs183340015
3	188724692	188724692	T/C	+	rs9290877
6	32688316	32688316	G/A	+	rs112067814
7	154781838	154781838	C/G	+	rs549109221
13	73453253	73453253	C/T	+	rs142102013
7	47185214	47185214	T/C	+	rs73334571
15	24665218	24665218	C/T	+	rs552080650
8	102007785	102007785	C/T	+	rs114871163
19	9026519	9026519	T/G	+	rs73012738
7	47182238	47182238	T/C	+	rs111421852
2	241751355	241751355	T/C	+	rs141343442
3	183946015	183946015	C/T	+	rs558701725
5	89240007	89240007	G/A	+	rs138551915
11	76410246	76410246	G/C	+	rs4945084
3	195991889	195991889	C/G	+	rs138134713
22	23632067	23632067	A/G	+	rs537796266
5	127757095	127757095	T/C	+	rs545671287
2	195555627	195555627	T/C	+	rs570933263
9	6142157	6142157	A/C	+	rs544253
12	24014255	24014255	C/T	+	rs533588713
4	46789593	46789593	A/C	+	rs542349026
12	66293832	66293832	G/A	+	rs73329021
22	17161044	17161044	C/T	+	rs548299021
2	193138049	193138049	A/C	+	rs552104377
18	7434387	7434387	G/A	+	rs531465311
4	38796866	38796866	A/C	+	rs529836489
11	7781952	7781952	C/T	+	rs559893111
2	4932369	4932369	T/G	+	rs543252136
7	86675020	86675020	A/G	+	rs111770896
13	78067463	78067463	T/C	+	rs540058770
6	35186538	35186538	G/T	+	rs6457809
5	58980056	58980056	A/G	+	rs78586335
1	173162354	173162354	A/G	+	rs10158467
5	151257417	151257417	C/G	+	rs115821625
14	25127080	25127080	T/C	+	rs111641920
2	67610610	67610610	G/T	+	rs551459686
8	25216825	25216825	A/G	+	rs553520129
11	76683417	76683417	C/A	+	rs11236855
10	17135992	17135992	A/C	+	rs551627272
1	151614709	151614709	T/G	+	rs151288460
15	79637555	79637555	C/T	+	rs111614308
1	21323112	21323112	A/C	+	rs574603522
2	30269250	30269250	G/A	+	rs111597890
9	23585743	23585743	A/C	+	rs274945
4	55039485	55039485	T/A	+	rs115548019
3	53127063	53127063	G/A	+	rs144002170
3	122848551	122848551	C/T	+	rs144731635
8	77659649	77659649	C/T	+	rs150422966
18	63775385	63775385	A/G	+	rs12964116
7	99326279	99326279	T/A	+	rs187149538
1	152196241	152196241	G/A	+	rs35058813
3	172441830	172441830	T/G	+	rs563097156
8	143702372	143702372	C/T	+	rs587601176
12	206447	206447	A/G	+	rs561966028
11	10638520	10638520	T/G	+	rs11603178
1	218427413	218427413	C/T	+	rs553625376
5	172140135	172140135	T/G	+	rs562068561
5	14143207	14143207	C/A	+	rs575212626
7	29386595	29386595	T/C	+	rs577671801
6	104441061	104441061	G/A	+	rs182095606
14	91370126	91370126	G/A	+	rs113428342
12	121415199	121415199	A/G	+	rs529645339
13	110348678	110348678	A/G	+	rs184028552
2	163002166	163002166	C/A	+	rs191060790
11	6139104	6139104	A/G	+	rs76812074
8	57377149	57377149	T/A	+	rs540243753
12	43564113	43564113	T/G	+	rs576860080
8	4301211	4301211	G/C	+	rs138788821
5	31897391	31897391	T/C	+	rs561529633
15	49998554	49998554	G/C	+	rs560046140
20	53591817	53591817	G/A	+	rs2766678
12	1413701	1413701	A/G	+	rs190315919
6	114046115	114046115	C/A	+	rs111603225
6	32539798	32539798	G/A	+	rs540246625
6	117456983	117456983	C/T	+	rs114382321
4	181494369	181494369	C/T	+	rs553820929
18	70461483	70461483	C/T	+	rs79163002
8	8947945	8947945	C/T	+	rs150389453
8	10076977	10076977	T/C	+	rs184113203
13	75862915	75862915	C/T	+	rs116584228
20	43678642	43678642	A/G	+	rs571288324
11	112818546	112818546	A/G	+	rs562468798
1	228369877	228369877	T/C	+	rs562760078
8	111243887	111243887	A/G	+	rs550433469
12	103128240	103128240	G/A	+	rs566665207
2	140787399	140787399	T/A	+	rs141901937
10	2658927	2658927	C/T	+	rs115428497
18	52272957	52272957	A/G	+	rs369558913
14	23543002	23543002	C/T	+	rs188388762
2	183858369	183858369	T/C	+	rs540977584
4	112387588	112387588	C/T	+	rs540110460
1	43980814	43980814	G/A	+	rs2231281
11	117398318	117398318	C/A	+	rs191910781
2	163883426	163883426	T/C	+	rs536022392
4	55032599	55032599	C/T	+	rs144272031
10	10423948	10423948	G/A	+	rs576294915
1	10811565	10811565	C/T	+	rs192721732
19	3093891	3093891	A/C	+	rs7245431
17	5799679	5799679	G/A	+	rs78035839
2	50406921	50406921	A/G	+	rs528449567
10	9432850	9432850	G/A	+	rs7091278
21	41012174	41012174	G/A	+	rs564656918
18	10188364	10188364	G/A	+	rs564773627
6	32681171	32681171	A/C	+	rs545072519
18	51377843	51377843	C/A	+	rs146220415
5	169376803	169376803	A/T	+	rs369416811
14	22301711	22301711	T/C	+	rs77307871
19	44750325	44750325	G/A	+	rs8100197
17	2562208	2562208	T/G	+	rs113777083
16	73292012	73292012	C/A	+	rs143505395
12	20470997	20470997	C/G	+	rs116371807
15	51601346	51601346	G/A	+	rs79373398
2	169664409	169664409	C/T	+	rs557076094
19	45749075	45749075	A/T	+	rs116959973
2	130807443	130807443	G/T	+	rs188639301
12	119492006	119492006	G/C	+	rs534647136
8	89586995	89586995	C/T	+	rs186605314
8	38598729	38598729	G/A	+	rs116167392
20	6838505	6838505	T/C	+	rs566162504
11	76683230	76683230	G/A	+	rs12419600
13	26899768	26899768	C/A	+	rs78941064
1	179711803	179711803	T/C	+	rs563460445
8	143615056	143615056	G/A	+	rs548095092
5	169376220	169376220	T/C	+	rs372184572
6	66594834	66594834	T/C	+	rs529471568
18	63800693	63800693	T/C	+	rs561058497
6	52366980	52366980	G/A	+	rs145633617
19	11170810	11170810	T/G	+	rs570223760
3	190591838	190591838	C/T	+	rs538211315
7	130837213	130837213	A/G	+	rs145639379
8	66247898	66247898	C/T	+	rs559232815
15	98307067	98307067	A/G	+	rs552565175
17	78356473	78356473	G/C	+	rs76848919
16	17995439	17995439	C/A	+	rs116781148
4	37805229	37805229	G/C	+	rs185441533
8	101247390	101247390	A/G	+	rs193267310
10	6013641	6013641	C/T	+	rs9663421
1	162982513	162982513	G/A	+	rs565264619
3	69071095	69071095	A/G	+	rs533142138
14	85188032	85188032	A/G	+	rs535711816
14	95887549	95887549	G/A	+	rs4900299
12	60290430	60290430	C/A	+	rs534874125
15	71429260	71429260	T/C	+	rs532425321
18	72339755	72339755	T/C	+	rs529806261
12	69304684	69304684	T/C	+	rs186685954
5	116519533	116519533	A/G	+	rs115330139
3	6494169	6494169	T/C	+	rs528080565
16	81206355	81206355	T/C	+	rs574361168
12	53012767	53012767	G/A	+	rs7970899
2	84958523	84958523	G/A	+	rs558396846
11	76573731	76573731	A/T	+	rs6592650
9	23193740	23193740	T/A	+	rs146193230
6	48211347	48211347	T/C	+	rs138011867
6	63500258	63500258	G/T	+	rs1779773
12	53616101	53616101	A/G	+	rs575656584
17	43398091	43398091	G/C	+	rs112504308
4	89723222	89723222	C/T	+	rs60385286
8	133091922	133091922	C/T	+	rs66555610
13	35791180	35791180	A/G	+	rs569222869
5	11608845	11608845	G/T	+	rs77171825
7	41137110	41137110	C/T	+	rs59797816
20	37317333	37317333	G/T	+	rs187685402
22	46589321	46589321	G/A	+	rs5767278
7	98178410	98178410	G/A	+	rs374657478
2	102581590	102581590	A/T	+	rs181291283
1	20161342	20161342	T/G	+	rs552366068
6	165522965	165522965	C/A	+	rs534768251
4	89728223	89728223	T/C	+	rs113263791
15	55931243	55931243	T/C	+	rs557128126
2	65589942	65589942	G/A	+	rs56699982
4	64517496	64517496	A/G	+	rs182375165
7	46354554	46354554	C/G	+	rs78953650
13	39610728	39610728	G/T	+	rs142507462
5	146644960	146644960	T/G	+	rs143106850
1	229530938	229530938	C/A	+	rs554140044
6	159313927	159313927	C/A	+	rs184216006
2	69680152	69680152	T/C	+	rs532457962
14	35412555	35412555	C/T	+	rs9322952
6	155611719	155611719	C/T	+	rs542235062
10	120941862	120941862	A/G	+	rs574378199
1	228365018	228365018	A/G	+	rs576117785
1	154447416	154447416	G/A	+	rs12730935
6	31798088	31798088	T/A	+	rs557699552
16	5515987	5515987	G/A	+	rs370258546
6	15477106	15477106	A/G	+	rs532752741
10	14177847	14177847	C/T	+	rs563683838
12	100583219	100583219	A/T	+	rs182023787
6	5962150	5962150	T/C	+	rs544550586
11	56519822	56519822	C/G	+	rs150484091
10	8414044	8414044	A/C	+	rs11255686
17	63922145	63922145	T/C	+	rs2262046
1	184467361	184467361	G/A	+	rs142974104
2	30325081	30325081	C/T	+	rs559482314
22	49365971	49365971	G/T	+	rs565486180
13	32289503	32289503	T/C	+	rs560553199
6	55804083	55804083	A/T	+	rs116090994
6	11088743	11088743	A/G	+	rs139727043
11	33128752	33128752	T/A	+	rs568068927
1	57789346	57789346	C/T	+	rs146356216
6	115504970	115504970	G/A	+	rs59420554
14	35327551	35327551	T/C	+	rs146763133
9	98231176	98231176	T/C	+	rs185721771
10	35831637	35831637	G/A	+	rs149084414
14	106838063	106838063	C/T	+	rs114658347
18	50811121	50811121	A/C	+	rs116007131
7	42557953	42557953	T/C	+	rs561527460
4	117444349	117444349	G/A	+	rs190965706
8	54461288	54461288	A/T	+	rs536556672
12	72620613	72620613	A/G	+	rs376823832
20	38180956	38180956	G/A	+	rs56770899
15	96113812	96113812	C/T	+	rs576392346
16	52843937	52843937	G/A	+	rs545330633
6	79529681	79529681	A/G	+	rs568223964
9	88574672	88574672	T/A	+	rs540973461
15	50097608	50097608	A/G	+	rs555060560
2	137207170	137207170	C/T	+	rs544561678
1	37878930	37878930	G/A	+	rs150788669
2	213791526	213791526	A/G	+	rs185256020
14	77119027	77119027	C/A	+	rs73299673
15	68467285	68467285	A/G	+	rs577668616
1	2262365	2262365	G/C	+	rs112780030
1	172731728	172731728	G/A	+	rs1102705
6	33603525	33603525	T/A	+	rs35020498
1	81076727	81076727	A/G	+	rs573988883
6	33476206	33476206	G/A	+	rs28361092
10	77510670	77510670	C/T	+	rs189062167
15	83669499	83669499	G/A	+	rs147726586
1	2004751	2004751	G/A	+	rs371042559
2	102510080	102510080	A/G	+	rs11688802
10	63757582	63757582	T/G	+	rs551562960
6	148019478	148019478	C/A	+	rs565456700
12	130070945	130070945	C/T	+	rs181581585
12	104857711	104857711	T/C	+	rs375287036
4	94294583	94294583	A/G	+	rs145192039
12	12303078	12303078	C/T	+	rs375326021
13	66370973	66370973	A/C	+	rs569611961
2	190219584	190219584	C/T	+	rs115640990
3	122842152	122842152	G/T	+	rs117028500
3	118580257	118580257	C/T	+	rs376240861
14	33982380	33982380	G/A	+	rs148790297
13	43519325	43519325	T/C	+	rs112934086
18	1005003	1005003	G/T	+	rs536353022
17	40936686	40936686	A/G	+	rs527449977
20	50559905	50559905	A/G	+	rs79641917
8	144103704	144103704	G/A	+	rs34173062
5	114362439	114362439	G/A	+	rs371232510
10	6069112	6069112	T/C	+	rs7893324
9	137892054	137892054	C/T	+	rs553180779
21	26618876	26618876	G/A	+	rs151279281
12	94206166	94206166	T/G	+	rs7135586
1	167417795	167417795	A/G	+	rs527415481
7	155685440	155685440	G/A	+	rs181713051
12	20470415	20470415	G/T	+	rs75469494
18	25900606	25900606	A/G	+	rs554911459
3	144886922	144886922	T/C	+	rs566030050
1	94393497	94393497	G/A	+	rs539126535
4	13133454	13133454	T/G	+	rs146383227
8	33453246	33453246	G/A	+	rs557935281
14	94929123	94929123	G/A	+	rs111369471
15	92619811	92619811	C/T	+	rs577610870
11	3764699	3764699	C/G	+	rs140790699
8	118887659	118887659	A/G	+	rs563648853
1	209300590	209300590	T/C	+	rs75957226
9	76671471	76671471	A/C	+	rs570865543
17	48220730	48220730	G/A	+	rs531087531
10	23897088	23897088	C/T	+	rs140848373
1	98885560	98885560	T/A	+	rs539706293
16	17843913	17843913	A/C	+	rs531240706
18	54290038	54290038	G/A	+	rs12965763
8	75433109	75433109	A/G	+	rs551290649
3	60964931	60964931	G/T	+	rs190454515
9	113384374	113384374	G/A	+	rs556305296
1	208644139	208644139	T/G	+	rs115587306
20	43656670	43656670	C/T	+	rs577958074
8	23550044	23550044	G/A	+	rs536128224
17	75855032	75855032	C/A	+	rs55868394
3	3296135	3296135	T/A	+	rs536149866
17	77443173	77443173	A/C	+	rs77864114
1	80716383	80716383	G/A	+	rs180897797
11	25330802	25330802	T/C	+	rs6484135
2	42621523	42621523	C/T	+	rs192777694
2	29665218	29665218	C/T	+	rs149496289
5	130193593	130193593	A/T	+	rs199590709
5	75436594	75436594	G/T	+	rs535213837
3	11884216	11884216	G/A	+	rs137925487
12	53218062	53218062	G/A	+	rs11170483
18	69698634	69698634	A/G	+	rs373574910
17	6377031	6377031	A/G	+	rs115028830
10	9381054	9381054	G/A	+	rs541287369
10	87632413	87632413	C/T	+	rs540352848
15	40561480	40561480	A/C	+	rs11629680
15	76500242	76500242	A/G	+	rs556895888
20	50556664	50556664	C/T	+	rs75718858
18	51225148	51225148	C/T	+	rs548322391
9	120436043	120436043	A/G	+	rs188489063
6	99300406	99300406	T/C	+	rs538611009
6	32686464	32686464	T/C	+	rs113457465
1	167229299	167229299	A/G	+	rs1021621
6	16745174	16745174	C/T	+	rs545187459
13	94927072	94927072	C/G	+	rs9590126
13	32329687	32329687	T/G	+	rs11571625
11	867462	867462	C/T	+	rs533513438
21	34431001	34431001	C/T	+	rs77353711
7	112617114	112617114	T/C	+	rs541395520
10	20392866	20392866	A/C	+	rs75134124
17	20287828	20287828	G/A	+	rs150413678
22	49498041	49498041	G/A	+	rs552609895
1	23018254	23018254	C/T	+	rs545812132
16	76374470	76374470	G/A	+	rs560308974
11	7835987	7835987	A/G	+	rs550998509
16	27360348	27360348	G/A	+	rs56188488
5	72598607	72598607	T/C	+	rs545597473
2	151752790	151752790	T/C	+	rs148238614
4	175267619	175267619	C/T	+	rs114747092
1	86038795	86038795	C/T	+	rs528416670
6	33636112	33636112	C/T	+	rs71565399
16	3824463	3824463	T/C	+	rs189273815
17	45457716	45457716	C/T	+	rs533403911
4	122497634	122497634	G/A	+	rs188573597
8	112285284	112285284	A/G	+	rs188453201
3	159589635	159589635	T/G	+	rs536530402
3	188602163	188602163	T/A	+	rs7373898
4	42798279	42798279	T/G	+	rs187717353
20	677544	677544	C/T	+	rs142741642
19	45742139	45742139	G/A	+	rs534155452
1	10283202	10283202	G/A	+	rs12120499
7	73236097	73236097	C/T	+	rs546954789
17	18994172	18994172	A/G	+	rs145961865
7	87823573	87823573	C/T	+	rs60096900
2	169178685	169178685	G/A	+	rs545680351
3	44776588	44776588	G/A	+	rs181648870
18	48019129	48019129	A/T	+	rs572509306
19	4931082	4931082	C/T	+	rs544428973
6	105636081	105636081	C/T	+	rs144858424
6	32189131	32189131	G/A	+	rs204992
1	4912519	4912519	G/A	+	rs370523674
21	34431329	34431329	C/T	+	rs116515597
17	10077965	10077965	G/C	+	rs554299472
10	92058324	92058324	T/C	+	rs532107108
1	246173058	246173058	G/C	+	rs12088764
2	125025301	125025301	A/G	+	rs148939356
5	50760693	50760693	A/C	+	rs558067849
7	15866164	15866164	T/C	+	rs554885823
1	217946836	217946836	C/T	+	rs545805582
11	31994042	31994042	C/T	+	rs79682905
20	11642278	11642278	T/C	+	rs201999493
6	108964278	108964278	C/T	+	rs370926614
4	64260078	64260078	T/C	+	rs551010483
19	2228965	2228965	G/A	+	rs111290677
7	17307097	17307097	A/G	+	rs185127003
4	124923393	124923393	G/T	+	rs557672419
8	652464	652464	A/G	+	rs144044754
4	180368871	180368871	G/T	+	rs146948304
22	28702584	28702584	T/C	+	rs541533581
11	107641335	107641335	C/A	+	rs116630127
1	41709379	41709379	C/T	+	rs368376288
4	63875674	63875674	C/G	+	rs181540555
2	111495008	111495008	G/C	+	rs141514755
3	112915415	112915415	A/G	+	rs144301783
9	6949487	6949487	G/A	+	rs537781249
17	67261533	67261533	A/G	+	rs551614466
11	26587888	26587888	A/G	+	rs539410234
4	33595270	33595270	T/G	+	rs574949696
7	15075342	15075342	A/T	+	rs116485832
20	12157335	12157335	T/C	+	rs550115139
1	159179725	159179725	A/G	+	rs2852714
3	152295727	152295727	A/G	+	rs552419577
9	109533972	109533972	G/A	+	rs563752816
12	74219955	74219955	T/A	+	rs7977707
16	52535418	52535418	C/A	+	rs28750243
8	30943900	30943900	C/T	+	rs571821525
5	138759516	138759516	C/T	+	rs186125520
13	34813060	34813060	T/C	+	rs553786466
5	151449878	151449878	A/G	+	rs563573759
2	60797532	60797532	C/T	+	rs13382528
4	62192881	62192881	T/G	+	rs551665535
11	104076038	104076038	C/T	+	rs188048310
1	91487343	91487343	G/A	+	rs371385701
9	6534845	6534845	T/C	+	rs2282160
11	6481270	6481270	G/C	+	rs572348620
14	89118516	89118516	A/G	+	rs114118025
3	32066763	32066763	G/A	+	rs369215953
16	60622662	60622662	C/T	+	rs528042777
6	131927873	131927873	T/C	+	rs111785012
2	69672071	69672071	T/C	+	rs566929295
2	69672072	69672072	T/C	+	rs529739828
18	53670248	53670248	A/G	+	rs371440683
1	17890619	17890619	G/A	+	rs533292188
2	2808636	2808636	C/T	+	rs569941883
5	104004504	104004504	A/G	+	rs77604110
3	188319018	188319018	A/G	+	rs13087727
17	6376804	6376804	G/A	+	rs113520973
16	27381380	27381380	G/A	+	rs11074853
5	168963494	168963494	T/C	+	rs147444784
7	154152813	154152813	C/T	+	rs147238202
12	47810844	47810844	C/A	+	rs11168246
2	20678922	20678922	G/T	+	rs193027059
14	74662490	74662490	T/C	+	rs538598454
11	105742441	105742441	T/C	+	rs377019731
2	176665708	176665708	G/C	+	rs181977202
10	28361118	28361118	T/C	+	rs114062294
13	99465024	99465024	C/T	+	rs4393428
7	81057719	81057719	G/T	+	rs370320728
3	118380569	118380569	A/G	+	rs16828328
12	4313312	4313312	G/T	+	rs117562087
9	6101939	6101939	C/A	+	rs2381384
6	32656166	32656166	C/T	+	rs554448117
1	53089091	53089091	C/T	+	rs553773067
2	41767410	41767410	C/A	+	rs559950631
10	73713946	73713946	G/C	+	rs3870401
13	44595286	44595286	T/C	+	rs149259241
4	150601690	150601690	A/T	+	rs375023539
6	32521934	32521934	A/G	+	rs1136778
13	77874496	77874496	G/A	+	rs144243767
10	47325270	47325270	A/G	+	rs140271276
16	20994776	20994776	T/G	+	rs552198439
17	6376819	6376819	C/A	+	rs112845896
13	57586961	57586961	A/G	+	rs144746977
4	76967311	76967311	A/G	+	rs575587735
1	240918255	240918255	T/G	+	rs543693382
9	123977617	123977617	T/A	+	rs551464968
16	28647983	28647983	G/T	+	rs555731490
7	100938629	100938629	T/A	+	rs181538942
7	97570098	97570098	A/G	+	rs2394717
10	47416241	47416241	C/T	+	rs28367159
6	132713858	132713858	A/G	+	rs564025545
5	43229525	43229525	C/A	+	rs547000497
7	137327991	137327991	A/G	+	rs549598898
6	105219805	105219805	C/G	+	rs143980781
3	150437367	150437367	T/C	+	rs527889494
20	11630122	11630122	A/G	+	rs555163009
22	37489103	37489103	G/T	+	rs375463526
2	25018331	25018331	C/T	+	rs148340928
9	129104851	129104851	G/A	+	rs10988207
7	19698282	19698282	G/A	+	rs148230406
2	20151442	20151442	C/T	+	rs145393041
14	22077992	22077992	G/T	+	rs28590716
19	36333443	36333443	C/T	+	rs549487912
1	15152148	15152148	G/C	+	rs542215245
11	83078774	83078774	A/G	+	rs77362279
20	11630120	11630120	A/G	+	rs535236383
10	132140042	132140042	T/C	+	rs547040033
1	55807838	55807838	G/A	+	rs377036066
1	246812303	246812303	T/C	+	rs530284748
13	20724867	20724867	G/A	+	rs151326410
6	108970498	108970498	T/C	+	rs12193948
4	7176663	7176663	C/G	+	rs73796465
17	1423745	1423745	C/T	+	rs57987021
7	90794393	90794393	C/T	+	rs114504633
16	27403057	27403057	T/G	+	rs6498021
5	91983427	91983427	C/T	+	rs138376247
12	103367879	103367879	A/C	+	rs548503939
1	199648359	199648359	G/C	+	rs181180557
14	104094881	104094881	C/T	+	rs374725323
2	15607309	15607309	T/C	+	rs570318579
11	71544286	71544286	G/A	+	rs180975028
8	10058001	10058001	A/G	+	rs188162231
17	6889569	6889569	A/G	+	rs143625894
5	110460293	110460293	G/C	+	rs189272893
8	71818349	71818349	A/T	+	rs79637080
12	89301338	89301338	T/C	+	rs115851911
17	37299715	37299715	C/T	+	rs545676827
2	47486535	47486535	T/A	+	rs544003915
16	86936373	86936373	G/T	+	rs74039020
11	69456012	69456012	G/A	+	rs537554099
1	38338158	38338158	C/T	+	rs190683379
14	39104887	39104887	C/A	+	rs527970641
9	4384932	4384932	A/C	+	rs112843354
12	125453019	125453019	C/T	+	rs554229097
3	174871687	174871687	T/C	+	rs575588523
18	59775523	59775523	T/A	+	rs532122495
5	173635739	173635739	C/T	+	rs543946975
20	41647461	41647461	C/T	+	rs149939669
15	30455280	30455280	C/T	+	rs537662962
5	132677401	132677401	G/A	+	rs74466521
5	119355086	119355086	C/G	+	rs3813308
1	10501547	10501547	C/T	+	rs6658216
9	14409320	14409320	T/C	+	rs139467527
10	8898431	8898431	A/G	+	rs12253380
12	5952584	5952584	A/G	+	rs535415288
7	90813581	90813581	C/T	+	rs111405953
6	32405601	32405601	A/T	+	rs3806155
4	64121426	64121426	T/C	+	rs188905668
5	89136010	89136010	C/G	+	rs183869939
3	173126109	173126109	C/T	+	rs188128239
2	191914475	191914475	T/C	+	rs146949901
3	32285364	32285364	A/G	+	rs548470018
5	678283	678283	G/A	+	rs541782354
5	16122841	16122841	A/G	+	rs546952512
6	10721802	10721802	T/C	+	rs116838881
9	97066167	97066167	C/A	+	rs187745342
15	74150422	74150422	G/A	+	rs572983589
2	102046427	102046427	T/G	+	rs10185424
10	12232861	12232861	G/A	+	rs538114563
5	146646729	146646729	A/G	+	rs149865064
5	146646730	146646730	A/G	+	rs182481470
1	4113781	4113781	A/C	+	rs528856821
8	3739269	3739269	G/T	+	rs538825269
19	33299848	33299848	G/A	+	rs34995897
8	113827791	113827791	A/G	+	rs190330094
9	124109191	124109191	T/C	+	rs191732607
2	159915720	159915720	C/A	+	rs139153279
10	31604653	31604653	A/C	+	rs12244453
4	144542415	144542415	C/T	+	rs6835650
12	28095383	28095383	C/T	+	rs558766267
4	187448730	187448730	C/T	+	rs115548578
15	99084257	99084257	G/A	+	rs193259932
6	33080822	33080822	C/A	+	rs707958
1	216744751	216744751	C/T	+	rs182671410
7	76770395	76770395	T/G	+	rs527263193
17	1178446	1178446	C/T	+	rs190708117
8	5518206	5518206	A/G	+	rs574933639
2	53737036	53737036	T/C	+	rs564125995
14	25354990	25354990	T/C	+	rs545542647
2	85317182	85317182	G/C	+	rs187767426
12	55936571	55936571	A/T	+	rs549781339
20	7465726	7465726	T/C	+	rs371124014
20	7468099	7468099	T/C	+	rs377017207
20	7471324	7471324	A/G	+	rs376982158
19	53825077	53825077	T/G	+	rs571312224
3	51403873	51403873	G/A	+	rs73078636
6	100736214	100736214	A/G	+	rs563606085
19	31812693	31812693	C/T	+	rs547883398
5	151141948	151141948	G/A	+	rs147429690
7	22707506	22707506	A/C	+	rs62449487
17	6376629	6376629	T/C	+	rs113916952
6	32836776	32836776	T/A	+	rs241426
1	214481605	214481605	G/A	+	rs190299216
2	191917952	191917952	G/A	+	rs75266112
3	23584719	23584719	G/A	+	rs4999998
19	1166411	1166411	A/C	+	rs12462901
8	16288496	16288496	A/G	+	rs528221487
21	31224306	31224306	A/G	+	rs8127708
10	121029315	121029315	C/T	+	rs201272535
2	101751189	101751189	A/G	+	rs188904486
11	38124037	38124037	C/T	+	rs187994268
5	58986619	58986619	G/A	+	rs145550404
7	42571134	42571134	A/G	+	rs573389140
14	102579242	102579242	A/G	+	rs570251220
18	4428607	4428607	G/A	+	rs115114451
19	51299836	51299836	A/G	+	rs534206117
5	27840928	27840928	A/C	+	rs554971464
19	17304576	17304576	C/T	+	rs141988394
1	159459906	159459906	T/A	+	rs193227271
6	49940586	49940586	C/T	+	rs572744757
12	4062684	4062684	T/C	+	rs182115665
3	146051529	146051529	T/G	+	rs542625820
8	135373338	135373338	G/C	+	rs550696812
11	79491094	79491094	T/C	+	rs143334817
1	204596001	204596001	T/C	+	rs568229044
11	105745530	105745530	A/C	+	rs372861185
3	81213525	81213525	G/C	+	rs147719392
11	76597195	76597195	G/A	+	rs200618267
4	94299287	94299287	A/G	+	rs571974503
5	117984296	117984296	A/G	+	rs149188132
9	111925661	111925661	C/T	+	rs77746867
11	6873932	6873932	T/C	+	rs181994405
5	133722960	133722960	A/G	+	rs374288620
8	2904721	2904721	A/G	+	rs142850311
20	55574180	55574180	T/C	+	rs143737682
2	140527969	140527969	A/G	+	rs374048706
7	142828262	142828262	A/T	+	rs115332170
11	22978001	22978001	A/T	+	rs77543041
2	132123245	132123245	G/A	+	rs542372974
5	50758675	50758675	A/G	+	rs538561483
12	111764234	111764234	A/G	+	rs115080218
13	63265103	63265103	A/G	+	rs532808247
1	42588791	42588791	A/G	+	rs551969960
20	13630488	13630488	A/C	+	rs538976895
17	6376579	6376579	A/G	+	rs150229700
17	6376583	6376583	C/T	+	rs138788783
7	69460373	69460373	A/C	+	rs553350907
5	117976722	117976722	G/A	+	rs115578781
1	11784232	11784232	C/T	+	rs76627351
18	1425569	1425569	A/G	+	rs562129015
1	7450591	7450591	T/G	+	rs114964088
16	11244487	11244487	T/C	+	rs181579
1	78980075	78980075	T/C	+	rs17102563
1	230464236	230464236	T/C	+	rs115721332
6	114046112	114046112	A/G	+	rs113058128
10	509312	509312	C/A	+	rs557333889
5	30790737	30790737	A/T	+	rs567502711
6	32651322	32651322	A/T	+	rs574576046
14	93127540	93127540	A/G	+	rs116894593
20	11648197	11648197	G/A	+	rs114969708
9	6380605	6380605	C/G	+	rs139939994
8	124549422	124549422	G/A	+	rs144449533
17	83066985	83066985	A/G	+	rs9900226
13	51851603	51851603	C/T	+	rs184122916
12	113263994	113263994	C/A	+	rs12581181
20	35306807	35306807	C/T	+	rs571804031
20	17904724	17904724	G/C	+	rs192987686
8	123167679	123167679	C/T	+	rs558328883
1	203970446	203970446	C/A	+	rs149787163
4	180513552	180513552	T/C	+	rs568257090
5	177086895	177086895	C/A	+	rs3135911
7	42533325	42533325	C/G	+	rs193199658
5	117982893	117982893	C/A	+	rs76172844
5	170305699	170305699	G/C	+	rs186250657
7	155538710	155538710	T/A	+	rs556067947
22	28774544	28774544	T/C	+	rs544512812
2	51802535	51802535	C/T	+	rs112684345
6	19347222	19347222	C/T	+	rs1858520
6	51648126	51648126	T/C	+	rs201733977
1	153102037	153102037	A/G	+	rs78351402
12	103940675	103940675	T/C	+	rs549535557
16	23040350	23040350	T/G	+	rs545499825
1	213087418	213087418	A/G	+	rs566392520
18	54098851	54098851	C/A	+	rs567863474
5	117978171	117978171	T/C	+	rs145256973
2	165741184	165741184	G/A	+	rs530220413
7	42910493	42910493	T/C	+	rs199906680
5	146647243	146647243	T/C	+	rs147686578
7	70105497	70105497	A/G	+	rs79340630
4	14919968	14919968	G/T	+	rs150258201
5	4581499	4581499	G/A	+	rs574173345
9	120885577	120885577	T/C	+	rs10818481
1	37188581	37188581	A/G	+	rs534242403
5	3360487	3360487	C/T	+	rs115518251
2	143006750	143006750	T/C	+	rs62169918
14	50424235	50424235	T/G	+	rs568494010
10	28360447	28360447	G/A	+	rs74767415
4	122670366	122670366	G/A	+	rs6852559
4	185317543	185317543	T/A	+	rs550837456
1	173071139	173071139	T/C	+	rs77872759
14	42484983	42484983	G/A	+	rs185244288
3	20618907	20618907	C/T	+	rs188248983
8	38253253	38253253	T/C	+	rs190140631
12	46277210	46277210	T/C	+	rs533617838
13	44834684	44834684	G/A	+	rs182192216
3	139818953	139818953	A/T	+	rs567571678
10	4094042	4094042	A/G	+	rs551352526
6	21862112	21862112	G/C	+	rs77634652
2	3812474	3812474	G/A	+	rs572889439
10	109459027	109459027	A/C	+	rs184279486
17	48486345	48486345	G/T	+	rs1553754
8	128282008	128282008	T/C	+	rs78195937
7	3127231	3127231	G/A	+	rs36198584
9	120872071	120872071	A/C	+	rs544856462
5	111223856	111223856	T/C	+	rs7714962
5	117977652	117977652	T/C	+	rs142236814
3	131236564	131236564	T/A	+	rs552709634
7	142838505	142838505	A/G	+	rs116540987
12	29251085	29251085	A/G	+	rs140749139
11	105747071	105747071	T/C	+	rs376546145
6	64244991	64244991	C/T	+	rs7452152
9	110103044	110103044	G/T	+	rs547431249
7	42771704	42771704	A/G	+	rs575978386
11	11887256	11887256	G/A	+	rs114885732
2	61397399	61397399	C/T	+	rs537289968
5	117307201	117307201	C/T	+	rs531694461
4	138419295	138419295	A/C	+	rs539827493
1	113770728	113770728	A/G	+	rs541779848
11	7897370	7897370	A/T	+	rs543160107
1	223863480	223863480	A/G	+	rs181126710
16	50535052	50535052	C/T	+	rs189838382
6	109394112	109394112	T/A	+	rs544844399
4	162296114	162296114	G/A	+	rs185658936
14	32697458	32697458	A/G	+	rs529749081
16	66324653	66324653	A/G	+	rs552436244
1	216372554	216372554	C/T	+	rs148430102
6	32647052	32647052	A/C	+	rs114336758
2	143401444	143401444	A/G	+	rs536069938
20	5429167	5429167	G/A	+	rs183965436
1	226732209	226732209	A/C	+	rs10916031
3	105693797	105693797	T/G	+	rs558423112
8	142312015	142312015	C/G	+	rs568102986
17	64472458	64472458	T/G	+	rs140290142
14	104112091	104112091	A/G	+	rs118159062
4	63893273	63893273	C/A	+	rs191299140
19	507358	507358	A/T	+	rs563672828
14	47204636	47204636	C/A	+	rs17118153
3	172092461	172092461	G/A	+	rs139176665
10	129081873	129081873	T/C	+	rs573065175
17	10646557	10646557	T/C	+	rs560772340
13	63600074	63600074	T/C	+	rs539162112
1	8003246	8003246	A/G	+	rs563979487
9	99169511	99169511	T/C	+	rs528486684
10	45145612	45145612	G/A	+	rs559324027
14	92547356	92547356	T/A	+	rs199852716
18	51183046	51183046	A/G	+	rs562257734
3	192223100	192223100	T/C	+	rs568679433
15	55136063	55136063	G/T	+	rs113924208
1	23460519	23460519	A/C	+	rs79751077
5	127910230	127910230	A/C	+	rs557467126
1	161215268	161215268	G/T	+	rs2070901
10	6062411	6062411	T/G	+	rs56179589
13	25579411	25579411	C/T	+	rs139572332
5	117967591	117967591	T/A	+	rs149389579
10	5685569	5685569	C/G	+	rs146350806
2	34793098	34793098	T/C	+	rs559826449
6	153452886	153452886	T/C	+	rs58600872
21	38634108	38634108	A/G	+	rs560317583
10	8347457	8347457	T/C	+	rs11597580
12	54974507	54974507	C/T	+	rs62623446
10	121653946	121653946	C/T	+	rs142338267
14	47205946	47205946	G/A	+	rs17118156
14	47206451	47206451	C/T	+	rs143598955
6	29918182	29918182	T/C	+	rs412317
22	45780175	45780175	C/G	+	rs530792885
1	112251195	112251195	G/T	+	rs529529862
2	232865182	232865182	T/G	+	rs139393399
10	28362139	28362139	G/T	+	rs138892913
5	95872342	95872342	G/A	+	rs571017102
9	14201482	14201482	G/A	+	rs554357294
6	111711752	111711752	T/C	+	rs545425835
1	22905488	22905488	T/C	+	rs552272036
3	68597324	68597324	C/T	+	rs541193136
8	125994954	125994954	T/G	+	rs562664023
3	60046599	60046599	T/C	+	rs534420054
11	29456296	29456296	A/G	+	rs575415070
3	187963924	187963924	C/T	+	rs509399
10	129958036	129958036	A/G	+	rs530974763
7	47146939	47146939	A/G	+	rs77576177
9	103008447	103008447	T/C	+	rs532710435
8	122426902	122426902	C/T	+	rs185156199
9	6181307	6181307	T/C	+	rs4097694
7	155466439	155466439	T/C	+	rs561012811
10	120586266	120586266	C/T	+	rs558441876
17	1604317	1604317	G/T	+	rs201840772
10	127275947	127275947	G/A	+	rs182336125
6	31955455	31955455	T/A	+	rs200708785
5	12695236	12695236	T/C	+	rs572693840
20	11646414	11646414	C/G	+	rs185553355
7	13806333	13806333	A/C	+	rs565137743
1	174859977	174859977	C/T	+	rs2987879
9	127285437	127285437	A/G	+	rs115864823
9	6732320	6732320	A/G	+	rs4742254
12	29245460	29245460	G/C	+	rs12578197
13	72279965	72279965	A/G	+	rs575905835
13	73334040	73334040	T/C	+	rs190748376
10	118288014	118288014	G/A	+	rs138700582
14	53887519	53887519	G/A	+	rs182417546
5	96447002	96447002	A/G	+	rs535300286
6	43389731	43389731	G/A	+	rs148758824
8	71809788	71809788	C/T	+	rs4132233
2	218669220	218669220	A/G	+	rs535983438
6	72131194	72131194	G/A	+	rs185440558
10	127188422	127188422	T/A	+	rs191412791
7	71858507	71858507	A/G	+	rs532293780
9	10685004	10685004	A/G	+	rs538611971
13	74896919	74896919	A/G	+	rs536188959
13	74898514	74898514	G/T	+	rs563309994
13	74900622	74900622	G/A	+	rs574549162
13	74900687	74900687	G/T	+	rs537238807
13	74901523	74901523	T/A	+	rs545459098
13	33600877	33600877	C/T	+	rs576514081
18	11843825	11843825	T/C	+	rs185435129
3	12657862	12657862	A/C	+	rs13101202
16	20361086	20361086	T/C	+	rs542788019
2	117217196	117217196	C/T	+	rs186290811
6	111684146	111684146	G/A	+	rs532700335
3	157084794	157084794	G/A	+	rs538620449
4	148668803	148668803	A/G	+	rs192733505
5	99989499	99989499	T/C	+	rs114890499
7	88651724	88651724	G/A	+	rs143190369
14	32718676	32718676	G/T	+	rs567103429
9	6588393	6588393	C/T	+	rs144666843
16	63685661	63685661	T/C	+	rs181167838
2	173838412	173838412	G/T	+	rs61064355
7	80448079	80448079	G/A	+	rs114813803
2	193531874	193531874	T/C	+	rs539506550
2	16945065	16945065	A/C	+	rs545762437
6	150809415	150809415	A/G	+	rs575030152
12	56939200	56939200	A/G	+	rs28621466
12	57093576	57093576	G/T	+	rs574059779
8	80322509	80322509	A/G	+	rs6993477
19	49480357	49480357	G/T	+	rs200009375
11	126478914	126478914	G/C	+	rs113451061
1	68235904	68235904	C/T	+	rs140872471
6	31357422	31357422	A/G	+	rs9266226
14	32740936	32740936	T/A	+	rs532560886
9	6197753	6197753	C/G	+	rs138714180
7	13866452	13866452	T/G	+	rs191919247
3	81930511	81930511	G/A	+	rs527432231
3	187966625	187966625	G/A	+	rs113385229
12	15812797	15812797	G/A	+	rs556100988
14	97422888	97422888	C/T	+	rs146061910
6	47647498	47647498	G/T	+	rs147319089
6	32557909	32557909	C/T	+	rs79071881
2	189673294	189673294	T/G	+	rs560561165
4	147314658	147314658	T/A	+	rs144603397
1	212688020	212688020	G/A	+	rs371923485
11	31924841	31924841	A/G	+	rs574832508
5	128187687	128187687	C/A	+	rs541248505
2	208797056	208797056	T/G	+	rs111631608
7	33039684	33039684	T/C	+	rs533537841
2	171052159	171052159	C/A	+	rs560136615
8	141999948	141999948	C/A	+	rs554775562
2	75398703	75398703	G/A	+	rs115182391
22	22831513	22831513	T/C	+	rs9623943
12	116262532	116262532	A/C	+	rs189693101
15	60776612	60776612	A/C	+	rs17204454
1	81592093	81592093	T/C	+	rs562319430
3	169000309	169000309	T/G	+	rs1420466
2	177826825	177826825	A/G	+	rs142067339
21	41027764	41027764	A/T	+	rs149803452
17	33770780	33770780	C/T	+	rs139162555
7	33046677	33046677	T/C	+	rs534178311
10	35566228	35566228	A/G	+	rs190329472
11	13126511	13126511	C/A	+	rs555047265
4	53453872	53453872	T/C	+	rs73156090
8	107120418	107120418	C/T	+	rs151197179
11	74156941	74156941	A/C	+	rs184644338
20	43709706	43709706	T/G	+	rs534115405
17	6376304	6376304	C/A	+	rs111439372
1	36468511	36468511	G/A	+	rs3917995
6	31361824	31361824	C/A	+	rs9266302
1	79677497	79677497	A/T	+	rs142044381
5	103945934	103945934	G/A	+	rs189838543
5	126393785	126393785	G/A	+	rs192909449
1	86250656	86250656	G/A	+	rs539357021
17	4037264	4037264	G/A	+	rs573490420
10	20312919	20312919	C/T	+	rs78864861
3	136748120	136748120	G/A	+	rs143848342
7	57189943	57189943	G/A	+	rs7808989
14	51658704	51658704	T/C	+	rs142794927
19	16299330	16299330	G/A	+	rs8111628
1	35383104	35383104	G/A	+	rs551797209
10	34064829	34064829	C/T	+	rs77083691
9	127286855	127286855	G/A	+	rs16929750
14	56975490	56975490	T/C	+	rs553270334
12	92202127	92202127	G/A	+	rs7309599
2	234586368	234586368	C/G	+	rs116413378
9	137508555	137508555	G/A	+	rs191141531
16	50712015	50712015	C/T	+	rs2066844
19	51798607	51798607	T/G	+	rs961552
3	192446113	192446113	C/T	+	rs73066259
10	128532351	128532351	A/G	+	rs547526809
1	203920161	203920161	C/T	+	rs545328045
2	102112073	102112073	G/T	+	rs6742122
4	20382562	20382562	G/A	+	rs575330204
5	132687283	132687283	T/C	+	rs116018601
12	78235962	78235962	C/T	+	rs73342472
17	7600001	7600001	G/A	+	rs112715785
10	6597539	6597539	G/A	+	rs11253578
6	31254446	31254446	T/A	+	rs28397305
2	122482889	122482889	A/C	+	rs556191149
21	35343463	35343463	C/T	+	rs9979383
5	142029101	142029101	G/A	+	rs164512
14	97422140	97422140	C/T	+	rs148354556
5	162252305	162252305	T/A	+	rs77542319
5	162254011	162254011	G/A	+	rs115844864
5	147986845	147986845	T/C	+	rs557047409
17	77439280	77439280	T/C	+	rs114188504
3	64497579	64497579	G/A	+	rs75689947
10	114259977	114259977	C/G	+	rs192728756
8	112526466	112526466	C/T	+	rs376576551
9	107387433	107387433	G/A	+	rs556995786
9	115075814	115075814	C/T	+	rs7026596
17	42030046	42030046	T/C	+	rs186941177
14	67179240	67179240	T/C	+	rs558906748
3	116485895	116485895	C/T	+	rs76111267
10	8520385	8520385	T/C	+	rs7095431
2	102431648	102431648	C/T	+	rs55978515
6	143871527	143871527	A/G	+	rs184208779
6	114037247	114037247	A/T	+	rs114891418
12	82960279	82960279	G/C	+	rs116150106
13	23167760	23167760	C/A	+	rs183946158
1	246111880	246111880	T/C	+	rs112966591
2	82452975	82452975	A/C	+	rs576803999
6	131365112	131365112	T/C	+	rs568065574
6	36363249	36363249	T/C	+	rs142321104
14	97419906	97419906	T/C	+	rs141317223
1	111672831	111672831	A/G	+	rs11102322
9	6451990	6451990	A/G	+	rs118022602
4	189654885	189654885	T/C	+	rs537246020
9	99060140	99060140	G/A	+	rs34111295
7	27932847	27932847	C/T	+	rs146151651
5	115718344	115718344	C/A	+	rs190080475
11	121122002	121122002	T/C	+	rs11218149
6	32143462	32143462	G/A	+	rs79282662
9	9314362	9314362	T/C	+	rs548124538
4	12774439	12774439	G/A	+	rs533977406
6	114100724	114100724	A/G	+	rs73536639
1	157880935	157880935	G/A	+	rs570424956
8	29960583	29960583	G/T	+	rs559863776
3	1680275	1680275	C/T	+	rs117277529
2	65624473	65624473	A/G	+	rs57281002
2	65624818	65624818	G/T	+	rs111355723
13	59910110	59910110	G/A	+	rs138907872
6	32726265	32726265	G/A	+	rs115222658
3	184367376	184367376	C/T	+	rs142399481
7	136433521	136433521	A/T	+	rs193038036
9	4148351	4148351	T/C	+	rs7030351
18	39373724	39373724	C/T	+	rs80224025
5	111113358	111113358	A/G	+	rs184163934
17	56448372	56448372	T/C	+	rs186779520
4	122838893	122838893	G/A	+	rs139601554
1	68148250	68148250	C/T	+	rs565124376
1	220591485	220591485	G/A	+	rs575192945
18	51388127	51388127	G/A	+	rs573537835
5	111082543	111082543	T/C	+	rs149096812
6	87387895	87387895	A/G	+	rs558383742
6	31886096	31886096	A/G	+	rs610265
10	88023990	88023990	C/T	+	rs549189114
7	15076780	15076780	A/T	+	rs114765349
7	42959568	42959568	C/G	+	rs531036065
10	8724146	8724146	G/C	+	rs80255519
1	28131475	28131475	G/A	+	rs372165362
5	115148594	115148594	A/C	+	rs550184192
7	41393778	41393778	A/G	+	rs555753604
17	41996398	41996398	G/A	+	rs373529196
11	76670770	76670770	A/G	+	rs117051189
4	4087656	4087656	T/C	+	rs549835966
9	128801801	128801801	A/G	+	rs13290954
4	4849987	4849987	T/C	+	rs114482173
17	6376152	6376152	A/G	+	rs148414209
17	6376242	6376242	A/G	+	rs113367356
1	3116837	3116837	C/T	+	rs532270850
16	65231376	65231376	T/C	+	rs577701332
20	30305417	30305417	G/C	+	rs6119003
1	150274906	150274906	A/C	+	rs6676685
7	20460115	20460115	A/G	+	rs12539003
3	94280727	94280727	C/T	+	rs9852322
7	6838992	6838992	G/C	+	rs4724866
8	95626198	95626198	A/G	+	rs141087884
9	5266182	5266182	C/G	+	rs137996988
10	70042441	70042441	G/A	+	rs2087630
17	8120918	8120918	G/A	+	rs187062164
2	206558922	206558922	T/G	+	rs563730542
5	175129605	175129605	A/T	+	rs117993103
14	31518415	31518415	G/A	+	rs532013637
9	5682654	5682654	A/G	+	rs55786261
11	102931378	102931378	C/T	+	rs544453020
17	4618178	4618178	C/A	+	rs71368508
20	37297118	37297118	T/C	+	rs145232338
4	15288706	15288706	G/A	+	rs562660657
3	51116279	51116279	G/A	+	rs9713035
4	187419767	187419767	A/G	+	rs141144849
12	3828479	3828479	C/T	+	rs191637032
17	39819840	39819840	T/A	+	rs114211283
1	160614570	160614570	A/C	+	rs164282
7	33050295	33050295	T/G	+	rs529297192
3	25797896	25797896	T/A	+	rs191034117
6	91812094	91812094	G/T	+	rs182829494
8	143713905	143713905	G/A	+	rs587639925
12	116826749	116826749	T/C	+	rs540972957
11	128265414	128265414	C/A	+	rs61907677
14	78190464	78190464	A/G	+	rs534627176
5	64233133	64233133	G/A	+	rs549280302
6	119219902	119219902	A/T	+	rs191897836
8	41775164	41775164	C/T	+	rs74666598
19	4355874	4355874	T/C	+	rs10420217
3	125863767	125863767	C/A	+	rs538509052
3	187917444	187917444	C/T	+	rs12638043
6	134850154	134850154	G/A	+	rs540444594
16	77949297	77949297	G/C	+	rs551589691
1	207086264	207086264	G/A	+	rs180742823
4	40794894	40794894	A/G	+	rs529836557
17	70075936	70075936	T/C	+	rs186680178
1	216717987	216717987	A/G	+	rs115805893
1	241272302	241272302	G/A	+	rs201593860
9	74179636	74179636	G/A	+	rs554177437
10	9553340	9553340	A/C	+	rs28427465
4	179601317	179601317	T/G	+	rs570473231
9	15725583	15725583	G/A	+	rs138542223
12	7583275	7583275	C/T	+	ss1388040954
5	44018521	44018521	G/T	+	rs189099472
8	126419038	126419038	C/T	+	rs182547836
10	34060128	34060128	T/A	+	rs114553382
4	4085958	4085958	C/T	+	rs373360641
9	111898475	111898475	T/G	+	rs561813866
14	68793846	68793846	G/C	+	rs12889006
15	58845018	58845018	T/C	+	rs538785250
19	6580881	6580881	T/C	+	rs2029745
21	31219314	31219314	A/C	+	rs374008913
5	151755074	151755074	T/C	+	rs149147798
20	37295607	37295607	G/A	+	rs142909621
21	20659676	20659676	C/T	+	rs73333052
8	95619058	95619058	C/T	+	rs115566927
8	118208257	118208257	C/T	+	rs569135734
11	98162581	98162581	A/G	+	rs187333214
4	160259280	160259280	A/G	+	rs182234043
15	60944648	60944648	A/C	+	rs4775331
15	60944649	60944649	A/C	+	rs4775332
19	17714129	17714129	C/T	+	rs372406108
1	61658958	61658958	C/T	+	rs143124251
5	96075132	96075132	T/G	+	rs184106805
11	117527448	117527448	T/C	+	rs567361657
17	6376108	6376108	G/C	+	rs112593827
17	6376118	6376118	T/C	+	rs145512441
4	185314174	185314174	A/G	+	rs552356542
7	128526038	128526038	T/C	+	rs141267412
10	113999247	113999247	C/T	+	rs192155171
6	51768119	51768119	T/C	+	rs543496415
6	38255778	38255778	T/C	+	rs184830731
16	88737526	88737526	A/C	+	rs11643304
6	63924936	63924936	G/C	+	rs147034488
1	237493967	237493967	T/C	+	rs548926422
7	90952488	90952488	C/G	+	rs73409560
11	69952407	69952407	C/T	+	rs112498185
15	67093131	67093131	C/G	+	rs1465841
19	36446758	36446758	T/C	+	rs76731128
19	36447485	36447485	T/C	+	rs80095335
19	36458519	36458519	G/T	+	rs74718531
19	36459732	36459732	G/A	+	rs189624148
19	36460845	36460845	T/C	+	rs79082072
19	36461863	36461863	C/A	+	rs75249243
19	36465788	36465788	A/G	+	rs187604244
19	36466800	36466800	G/A	+	rs74891778
19	36467839	36467839	A/G	+	rs75286787
19	36468615	36468615	A/G	+	rs78975269
15	87425352	87425352	A/G	+	rs551961562
17	6376057	6376057	C/T	+	rs113272262
14	83410290	83410290	G/A	+	rs56741249
7	55138711	55138711	C/T	+	rs547403078
8	72084872	72084872	G/A	+	rs572897004
9	6519538	6519538	A/T	+	rs180882380
2	160278231	160278231	C/T	+	rs555284836
9	84509937	84509937	G/A	+	rs550496013
1	24583121	24583121	C/G	+	rs573197059
2	111495199	111495199	C/T	+	rs62162265
5	172762802	172762802	T/C	+	rs322355
18	42801212	42801212	A/G	+	rs550253652
9	77894147	77894147	C/T	+	rs553238734
5	146649471	146649471	G/A	+	rs193026746
6	33612896	33612896	T/G	+	rs60683829
7	106510974	106510974	A/C	+	rs550195765
8	142661267	142661267	A/C	+	rs545196692
2	159468653	159468653	G/A	+	rs139689853
9	127294139	127294139	G/A	+	rs16929757
5	145558284	145558284	A/G	+	rs533229299
4	114605728	114605728	T/G	+	rs530511504
5	99939192	99939192	T/G	+	rs568626709
2	119074241	119074241	T/C	+	rs146095763
6	50235525	50235525	T/C	+	rs576235547
10	1637306	1637306	C/T	+	rs538267740
16	63307558	63307558	T/C	+	rs531892983
5	110808845	110808845	T/C	+	rs114677569
8	4321347	4321347	C/T	+	rs547174844
15	62995406	62995406	A/G	+	rs145680765
9	111905880	111905880	C/T	+	rs10981151
6	122148585	122148585	T/C	+	rs561631835
3	4722753	4722753	T/C	+	rs55864359
6	33754925	33754925	A/G	+	rs149847418
6	128571799	128571799	C/T	+	rs548294339
9	37272895	37272895	C/T	+	rs576362000
22	45816394	45816394	T/G	+	rs560898518
6	32651855	32651855	G/T	+	rs566907865
19	42150598	42150598	G/A	+	rs191699156
11	82124404	82124404	G/C	+	rs201913789
1	147239366	147239366	A/G	+	rs587771440
4	152368286	152368286	C/T	+	rs569337216
4	74638989	74638989	C/A	+	rs190870792
6	79713319	79713319	A/T	+	rs543928613
16	87690335	87690335	G/A	+	rs577682799
4	167665776	167665776	A/G	+	rs563361209
1	104803008	104803008	G/A	+	rs191464214
21	13358114	13358114	A/G	+	rs59224812
5	174839394	174839394	G/A	+	rs544123943
3	161556129	161556129	C/T	+	rs556863554
10	2374444	2374444	T/C	+	rs556010853
3	46499590	46499590	A/G	+	rs143107573
11	76556723	76556723	T/A	+	rs60748394
5	179761273	179761273	G/A	+	rs545201130
2	238802710	238802710	C/T	+	rs142063070
2	33376645	33376645	T/C	+	rs533195909
17	42058644	42058644	C/A	+	rs374555557
2	125839918	125839918	C/T	+	rs370620386
2	217849416	217849416	G/A	+	rs146225229
6	156484013	156484013	T/C	+	rs551258059
5	127103385	127103385	A/G	+	rs10035217
1	46096990	46096990	A/C	+	rs785515
5	144776150	144776150	C/T	+	rs149827052
13	76912234	76912234	A/G	+	rs17066907
18	39406130	39406130	C/A	+	rs530376210
2	142388474	142388474	T/C	+	rs534046469
11	22621512	22621512	T/C	+	rs574076634
19	44851039	44851039	A/G	+	rs11666329
3	111964528	111964528	G/C	+	rs537284019
19	36470935	36470935	G/A	+	rs80297885
7	89140865	89140865	T/C	+	rs546784376
14	32744127	32744127	T/C	+	rs567050737
20	52427269	52427269	G/A	+	rs553110248
6	127972787	127972787	C/A	+	rs72975913
7	47122179	47122179	C/A	+	rs149496496
7	68537080	68537080	C/A	+	rs546562183
7	85404263	85404263	G/A	+	rs146092726
13	68370869	68370869	G/A	+	rs116640470
8	123751910	123751910	G/A	+	rs547318594
2	41701882	41701882	G/A	+	rs532221646
3	186074508	186074508	A/G	+	rs76165431
9	94737247	94737247	A/G	+	rs143331635
1	17691438	17691438	A/C	+	rs542715532
2	69497239	69497239	G/C	+	rs201872917
4	23780971	23780971	T/C	+	rs535786178
20	63950727	63950727	C/T	+	rs79943637
11	83012378	83012378	C/A	+	rs371235274
12	116025315	116025315	G/C	+	rs552198830
9	16819276	16819276	T/C	+	rs112243217
2	164749016	164749016	C/T	+	rs184109408
21	20655652	20655652	T/C	+	rs73333040
17	39948315	39948315	T/C	+	rs150597587
8	114948563	114948563	A/T	+	rs183110723
14	102632716	102632716	T/C	+	rs74615488
1	241958794	241958794	T/C	+	rs529498546
6	128254850	128254850	T/C	+	rs116709545
12	94188560	94188560	G/A	+	rs12303699
6	32525097	32525097	G/T	+	rs114646026
10	114113595	114113595	A/G	+	rs190506247
4	41176243	41176243	G/C	+	rs139163954
4	123366326	123366326	T/C	+	rs561017844
14	106094267	106094267	G/A	+	rs375479886
1	248251073	248251073	T/A	+	rs142939824
13	31164051	31164051	A/C	+	rs529892772
6	17065611	17065611	T/C	+	rs533526553
7	141578830	141578830	A/G	+	rs150613982
7	63233775	63233775	C/G	+	rs112013189
7	154892263	154892263	A/T	+	rs150996832
8	5005675	5005675	C/G	+	rs566504553
8	56351420	56351420	A/G	+	rs191044672
17	7128029	7128029	G/A	+	rs150314621
3	141431184	141431184	A/G	+	rs7625643
5	132803616	132803616	T/C	+	rs2652696
8	48089161	48089161	C/T	+	rs113495950
8	70359186	70359186	T/C	+	rs535531910
14	22075396	22075396	G/C	+	rs187062084
17	44927467	44927467	G/C	+	rs35722758
5	35990105	35990105	A/G	+	rs7712116
1	7720313	7720313	A/G	+	rs548806007
14	96487729	96487729	A/G	+	rs561555794
19	55813156	55813156	C/T	+	rs144684182
17	33505510	33505510	G/A	+	rs141028678
13	43916045	43916045	C/G	+	rs61960013
6	32521798	32521798	C/G	+	rs543993279
11	76095469	76095469	C/T	+	rs148083049
12	27493417	27493417	A/G	+	rs138366301
6	33489410	33489410	C/T	+	rs75507056
11	16175167	16175167	T/C	+	rs577099016
3	118371129	118371129	A/G	+	rs555116869
17	32299887	32299887	A/G	+	rs147710410
21	25852474	25852474	T/C	+	rs75747754
4	180270488	180270488	A/G	+	rs539923983
7	33866627	33866627	A/C	+	rs569011901
1	104616511	104616511	G/A	+	rs190856523
4	27096387	27096387	G/A	+	rs183042487
8	4120490	4120490	A/C	+	rs527924279
16	89564972	89564972	C/T	+	rs548451109
14	105855607	105855607	C/T	+	rs370384855
15	89775011	89775011	A/G	+	rs567577498
6	133767345	133767345	C/G	+	rs576177641
8	41412137	41412137	C/T	+	rs528213780
5	99994125	99994125	G/A	+	rs75566187
7	112683560	112683560	T/C	+	rs560391277
20	47350849	47350849	A/G	+	rs377707018
3	172587563	172587563	T/G	+	rs554787804
6	114655772	114655772	G/A	+	rs567345650
1	3000803	3000803	C/T	+	rs58475401
17	8924181	8924181	C/T	+	rs148608515
2	166391802	166391802	G/T	+	rs187660663
3	189805306	189805306	A/G	+	rs138450506
13	22990547	22990547	G/T	+	rs555263191
12	58698055	58698055	A/G	+	rs185971497
8	80357195	80357195	A/G	+	rs68002741
10	18337081	18337081	C/T	+	rs77592653
16	6607462	6607462	C/A	+	rs116193231
15	67149334	67149334	A/C	+	rs147793459
1	1455494	1455494	A/G	+	rs374914004
1	59862865	59862865	T/C	+	rs562783018
7	99174816	99174816	A/T	+	rs4727427
12	57104437	57104437	T/C	+	rs201011002
2	231347486	231347486	G/A	+	rs561408071
6	33082590	33082590	G/A	+	rs75565607
14	23406613	23406613	T/C	+	rs575844559
16	6607504	6607504	C/T	+	rs116678436
1	120328114	120328114	C/T	+	rs587756950
2	100165150	100165150	C/G	+	rs6715254
13	66344568	66344568	A/C	+	rs184249912
2	9654402	9654402	G/A	+	rs543606154
2	9516202	9516202	T/A	+	rs370068256
12	85161741	85161741	G/A	+	rs150706348
9	6648895	6648895	A/G	+	rs145167319
5	149941231	149941231	G/A	+	rs190361022
2	143600755	143600755	G/A	+	rs184772643
15	98068875	98068875	C/T	+	rs532621498
22	41234948	41234948	T/C	+	rs558467953
12	49608977	49608977	T/C	+	rs535002828
12	31009284	31009284	T/A	+	rs532161278
19	48842090	48842090	A/G	+	rs554495363
2	44021864	44021864	G/A	+	rs143122977
11	83009362	83009362	G/A	+	rs368560236
19	36474971	36474971	C/G	+	rs79942281
5	43440038	43440038	G/C	+	rs150796338
2	44899783	44899783	A/C	+	rs553816708
16	19629358	19629358	C/T	+	rs557934514
20	50533766	50533766	G/A	+	rs76419992
4	188278426	188278426	G/A	+	rs140782469
19	51831207	51831207	C/G	+	rs75691788
2	202864261	202864261	C/T	+	rs186399184
8	39528375	39528375	T/C	+	rs139040295
6	159745906	159745906	T/C	+	rs552589844
1	212927300	212927300	T/G	+	rs548586749
5	146650075	146650075	A/G	+	rs150912610
16	2379997	2379997	C/A	+	rs369091175
13	59387069	59387069	A/G	+	rs184888016
12	109794243	109794243	G/C	+	rs56214813
3	135653129	135653129	C/T	+	rs73862919
18	45456699	45456699	A/G	+	rs542973972
4	66732013	66732013	C/T	+	rs548436567
5	89015413	89015413	A/G	+	rs558941056
8	4314074	4314074	T/C	+	rs548569650
10	8647018	8647018	T/C	+	rs199805492
12	78084522	78084522	A/T	+	rs183448471
17	77415283	77415283	C/T	+	rs57384366
22	19697681	19697681	T/G	+	rs139689471
17	36266856	36266856	G/T	+	rs573976878
7	53764384	53764384	C/A	+	rs577851280
7	155688431	155688431	A/G	+	rs185641873
3	118657957	118657957	T/C	+	rs147728989
6	32928553	32928553	A/G	+	rs194676
11	67396249	67396249	C/T	+	rs192430290
13	67240985	67240985	C/T	+	rs150598868
16	52221039	52221039	T/A	+	rs566843315
19	36479246	36479246	A/G	+	rs74723801
6	89932774	89932774	G/A	+	rs72923904
9	114929378	114929378	C/T	+	rs3181359
9	76314149	76314149	G/A	+	rs541801071
7	20304503	20304503	G/A	+	rs73084574
1	20791707	20791707	T/G	+	rs58065796
4	8983255	8983255	G/A	+	rs564454649
4	142563616	142563616	T/C	+	rs558112429
1	120339254	120339254	C/T	+	rs587649570
8	52017510	52017510	A/C	+	rs181545710
3	112756720	112756720	C/T	+	rs576583403
8	2224109	2224109	A/G	+	rs539752422
9	8371599	8371599	G/C	+	rs139092610
3	27952556	27952556	T/C	+	rs79786110
5	140552194	140552194	T/A	+	rs10589076
10	9047611	9047611	A/G	+	rs55861950
11	80186261	80186261	G/T	+	rs73513868
1	177052847	177052847	A/C	+	rs562034677
3	136746188	136746188	T/C	+	rs118142553
5	167255308	167255308	G/A	+	rs73368514
10	62080823	62080823	T/C	+	rs188847018
10	128434177	128434177	C/T	+	rs7075570
14	27128921	27128921	A/G	+	rs559827258
17	68777323	68777323	C/T	+	rs150273268
4	78621723	78621723	G/A	+	rs57108712
17	49220853	49220853	A/G	+	rs113201977
18	69931301	69931301	G/A	+	rs11663959
16	86143679	86143679	G/T	+	rs28514280
18	10600972	10600972	C/A	+	rs185759455
13	66423342	66423342	T/C	+	rs571619361
20	37775432	37775432	G/A	+	rs139385097
19	36479079	36479079	A/G	+	rs78873949
19	36479524	36479524	T/A	+	rs78067793
11	41927265	41927265	A/G	+	rs543645152
12	20944520	20944520	T/G	+	rs192780996
2	41687614	41687614	A/G	+	rs541145839
10	15591136	15591136	T/C	+	rs548074031
14	36610046	36610046	A/C	+	rs371869544
14	63090597	63090597	G/A	+	rs146671564
2	241802607	241802607	G/A	+	rs143628759
2	88410898	88410898	G/A	+	rs189354078
12	39560549	39560549	G/T	+	rs190699805
18	32252433	32252433	G/A	+	rs549064453
11	61683025	61683025	C/T	+	rs531446433
20	43931411	43931411	A/G	+	rs571082137
8	123707259	123707259	G/C	+	rs567087806
8	116305708	116305708	G/A	+	rs186660315
13	28781853	28781853	G/C	+	rs543164828
4	58329954	58329954	G/C	+	rs189822204
4	79691217	79691217	G/A	+	rs538803949
2	45323755	45323755	T/G	+	rs192746719
19	1031439	1031439	C/T	+	rs67538026
15	55512207	55512207	T/A	+	rs28841346
3	196182181	196182181	G/A	+	rs138231566
9	136991230	136991230	C/A	+	rs111345928
1	88022128	88022128	G/A	+	rs568301789
16	27234494	27234494	T/A	+	rs11647383
6	11645264	11645264	T/C	+	rs572645824
12	76202110	76202110	G/C	+	rs188808683
1	16988296	16988296	C/T	+	rs201437622
6	154306689	154306689	G/A	+	rs7770794
11	1861614	1861614	A/G	+	rs565341238
10	35023759	35023759	G/A	+	rs35032841
1	59846921	59846921	T/G	+	rs564565860
10	114099618	114099618	C/T	+	rs181040327
14	84497802	84497802	C/T	+	rs150899393
6	38392763	38392763	C/T	+	rs574752929
1	39873596	39873596	T/C	+	rs139766411
7	124948983	124948983	C/T	+	rs564262275
10	127984531	127984531	T/A	+	rs190779225
10	127984532	127984532	G/A	+	rs183327576
11	69676320	69676320	A/G	+	rs541145568
10	43238099	43238099	A/G	+	rs2418550
2	118536863	118536863	C/G	+	rs574995940
2	194241493	194241493	T/A	+	rs537958662
12	77012088	77012088	T/C	+	rs553512551
5	167784985	167784985	G/T	+	rs72832017
17	69315032	69315032	C/T	+	rs560056146
2	119071997	119071997	A/G	+	rs80322140
9	111928699	111928699	C/G	+	rs78918506
1	105698736	105698736	A/G	+	rs146751941
17	5612775	5612775	C/T	+	rs138404061
4	47393060	47393060	C/T	+	rs145720705
5	160487658	160487658	T/C	+	rs17057868
3	141929018	141929018	G/T	+	rs562913762
15	44795395	44795395	A/T	+	rs540821943
11	45989328	45989328	C/T	+	rs578251496
5	81238759	81238759	G/C	+	rs185039053
11	73203507	73203507	G/A	+	rs73541049
21	35461394	35461394	T/C	+	rs547809443
17	4845287	4845287	G/C	+	rs16954203
5	132639792	132639792	G/C	+	rs143572639
3	119566743	119566743	G/A	+	rs185493021
1	91944928	91944928	G/A	+	rs11802525
21	29518576	29518576	A/G	+	rs562017624
3	40745046	40745046	G/A	+	rs193033840
7	57605012	57605012	A/G	+	rs76876264
7	116193812	116193812	C/T	+	rs535336538
17	38923441	38923441	A/G	+	rs554896109
10	131684271	131684271	G/A	+	rs534137960
20	22974038	22974038	T/C	+	rs528341009
10	112790827	112790827	C/A	+	rs567673063
14	93530960	93530960	T/C	+	rs532702420
20	18573014	18573014	G/A	+	rs192607506
5	92062684	92062684	T/A	+	rs114423624
11	117321337	117321337	C/T	+	rs147138404
8	23358189	23358189	A/C	+	rs530013214
1	36844292	36844292	T/A	+	rs144362513
10	78358505	78358505	G/A	+	rs181615352
4	6355806	6355806	C/T	+	rs113913022
19	13578922	13578922	C/T	+	rs146539245
2	60292367	60292367	A/C	+	rs142746813
16	55911096	55911096	C/A	+	rs559952862
19	4661579	4661579	G/A	+	rs545224314
20	40130080	40130080	G/A	+	rs571480360
4	51965542	51965542	G/A	+	rs117010001
10	10229895	10229895	T/C	+	rs182056692
11	113739559	113739559	C/T	+	rs531164024
5	179783594	179783594	G/A	+	rs530653408
4	96392243	96392243	C/T	+	rs573110798
18	5450636	5450636	G/T	+	rs9961717
5	16063553	16063553	G/A	+	rs138489960
14	45321005	45321005	A/G	+	rs552730236
8	29350961	29350961	C/T	+	rs562813171
20	23538730	23538730	T/C	+	rs193247757
4	186400038	186400038	A/G	+	rs549947629
7	48415958	48415958	T/G	+	rs549494814
1	145742346	145742346	G/A	+	rs587633238
2	115625571	115625571	C/G	+	rs192443610
8	144343805	144343805	T/C	+	rs550058023
20	33460296	33460296	A/G	+	rs7269057
11	24270169	24270169	G/T	+	rs187312074
20	63647687	63647687	G/A	+	rs62207015
3	132726124	132726124	G/T	+	rs142480226
9	37336810	37336810	C/G	+	rs548973791
18	56483639	56483639	T/A	+	rs548252708
3	63448771	63448771	C/T	+	rs76183189
9	10191623	10191623	T/C	+	rs544550806
2	111175424	111175424	G/T	+	rs72837826
13	78235061	78235061	C/T	+	rs188723257
10	30568086	30568086	C/T	+	rs78126657
2	119073216	119073216	G/A	+	rs114520165
6	31356925	31356925	C/T	+	rs1050486
12	20488646	20488646	G/A	+	rs61073994
3	63074726	63074726	A/G	+	rs530159535
3	24586303	24586303	A/G	+	rs17014879
4	112187614	112187614	T/C	+	rs534488661
5	172804598	172804598	G/A	+	rs113461829
2	61266217	61266217	T/C	+	rs568530062
3	68867697	68867697	A/G	+	rs537079905
6	5460090	5460090	C/T	+	rs572172701
14	64279591	64279591	G/A	+	rs554066873
11	3920997	3920997	T/C	+	rs58677531
9	16818400	16818400	T/C	+	rs143457474
9	37339295	37339295	A/C	+	rs530085657
11	19576907	19576907	T/C	+	rs75175115
4	131538641	131538641	T/C	+	rs542097485
2	103084977	103084977	C/T	+	rs73944499
9	127328666	127328666	A/G	+	rs16929775
7	157169081	157169081	A/G	+	rs540100927
10	108437195	108437195	T/C	+	rs542334574
20	5464252	5464252	T/C	+	rs564897468
2	208132388	208132388	T/C	+	rs554870125
2	7629485	7629485	G/A	+	rs558110778
9	6102197	6102197	G/C	+	rs529684025
6	85194179	85194179	A/G	+	rs544279557
15	42907158	42907158	C/A	+	rs569234592
4	108574065	108574065	T/C	+	rs147506631
1	161952130	161952130	T/C	+	rs540114272
19	13578705	13578705	G/A	+	rs144734245
19	44748549	44748549	G/T	+	rs531660643
6	33063835	33063835	C/T	+	rs35449774
7	128795879	128795879	C/T	+	rs143584808
1	37680255	37680255	A/G	+	rs529109689
4	78595045	78595045	G/A	+	rs111614136
12	29307615	29307615	G/A	+	rs2288125
13	98324078	98324078	G/A	+	rs115813305
1	154519588	154519588	G/A	+	rs186397538
1	85522193	85522193	C/T	+	rs572226393
14	91367388	91367388	A/G	+	rs139824127
10	78359186	78359186	C/A	+	rs114258797
10	6402334	6402334	A/G	+	rs658648
15	37791886	37791886	G/C	+	rs74912979
11	64921477	64921477	C/T	+	rs140076024
5	957756	957756	C/T	+	rs370989612
16	24401726	24401726	T/C	+	rs575579674
15	96942619	96942619	C/T	+	rs554250747
1	192694335	192694335	A/C	+	rs574015566
5	89619189	89619189	C/T	+	rs551235185
13	32109181	32109181	A/G	+	rs557904605
3	19737879	19737879	G/C	+	rs552411684
15	38150246	38150246	A/G	+	rs577052584
10	72055449	72055449	A/G	+	rs569015540
11	21371881	21371881	G/A	+	rs144185987
1	2195815	2195815	C/T	+	rs537365970
6	160436464	160436464	C/T	+	rs561841142
9	118127029	118127029	A/G	+	rs138600429
1	240603114	240603114	C/T	+	rs186176069
2	117958416	117958416	T/G	+	rs368306746
4	137155662	137155662	T/C	+	rs73002427
9	92336431	92336431	C/T	+	rs575309159
3	156625864	156625864	A/C	+	rs62275576
4	115009465	115009465	G/A	+	rs558267494
8	67628389	67628389	C/G	+	rs147955638
11	73131649	73131649	A/G	+	rs570133889
2	25714627	25714627	A/G	+	rs558766956
7	11362266	11362266	T/C	+	rs187599881
12	6144072	6144072	C/T	+	rs575290799
19	34664620	34664620	T/C	+	rs554917545
22	45226919	45226919	G/A	+	rs557414462
14	96938815	96938815	T/G	+	rs185601488
1	163020837	163020837	C/T	+	rs373648228
17	1175991	1175991	T/C	+	rs144303653
8	27506141	27506141	A/G	+	rs531288571
10	61092915	61092915	G/A	+	rs150267740
2	205239489	205239489	T/C	+	rs565086195
16	77450648	77450648	T/C	+	rs185975956
3	188058152	188058152	T/A	+	rs59457388
5	3176734	3176734	C/T	+	rs571013696
16	29121103	29121103	G/A	+	rs150724203
3	71376369	71376369	A/C	+	rs55840990
2	176264384	176264384	A/G	+	rs559106990
4	12765189	12765189	T/A	+	rs182536413
8	40065594	40065594	A/G	+	rs548101432
9	6490491	6490491	G/A	+	rs113626350
11	73203402	73203402	G/A	+	rs77797274
6	55835724	55835724	A/G	+	rs79756965
8	8292151	8292151	G/C	+	rs59224164
3	9748764	9748764	G/A	+	rs562005509
21	23834535	23834535	C/A	+	rs557888519
11	66674223	66674223	T/C	+	rs6591221
13	75977392	75977392	G/A	+	rs550926777
17	29239223	29239223	C/T	+	rs7219572
5	157530231	157530231	A/G	+	rs55745041
8	107160973	107160973	G/A	+	rs61104107
20	5255106	5255106	T/C	+	rs55809613
20	63761754	63761754	C/T	+	rs2315649
6	26050067	26050067	G/C	+	rs6900218
12	40958150	40958150	C/T	+	rs189085219
19	41323715	41323715	C/T	+	rs548253506
5	40681860	40681860	G/A	+	rs564360987
11	45194633	45194633	C/G	+	rs11600467
13	47527705	47527705	T/C	+	rs140275227
10	81546868	81546868	G/T	+	rs117457845
1	214996858	214996858	C/A	+	rs192764934
2	38070996	38070996	T/C	+	rs1800440
4	25018056	25018056	A/G	+	rs566094262
5	1921014	1921014	T/C	+	rs1962698
2	218928474	218928474	C/T	+	rs190814715
5	113480248	113480248	C/T	+	rs190650164
17	13997278	13997278	T/A	+	rs540369218
4	78587059	78587059	T/C	+	rs180882859
5	11608813	11608813	T/C	+	rs78248764
10	5149857	5149857	T/G	+	rs587658334
8	127427968	127427968	T/C	+	rs557003513
2	36074002	36074002	A/T	+	rs560575778
6	5590856	5590856	T/G	+	rs563420305
14	97427338	97427338	G/C	+	rs143469459
7	57608114	57608114	C/T	+	rs74655554
10	58790520	58790520	C/T	+	rs577679339
10	58797575	58797575	T/G	+	rs559042953
12	5924399	5924399	A/G	+	rs563917294
12	91219421	91219421	T/C	+	rs538410519
18	35164133	35164133	C/T	+	rs141199741
6	137681038	137681038	C/G	+	rs6927172
1	240340246	240340246	C/T	+	rs114076858
13	68988922	68988922	T/C	+	rs542525051
15	94677243	94677243	G/A	+	rs150387370
16	6607641	6607641	T/G	+	rs114294453
6	123586117	123586117	A/G	+	rs570418617
8	134943485	134943485	T/C	+	rs184278329
9	17342408	17342408	A/G	+	rs201466402
13	21781699	21781699	C/A	+	rs372099660
16	77954188	77954188	T/C	+	rs557962916
1	20482306	20482306	C/T	+	rs567959785
2	2793231	2793231	A/C	+	rs537593889
8	11454678	11454678	T/C	+	rs569645093
9	6778979	6778979	T/C	+	rs7851584
17	56263590	56263590	G/A	+	rs145058373
16	27957984	27957984	G/C	+	rs183878582
4	74605106	74605106	G/A	+	rs114563141
16	8034416	8034416	T/C	+	rs552727789
19	57547905	57547905	C/G	+	rs35215822
10	99483571	99483571	A/G	+	rs573627681
3	86424465	86424465	T/C	+	rs144984431
4	180972630	180972630	C/T	+	rs74377106
7	134877527	134877527	G/A	+	rs192396111
17	78700913	78700913	T/C	+	rs116696808
18	63413626	63413626	G/T	+	rs574584309
7	105385553	105385553	C/T	+	rs114645604
21	31315648	31315648	C/A	+	rs188027665
3	16750465	16750465	G/T	+	rs370900577
9	9260351	9260351	A/G	+	rs146977197
2	199946923	199946923	C/T	+	rs545570408
6	31424830	31424830	T/A	+	rs2596470
3	101268135	101268135	T/C	+	rs114137525
13	47798274	47798274	C/T	+	rs189176616
18	1724894	1724894	T/C	+	rs532472635
20	22268482	22268482	G/T	+	rs139393473
12	10928316	10928316	G/C	+	rs553949410
10	119119831	119119831	A/G	+	rs536877192
10	127618670	127618670	T/C	+	rs115667151
14	52597737	52597737	T/G	+	rs17125579
1	39372842	39372842	C/T	+	rs529993686
1	106756730	106756730	G/A	+	rs187748788
13	49813143	49813143	A/G	+	rs560872210
5	52040117	52040117	T/G	+	rs116176819
9	111903801	111903801	G/A	+	rs10981149
1	76044951	76044951	C/T	+	rs149065316
5	146651032	146651032	T/C	+	rs76512792
7	110575227	110575227	C/G	+	rs150572693
12	65967673	65967673	A/G	+	rs76905924
4	146210395	146210395	C/T	+	rs56099921
15	97575575	97575575	T/C	+	rs180980584
20	1903936	1903936	T/C	+	rs564602852
1	163615005	163615005	A/G	+	rs558176599
1	92610961	92610961	G/A	+	rs7542867
8	134995991	134995991	G/A	+	rs142901299
10	44916149	44916149	G/C	+	rs112163836
5	63925236	63925236	G/A	+	rs191252351
2	63142925	63142925	C/T	+	rs147156118
5	160446426	160446426	T/C	+	rs150059260
5	122305376	122305376	G/C	+	rs114651631
11	76197087	76197087	A/G	+	rs7125695
11	19142490	19142490	T/C	+	rs80275468
12	10678212	10678212	C/T	+	rs528575117
8	140792908	140792908	A/G	+	rs143231932
5	65494909	65494909	T/C	+	rs527576714
13	73835394	73835394	T/G	+	rs185088878
13	79143444	79143444	T/C	+	rs575221625
5	164577046	164577046	C/T	+	rs73340542
6	30149677	30149677	T/A	+	rs3094135
6	152268026	152268026	A/C	+	rs200881487
8	143259612	143259612	C/T	+	rs144051026
14	83420769	83420769	T/C	+	rs115826979
6	21385174	21385174	T/G	+	rs559371392
19	10054586	10054586	C/A	+	rs183962544
19	10054590	10054590	C/A	+	rs187689605
1	64304622	64304622	T/A	+	rs572284208
3	13681518	13681518	G/A	+	rs532523615
20	60684831	60684831	T/G	+	rs570252777
1	22665253	22665253	T/C	+	rs113082986
3	108749555	108749555	G/A	+	rs201519354
9	76527488	76527488	T/A	+	rs146610797
19	3547419	3547419	C/T	+	rs200019629
7	11800701	11800701	A/G	+	rs534875364
18	78039395	78039395	G/A	+	rs78034733
16	83391230	83391230	A/C	+	rs552604503
8	53864564	53864564	C/T	+	rs555507857
9	11589166	11589166	T/C	+	rs139514376
2	42981267	42981267	C/T	+	rs114677683
9	112575525	112575525	T/C	+	rs567634044
10	106561675	106561675	A/C	+	rs548461827
4	78709477	78709477	A/G	+	rs113085991
1	43814772	43814772	A/G	+	rs548955743
7	141087201	141087201	A/G	+	rs557377677
11	108422648	108422648	C/T	+	rs540921704
3	182804908	182804908	C/A	+	rs545238609
11	4124159	4124159	C/T	+	rs147374001
12	6086576	6086576	A/G	+	rs188902837
14	96482234	96482234	T/G	+	rs560183954
1	40009800	40009800	A/G	+	rs114811312
1	177700094	177700094	G/T	+	rs115349110
12	131273127	131273127	G/A	+	rs137926256
16	6607525	6607525	A/G	+	rs115440744
8	87991942	87991942	A/G	+	rs181399344
15	101656217	101656217	A/G	+	rs530211156
7	73129768	73129768	A/C	+	rs540823191
4	98454743	98454743	T/C	+	rs571831015
8	91679427	91679427	T/C	+	rs531250307
17	2731929	2731929	C/T	+	rs548207948
2	125421385	125421385	G/A	+	rs570119312
2	210191431	210191431	C/T	+	rs562209864
3	84582489	84582489	T/C	+	rs114843672
15	94770302	94770302	T/C	+	rs114409442
1	72279232	72279232	A/G	+	rs540366384
8	103573475	103573475	G/A	+	rs531334851
13	75985652	75985652	T/C	+	rs574991105
4	84834782	84834782	G/A	+	rs183464318
6	106214866	106214866	C/G	+	rs2245214
9	31181624	31181624	T/C	+	rs559937998
16	2381359	2381359	C/T	+	rs571258597
5	162172225	162172225	A/G	+	rs548726063
19	6689175	6689175	C/T	+	rs191033730
2	61694758	61694758	C/A	+	rs541567167
2	136277419	136277419	C/T	+	rs571018817
2	59011654	59011654	T/C	+	rs188729292
1	91319062	91319062	T/C	+	rs111913142
1	177699110	177699110	T/C	+	rs78127122
5	97033202	97033202	G/A	+	rs184491866
5	138770187	138770187	C/T	+	rs556701112
7	4473597	4473597	G/A	+	rs560515170
1	236729876	236729876	C/T	+	rs149025139
9	109367460	109367460	T/C	+	rs530329428
5	33964060	33964060	C/T	+	rs79147807
11	69621349	69621349	A/C	+	rs539576136
11	105820100	105820100	G/A	+	rs140119892
15	61992230	61992230	A/G	+	rs554809135
4	25171619	25171619	C/T	+	rs546040608
5	156557801	156557801	T/A	+	rs193208190
9	122745248	122745248	T/C	+	rs184289015
4	180415176	180415176	T/G	+	rs532000873
5	117979004	117979004	A/G	+	rs114233862
7	106052689	106052689	A/G	+	rs547252721
9	111903706	111903706	C/T	+	rs10981148
6	10172026	10172026	G/C	+	rs189129717
18	27995790	27995790	C/G	+	rs73400022
20	24678304	24678304	C/T	+	rs114788171
3	86424646	86424646	C/T	+	rs140869069
14	50230289	50230289	G/A	+	rs115178243
1	28211661	28211661	G/A	+	rs529054265
5	6016567	6016567	G/A	+	rs144989638
1	192251831	192251831	G/A	+	rs568140444
2	52320903	52320903	A/G	+	rs551348440
9	127752254	127752254	C/T	+	rs139392565
5	2245375	2245375	C/T	+	rs145177216
5	92054544	92054544	T/C	+	rs188558249
14	104854516	104854516	C/T	+	rs148957187
13	83655139	83655139	T/G	+	rs557009968
2	79565285	79565285	C/T	+	rs572614448
2	61040833	61040833	A/G	+	rs182114551
15	55211306	55211306	T/C	+	rs555222609
1	177713341	177713341	G/A	+	rs77253023
4	4087644	4087644	C/T	+	rs571635410
17	47784746	47784746	C/G	+	rs56137679
11	105830149	105830149	C/T	+	rs115402016
1	206450521	206450521	T/C	+	rs11809494
2	180528397	180528397	G/A	+	rs559443699
3	55557967	55557967	G/T	+	rs11716980
12	3250423	3250423	T/A	+	rs534306200
2	140912496	140912496	G/T	+	rs371011318
18	51121270	51121270	G/C	+	rs1893380
8	96483280	96483280	G/T	+	rs542200968
8	134242564	134242564	A/G	+	rs564516598
10	55319623	55319623	G/A	+	rs139824811
10	87601928	87601928	G/C	+	rs12416173
3	156589654	156589654	T/A	+	rs34775669
17	45177679	45177679	C/T	+	rs192721048
6	133674733	133674733	T/C	+	rs74719286
1	214075125	214075125	C/G	+	rs115029414
12	125078277	125078277	G/A	+	rs570600821
10	9305155	9305155	G/C	+	rs201313737
5	29739953	29739953	A/T	+	rs533266785
12	42892734	42892734	A/G	+	rs555800179
13	94209508	94209508	A/G	+	rs541338877
2	165405189	165405189	T/G	+	rs7592973
18	54708756	54708756	G/A	+	rs56089125
10	66298616	66298616	G/A	+	rs183556664
5	96963173	96963173	A/G	+	rs186998730
15	26577871	26577871	C/T	+	rs147249045
9	120561515	120561515	G/A	+	rs145142913
11	105835857	105835857	T/A	+	rs139180032
18	44944473	44944473	A/G	+	rs538226327
9	103164173	103164173	G/A	+	rs113714783
6	88058379	88058379	G/A	+	rs118044798
2	49435164	49435164	T/C	+	rs186098815
14	102763817	102763817	T/G	+	rs60739516
4	188761760	188761760	T/A	+	rs563044107
9	110140742	110140742	C/T	+	rs147816964
19	53430250	53430250	C/G	+	rs8107241
5	142098569	142098569	C/T	+	rs72797984
11	40177086	40177086	G/A	+	rs376117881
13	23954906	23954906	C/T	+	rs114298312
16	68256297	68256297	G/A	+	rs12446418
2	8511236	8511236	A/C	+	rs138026135
3	188610688	188610688	A/T	+	rs73194495
1	2180466	2180466	A/G	+	rs576976619
1	151360287	151360287	C/A	+	rs139243355
1	155094137	155094137	A/C	+	rs545224162
1	156981113	156981113	G/A	+	rs573322566
2	22419601	22419601	A/C	+	rs552274500
2	64060787	64060787	T/G	+	rs556450435
5	67736244	67736244	G/A	+	rs571452929
5	73708191	73708191	T/C	+	rs528397514
6	164115287	164115287	G/T	+	rs141749028
7	18934855	18934855	C/T	+	rs543176203
7	63226678	63226678	G/T	+	rs189609599
7	153458149	153458149	C/T	+	rs117870738
9	127305443	127305443	G/A	+	rs7875825
11	105817811	105817811	G/A	+	rs146987453
13	23953773	23953773	G/A	+	rs111858894
13	27837039	27837039	T/C	+	rs148670360
13	77744048	77744048	T/C	+	rs149919659
13	90865910	90865910	C/T	+	rs188710021
13	108392623	108392623	C/T	+	rs182687474
14	51728737	51728737	G/C	+	rs185990932
19	31514523	31514523	C/A	+	rs79855315
21	21440443	21440443	A/G	+	rs569560791
2	223800217	223800217	A/G	+	rs200305098
18	62354271	62354271	T/G	+	rs3826620
22	29776847	29776847	T/G	+	rs140500652
1	159324894	159324894	C/G	+	rs10908706
1	214997605	214997605	A/T	+	rs76937386
18	74622930	74622930	A/G	+	rs9949875
20	37297330	37297330	T/C	+	rs148071402
20	37299043	37299043	A/G	+	rs377533813
20	37301524	37301524	T/C	+	rs140237456
20	37301779	37301779	C/G	+	rs111883689
10	8434568	8434568	G/A	+	rs35330847
10	114202359	114202359	A/T	+	rs189194296
5	83813356	83813356	A/G	+	rs566399644
4	15574633	15574633	C/T	+	rs554620260
9	112589714	112589714	C/A	+	rs571845502
2	21498088	21498088	C/T	+	rs142063429
3	14109265	14109265	G/A	+	rs377715254
11	92296762	92296762	A/T	+	rs182759942
12	123364549	123364549	C/G	+	rs7485502
1	112757525	112757525	C/T	+	rs576097033
6	1084341	1084341	C/A	+	rs191845828
6	55850819	55850819	C/T	+	rs77850408
6	115405678	115405678	T/A	+	rs73770529
3	123285351	123285351	T/C	+	rs368766808
8	100457504	100457504	C/T	+	rs138574119
9	115041315	115041315	A/G	+	rs12352616
2	70030146	70030146	A/G	+	rs559641342
7	82444630	82444630	C/T	+	rs569493833
19	23351504	23351504	G/T	+	rs547627463
2	197785535	197785535	G/A	+	rs771018
8	143522616	143522616	C/A	+	rs6558369
1	153094850	153094850	A/G	+	rs61811905
5	95989716	95989716	A/G	+	rs564329734
7	109736111	109736111	C/T	+	rs139049689
18	77539527	77539527	C/G	+	rs551485704
20	37292426	37292426	T/C	+	rs375698640
2	5723938	5723938	C/T	+	rs151201321
14	84774291	84774291	G/A	+	rs182309186
16	10910506	10910506	G/C	+	rs6498126
21	31281827	31281827	G/C	+	rs146981266
5	167805828	167805828	A/C	+	rs534715591
18	13370087	13370087	C/T	+	rs528134522
1	241478022	241478022	A/G	+	rs149576755
12	56911672	56911672	C/T	+	rs145237994
6	47904750	47904750	T/C	+	rs547169676
6	47905166	47905166	A/G	+	rs570283761
7	17581482	17581482	T/G	+	rs553190992
1	78951638	78951638	G/A	+	rs114249546
6	90891973	90891973	C/T	+	rs7750922
7	121521992	121521992	A/G	+	rs144532877
18	6766840	6766840	C/T	+	rs192579912
4	63646294	63646294	A/C	+	rs183849650
13	44525544	44525544	G/A	+	rs542313507
17	64493270	64493270	A/C	+	rs542749610
18	28328673	28328673	A/G	+	rs554864386
6	55798697	55798697	G/A	+	rs60220346
20	61409393	61409393	T/C	+	rs577406275
6	115415332	115415332	G/A	+	rs75790645
18	48870179	48870179	A/G	+	rs12606349
5	24073331	24073331	T/C	+	rs77388011
5	86366594	86366594	C/T	+	rs549096282
10	114202638	114202638	A/T	+	rs181130752
16	3050917	3050917	C/T	+	rs8047736
2	137247656	137247656	G/A	+	rs537483031
4	122139321	122139321	T/C	+	rs13149287
17	51080051	51080051	G/C	+	rs373914987
4	189110016	189110016	T/C	+	rs543035180
11	105763795	105763795	T/C	+	rs370540870
8	3737762	3737762	A/C	+	rs544337363
22	20937954	20937954	C/T	+	rs562623682
6	20534528	20534528	G/A	+	rs115926208
9	37326799	37326799	A/T	+	rs546030643
6	127593744	127593744	C/A	+	rs4897221
8	97845053	97845053	T/A	+	rs557950960
8	97845684	97845684	G/A	+	rs529590192
10	83374714	83374714	T/C	+	rs538617068
1	31698349	31698349	G/C	+	rs2297674
2	22345776	22345776	A/G	+	rs7569613
20	55062095	55062095	A/G	+	rs144392473
9	7340921	7340921	A/G	+	rs142466694
3	121933294	121933294	G/A	+	rs75557865
14	34591291	34591291	T/G	+	rs553865812
18	40022089	40022089	C/T	+	rs139290062
6	20959932	20959932	C/A	+	rs547038633
22	37190916	37190916	G/A	+	rs535855359
3	152160875	152160875	T/C	+	rs77527654
4	167007024	167007024	T/C	+	rs563706169
3	148714933	148714933	C/T	+	rs12695883
10	114240491	114240491	T/G	+	rs184361834
3	56703229	56703229	C/T	+	rs7628922
13	20100819	20100819	A/G	+	rs575289354
17	35649106	35649106	A/G	+	rs542081440
20	9952216	9952216	T/C	+	rs536449391
17	75540864	75540864	A/G	+	rs565341288
4	109423634	109423634	T/C	+	rs552536747
18	69383026	69383026	G/A	+	rs553554269
7	143401343	143401343	C/T	+	rs190437539
13	59334888	59334888	G/A	+	rs181780965
8	17229133	17229133	G/A	+	rs74948252
7	14779292	14779292	T/C	+	rs564898283
9	127327925	127327925	G/A	+	rs116508994
2	204138862	204138862	T/C	+	rs115804565
2	104898884	104898884	A/T	+	rs115032842
4	63891259	63891259	C/T	+	rs184228126
20	20421131	20421131	A/G	+	rs528215384
1	156295220	156295220	G/T	+	rs529565341
8	75572941	75572941	T/C	+	rs563064644
1	70429860	70429860	C/T	+	rs560228392
4	2351920	2351920	A/G	+	rs534620289
4	124690337	124690337	C/G	+	rs138653296
17	12967803	12967803	C/A	+	rs185762867
19	30551946	30551946	C/T	+	rs143296497
22	49738652	49738652	T/C	+	rs548260095
1	22342336	22342336	C/T	+	rs189344957
17	8769395	8769395	C/T	+	rs183068060
12	82108445	82108445	A/G	+	rs138983198
17	67126500	67126500	T/C	+	rs116842534
5	134103583	134103583	G/A	+	rs62379371
1	64936080	64936080	G/A	+	rs79182842
4	116531773	116531773	C/A	+	rs566301377
2	236129005	236129005	A/G	+	rs561410691
6	32647238	32647238	C/T	+	rs185831190
4	64191380	64191380	T/C	+	rs190085328
9	130388994	130388994	T/C	+	rs572260563
8	2757611	2757611	C/G	+	rs566787305
4	59807843	59807843	T/A	+	rs145695455
4	59810446	59810446	C/G	+	rs112784277
6	107844943	107844943	A/T	+	rs201847429
10	6672213	6672213	C/T	+	rs7091048
3	83186015	83186015	A/G	+	rs533858210
4	109879054	109879054	C/A	+	rs115491714
20	12267909	12267909	C/G	+	rs139240497
21	39443382	39443382	G/A	+	rs562403232
19	23594429	23594429	G/A	+	rs529196106
7	22571094	22571094	G/A	+	rs1012177
12	114510817	114510817	T/C	+	rs145076088
18	63192741	63192741	C/G	+	rs9944895
1	179151065	179151065	A/G	+	rs374817227
6	32850253	32850253	T/C	+	rs113206908
7	155205675	155205675	C/T	+	rs143857279
8	20754656	20754656	T/C	+	rs534234679
10	113981467	113981467	C/T	+	rs187489107
1	33540099	33540099	C/A	+	rs185102603
8	119608871	119608871	G/T	+	rs115091021
12	71255678	71255678	G/A	+	rs535852797
4	158392765	158392765	A/T	+	rs558230749
17	34834126	34834126	C/T	+	rs553325309
5	1918686	1918686	C/T	+	rs116493016
7	155874855	155874855	T/C	+	rs184722103
12	13393930	13393930	A/G	+	rs553025440
14	25760014	25760014	T/C	+	rs551279379
17	60406547	60406547	G/A	+	rs113693415
8	50863623	50863623	A/T	+	rs541866642
12	122225394	122225394	T/C	+	rs567866195
9	123406716	123406716	G/C	+	rs117961753
2	234838135	234838135	T/C	+	rs146083689
8	50164279	50164279	T/C	+	rs375563889
11	126585112	126585112	G/T	+	rs181827891
13	75979119	75979119	T/A	+	rs549077668
6	32678336	32678336	G/A	+	rs146422992
4	105897896	105897896	G/A	+	rs34712979
15	64658188	64658188	A/G	+	rs553309260
1	48612102	48612102	G/A	+	rs568019490
4	185996491	185996491	G/C	+	rs554601719
10	65920517	65920517	C/A	+	rs373081692
1	24582557	24582557	G/T	+	rs575535252
4	33325252	33325252	A/G	+	rs72622788
3	29027857	29027857	A/G	+	rs577415262
10	107090516	107090516	T/C	+	rs544627357
20	43757587	43757587	A/C	+	rs533097743
2	48800914	48800914	G/C	+	rs549056792
3	72345701	72345701	T/C	+	rs61192126
15	67181452	67181452	C/T	+	rs117185005
5	1398964	1398964	T/C	+	rs73028255
2	150918726	150918726	C/T	+	rs566807455
6	25982593	25982593	G/T	+	rs547322319
18	75251265	75251265	C/A	+	rs111714182
4	66849185	66849185	A/G	+	rs562021059
17	12941332	12941332	T/C	+	rs577152560
6	44151870	44151870	C/T	+	rs200096716
8	29050437	29050437	G/A	+	rs575346502
1	179193053	179193053	A/G	+	rs527992885
1	222351533	222351533	T/C	+	rs555565174
2	85388164	85388164	T/A	+	rs6707822
9	103164756	103164756	A/G	+	rs111996470
15	86562720	86562720	A/C	+	rs187096219
20	5384116	5384116	A/G	+	rs145349409
10	12906820	12906820	T/C	+	rs550932620
3	3194271	3194271	G/A	+	rs191854042
7	158455978	158455978	G/A	+	rs369502485
4	95373709	95373709	G/A	+	rs555897430
5	99715796	99715796	G/A	+	rs189197867
17	2301036	2301036	T/C	+	rs559425123
2	241770153	241770153	G/A	+	rs113621650
18	9691951	9691951	G/A	+	rs574883588
4	94603980	94603980	A/C	+	rs547038435
4	175985527	175985527	A/G	+	rs78026082
4	32666835	32666835	T/C	+	rs5008056
10	35949110	35949110	G/T	+	rs570833102
2	160431316	160431316	T/G	+	rs570225060
5	157454181	157454181	A/G	+	rs145559928
6	55813648	55813648	G/A	+	rs148053011
7	155440641	155440641	C/T	+	rs537859261
15	97190123	97190123	T/A	+	rs148861962
6	99782203	99782203	C/T	+	rs117971857
8	80186044	80186044	T/C	+	rs28588688
18	72885662	72885662	C/T	+	rs562719474
6	132947575	132947575	G/T	+	rs556000708
10	83738382	83738382	A/G	+	rs189068173
12	112496116	112496116	A/G	+	rs113983410
1	13048249	13048249	A/G	+	rs533013728
9	116999165	116999165	T/C	+	rs533988744
15	94851190	94851190	T/C	+	rs554814201
19	28871850	28871850	A/G	+	rs571483336
2	102982048	102982048	T/C	+	rs573198802
15	98772162	98772162	G/A	+	rs575733192
4	30141613	30141613	C/T	+	rs183308530
11	29282299	29282299	A/G	+	rs187901482
4	112495937	112495937	T/C	+	rs538188442
4	187342248	187342248	A/G	+	rs531957917
13	67146797	67146797	C/T	+	rs537265184
1	175421198	175421198	T/C	+	rs114854208
3	6205356	6205356	C/T	+	rs112225252
6	97558242	97558242	C/T	+	rs570339786
16	26987650	26987650	G/A	+	rs143856547
17	20256010	20256010	T/G	+	rs538166099
20	44612469	44612469	A/T	+	rs577237685
2	30451619	30451619	G/A	+	rs1723168
2	63372953	63372953	A/G	+	rs10197437
5	65057772	65057772	T/G	+	rs142025235
9	99687194	99687194	G/A	+	rs557391918
5	142219991	142219991	T/A	+	rs10044693
6	79611512	79611512	C/T	+	rs558277806
7	54639453	54639453	A/G	+	rs144131654
9	23070396	23070396	G/A	+	rs572463169
5	9723130	9723130	C/T	+	rs181018324
4	102634462	102634462	C/G	+	rs6813322
5	132908829	132908829	G/C	+	rs149849572
6	56261982	56261982	A/C	+	rs562662780
16	27299675	27299675	C/A	+	rs113108794
10	44145870	44145870	C/T	+	rs7911076
12	6608593	6608593	C/T	+	rs566547661
12	105309848	105309848	T/C	+	rs541441782
12	57667733	57667733	C/T	+	rs112743107
12	99762635	99762635	A/G	+	rs536149197
9	103153702	103153702	C/G	+	rs1448591
1	22342960	22342960	C/T	+	rs139109781
7	79077600	79077600	T/A	+	rs5013614
4	47170399	47170399	A/G	+	rs530232231
20	41644282	41644282	A/G	+	rs77804044
3	144780468	144780468	A/G	+	rs189967125
7	17137286	17137286	T/C	+	rs181310975
13	26787360	26787360	C/T	+	rs112471150
1	78954102	78954102	T/C	+	rs11808232
2	174270523	174270523	C/T	+	rs536394089
3	114922770	114922770	C/T	+	rs181935927
18	10078074	10078074	G/A	+	rs8089099
19	14144200	14144200	C/T	+	rs569438466
7	63227379	63227379	C/G	+	rs145122997
6	125224648	125224648	G/T	+	rs140664049
4	121630443	121630443	A/T	+	rs115776898
5	28414579	28414579	C/T	+	rs184809889
3	144695322	144695322	C/T	+	rs140282049
7	12756921	12756921	T/G	+	rs542081685
11	69678052	69678052	C/T	+	rs571472229
3	50124284	50124284	A/C	+	rs2856236
1	233661545	233661545	C/G	+	rs187521970
2	11322334	11322334	A/T	+	rs189222200
2	222556135	222556135	G/A	+	rs533225253
3	145117924	145117924	C/A	+	rs556911133
5	27450368	27450368	A/C	+	rs117532282
17	40452935	40452935	G/A	+	rs1009727
1	180099840	180099840	T/G	+	rs571299038
8	117811539	117811539	G/A	+	rs550058668
8	132085222	132085222	C/T	+	rs376285439
16	80939256	80939256	T/C	+	rs77110521
22	26768356	26768356	G/A	+	rs115585186
4	66843729	66843729	T/C	+	rs536700216
13	40219992	40219992	G/A	+	rs139725873
1	246071568	246071568	C/T	+	rs112246630
1	246093966	246093966	G/A	+	rs76650456
13	95033360	95033360	G/A	+	rs118187224
1	91092386	91092386	T/G	+	rs539509085
13	29116515	29116515	A/G	+	rs555041476
7	52292269	52292269	G/A	+	rs571625284
6	233500	233500	G/C	+	rs12202710
7	13743315	13743315	G/A	+	rs114669871
20	51526931	51526931	C/T	+	rs77042341
20	56334454	56334454	C/T	+	rs76596981
12	108655590	108655590	G/C	+	rs7310556
7	36532139	36532139	A/G	+	rs571371488
15	77471611	77471611	G/T	+	rs369594093
15	77475701	77475701	G/T	+	rs188706150
5	170972314	170972314	T/C	+	rs568568997
2	4585524	4585524	A/G	+	rs554576516
3	155087144	155087144	T/C	+	rs16824551
17	45020477	45020477	G/A	+	rs562020394
13	77126186	77126186	A/G	+	rs185515205
13	40374797	40374797	T/C	+	rs141449068
1	153302967	153302967	G/A	+	rs821429
7	69266156	69266156	C/T	+	rs142647433
13	100916042	100916042	G/A	+	rs78921182
13	38904362	38904362	T/C	+	rs74599819
16	2926302	2926302	A/G	+	rs562599601
1	179210225	179210225	G/A	+	rs552226477
18	13415522	13415522	T/C	+	rs529591001
13	82692849	82692849	A/C	+	rs115758311
3	123576726	123576726	C/T	+	rs148403019
1	173766171	173766171	A/G	+	rs569621472
7	81113208	81113208	G/A	+	rs116548940
16	88553629	88553629	C/T	+	rs11647496
3	145067716	145067716	T/A	+	rs148677882
10	109039347	109039347	A/G	+	rs548114474
13	108266025	108266025	A/T	+	rs140002949
9	89591072	89591072	T/C	+	rs1888072
13	112433804	112433804	G/A	+	rs145739536
16	89172764	89172764	G/A	+	rs530284220
19	37948085	37948085	G/C	+	rs192802663
18	58551122	58551122	C/A	+	rs9797329
12	99985101	99985101	C/G	+	rs529672137
12	120682555	120682555	C/G	+	rs114986764
13	84183189	84183189	G/C	+	rs186733257
1	179170237	179170237	T/C	+	rs554317421
3	52617327	52617327	C/T	+	rs191685069
2	21720153	21720153	A/T	+	rs527421075
14	74059272	74059272	G/A	+	rs558876399
7	6702949	6702949	G/A	+	rs117663320
8	126663643	126663643	C/T	+	rs181331932
9	89774521	89774521	A/G	+	rs114662603
6	32978613	32978613	A/T	+	rs41315407
19	8965818	8965818	G/C	+	rs577489324
3	8859016	8859016	C/T	+	rs143597991
12	2713459	2713459	C/T	+	rs145994231
5	110349962	110349962	A/C	+	rs111572801
2	233680543	233680543	C/G	+	rs184094797
3	194271258	194271258	T/C	+	rs114148143
3	183913473	183913473	C/T	+	rs146527965
3	97270884	97270884	G/T	+	rs182211323
8	144509059	144509059	C/T	+	rs530600681
4	146342986	146342986	T/A	+	rs548845470
4	31209357	31209357	G/A	+	rs57768981
5	99998334	99998334	G/A	+	rs549364678
3	71205600	71205600	T/C	+	rs7372960
19	51259432	51259432	G/A	+	rs536383078
2	102478945	102478945	G/A	+	rs11692304
8	789877	789877	C/G	+	rs140586325
17	47357237	47357237	G/T	+	rs531578185
11	87041892	87041892	G/A	+	rs545458743
15	90484778	90484778	G/A	+	rs139911305
13	27124035	27124035	A/G	+	rs541312224
9	5037393	5037393	A/C	+	rs75032480
3	73903626	73903626	G/A	+	rs574237466
22	22864830	22864830	A/G	+	rs537621333
7	78427328	78427328	T/C	+	rs570355583
6	132852244	132852244	T/G	+	rs552655623
10	114066124	114066124	G/C	+	rs191080776
3	32302040	32302040	A/C	+	rs532089794
3	197290445	197290445	T/C	+	rs536092436
7	155033279	155033279	T/C	+	rs147786953
12	41502998	41502998	C/T	+	rs189368320
15	90884382	90884382	G/A	+	rs12906125
17	25626079	25626079	A/G	+	rs534121337
8	41259532	41259532	C/T	+	rs138494684
8	41259768	41259768	T/C	+	rs142918251
5	41993008	41993008	C/T	+	rs193138021
7	141090080	141090080	C/A	+	rs529469801
10	76304128	76304128	C/T	+	rs532391969
4	175867255	175867255	A/G	+	rs547896687
6	44115002	44115002	A/G	+	rs185522477
6	107865666	107865666	A/G	+	rs147763238
6	128393452	128393452	C/A	+	rs560848049
7	114734217	114734217	C/T	+	rs145429944
9	104332992	104332992	C/G	+	rs545649630
6	47902642	47902642	T/G	+	rs548028950
11	112578107	112578107	T/C	+	rs565944935
2	19286431	19286431	G/A	+	rs557379490
5	13852308	13852308	C/T	+	rs151202599
15	53937443	53937443	C/A	+	rs112722564
11	92747743	92747743	C/T	+	rs541812899
16	86018036	86018036	C/A	+	rs182801508
8	122437606	122437606	G/A	+	rs113678448
4	64477792	64477792	G/A	+	rs149474984
3	38845121	38845121	T/C	+	rs114294986
8	20684346	20684346	A/C	+	rs74775122
12	105200533	105200533	A/G	+	rs552999091
8	3141866	3141866	C/G	+	rs191623974
9	134604458	134604458	G/A	+	rs141252836
10	27224365	27224365	C/G	+	rs114610876
19	16879352	16879352	G/A	+	rs148808394
19	28838527	28838527	A/G	+	rs532306264
7	132971913	132971913	C/G	+	rs564123018
6	32675609	32675609	A/G	+	rs192482979
2	149441109	149441109	C/T	+	rs116949310
1	173754882	173754882	G/A	+	rs530261142
13	99122393	99122393	G/A	+	rs11069349
4	112449693	112449693	T/C	+	rs577494050
14	73531722	73531722	T/C	+	rs561547665
13	113580177	113580177	T/C	+	rs543302716
3	60053952	60053952	T/C	+	rs561537870
18	36168954	36168954	C/T	+	rs147435057
6	159064163	159064163	T/G	+	rs139991613
6	33398495	33398495	C/T	+	rs62407901
3	88912413	88912413	C/G	+	rs76819709
14	83421846	83421846	A/G	+	rs114325440
9	91161868	91161868	C/T	+	rs192400535
13	24457699	24457699	A/T	+	rs558894628
15	67254250	67254250	T/C	+	rs151328686
2	12928498	12928498	C/G	+	rs140317111
5	12390360	12390360	C/T	+	rs114086274
14	70638193	70638193	G/C	+	rs10135145
6	6353525	6353525	G/A	+	rs532172205
1	42171285	42171285	T/C	+	rs147576695
3	10638646	10638646	T/C	+	rs539261764
5	143424135	143424135	C/T	+	rs192592072
13	30075715	30075715	G/C	+	rs150194077
14	73738650	73738650	G/A	+	rs35165419
6	32679221	32679221	T/C	+	rs543989586
1	246041592	246041592	G/C	+	rs112266986
1	246046651	246046651	A/T	+	rs180967780
5	121795134	121795134	T/C	+	rs537912205
3	60595096	60595096	A/G	+	rs151101341
8	43579146	43579146	C/T	+	rs373853821
1	248012614	248012614	T/G	+	rs563210492
8	10262308	10262308	C/T	+	rs546141311
1	111497300	111497300	C/T	+	rs2032006
7	95381917	95381917	T/C	+	rs182177196
5	163589514	163589514	T/C	+	rs551622898
1	233485175	233485175	A/G	+	rs371046835
1	221568757	221568757	A/G	+	rs553829766
6	16177466	16177466	C/T	+	rs535045781
10	33000284	33000284	G/A	+	rs57251462
8	122437583	122437583	C/T	+	rs112474393
17	45175479	45175479	C/T	+	rs184031726
6	116874185	116874185	T/C	+	rs150988871
21	23750938	23750938	T/C	+	rs138417339
3	81630121	81630121	G/A	+	rs577530773
16	89245746	89245746	A/G	+	rs114921561
6	103150961	103150961	T/C	+	rs115620380
10	15107879	15107879	T/C	+	rs576343017
11	126583864	126583864	G/A	+	rs371007687
7	20675371	20675371	G/A	+	rs181128747
8	25307203	25307203	T/C	+	rs534783507
7	85330454	85330454	T/C	+	rs189018515
13	64944879	64944879	T/C	+	rs574389631
14	59743579	59743579	G/A	+	rs148014596
21	42436012	42436012	T/C	+	rs111164030
11	119948544	119948544	G/A	+	rs116624610
6	166978137	166978137	G/A	+	rs556769711
3	57727633	57727633	A/C	+	rs7609911
11	45425174	45425174	G/T	+	rs7943688
14	27663720	27663720	C/T	+	rs191010783
2	25202948	25202948	C/T	+	rs550243586
12	55599804	55599804	G/A	+	rs565787923
5	19696123	19696123	T/C	+	rs191336046
6	63893884	63893884	T/C	+	rs187076654
6	33748939	33748939	A/G	+	rs28607030
6	163466608	163466608	T/G	+	rs1737605
6	31413010	31413010	G/T	+	rs67140765
9	125380687	125380687	T/C	+	rs557338952
3	188624720	188624720	T/C	+	rs13433989
4	78816937	78816937	G/A	+	rs72862508
4	123723965	123723965	T/C	+	rs4833938
17	53281551	53281551	C/T	+	rs137935979
13	24341265	24341265	G/A	+	rs141781073
1	6247120	6247120	G/A	+	rs574415878
2	102352590	102352590	A/G	+	rs561425912
3	193841881	193841881	G/A	+	rs576130907
4	39388825	39388825	C/T	+	rs190438685
3	194596996	194596996	C/T	+	rs190812749
9	32724079	32724079	A/G	+	rs114310640
8	54924591	54924591	G/T	+	rs565532823
13	38905215	38905215	C/G	+	rs116219628
17	45208324	45208324	A/C	+	rs11870777
4	31931943	31931943	A/G	+	rs533339141
7	51167631	51167631	G/A	+	rs150415328
7	51167632	51167632	C/T	+	rs138287356
10	9010189	9010189	T/C	+	rs148673593
10	30193671	30193671	C/T	+	rs539378828
4	115975318	115975318	C/T	+	rs112350514
6	57961271	57961271	A/G	+	rs549632108
7	131943067	131943067	C/T	+	rs74386320
9	127322283	127322283	C/G	+	rs116367409
9	127322676	127322676	C/T	+	rs116773106
10	79199275	79199275	A/G	+	rs569284134
16	78613622	78613622	C/G	+	rs184682894
6	106418682	106418682	T/C	+	rs543140237
8	142943620	142943620	G/T	+	rs538485002
17	4319697	4319697	T/C	+	rs578100733
2	5254368	5254368	T/G	+	rs545571397
4	4113036	4113036	C/G	+	rs7683458
7	136726437	136726437	T/G	+	rs557607860
11	12715924	12715924	A/G	+	rs566033844
16	49983023	49983023	A/G	+	rs113519025
6	7231610	7231610	G/A	+	rs9379084
7	157777620	157777620	C/T	+	rs565522064
16	5380174	5380174	C/T	+	rs202073623
21	42399911	42399911	G/A	+	rs62212899
3	12307030	12307030	A/G	+	rs113484502
7	133922803	133922803	T/C	+	rs1963840
14	58336571	58336571	T/C	+	rs1190978
18	9277527	9277527	C/A	+	rs9950097
3	136503453	136503453	C/T	+	rs554005245
6	24974955	24974955	C/T	+	rs565708711
10	9006942	9006942	C/T	+	rs190263045
10	27263554	27263554	A/G	+	rs140640855
2	25570581	25570581	G/A	+	rs570624146
2	171349077	171349077	T/C	+	rs138477298
5	91182389	91182389	G/A	+	rs368473455
10	78126619	78126619	T/C	+	rs533068980
1	212433958	212433958	A/G	+	rs142934028
3	13543521	13543521	G/A	+	rs572311470
6	78752366	78752366	G/T	+	rs190785504
7	14978981	14978981	C/T	+	rs573037278
15	63614255	63614255	A/G	+	rs532724847
6	32501876	32501876	C/T	+	rs112019323
1	173229990	173229990	G/T	+	rs6673550
2	237865647	237865647	G/T	+	rs142793714
5	111327158	111327158	C/A	+	rs1644507
5	169624380	169624380	C/G	+	rs186340615
7	85540994	85540994	T/C	+	rs529381678
8	139564171	139564171	A/C	+	rs2111574
10	77438613	77438613	C/G	+	rs116338787
2	170428803	170428803	G/A	+	rs75122536
3	74088149	74088149	G/A	+	rs75803518
3	81449586	81449586	A/C	+	rs546293530
4	42914528	42914528	C/T	+	rs550624943
6	60643150	60643150	C/A	+	rs6906362
18	1179069	1179069	T/C	+	rs74871310
1	18597220	18597220	C/T	+	rs182105731
3	16379523	16379523	C/T	+	rs574539746
11	76580219	76580219	A/G	+	rs117675359
13	20419369	20419369	C/T	+	rs560419109
1	168083512	168083512	C/A	+	rs576132946
6	47889838	47889838	G/A	+	rs533737392
8	41262613	41262613	G/A	+	rs138959512
11	118854014	118854014	T/C	+	rs57719838
14	81995144	81995144	G/C	+	rs139488978
4	95185897	95185897	T/C	+	rs139947908
5	72400053	72400053	T/C	+	rs10040192
7	12949744	12949744	T/C	+	rs549384127
13	108392629	108392629	T/C	+	rs566599251
1	154294178	154294178	C/T	+	rs111966309
5	87074537	87074537	C/T	+	rs554676343
11	73936238	73936238	A/G	+	rs202162912
13	47855804	47855804	T/G	+	rs2057562
19	45619974	45619974	C/T	+	rs539522600
2	115566607	115566607	T/C	+	rs61582720
6	32560527	32560527	A/T	+	rs573044193
12	68204691	68204691	A/T	+	rs112206203
2	109358088	109358088	T/G	+	rs563486044
7	62177053	62177053	A/G	+	rs543412630
7	84959912	84959912	A/G	+	rs559034165
19	7563067	7563067	C/T	+	rs486363
3	16929756	16929756	T/G	+	rs9883633
4	16544714	16544714	G/A	+	rs148834049
5	172931660	172931660	A/G	+	rs575298852
5	102022217	102022217	T/A	+	rs556442663
5	104247242	104247242	T/G	+	rs549884727
20	17603688	17603688	G/A	+	rs16999465
4	57513969	57513969	C/A	+	rs373624457
7	31592278	31592278	C/T	+	rs191699831
13	105230468	105230468	G/C	+	rs149706240
18	69900343	69900343	A/C	+	rs34607223
19	45963872	45963872	T/G	+	rs369265196
22	26882815	26882815	G/A	+	rs138327512
2	8321856	8321856	G/A	+	rs34660307
2	144820640	144820640	A/G	+	rs193290038
2	223261472	223261472	C/G	+	rs145085999
6	46367944	46367944	T/C	+	rs565165450
15	29405228	29405228	A/G	+	rs564789932
18	35821598	35821598	C/T	+	rs8098767
1	91182216	91182216	C/G	+	rs529575731
2	98849050	98849050	G/A	+	rs188612735
5	90371307	90371307	C/T	+	rs147460501
11	60872110	60872110	G/A	+	rs189805799
21	34437714	34437714	C/A	+	rs147613969
2	55686093	55686093	G/C	+	rs538163362
3	19316765	19316765	C/T	+	rs555321309
6	52161084	52161084	G/A	+	rs189488647
10	31607469	31607469	C/A	+	rs12254434
21	38139386	38139386	A/G	+	rs560664602
10	6119818	6119818	C/T	+	rs4749997
1	47606512	47606512	A/C	+	rs368949734
1	230195301	230195301	C/T	+	rs551234343
2	80937247	80937247	T/C	+	rs528168927
2	215526533	215526533	G/A	+	rs181576820
9	6047426	6047426	C/T	+	rs541612525
20	50472783	50472783	A/C	+	rs561885421
6	115648170	115648170	G/T	+	rs55814334
13	34930374	34930374	A/C	+	rs578217743
13	92971750	92971750	T/C	+	rs544512837
2	149376697	149376697	C/G	+	rs561835974
6	11913289	11913289	A/G	+	rs569951371
10	42780294	42780294	G/T	+	rs140739263
11	48948420	48948420	A/G	+	rs369372428
12	94614716	94614716	A/G	+	rs542653352
4	58401980	58401980	C/G	+	rs550957041
6	119225251	119225251	C/A	+	rs182050872
12	6394334	6394334	G/C	+	rs12296430
21	40039132	40039132	C/G	+	rs148389283
1	189050295	189050295	G/C	+	rs74138935
2	144822935	144822935	C/A	+	rs141951988
3	74370303	74370303	G/A	+	rs542288480
20	54555983	54555983	G/A	+	rs78210149
19	28966005	28966005	C/T	+	rs575046472
6	117500291	117500291	A/G	+	rs138980351
7	33890879	33890879	G/A	+	rs188120790
21	39313313	39313313	A/G	+	rs34240248
5	12142692	12142692	C/T	+	rs547482300
7	39937004	39937004	A/C	+	rs553821331
11	78608048	78608048	A/G	+	rs557447413
2	62296440	62296440	A/G	+	rs537272985
1	37506594	37506594	T/C	+	rs550034800
4	104855590	104855590	T/C	+	rs566029405
6	14313088	14313088	T/C	+	rs575898126
6	53489246	53489246	A/G	+	rs540153126
7	76597538	76597538	A/C	+	rs193121062
19	10526288	10526288	A/G	+	rs549956721
20	16539484	16539484	G/A	+	rs185025304
1	44992290	44992290	A/G	+	rs114463181
15	101668189	101668189	C/A	+	rs537089533
4	65960734	65960734	G/A	+	rs188020813
8	84570920	84570920	T/G	+	rs531328435
3	125690120	125690120	A/G	+	rs529629482
6	39292255	39292255	C/T	+	rs73731764
12	71579724	71579724	G/A	+	rs572005462
13	71746266	71746266	T/G	+	rs530107494
19	51676747	51676747	A/G	+	rs67598120
12	45482312	45482312	A/C	+	rs557273926
12	116206761	116206761	T/C	+	rs543435012
19	32029078	32029078	T/A	+	rs554432808
6	105497220	105497220	T/G	+	rs536580531
7	20463340	20463340	G/A	+	rs7800265
7	62681053	62681053	T/C	+	rs577313153
19	38937946	38937946	T/C	+	rs558646905
1	212250731	212250731	C/T	+	rs149331153
8	31389431	31389431	G/C	+	rs78162869
11	48955330	48955330	C/T	+	rs369811392
11	82682782	82682782	C/T	+	rs116697060
13	29282618	29282618	A/G	+	rs55792918
13	28245953	28245953	T/C	+	rs536738310
6	56495911	56495911	G/A	+	rs181724216
1	94201749	94201749	C/T	+	rs148959325
5	35570582	35570582	C/G	+	rs7734143
7	76611969	76611969	C/T	+	rs372984428
14	70134136	70134136	C/T	+	rs367599251
2	102235036	102235036	C/T	+	rs35960329
3	10111210	10111210	C/T	+	rs545239531
4	148846920	148846920	G/T	+	rs533591327
8	107169753	107169753	T/C	+	rs185293834
9	10641923	10641923	C/T	+	rs554104916
8	120088216	120088216	T/A	+	rs79774420
5	19751944	19751944	C/T	+	rs181197671
1	153079319	153079319	A/G	+	rs364359
17	56967075	56967075	C/T	+	rs187353536
16	88308223	88308223	A/G	+	rs554455682
6	90659867	90659867	C/T	+	rs146205338
16	63051725	63051725	C/T	+	rs60344150
2	165029017	165029017	C/G	+	rs149816407
5	4333179	4333179	A/C	+	rs146376184
7	40659972	40659972	T/C	+	rs186910602
7	88664859	88664859	C/T	+	rs144568277
12	99811902	99811902	G/T	+	rs562280642
13	66455431	66455431	C/T	+	rs142075331
14	92514450	92514450	C/T	+	rs192444076
16	6606819	6606819	C/T	+	rs146886158
4	84274333	84274333	T/C	+	rs35646041
4	122031415	122031415	C/T	+	rs13104716
6	32345882	32345882	G/A	+	rs1265764
6	56258645	56258645	C/A	+	rs74741462
7	92043400	92043400	G/A	+	rs139629759
10	99440876	99440876	G/A	+	rs116949439
17	47751717	47751717	A/T	+	rs9907005
20	43484334	43484334	G/A	+	rs561706803
2	33136559	33136559	A/G	+	rs79870788
6	57946051	57946051	A/G	+	rs539422612
13	55006899	55006899	C/G	+	rs187868032
16	74098414	74098414	T/C	+	rs560358888
3	33164928	33164928	C/T	+	rs11709566
13	75759775	75759775	A/G	+	rs551423592
1	103263370	103263370	T/C	+	rs11164756
2	224917584	224917584	A/C	+	rs78867455
5	113225751	113225751	G/C	+	rs116266286
1	33523765	33523765	G/A	+	rs148288640
1	215281705	215281705	G/A	+	rs183077506
7	113672730	113672730	A/G	+	rs535397817
9	70644480	70644480	A/G	+	rs192487861
13	100757320	100757320	G/A	+	rs74498131
19	23330527	23330527	T/C	+	rs565990481
9	74594372	74594372	C/T	+	rs572804491
15	27271612	27271612	A/G	+	rs576783299
22	49314555	49314555	T/C	+	rs192345834
6	121921363	121921363	T/A	+	rs563609193
19	10617009	10617009	C/A	+	rs113155917
3	32802771	32802771	G/A	+	rs146028995
4	10310184	10310184	A/G	+	rs139060304
21	15468982	15468982	C/T	+	rs13049055
8	72317021	72317021	T/C	+	rs143938447
8	117931902	117931902	C/T	+	rs148835079
9	96802707	96802707	T/C	+	rs147997944
13	28436784	28436784	A/T	+	rs142027666
5	7794367	7794367	G/A	+	rs146466110
12	71544656	71544656	T/C	+	rs566595060
7	42356904	42356904	T/C	+	rs548606796
7	70024454	70024454	G/A	+	rs76616306
7	126551342	126551342	T/C	+	rs542122852
3	23761093	23761093	G/T	+	rs139387329
4	8640513	8640513	G/C	+	rs545223741
4	147982909	147982909	G/C	+	rs575280670
6	63600990	63600990	G/A	+	rs183748540
7	120901526	120901526	C/T	+	rs542841240
16	27195019	27195019	G/A	+	rs4787938
10	48863982	48863982	A/C	+	rs186069103
13	92973262	92973262	A/G	+	rs559010329
16	60820345	60820345	T/C	+	rs529941338
3	84587534	84587534	C/T	+	rs149056382
3	84587584	84587584	C/T	+	rs115868458
5	81970797	81970797	C/T	+	rs558566842
18	33569288	33569288	A/C	+	rs563322326
18	33569289	33569289	G/A	+	rs529113681
8	103312968	103312968	T/G	+	rs189588532
10	45428160	45428160	A/G	+	rs557408917
13	46499975	46499975	G/A	+	rs534188121
16	2787577	2787577	C/T	+	rs538317826
4	63991312	63991312	A/T	+	rs193278003
6	32647466	32647466	G/C	+	rs112061353
11	79627141	79627141	T/C	+	rs529174873
13	38903734	38903734	A/G	+	rs116627189
1	179220271	179220271	A/G	+	rs577661784
6	160326019	160326019	A/G	+	rs562414743
7	78036147	78036147	T/A	+	rs541550476
19	31493137	31493137	G/A	+	rs113030358
6	62272160	62272160	G/A	+	rs561397549
6	62273965	62273965	A/C	+	rs565151249
22	31512665	31512665	C/T	+	rs567012332
15	36608191	36608191	A/G	+	rs574287568
8	132693687	132693687	G/A	+	rs191334319
9	8407327	8407327	T/C	+	rs7852683
2	63741668	63741668	T/C	+	rs542951611
3	187785523	187785523	T/C	+	rs576017653
6	168831443	168831443	T/C	+	rs143559160
10	352606	352606	G/A	+	rs560917350
11	8851170	8851170	G/A	+	rs547987708
11	110313893	110313893	C/A	+	rs549790183
13	26899550	26899550	G/C	+	rs114679131
17	55204638	55204638	C/T	+	rs568255349
20	59475184	59475184	G/A	+	rs377072337
5	111193804	111193804	A/C	+	rs74584830
16	85907841	85907841	G/A	+	rs572519035
7	51166854	51166854	C/G	+	rs141334698
8	122437722	122437722	A/G	+	rs113856569
10	79195016	79195016	T/G	+	rs556020688
1	94009128	94009128	T/G	+	rs567944436
10	92519269	92519269	G/A	+	rs549398408
5	72688032	72688032	G/T	+	rs184127270
5	109997212	109997212	C/G	+	rs79819726
13	21035091	21035091	C/T	+	rs556426103
14	106079000	106079000	T/C	+	rs587724128
2	182682575	182682575	A/G	+	rs532742895
4	21128016	21128016	G/A	+	rs189532633
3	24584186	24584186	C/T	+	rs138958864
5	41175744	41175744	G/T	+	rs183897354
8	31389221	31389221	G/C	+	rs75165489
6	61577125	61577125	C/G	+	rs193289302
6	62290753	62290753	T/C	+	rs538158924
10	54420909	54420909	A/C	+	rs559381759
2	169617852	169617852	T/C	+	rs554280377
13	86815638	86815638	T/C	+	rs182393642
14	50285116	50285116	G/A	+	rs374058682
19	51912924	51912924	C/T	+	rs577623683
1	151268238	151268238	T/G	+	rs114781935
9	36140707	36140707	G/A	+	rs116553786
7	93766739	93766739	T/A	+	rs181416179
9	8035801	8035801	G/A	+	rs561591748
14	46296523	46296523	T/C	+	rs551486098
18	39577152	39577152	A/G	+	rs543412717
7	129692480	129692480	G/A	+	rs567164099
21	31213673	31213673	C/T	+	rs373386331
2	144830088	144830088	A/G	+	rs143472831
5	113497432	113497432	G/A	+	rs539834573
10	36174969	36174969	A/G	+	rs146631222
4	144608893	144608893	C/T	+	rs147039923
12	114507827	114507827	C/T	+	rs141682977
9	4785585	4785585	C/T	+	rs561226516
13	73364818	73364818	C/A	+	rs545551655
2	102345469	102345469	C/T	+	rs1946131
3	55149826	55149826	C/A	+	rs527465702
6	154286768	154286768	C/T	+	rs532703055
9	14223164	14223164	C/T	+	rs576132210
1	107072818	107072818	A/T	+	rs76133480
5	132200163	132200163	C/T	+	rs115026096
5	163776896	163776896	T/G	+	rs532602476
8	81642078	81642078	A/G	+	rs200934276
11	127969889	127969889	C/T	+	rs556018613
21	41516253	41516253	T/C	+	rs528136631
1	197919461	197919461	T/C	+	rs548258989
10	31608726	31608726	C/T	+	rs9943374
9	6611373	6611373	T/C	+	rs62569046
12	8237897	8237897	G/T	+	ss1388061703
17	4747482	4747482	C/G	+	rs534410461
2	84574143	84574143	A/T	+	rs556079571
3	88971521	88971521	G/A	+	rs140784476
4	41245293	41245293	G/A	+	rs564596019
18	56781307	56781307	A/G	+	rs555606532
10	20870417	20870417	T/C	+	rs144015045
10	48908656	48908656	A/G	+	rs528498619
17	71598008	71598008	A/G	+	rs567021728
6	32494094	32494094	A/G	+	rs112923147
9	4114925	4114925	C/G	+	rs565867670
17	49276632	49276632	C/T	+	rs113604048
6	31065654	31065654	C/T	+	rs151159790
21	20686144	20686144	C/T	+	rs113203810
2	138846415	138846415	C/T	+	rs558505388
8	18458632	18458632	T/C	+	rs181720543
17	5043600	5043600	C/T	+	rs73973691
7	113677829	113677829	G/T	+	rs558724179
3	188605873	188605873	A/G	+	rs76245582
1	2082979	2082979	C/A	+	rs568759799
3	173830969	173830969	C/G	+	rs117916111
13	86778455	86778455	G/A	+	rs117425016
21	32611696	32611696	C/T	+	rs547155678
5	26133771	26133771	A/G	+	rs142349078
5	29258245	29258245	A/G	+	rs78026634
2	109272866	109272866	C/T	+	rs72939516
6	75770515	75770515	T/C	+	rs547158143
8	114067495	114067495	T/C	+	rs540654092
15	76108696	76108696	G/A	+	rs187258564
3	38857322	38857322	C/A	+	rs149546885
4	11395880	11395880	C/G	+	rs575637849
13	92977552	92977552	T/C	+	rs573986914
17	80928773	80928773	T/G	+	rs540886260
10	15649017	15649017	A/C	+	rs150016044
20	38539063	38539063	A/G	+	rs538595219
3	4323860	4323860	A/C	+	rs187909364
4	60813829	60813829	G/A	+	rs147288337
4	94607717	94607717	T/C	+	rs536191443
14	92922509	92922509	T/C	+	rs9658633
15	57646174	57646174	G/A	+	rs192181406
10	95358475	95358475	A/G	+	rs181994714
2	186781795	186781795	A/G	+	rs7424226
2	218668097	218668097	G/A	+	rs536407189
4	98424490	98424490	G/A	+	rs138121471
17	72618035	72618035	T/C	+	rs551104732
20	42773045	42773045	T/C	+	rs564048245
11	94858468	94858468	C/T	+	rs547198553
17	42799187	42799187	G/T	+	rs145896591
1	2058118	2058118	C/T	+	rs577017271
15	51365627	51365627	C/T	+	rs553197989
20	50294445	50294445	G/C	+	rs11905781
4	6560134	6560134	G/A	+	rs545648988
4	97117223	97117223	T/C	+	rs574711547
6	35019084	35019084	C/T	+	rs533498783
9	7711231	7711231	C/T	+	rs150877314
10	8970297	8970297	G/A	+	rs77812656
21	35486252	35486252	T/C	+	rs73375359
2	223256996	223256996	C/T	+	rs144725342
3	33002422	33002422	C/A	+	rs62250892
17	44819345	44819345	C/T	+	rs111641596
12	77421829	77421829	A/G	+	rs542410678
13	44282947	44282947	A/G	+	rs537311843
20	54392109	54392109	C/T	+	rs559185108
3	192962248	192962248	A/G	+	rs531211197
3	3281722	3281722	C/T	+	rs185047231
3	61437604	61437604	G/A	+	rs146639098
4	56879874	56879874	G/A	+	rs2002155
6	38911191	38911191	C/T	+	rs370011848
5	109407312	109407312	A/T	+	rs2963007
11	86043315	86043315	T/C	+	rs73508141
12	55737535	55737535	T/C	+	rs553530547
6	32603868	32603868	C/A	+	rs530098876
6	123944519	123944519	A/G	+	rs556193032
4	160122558	160122558	G/A	+	rs367570197
9	6135481	6135481	T/C	+	rs113396459
3	24570204	24570204	G/T	+	rs141460571
3	24570960	24570960	G/A	+	rs143863289
3	24573387	24573387	C/G	+	rs138404842
5	173587775	173587775	A/T	+	rs145418048
1	43909154	43909154	T/C	+	rs570616805
10	50679623	50679623	T/C	+	rs530654631
12	99692958	99692958	G/T	+	rs139374966
3	177658271	177658271	C/T	+	rs191870210
8	18955162	18955162	G/T	+	rs148162322
9	127325018	127325018	G/T	+	rs78541448
10	34071639	34071639	G/A	+	rs150198997
15	45877807	45877807	G/T	+	rs559369964
1	235191995	235191995	T/G	+	rs191612834
8	91712720	91712720	A/G	+	rs551225127
12	59426047	59426047	C/T	+	rs17122517
5	13700071	13700071	G/A	+	rs553633309
5	101616009	101616009	C/T	+	rs558926584
18	65800838	65800838	C/T	+	rs75197639
8	55356746	55356746	A/G	+	rs551069229
20	40247218	40247218	T/C	+	rs112884031
3	101550320	101550320	G/A	+	rs575056898
13	24556167	24556167	A/G	+	rs7333749
10	115726999	115726999	A/G	+	rs186150115
13	33207610	33207610	G/A	+	rs188505269
13	58816213	58816213	T/C	+	rs571597104
13	99410681	99410681	G/A	+	rs150786584
7	109440949	109440949	T/C	+	rs570166861
17	12938024	12938024	G/A	+	rs550999098
2	71254499	71254499	A/G	+	rs374034436
7	57381237	57381237	G/A	+	rs572681800
1	189856744	189856744	C/T	+	rs114135707
2	175116717	175116717	A/G	+	rs538366538
6	115395363	115395363	C/T	+	rs78572975
12	51577594	51577594	A/C	+	rs12303798
2	37004138	37004138	T/C	+	rs543682708
7	127923787	127923787	C/A	+	rs528744879
10	92021345	92021345	C/T	+	rs147498429
4	82225206	82225206	C/T	+	rs140701665
17	47170506	47170506	T/A	+	rs11570470
3	83190548	83190548	A/G	+	rs553104058
7	88017218	88017218	A/G	+	rs570565227
20	21521816	21521816	T/C	+	rs11699259
7	90955204	90955204	A/G	+	rs11975684
12	20459092	20459092	A/T	+	rs10732225
11	112548667	112548667	T/C	+	rs531118518
2	102482222	102482222	C/T	+	rs116581033
4	152240255	152240255	A/G	+	rs536680183
18	76799608	76799608	A/C	+	rs75042128
19	6475686	6475686	C/A	+	rs532716636
6	163719946	163719946	T/C	+	rs548880236
7	63219238	63219238	C/T	+	rs138382079
10	66237044	66237044	A/G	+	rs552358545
6	117502183	117502183	C/T	+	rs148587911
17	77429292	77429292	C/G	+	rs312897
2	111153117	111153117	C/T	+	rs6734942
5	146652145	146652145	G/A	+	rs75650974
2	157661598	157661598	T/C	+	rs150891183
5	147801814	147801814	T/C	+	rs548692213
16	23288213	23288213	G/A	+	rs540186546
7	78624533	78624533	A/G	+	rs553356452
9	127326327	127326327	C/G	+	rs116457980
2	37819467	37819467	T/C	+	rs190649072
13	62902909	62902909	T/G	+	rs138753450
6	164221327	164221327	C/T	+	rs192191566
7	20864566	20864566	T/C	+	rs17143436
13	54380686	54380686	A/C	+	rs532473382
20	50145571	50145571	T/A	+	rs574084990
2	71827707	71827707	C/T	+	rs35668054
7	57158647	57158647	G/T	+	rs144298873
9	7891690	7891690	C/G	+	rs560019197
9	127325916	127325916	A/G	+	rs114158337
12	15785330	15785330	C/T	+	rs556037235
20	18314907	18314907	C/T	+	rs118138622
2	88600007	88600007	A/G	+	rs567394653
10	44638879	44638879	T/C	+	rs567463732
16	79085012	79085012	A/G	+	rs538874946
18	41859234	41859234	G/A	+	rs571085709
22	24825614	24825614	G/T	+	rs138250938
1	239699177	239699177	T/C	+	rs554083803
10	42126705	42126705	C/T	+	rs9663656
13	63304332	63304332	A/G	+	rs535353593
19	4884435	4884435	G/A	+	rs550010577
3	24573098	24573098	A/G	+	rs17014833
17	1167108	1167108	A/G	+	rs79296001
4	19859478	19859478	G/A	+	rs146054809
6	20610655	20610655	A/T	+	rs116605306
6	154329657	154329657	C/T	+	rs12661996
4	117535789	117535789	G/A	+	rs544172542
10	60888092	60888092	G/A	+	rs548657385
14	89911963	89911963	T/C	+	rs551142124
7	38099944	38099944	C/T	+	rs558783896
7	45948228	45948228	A/G	+	rs199858634
6	95206873	95206873	T/G	+	rs567293248
7	12092415	12092415	T/C	+	rs150144406
8	60663493	60663493	C/A	+	rs576982725
17	7183049	7183049	G/A	+	rs148902354
7	113380574	113380574	A/G	+	rs529208501
18	27236708	27236708	C/T	+	rs563603847
8	58994423	58994423	C/T	+	rs10107677
18	62076018	62076018	C/T	+	rs550288482
6	137844607	137844607	T/C	+	rs4548024
16	89705962	89705962	A/G	+	rs4785704
5	101624560	101624560	C/A	+	rs574152063
2	215807834	215807834	C/T	+	rs566838602
12	19489115	19489115	C/T	+	rs186523639
8	4216611	4216611	T/A	+	rs181550758
6	102594352	102594352	A/G	+	rs185394096
11	65496380	65496380	C/T	+	rs532275540
2	86194836	86194836	C/T	+	rs555235288
3	88926383	88926383	T/C	+	rs542290423
6	106151835	106151835	A/G	+	rs9386512
7	142128834	142128834	G/A	+	rs141872610
7	45177185	45177185	C/T	+	rs116781492
15	86507405	86507405	A/G	+	rs74025158
12	111484662	111484662	C/T	+	rs561196623
14	34682528	34682528	C/G	+	rs558418140
16	5677582	5677582	G/A	+	rs537840968
17	10262745	10262745	A/C	+	rs552986905
17	47825048	47825048	G/T	+	rs59111282
21	36762481	36762481	C/T	+	rs186434141
1	12137879	12137879	G/A	+	rs115972618
6	15500001	15500001	C/G	+	rs74857385
13	82708292	82708292	C/T	+	rs75570139
18	2820314	2820314	T/G	+	rs555577985
9	90477021	90477021	A/G	+	rs73489635
15	67040129	67040129	G/A	+	rs68018114
22	32649338	32649338	C/T	+	rs141730370
8	115886397	115886397	G/A	+	rs181689097
12	61728636	61728636	T/G	+	rs576525620
16	2471261	2471261	G/A	+	rs567238850
5	26133057	26133057	T/C	+	rs149527104
16	25969841	25969841	A/G	+	rs568119044
2	63783051	63783051	A/C	+	rs561040813
20	37306267	37306267	C/T	+	rs138697092
2	241848419	241848419	G/A	+	rs4973659
12	43053168	43053168	T/C	+	rs558358484
20	54556152	54556152	T/C	+	rs115144897
20	60000986	60000986	G/A	+	rs564780688
17	61157734	61157734	A/G	+	rs539512823
1	17812381	17812381	A/G	+	rs114467466
7	63218903	63218903	A/C	+	rs373266084
20	19967534	19967534	A/G	+	rs8122098
1	61649851	61649851	T/C	+	rs536275521
10	63556677	63556677	C/G	+	rs74502455
6	9654601	9654601	T/A	+	rs554722118
6	47891319	47891319	G/A	+	rs570400711
10	96218435	96218435	A/G	+	rs565730434
8	29039097	29039097	A/G	+	rs550016137
15	60714931	60714931	G/T	+	rs1030347
10	119091561	119091561	C/T	+	rs193181377
13	39844182	39844182	T/G	+	rs556281829
22	44731108	44731108	C/T	+	rs111440447
8	126634467	126634467	A/G	+	rs553761536
1	153555297	153555297	G/A	+	rs636176
12	81710206	81710206	T/C	+	rs559406063
17	28331383	28331383	C/T	+	rs577105574
17	28339448	28339448	T/C	+	rs565233379
18	35885028	35885028	C/A	+	rs190018300
1	61744828	61744828	C/T	+	rs182612162
7	126927641	126927641	G/A	+	rs552216316
3	124888642	124888642	G/A	+	rs543992860
6	90710200	90710200	G/A	+	rs7760511
17	39823821	39823821	T/C	+	rs143902033
3	129707500	129707500	A/C	+	rs533528856
10	17139587	17139587	C/T	+	rs142757787
9	94178704	94178704	A/C	+	rs547037912
17	1371337	1371337	G/A	+	rs547545831
10	101337699	101337699	A/G	+	rs12098541
2	140291503	140291503	T/G	+	rs550094639
6	39841853	39841853	C/T	+	rs183886834
5	67388502	67388502	A/C	+	rs562881217
2	21607848	21607848	T/A	+	rs55828438
6	110472174	110472174	T/C	+	rs189454866
21	19910487	19910487	T/C	+	rs553571067
3	5660363	5660363	A/T	+	rs570815176
8	96928053	96928053	A/G	+	rs572556275
7	138796597	138796597	G/A	+	rs547223994
22	27040291	27040291	G/A	+	rs8143138
12	3439204	3439204	A/G	+	rs190038029
2	176717696	176717696	A/G	+	rs574535150
4	14079322	14079322	T/C	+	rs114216802
1	244257849	244257849	A/C	+	rs11801423
4	126687992	126687992	G/A	+	rs571662952
15	34255585	34255585	A/C	+	rs546154681
18	11554493	11554493	G/A	+	rs552353151
21	18212580	18212580	C/G	+	rs190490973
1	181259528	181259528	G/A	+	rs534668005
2	215399670	215399670	G/C	+	rs60658094
17	3506494	3506494	C/G	+	rs112676565
18	27369337	27369337	G/T	+	rs149574460
14	100759903	100759903	T/C	+	rs139357154
3	10351407	10351407	C/T	+	rs3774190
10	64466863	64466863	C/T	+	rs553295299
11	79254529	79254529	C/T	+	rs56137626
10	97866967	97866967	A/G	+	rs537448939
16	30936583	30936583	G/A	+	rs9938050
1	172968593	172968593	C/A	+	rs12077197
7	125484660	125484660	A/C	+	rs189996511
10	33484719	33484719	G/T	+	rs76217306
10	26322973	26322973	A/C	+	rs555883885
3	13283209	13283209	A/G	+	rs565379335
6	147724132	147724132	T/A	+	rs73787390
8	82450169	82450169	T/C	+	rs576194324
19	1185547	1185547	G/A	+	rs8113513
6	32647675	32647675	G/A	+	rs561575493
8	56346048	56346048	A/T	+	rs116803665
8	56348213	56348213	T/A	+	rs116718010
8	56353362	56353362	C/T	+	rs141471765
8	56354202	56354202	C/G	+	rs148681826
8	56358683	56358683	G/T	+	rs147750673
8	56364263	56364263	T/C	+	rs114691767
8	56364849	56364849	G/A	+	rs75820466
8	123231126	123231126	G/A	+	rs530833295
10	82068346	82068346	T/C	+	rs7922522
2	120006552	120006552	A/C	+	rs574449178
3	29486564	29486564	T/C	+	rs551160693
6	30815927	30815927	A/G	+	rs12660253
12	20524740	20524740	A/C	+	rs570412811
9	80294009	80294009	G/C	+	rs562657671
6	137669566	137669566	T/A	+	rs143270880
10	120941498	120941498	A/G	+	rs78352814
2	101616473	101616473	T/G	+	rs115333748
5	111855232	111855232	G/A	+	rs554273358
6	51581817	51581817	T/G	+	rs2439042
10	6213764	6213764	G/A	+	rs112999155
16	82828575	82828575	T/G	+	rs551189625
19	10954345	10954345	G/A	+	rs12611017
4	4772407	4772407	C/T	+	rs6836078
8	70422254	70422254	A/G	+	rs7823221
2	160768632	160768632	A/G	+	rs558175317
2	226713965	226713965	A/G	+	rs535142829
2	241230759	241230759	C/T	+	rs527580089
3	127459244	127459244	C/T	+	rs541477018
3	177148401	177148401	A/G	+	rs141079610
5	33428757	33428757	A/C	+	rs531482823
6	47891521	47891521	T/G	+	rs538678196
8	144843367	144843367	A/G	+	rs143341589
9	32956792	32956792	C/G	+	rs115747233
9	103153763	103153763	C/A	+	rs113361954
10	119122666	119122666	A/G	+	rs143641411
12	113550536	113550536	G/A	+	rs182387019
13	28475012	28475012	T/G	+	rs577972389
13	96717028	96717028	G/C	+	rs571021188
14	89902940	89902940	A/C	+	rs558667468
16	82625709	82625709	C/G	+	rs570674436
17	44109582	44109582	G/A	+	rs77850808
17	55217147	55217147	G/A	+	rs74744316
18	39621520	39621520	A/C	+	rs547277370
20	37317217	37317217	C/A	+	rs140644906
2	227805859	227805859	G/A	+	rs10175070
4	185374890	185374890	C/A	+	rs117320438
13	104604732	104604732	T/G	+	rs78646940
7	20430062	20430062	T/C	+	rs7803406
16	87811834	87811834	C/T	+	rs551888958
9	93926025	93926025	G/A	+	rs577212322
2	110965643	110965643	A/G	+	rs116251007
6	100437077	100437077	A/G	+	rs115869367
10	3889418	3889418	G/A	+	rs559805192
12	101756899	101756899	A/G	+	rs113120648
6	131122567	131122567	A/G	+	rs573833940
19	41626871	41626871	C/T	+	rs184432334
5	168031947	168031947	T/C	+	rs543278692
5	130530338	130530338	G/A	+	rs1029751
3	151990775	151990775	C/T	+	rs565818131
6	132538172	132538172	T/G	+	rs559479607
6	137665582	137665582	G/A	+	rs80021310
8	18946798	18946798	G/C	+	rs187432111
1	77098232	77098232	A/T	+	rs187614995
2	223248769	223248769	C/T	+	rs142800734
10	1809664	1809664	G/C	+	rs117136939
3	4597163	4597163	A/G	+	rs570761349
1	246678998	246678998	A/C	+	rs189864272
4	133291982	133291982	G/A	+	rs554895356
22	17667444	17667444	T/C	+	rs555844627
9	103156482	103156482	C/T	+	rs370943675
12	57334993	57334993	T/G	+	rs7397189
6	47900610	47900610	A/G	+	rs531288548
1	40011302	40011302	T/C	+	rs113546396
5	40777520	40777520	C/T	+	rs537520017
10	32107363	32107363	C/T	+	rs563581636
14	29037202	29037202	A/T	+	rs554748527
4	26955142	26955142	T/C	+	rs10002654
8	57283839	57283839	A/G	+	rs558054138
16	11172267	11172267	T/G	+	rs117378200
2	58428054	58428054	G/A	+	rs185871965
19	1086898	1086898	G/A	+	rs146831892
10	117301131	117301131	G/A	+	rs571827850
2	36820876	36820876	C/T	+	rs137977771
3	144107740	144107740	C/T	+	rs531661347
18	36592884	36592884	T/G	+	rs535823715
17	18761924	18761924	T/C	+	rs530369848
17	18776680	18776680	C/T	+	rs532909439
18	13055402	13055402	T/C	+	rs75953736
1	247484625	247484625	A/C	+	rs535082041
5	134242172	134242172	G/T	+	rs78111064
2	85495744	85495744	T/C	+	rs577777116
8	71112145	71112145	C/T	+	rs564924844
1	177720985	177720985	T/C	+	rs141405998
6	16987128	16987128	C/T	+	rs186892913
14	38752833	38752833	T/C	+	rs541156495
2	49867749	49867749	A/G	+	rs565867542
2	223245357	223245357	C/T	+	rs143692439
2	223246634	223246634	G/A	+	rs146643457
6	65381345	65381345	C/T	+	rs191722703
7	3585321	3585321	C/T	+	rs80342054
17	1911191	1911191	C/A	+	rs542193909
21	41095266	41095266	G/A	+	rs562019009
11	67755665	67755665	C/T	+	rs528239798
3	175787461	175787461	A/G	+	rs530126318
3	46520388	46520388	C/T	+	rs548147450
5	13748857	13748857	T/G	+	rs558670311
8	101920883	101920883	G/T	+	rs530929576
9	16707205	16707205	G/C	+	rs13298668
19	4484918	4484918	G/A	+	rs11672343
3	169417258	169417258	C/T	+	rs371891784
6	32885500	32885500	C/T	+	rs7767732
20	12865928	12865928	C/T	+	rs528586928
17	40371308	40371308	C/T	+	rs76613419
10	75672171	75672171	T/C	+	rs533020384
21	18762862	18762862	A/G	+	rs554401871
18	64172712	64172712	A/G	+	rs568825328
5	162409263	162409263	A/G	+	rs139115259
3	95511976	95511976	C/T	+	rs573397334
7	119252154	119252154	T/C	+	rs527578790
11	3836135	3836135	T/G	+	rs561256741
4	137542137	137542137	T/A	+	rs149916406
10	127111342	127111342	A/G	+	rs531717994
15	70705321	70705321	G/A	+	rs186807296
2	78707138	78707138	A/G	+	rs199590759
17	7553811	7553811	A/G	+	rs556854395
22	38561340	38561340	T/C	+	rs181903045
12	66799082	66799082	A/G	+	rs528460847
6	137667352	137667352	T/A	+	rs143923420
6	137668066	137668066	C/A	+	rs141441459
6	137670792	137670792	C/T	+	rs146983365
6	137671165	137671165	A/G	+	rs77409392
6	137673567	137673567	C/G	+	rs80118353
6	137673831	137673831	G/A	+	rs200706434
6	137674381	137674381	T/G	+	rs76537075
6	137674620	137674620	T/C	+	rs201782376
6	137675076	137675076	T/A	+	rs75551175
6	137675233	137675233	A/G	+	rs76300334
8	56377984	56377984	C/G	+	rs114366452
8	56381062	56381062	G/A	+	rs115295549
1	25132179	25132179	G/A	+	rs803305
1	219112862	219112862	G/A	+	rs191870404
4	59778614	59778614	G/A	+	rs149704912
4	153892151	153892151	A/G	+	rs568971457
2	104376329	104376329	G/A	+	rs188153957
8	20488163	20488163	A/C	+	rs79534829
17	41076931	41076931	G/A	+	rs571933560
9	104068726	104068726	A/G	+	rs547318480
13	93135520	93135520	T/C	+	rs541959695
3	43699428	43699428	C/A	+	rs566846013
17	50764830	50764830	A/C	+	rs73987905
2	150174625	150174625	A/T	+	rs368931559
10	85164847	85164847	G/A	+	rs545001670
3	120266152	120266152	A/C	+	rs560364381
1	170754386	170754386	C/T	+	rs543523249
5	163781547	163781547	G/A	+	rs532600469
9	4242678	4242678	T/A	+	rs563477947
6	20612942	20612942	C/T	+	rs149992788
6	20613306	20613306	G/A	+	rs189186978
16	72518744	72518744	T/C	+	rs560047976
2	125030246	125030246	T/C	+	rs527740019
2	61947356	61947356	C/A	+	rs150279975
1	230405271	230405271	T/G	+	rs570730654
3	5513700	5513700	A/G	+	rs544771374
4	18661367	18661367	T/C	+	rs113120413
3	117244079	117244079	T/C	+	rs559776519
5	114084378	114084378	G/A	+	rs188986911
6	90709104	90709104	C/G	+	rs77780486
6	26365531	26365531	T/C	+	rs68112369
13	63278063	63278063	T/C	+	rs528993963
3	24562882	24562882	G/A	+	rs146291413
1	224128733	224128733	C/T	+	rs534871960
6	33774320	33774320	T/C	+	rs4713678
6	153649748	153649748	A/G	+	rs529247580
1	65014965	65014965	T/G	+	rs112950294
5	141210042	141210042	G/C	+	rs143078709
7	68594264	68594264	G/T	+	rs150052779
2	24822671	24822671	G/A	+	rs367794544
1	8333811	8333811	C/T	+	rs35167234
5	97414576	97414576	G/A	+	rs552221456
21	32597022	32597022	A/C	+	rs553889121
7	22436206	22436206	T/A	+	rs2528840
1	210792936	210792936	G/A	+	rs188693706
2	37157790	37157790	A/C	+	rs549739773
8	56374294	56374294	G/C	+	rs115570957
11	77023870	77023870	G/A	+	rs61056520
12	101750351	101750351	T/A	+	rs114578019
6	12159466	12159466	C/T	+	rs3777755
4	89267682	89267682	T/A	+	rs142335867
6	137665013	137665013	A/G	+	rs75395290
6	137665938	137665938	G/A	+	rs118023715
6	137668459	137668459	A/T	+	rs74899631
9	11051753	11051753	C/A	+	rs556431851
11	26494582	26494582	C/T	+	rs116518950
12	29349919	29349919	A/G	+	rs12580072
9	29794346	29794346	T/C	+	rs549680647
11	17486093	17486093	G/A	+	rs73433190
19	35635589	35635589	C/T	+	rs573596870
2	172179507	172179507	C/T	+	rs149016516
16	6437166	6437166	A/G	+	rs541389277
13	39936143	39936143	A/G	+	rs9549000
1	175067047	175067047	C/T	+	rs74755173
11	57378752	57378752	A/G	+	rs34108746
1	2138476	2138476	G/T	+	rs536280424
5	12123818	12123818	G/A	+	rs142414367
13	20910774	20910774	C/T	+	rs143790542
6	20618072	20618072	G/T	+	rs149124144
10	5649145	5649145	G/A	+	rs200734249
15	74961703	74961703	T/G	+	rs117815533
6	115967599	115967599	C/T	+	rs567511967
7	98717657	98717657	C/T	+	rs552101757
14	27124511	27124511	A/T	+	rs558670559
15	77109012	77109012	G/A	+	rs146267981
20	41475198	41475198	T/C	+	rs556273955
10	109265446	109265446	T/C	+	rs182185835
19	9731626	9731626	G/A	+	rs187528027
5	104891214	104891214	A/C	+	rs73777333
9	18144094	18144094	A/G	+	rs564932780
8	91759012	91759012	A/G	+	rs551268482
2	241781764	241781764	G/A	+	rs75107906
7	140081976	140081976	C/T	+	rs576981975
2	42072889	42072889	A/G	+	rs527378862
4	16199973	16199973	C/T	+	rs548785166
14	61521465	61521465	T/C	+	rs17098678
20	2678032	2678032	C/T	+	rs546861664
1	78952492	78952492	C/T	+	rs11812069
2	194122073	194122073	A/G	+	rs561811554
7	127147798	127147798	G/A	+	rs563632490
1	18199774	18199774	T/C	+	rs530765901
7	155054654	155054654	T/C	+	rs535944293
8	47871710	47871710	T/G	+	rs556143792
5	7018056	7018056	C/G	+	rs556223710
14	98931132	98931132	C/T	+	rs13379438
16	65549418	65549418	T/C	+	rs190487785
3	170245070	170245070	G/A	+	rs368675697
5	115700096	115700096	A/C	+	rs555804754
6	167187407	167187407	C/T	+	rs561475815
7	84961204	84961204	G/A	+	rs557035143
7	155078441	155078441	T/C	+	rs149174362
12	106230908	106230908	A/G	+	rs560835870
14	68253344	68253344	G/A	+	rs558971213
18	13414368	13414368	T/C	+	rs557191133
8	116496043	116496043	G/A	+	rs182853183
12	5080822	5080822	T/C	+	rs73251988
2	145360501	145360501	G/A	+	rs1474011
2	231818818	231818818	T/G	+	rs142076167
7	25348192	25348192	G/A	+	rs149108885
15	86979946	86979946	A/T	+	rs75749866
16	27224665	27224665	G/A	+	rs181521773
17	82930375	82930375	C/T	+	rs537880376
16	23831837	23831837	T/C	+	rs549770124
3	140756028	140756028	C/T	+	rs566200554
8	56914935	56914935	T/C	+	rs563676524
6	90708594	90708594	G/T	+	rs80060416
5	116451417	116451417	A/G	+	rs539934470
20	37317956	37317956	C/T	+	rs371444414
20	49768698	49768698	C/T	+	rs188911032
7	71026030	71026030	A/G	+	rs528319986
3	144734825	144734825	T/C	+	rs551465323
5	50621473	50621473	T/C	+	rs578211287
13	112961739	112961739	T/G	+	rs563029998
10	125677298	125677298	T/A	+	rs189143482
12	5007989	5007989	A/G	+	rs560030577
12	111685444	111685444	G/A	+	rs75263151
2	154615763	154615763	G/T	+	rs556757088
6	33580461	33580461	A/T	+	rs556937275
3	189850338	189850338	A/G	+	rs575358254
12	56670923	56670923	G/A	+	rs139170956
5	146652369	146652369	T/G	+	rs74908975
11	109974244	109974244	T/C	+	rs182603663
14	95100829	95100829	C/T	+	rs28492915
7	8408026	8408026	G/A	+	rs150170336
12	25901214	25901214	G/A	+	rs114508714
2	37173156	37173156	A/G	+	rs530090271
19	793427	793427	A/G	+	rs151122716
5	78139379	78139379	T/G	+	rs551541796
8	57267750	57267750	A/G	+	rs566681238
20	4652729	4652729	G/C	+	rs113681240
2	63760691	63760691	G/C	+	rs528120541
6	137664309	137664309	C/T	+	rs117856230
7	109460192	109460192	C/A	+	rs6973239
11	76818326	76818326	T/C	+	rs544924587
1	28949123	28949123	A/G	+	rs567381205
19	44864715	44864715	G/C	+	rs3112439
1	219121237	219121237	C/T	+	rs190941167
3	153184421	153184421	G/A	+	rs554308894
6	9603473	9603473	C/T	+	rs377087002
7	37531820	37531820	G/A	+	rs557849251
8	56445155	56445155	A/G	+	rs187228722
13	72493505	72493505	T/C	+	rs368280641
16	74469845	74469845	G/A	+	rs560979380
18	69418707	69418707	A/G	+	rs139152173
10	132267524	132267524	T/C	+	rs11146290
11	120399987	120399987	T/G	+	rs543386825
4	11540703	11540703	A/G	+	rs144486209
6	68963347	68963347	G/T	+	rs115300380
6	50218118	50218118	T/C	+	rs182835971
6	35486543	35486543	C/T	+	rs538499515
6	103013568	103013568	C/T	+	rs189643682
4	21523705	21523705	G/A	+	rs564551535
1	22663593	22663593	G/A	+	rs116776222
9	28743269	28743269	T/G	+	rs531181339
9	113770533	113770533	A/G	+	rs542798288
12	79093498	79093498	A/G	+	rs185904232
17	34831376	34831376	A/G	+	rs570245353
17	82401396	82401396	C/A	+	rs189382831
20	41673955	41673955	C/T	+	rs111357483
4	1520060	1520060	C/T	+	rs73063696
6	23136822	23136822	G/A	+	rs538914865
1	238664812	238664812	G/A	+	rs185178864
6	39954472	39954472	C/A	+	rs189107657
18	41603620	41603620	T/A	+	rs568793399
9	101483272	101483272	T/C	+	rs185866232
10	34004621	34004621	G/A	+	rs12256573
21	31223974	31223974	T/C	+	rs367913565
10	87637229	87637229	C/G	+	rs141843584
8	56387422	56387422	A/C	+	rs138102154
2	154626789	154626789	G/A	+	rs560311069
8	115922462	115922462	A/G	+	rs552357399
1	102333796	102333796	T/C	+	rs562984009
3	5072429	5072429	C/T	+	rs185707838
10	30312125	30312125	A/C	+	rs577158331
13	50275743	50275743	A/G	+	rs561195858
9	103134269	103134269	G/T	+	rs143288612
5	84324055	84324055	A/G	+	rs551391386
9	11891504	11891504	C/T	+	rs143797499
20	24656241	24656241	A/T	+	rs76002484
11	63286142	63286142	G/A	+	rs376573492
3	136442998	136442998	G/A	+	rs539732254
18	22888226	22888226	C/A	+	rs146951553
15	67911138	67911138	C/T	+	rs338341
1	197363096	197363096	C/G	+	rs7537027
4	105098624	105098624	C/T	+	rs562597709
8	35280426	35280426	G/A	+	rs61576945
18	66249553	66249553	C/A	+	rs9965254
8	57405152	57405152	T/C	+	rs560600582
8	74090867	74090867	A/C	+	rs568657285
18	64508360	64508360	T/C	+	rs189236185
9	127809844	127809844	A/G	+	rs7027767
3	38818230	38818230	A/C	+	rs565160041
6	91058341	91058341	T/C	+	rs535625749
14	93490238	93490238	C/T	+	rs12434251
20	43313483	43313483	T/C	+	rs528169176
1	24396203	24396203	T/C	+	rs553506552
9	131107717	131107717	G/A	+	rs117788085
10	19062581	19062581	G/C	+	rs138649593
7	9573847	9573847	T/A	+	rs4615468
4	54272110	54272110	T/C	+	rs560011984
6	40078717	40078717	A/G	+	rs539630720
10	606401	606401	C/G	+	rs75781300
17	50765465	50765465	G/T	+	rs73987906
2	115009546	115009546	T/C	+	rs189774015
13	75298866	75298866	T/G	+	rs113244627
1	200100194	200100194	A/G	+	rs534646504
1	247174112	247174112	A/G	+	rs183040411
19	929753	929753	A/G	+	rs1799595
4	8493576	8493576	C/T	+	rs6816094
8	8902662	8902662	G/A	+	rs573023333
12	25361059	25361059	A/G	+	rs532064692
5	22878992	22878992	T/C	+	rs56120008
3	118751406	118751406	C/A	+	rs57619363
7	5656793	5656793	G/A	+	rs184232851
6	30300346	30300346	G/A	+	rs116589735
10	95748356	95748356	T/G	+	rs534614280
16	87052573	87052573	C/T	+	rs559534959
7	80488364	80488364	A/G	+	rs188100559
11	23888798	23888798	C/T	+	rs553502219
19	29698445	29698445	T/G	+	rs543238328
4	38747330	38747330	T/C	+	rs529307920
6	39440597	39440597	G/A	+	rs113481061
1	42003145	42003145	G/A	+	rs567384794
1	8234346	8234346	T/C	+	rs567111531
1	161119221	161119221	G/C	+	rs149312832
2	11622889	11622889	C/G	+	rs10172597
2	157241562	157241562	C/T	+	rs78792612
4	105111587	105111587	A/G	+	rs550555324
4	114218626	114218626	T/C	+	rs567363650
6	97750935	97750935	T/C	+	rs534100325
9	3292032	3292032	G/A	+	rs546292024
9	103136346	103136346	T/C	+	rs145716146
10	20884729	20884729	T/C	+	rs142764583
11	18440715	18440715	G/T	+	rs149625265
12	12654091	12654091	C/T	+	rs529378292
19	35172916	35172916	G/A	+	rs566801348
18	76813601	76813601	C/A	+	rs143343061
5	111509077	111509077	A/C	+	rs544242012
6	16888602	16888602	G/A	+	rs199498440
9	74483021	74483021	G/A	+	rs534670873
17	61384456	61384456	C/T	+	rs571430547
19	38804307	38804307	T/G	+	rs560553037
20	42410558	42410558	A/C	+	rs6072731
2	138668310	138668310	A/G	+	rs190923670
5	104892451	104892451	G/C	+	rs55709953
22	45186706	45186706	A/G	+	rs575463479
17	13759381	13759381	A/G	+	rs147573568
6	4538623	4538623	A/T	+	rs182616350
16	66669742	66669742	C/T	+	rs543544803
1	154333858	154333858	C/A	+	rs56699544
14	29856329	29856329	A/T	+	rs567057772
18	39665347	39665347	T/A	+	rs578037481
4	38122801	38122801	T/C	+	rs569705242
16	17549642	17549642	C/T	+	rs114073084
6	133675655	133675655	G/C	+	rs146440377
1	180400879	180400879	C/T	+	rs557964509
4	104124609	104124609	A/G	+	rs74317236
5	121229941	121229941	C/G	+	rs569482077
3	119014579	119014579	G/A	+	rs560282807
4	94032152	94032152	T/G	+	rs140172436
7	112074228	112074228	G/C	+	rs140539897
3	40080882	40080882	C/T	+	rs564918356
1	25642013	25642013	T/G	+	rs183861049
22	26615144	26615144	A/G	+	rs117316086
20	59878091	59878091	T/C	+	rs2274468
7	22666750	22666750	A/T	+	rs2961297
5	73575800	73575800	G/T	+	rs538381165
22	25501990	25501990	T/C	+	rs117703045
2	52704432	52704432	C/G	+	rs376876216
2	110360473	110360473	G/A	+	rs557450849
4	158996928	158996928	A/G	+	rs558635058
16	55691869	55691869	G/A	+	rs41280874
3	188469380	188469380	T/C	+	rs537299953
20	267048	267048	T/G	+	rs137942124
20	50795060	50795060	C/T	+	rs569257196
2	169577451	169577451	A/G	+	rs557112483
8	72040387	72040387	T/C	+	rs566502778
15	74841908	74841908	G/A	+	rs139450603
19	23523347	23523347	G/A	+	rs550200579
8	102043259	102043259	A/G	+	rs193119949
14	83476203	83476203	C/T	+	rs559716731
1	190586253	190586253	C/A	+	rs145734683
8	91648904	91648904	A/G	+	rs541734861
13	52304128	52304128	G/A	+	rs561569262
2	114366341	114366341	C/T	+	rs116471854
2	212786694	212786694	G/T	+	rs4673685
4	184884742	184884742	A/G	+	rs566834245
9	38151039	38151039	T/C	+	rs148025625
10	82177763	82177763	A/C	+	rs551858245
1	117449155	117449155	C/T	+	rs147806884
9	70902691	70902691	C/T	+	rs187564106
2	64211977	64211977	C/T	+	rs557152970
19	17072595	17072595	G/C	+	rs8101561
1	28171773	28171773	C/T	+	rs546981979
9	125693408	125693408	C/T	+	rs138250318
2	64405592	64405592	G/A	+	rs138223412
8	40161870	40161870	G/A	+	rs4737077
10	93653551	93653551	G/A	+	rs193120711
13	58986687	58986687	T/C	+	rs572533702
19	37925888	37925888	G/A	+	rs180897363
20	37319826	37319826	A/G	+	rs372331553
12	122605971	122605971	T/C	+	rs117264035
3	71968581	71968581	G/A	+	rs531447499
5	173756125	173756125	G/A	+	rs542373235
6	123955415	123955415	C/T	+	rs188280123
6	29417460	29417460	T/C	+	rs3131024
5	72111140	72111140	G/A	+	rs35462600
1	26618029	26618029	T/C	+	rs559566561
11	14163688	14163688	A/T	+	rs543336930
1	77132868	77132868	G/C	+	rs182138568
2	230711273	230711273	C/T	+	rs548376645
7	106431102	106431102	G/A	+	rs147200296
3	70949567	70949567	T/C	+	rs560323916
3	70997041	70997041	G/C	+	rs557758672
3	71018225	71018225	T/C	+	rs549320385
14	58433530	58433530	A/G	+	rs545895100
3	60923502	60923502	T/C	+	rs140617161
14	28555459	28555459	T/C	+	rs577661775
5	31227335	31227335	C/G	+	rs568104116
17	32002689	32002689	T/C	+	rs561485789
17	40204213	40204213	A/G	+	rs112068732
9	115176421	115176421	T/C	+	rs140316478
16	6986960	6986960	T/C	+	rs573181457
17	82334101	82334101	T/G	+	rs111717210
9	124253765	124253765	T/C	+	rs10797291
8	76257005	76257005	T/C	+	rs560210826
9	101926715	101926715	T/C	+	rs575359973
12	109459902	109459902	T/C	+	rs193138071
5	117970440	117970440	T/C	+	rs7712120
1	4793437	4793437	T/C	+	rs536153589
3	177666066	177666066	G/A	+	rs368053588
8	70460898	70460898	G/A	+	rs547070985
5	107182389	107182389	G/A	+	rs543779643
1	167785858	167785858	T/C	+	rs140507543
16	15186277	15186277	C/T	+	rs560022920
14	106330198	106330198	T/C	+	rs540121244
7	97629932	97629932	C/A	+	rs17168863
17	28381293	28381293	C/G	+	rs562620695
8	59537944	59537944	T/C	+	rs9693836
1	218457161	218457161	G/T	+	rs538787576
16	56616463	56616463	A/G	+	rs531303640
4	170289588	170289588	T/C	+	rs545056946
11	76344400	76344400	T/C	+	rs11236723
15	66962497	66962497	A/G	+	rs12595715
6	90347039	90347039	A/T	+	rs77534869
5	92679815	92679815	A/G	+	rs143893007
3	188366130	188366130	G/C	+	rs137893894
15	98996630	98996630	T/A	+	rs536751959
3	128736859	128736859	A/G	+	rs535097052
5	99441230	99441230	G/A	+	rs147058531
8	128279262	128279262	T/A	+	rs77628126
8	142920902	142920902	C/T	+	rs552541954
10	22821599	22821599	A/G	+	rs181492472
10	52463396	52463396	G/A	+	rs568222311
9	80093686	80093686	G/A	+	rs368001488
9	103140517	103140517	T/C	+	rs145985552
9	103150494	103150494	G/T	+	rs113970992
5	1051585	1051585	G/A	+	rs190853870
12	104856448	104856448	A/C	+	rs76399690
18	52772194	52772194	C/A	+	rs183094552
4	59775676	59775676	G/A	+	rs113037937
1	236158689	236158689	C/T	+	rs553685930
7	89984011	89984011	T/A	+	rs36131496
12	111687165	111687165	A/G	+	rs150599431
4	60453158	60453158	A/G	+	rs544255139
7	95016148	95016148	T/G	+	rs78601722
2	240681016	240681016	C/T	+	rs370887151
5	93696646	93696646	T/C	+	rs565399667
11	2793407	2793407	G/C	+	rs537958362
5	91491136	91491136	C/A	+	rs114692292
4	63448603	63448603	A/T	+	rs138118377
1	187334911	187334911	T/C	+	rs531839574
3	12859857	12859857	C/A	+	rs541884262
8	55383821	55383821	T/G	+	rs557208905
2	138617390	138617390	A/G	+	rs557616740
4	54294500	54294500	A/G	+	rs527443273
20	56744964	56744964	T/C	+	rs185172035
7	52513495	52513495	T/C	+	rs577715139
8	85278105	85278105	A/C	+	rs147235361
8	102172391	102172391	G/A	+	rs141136569
8	143698606	143698606	C/T	+	rs181104005
1	245512416	245512416	A/G	+	rs74597638
2	143768031	143768031	C/T	+	rs202023552
5	35711584	35711584	T/C	+	rs13359524
6	115646292	115646292	A/G	+	rs57814223
7	63646371	63646371	A/G	+	rs556962806
9	34653307	34653307	A/C	+	rs534324585
13	89671165	89671165	C/T	+	rs184739995
15	99482184	99482184	T/G	+	rs184074426
1	175044441	175044441	C/T	+	rs181474862
4	63607682	63607682	C/T	+	rs181924346
5	41796134	41796134	C/T	+	rs567896264
6	33012513	33012513	C/T	+	rs9276987
6	75235122	75235122	T/C	+	rs534598069
7	63520291	63520291	C/T	+	rs529790212
13	81327874	81327874	C/T	+	rs113973315
2	83207350	83207350	T/C	+	rs192196057
4	28570230	28570230	C/T	+	rs538887264
7	78952458	78952458	A/C	+	rs150174205
12	39197950	39197950	T/C	+	rs138453626
13	112965068	112965068	T/G	+	rs533984372
17	953284	953284	T/G	+	rs192258066
3	155087364	155087364	T/A	+	rs61762336
17	28290083	28290083	T/C	+	rs535221841
19	20771621	20771621	G/T	+	rs180802298
3	196646690	196646690	G/A	+	rs4916532
5	117974558	117974558	T/A	+	rs7733690
13	55592878	55592878	G/A	+	rs186638461
15	39725184	39725184	T/C	+	rs150388425
17	33559845	33559845	T/A	+	rs116805456
1	77118946	77118946	A/G	+	rs116031076
3	127678710	127678710	G/C	+	rs9859117
4	184111251	184111251	G/A	+	rs542350576
9	23504809	23504809	T/C	+	rs570442697
10	8083203	8083203	C/A	+	rs12267266
1	59301502	59301502	C/G	+	rs143373449
5	91995903	91995903	G/A	+	rs73131426
14	64498819	64498819	C/A	+	rs11158543
2	77670313	77670313	T/C	+	rs368336452
2	202524997	202524997	A/G	+	rs568877166
5	110930759	110930759	T/G	+	rs113214835
8	19378215	19378215	A/G	+	rs111335995
11	6297683	6297683	T/C	+	rs192920351
18	64970213	64970213	G/T	+	rs117855613
1	26198812	26198812	A/G	+	rs533276019
1	78952735	78952735	G/A	+	rs17102521
4	139978621	139978621	G/A	+	rs4989956
8	87007925	87007925	T/C	+	rs545731069
11	83002753	83002753	G/A	+	rs372911770
12	80643107	80643107	A/G	+	rs550823828
18	29978079	29978079	T/G	+	rs574230609
19	43205869	43205869	C/T	+	rs533037605
19	45702962	45702962	G/A	+	rs112197334
21	34905443	34905443	T/C	+	rs374381259
1	156157212	156157212	A/G	+	rs574891651
2	231434394	231434394	G/A	+	rs573572124
3	76340067	76340067	A/C	+	rs562229527
9	82734970	82734970	T/C	+	rs553742938
12	30440756	30440756	A/T	+	rs556185884
18	57273293	57273293	C/A	+	rs144044386
20	63145459	63145459	C/T	+	rs189786237
7	21092997	21092997	C/G	+	rs74662473
11	103611844	103611844	A/G	+	rs34112776
11	103612779	103612779	C/T	+	rs148131059
20	33051827	33051827	C/T	+	rs138005320
3	21621723	21621723	G/A	+	rs571104755
3	67262269	67262269	A/G	+	rs144138047
3	67263146	67263146	C/T	+	rs6794576
5	13600354	13600354	C/T	+	rs151220143
6	24451860	24451860	G/A	+	rs535259740
8	47592467	47592467	G/T	+	rs185879548
10	122752110	122752110	T/C	+	rs553904087
17	42186979	42186979	C/T	+	rs12953110
4	115694111	115694111	C/T	+	rs72901616
5	62672468	62672468	G/A	+	rs373322054
9	109877504	109877504	G/A	+	rs531466994
12	64993402	64993402	C/A	+	rs1445439
3	47987287	47987287	G/C	+	rs146408447
4	63851478	63851478	G/A	+	rs144459594
7	57583287	57583287	A/T	+	rs59944138
8	116523511	116523511	T/C	+	rs571571754
10	9217056	9217056	G/A	+	rs1971814
10	129493080	129493080	G/A	+	rs115225939
1	116486009	116486009	A/T	+	rs571653944
3	148711944	148711944	G/A	+	rs12721204
6	46780144	46780144	A/C	+	rs574927129
7	98079902	98079902	A/G	+	rs529708091
8	22193142	22193142	T/C	+	rs530060660
9	8230244	8230244	T/C	+	rs527593518
12	130948681	130948681	G/T	+	rs556463162
2	211354019	211354019	C/T	+	rs575870092
6	62809446	62809446	C/A	+	rs180822090
14	90437716	90437716	G/A	+	rs148859241
18	78817578	78817578	G/A	+	rs146898775
21	15432647	15432647	G/A	+	rs568955628
1	79218138	79218138	A/G	+	rs577411841
1	194531956	194531956	C/T	+	rs564994385
6	46410043	46410043	A/G	+	rs116598359
9	115176271	115176271	A/G	+	rs151030115
16	1026114	1026114	C/T	+	rs188259259
20	62066368	62066368	G/A	+	rs556306301
3	15966301	15966301	C/T	+	rs191021597
3	108772506	108772506	C/A	+	rs4855569
1	2889523	2889523	G/T	+	rs74527968
3	136591371	136591371	G/A	+	rs184149773
3	190807961	190807961	A/T	+	rs182074033
4	122716570	122716570	A/C	+	rs391783
5	138313377	138313377	C/T	+	rs62380883
6	49100656	49100656	T/C	+	rs534820243
7	98180424	98180424	G/A	+	rs149444490
20	19804744	19804744	A/T	+	rs183349498
1	12020065	12020065	G/C	+	rs74052928
2	24473101	24473101	C/T	+	rs4665699
4	145062854	145062854	T/C	+	rs567561496
7	97293785	97293785	C/T	+	rs150181088
14	38638113	38638113	A/T	+	rs540603333
1	26236970	26236970	T/G	+	rs576075006
1	82367083	82367083	C/T	+	rs139671408
3	31535917	31535917	A/T	+	rs573050349
11	37351791	37351791	T/C	+	rs553215161
15	67353367	67353367	T/A	+	rs151119143
5	104582089	104582089	C/T	+	rs1363105
6	20603109	20603109	T/G	+	rs115347536
6	31361358	31361358	C/A	+	rs2428493
15	49402275	49402275	G/C	+	rs368191668
16	77722536	77722536	C/G	+	rs114814225
2	121006143	121006143	C/G	+	rs376635155
3	11824263	11824263	T/G	+	rs536808721
11	120057050	120057050	C/T	+	rs529670342
17	66641108	66641108	A/G	+	rs562102879
1	204695682	204695682	C/T	+	rs184037573
6	33863091	33863091	C/A	+	rs542240591
6	73511932	73511932	G/A	+	rs551141218
9	103130608	103130608	C/T	+	rs142686455
12	29355149	29355149	G/A	+	rs117477281
16	18005524	18005524	C/T	+	rs59867744
21	35466755	35466755	G/A	+	rs141156383
6	122207648	122207648	A/G	+	rs557064164
7	106122340	106122340	G/T	+	rs545578896
10	116765321	116765321	C/A	+	rs146598271
13	57404814	57404814	T/C	+	rs539457939
13	99849423	99849423	G/T	+	rs60423320
20	13549509	13549509	T/C	+	rs78634826
4	164904897	164904897	C/T	+	rs189539537
6	115610188	115610188	C/G	+	rs61177966
12	67912660	67912660	T/C	+	rs575101185
18	35521171	35521171	G/A	+	rs370662911
19	1006987	1006987	C/T	+	rs377186492
2	88569550	88569550	T/C	+	rs565088672
2	132682319	132682319	C/G	+	rs543264410
5	111067337	111067337	G/A	+	rs113560750
10	78854166	78854166	T/A	+	rs138465835
1	116888971	116888971	G/A	+	rs73011051
5	134503812	134503812	A/G	+	rs528524180
7	53398634	53398634	C/T	+	rs559886066
12	92136647	92136647	C/T	+	rs545706791
17	68762765	68762765	T/C	+	rs576877158
2	236616610	236616610	A/G	+	rs550464341
11	8066517	8066517	A/G	+	rs60194537
1	32867886	32867886	C/T	+	rs542230162
1	95524789	95524789	A/C	+	rs557334934
6	94379354	94379354	A/G	+	rs368295496
16	749315	749315	C/T	+	rs138912978
20	20981289	20981289	T/C	+	rs114760676
1	157930867	157930867	G/A	+	rs555805184
2	36230918	36230918	T/C	+	rs573161144
13	87024987	87024987	C/A	+	rs538136402
19	19018288	19018288	C/T	+	rs187977540
20	9125523	9125523	C/T	+	rs185528917
22	36862944	36862944	C/T	+	rs760517
2	226749406	226749406	A/G	+	rs369376569
11	1621998	1621998	G/A	+	rs61867574
11	45111548	45111548	T/C	+	rs562913212
3	152161003	152161003	A/G	+	rs117823566
1	77140595	77140595	A/T	+	rs143191807
1	175675367	175675367	T/C	+	rs148940011
2	136042039	136042039	C/T	+	rs10928554
10	53617207	53617207	T/C	+	rs61859945
13	59045306	59045306	T/C	+	rs554314198
14	91122626	91122626	A/G	+	rs10136247
16	28106524	28106524	A/G	+	rs568618547
16	50970618	50970618	C/T	+	rs185093135
3	135533191	135533191	C/T	+	rs149981761
3	193823236	193823236	C/A	+	rs6444748
7	70890843	70890843	T/C	+	rs149130738
11	122075760	122075760	G/T	+	rs369517668
1	98866857	98866857	T/A	+	rs530927143
2	232504255	232504255	T/C	+	rs541522191
4	96130967	96130967	A/T	+	rs115870534
8	18237265	18237265	G/A	+	rs571112348
16	10034479	10034479	C/G	+	rs565793549
1	245926234	245926234	G/C	+	rs556925836
3	48051785	48051785	C/G	+	rs560015310
19	56162469	56162469	A/G	+	rs73063828
1	179107540	179107540	G/A	+	rs552303689
5	77016768	77016768	C/T	+	rs144430598
8	85270107	85270107	T/C	+	rs181536566
10	18586325	18586325	G/A	+	rs116483949
16	843022	843022	G/A	+	rs557094572
18	65177853	65177853	G/A	+	rs186160041
1	13539745	13539745	C/T	+	rs368992036
1	33661294	33661294	C/T	+	rs149634603
2	29885042	29885042	G/A	+	rs551026681
5	136862262	136862262	A/T	+	rs57039572
6	2765001	2765001	G/A	+	rs535898454
16	56972806	56972806	C/T	+	rs141296072
2	216212855	216212855	T/G	+	rs705653
6	20602265	20602265	G/C	+	rs114356790
15	62773675	62773675	A/G	+	rs148897233
16	49509145	49509145	G/A	+	rs8057047
2	241143353	241143353	C/T	+	rs563563860
4	116677005	116677005	C/G	+	rs75642104
11	103612361	103612361	T/C	+	rs139393213
13	92255124	92255124	T/G	+	rs146205558
5	100655794	100655794	A/G	+	rs140004542
11	78284771	78284771	G/A	+	rs180773699
21	39704076	39704076	G/A	+	rs185113764
1	57384578	57384578	T/C	+	rs11207023
1	172746562	172746562	A/G	+	rs78037977
22	42001022	42001022	A/G	+	rs558065576
1	193244346	193244346	A/C	+	rs571387134
3	84624995	84624995	T/G	+	rs540769548
5	176888993	176888993	G/A	+	rs142849353
6	105194107	105194107	T/A	+	rs115240483
17	15840618	15840618	G/A	+	rs184352734
2	6700019	6700019	T/G	+	rs74514233
7	55123928	55123928	T/G	+	rs545056950
8	11234688	11234688	T/C	+	rs147113497
1	78952845	78952845	T/C	+	rs138532192
6	20597291	20597291	G/A	+	rs145875150
7	28002178	28002178	C/T	+	rs559029292
1	117988215	117988215	A/C	+	rs537582054
2	71816813	71816813	G/T	+	rs13000664
3	169569098	169569098	T/C	+	rs190634009
12	25166412	25166412	T/C	+	rs549479504
14	49580850	49580850	A/T	+	rs571187241
1	77142396	77142396	T/C	+	rs143373439
2	136325694	136325694	A/G	+	rs540963177
5	104893737	104893737	A/G	+	rs73777336
6	32216552	32216552	A/G	+	rs80074882
8	70436039	70436039	T/C	+	rs150396609
12	71301390	71301390	C/T	+	rs188038190
2	35795081	35795081	C/T	+	rs138194634
5	104822376	104822376	C/G	+	rs190481484
7	135745815	135745815	T/G	+	rs531552933
11	105825071	105825071	A/G	+	rs373498808
5	68277532	68277532	G/A	+	rs144938023
8	86187971	86187971	T/G	+	rs534670472
14	32002998	32002998	G/A	+	rs540411725
18	11703745	11703745	G/C	+	rs180799666
1	152154979	152154979	T/C	+	rs75957773
1	219274572	219274572	G/T	+	rs554562919
5	79121806	79121806	T/C	+	rs1644005
8	22086395	22086395	G/A	+	rs556950334
9	88101828	88101828	A/G	+	rs538520834
3	190795219	190795219	C/A	+	rs148224890
11	7135048	7135048	A/G	+	rs530021313
12	56783622	56783622	G/A	+	rs189782794
13	103345475	103345475	T/C	+	rs544324850
3	46173355	46173355	T/C	+	rs549428671
13	78568107	78568107	A/G	+	rs74097328
16	16616049	16616049	C/T	+	rs188766651
20	9635878	9635878	A/G	+	rs149248303
4	23929851	23929851	C/T	+	rs148716019
5	37843227	37843227	T/C	+	rs186916283
15	86496826	86496826	T/C	+	rs74935284
4	17433510	17433510	C/T	+	rs193162519
9	95759274	95759274	C/T	+	rs532391686
15	30675256	30675256	A/G	+	rs369423363
17	69760718	69760718	A/G	+	rs560230874
3	168759585	168759585	A/T	+	rs552402302
5	116612979	116612979	A/T	+	rs186464904
10	109582901	109582901	A/G	+	rs544693594
15	96013028	96013028	T/C	+	rs565176082
20	44296887	44296887	T/A	+	rs564145447
6	162341780	162341780	T/G	+	rs547645047
4	3310879	3310879	G/A	+	rs17181428
4	59778329	59778329	C/A	+	rs111739415
10	101657628	101657628	A/G	+	rs561077149
10	125680862	125680862	C/A	+	rs184195997
2	47431815	47431815	G/A	+	rs151234120
2	77395830	77395830	T/C	+	rs548411287
1	116889482	116889482	A/G	+	rs73011052
1	157580846	157580846	A/G	+	rs575202382
3	39519348	39519348	G/A	+	rs193117554
4	7747750	7747750	A/C	+	rs528585723
5	104893911	104893911	G/A	+	rs73777337
7	89647284	89647284	T/G	+	rs115946966
7	89652935	89652935	T/C	+	rs115397073
7	138449407	138449407	C/T	+	rs376544659
9	28457427	28457427	G/A	+	rs571708735
9	28458866	28458866	G/C	+	rs532182288
17	7319403	7319403	T/A	+	rs58540510
18	4669936	4669936	G/A	+	rs140791297
1	25439847	25439847	C/T	+	rs551599729
2	37144898	37144898	T/C	+	rs547555676
2	61422605	61422605	G/A	+	rs553207974
11	862475	862475	C/T	+	rs576824842
16	2323939	2323939	C/T	+	rs562182670
16	25540501	25540501	G/A	+	rs535234575
6	17009910	17009910	A/G	+	rs71554596
10	10613316	10613316	A/C	+	rs184282700
10	131631583	131631583	A/G	+	rs554495916
17	82728888	82728888	G/A	+	rs185982438
1	210771190	210771190	A/G	+	rs181802363
13	73616806	73616806	G/A	+	rs539351407
16	80979902	80979902	G/A	+	rs2084961
2	182097747	182097747	C/G	+	rs76700098
8	122170514	122170514	C/T	+	rs149293867
12	13252808	13252808	T/C	+	rs566256314
18	52710769	52710769	C/T	+	rs115380612
4	151252119	151252119	G/A	+	rs144837568
5	107285911	107285911	T/C	+	rs77751480
6	19222571	19222571	C/T	+	rs377618546
6	62715574	62715574	A/G	+	rs182408598
6	85311209	85311209	G/A	+	rs546909459
11	122393189	122393189	G/T	+	rs17126453
17	8767753	8767753	A/G	+	rs568818684
19	44742659	44742659	G/A	+	rs555523243
1	221030818	221030818	T/C	+	rs116193105
2	65592557	65592557	G/C	+	rs76082198
2	65593619	65593619	T/C	+	rs6727898
2	65593698	65593698	G/A	+	rs114988103
2	235446247	235446247	T/C	+	rs116055661
4	78837826	78837826	A/G	+	rs113013718
4	78852067	78852067	G/T	+	rs72862515
4	78889203	78889203	A/G	+	rs112442092
8	42927885	42927885	G/A	+	rs371623510
13	98844940	98844940	A/G	+	rs542386663
6	8428100	8428100	C/T	+	rs200035833
6	19843536	19843536	C/A	+	rs6905736
8	107786205	107786205	T/C	+	rs565606835
13	49484942	49484942	T/C	+	rs183534606
16	74465457	74465457	A/G	+	rs545377435
7	92868230	92868230	T/C	+	rs80237580
4	94651069	94651069	A/G	+	rs566019075
8	21909729	21909729	G/A	+	rs34215892
19	52285137	52285137	T/G	+	rs146796420
20	61285462	61285462	G/A	+	rs191053509
20	19314781	19314781	C/T	+	rs550203708
20	55138136	55138136	A/G	+	rs535624436
1	215904571	215904571	C/T	+	rs188507366
2	124824138	124824138	G/A	+	rs557442046
2	167806169	167806169	C/G	+	rs533740720
9	100617694	100617694	G/A	+	rs558894547
10	53969478	53969478	C/G	+	rs575122791
20	18033389	18033389	A/T	+	rs189259095
5	4240579	4240579	T/C	+	rs180735870
10	53772380	53772380	C/A	+	rs536034636
17	61000978	61000978	T/C	+	rs573019519
2	157767868	157767868	C/G	+	rs147640451
3	6712036	6712036	A/G	+	rs575519465
3	134476416	134476416	G/A	+	rs77279071
3	156948570	156948570	T/C	+	rs537582791
5	131683592	131683592	A/G	+	rs558178550
13	112777165	112777165	C/G	+	rs547468500
1	182528904	182528904	C/G	+	rs575357250
3	131346223	131346223	A/T	+	rs554983525
4	78131130	78131130	G/A	+	rs550954448
4	103436867	103436867	G/A	+	rs141850299
9	80716756	80716756	C/T	+	rs577647722
17	2109617	2109617	A/G	+	rs186752243
19	40715833	40715833	A/G	+	rs138154061
5	169465408	169465408	T/C	+	rs531697205
6	167015099	167015099	C/T	+	rs62436761
12	2150592	2150592	T/C	+	rs547525840
3	15206721	15206721	C/T	+	rs376778257
9	108369617	108369617	G/A	+	rs530047003
10	93766299	93766299	T/C	+	rs114422741
3	150487850	150487850	A/G	+	rs552610710
10	80473469	80473469	C/G	+	rs10788639
11	25845101	25845101	A/G	+	rs544615023
20	20981426	20981426	G/T	+	rs147131697
4	47174942	47174942	C/T	+	rs187831091
10	33011343	33011343	G/T	+	rs76353574
13	93175985	93175985	C/T	+	rs530735121
1	14307839	14307839	A/G	+	rs575920201
9	15065249	15065249	A/G	+	rs547706414
12	119073554	119073554	A/G	+	rs183923134
2	182496016	182496016	C/A	+	rs28627441
8	85261718	85261718	G/T	+	rs192586704
11	105819195	105819195	T/C	+	rs373810484
11	105824363	105824363	T/C	+	rs369198665
13	99154439	99154439	G/T	+	rs35407628
1	219935324	219935324	G/A	+	rs149132223
3	31739635	31739635	G/A	+	rs575749725
3	72452144	72452144	G/A	+	rs115933136
3	192216397	192216397	T/C	+	rs76616588
6	107898732	107898732	A/G	+	rs547125898
21	32609247	32609247	A/C	+	rs549772307
3	1887569	1887569	G/C	+	rs540982813
3	139864962	139864962	T/C	+	rs535758981
7	51685040	51685040	C/T	+	rs192182287
9	5602493	5602493	C/A	+	rs150451811
13	28714139	28714139	T/C	+	rs564723521
1	185481660	185481660	G/A	+	rs181831583
13	71697753	71697753	C/T	+	rs554622425
13	81633662	81633662	G/T	+	rs9601661
2	68962835	68962835	A/G	+	rs78635481
2	120250458	120250458	T/A	+	rs536908089
5	59728357	59728357	T/C	+	rs372106988
5	80454767	80454767	C/T	+	rs531503449
9	23631284	23631284	G/C	+	rs565963683
10	7613582	7613582	T/C	+	rs531445303
16	27347567	27347567	G/A	+	rs2239349
17	57507774	57507774	T/C	+	rs150814287
1	241582972	241582972	T/C	+	rs534620455
2	68195711	68195711	C/A	+	rs112861794
3	94616724	94616724	G/A	+	rs541281330
4	59772390	59772390	T/C	+	rs149642352
10	29803822	29803822	C/T	+	rs146518271
11	93793066	93793066	G/C	+	rs186253985
14	29053352	29053352	C/T	+	rs539694566
1	25002177	25002177	A/T	+	rs201591875
8	97404758	97404758	G/A	+	rs186597308
8	103333069	103333069	A/T	+	rs578028496
18	13304127	13304127	C/A	+	rs545157168
5	22038309	22038309	T/C	+	rs534487025
8	2532894	2532894	T/A	+	rs535847131
2	163047115	163047115	G/T	+	rs143509029
8	128278849	128278849	A/C	+	rs75875537
8	129419107	129419107	A/G	+	rs58452854
17	80581153	80581153	G/A	+	rs531775237
1	119697613	119697613	C/G	+	rs587627674
10	32311126	32311126	C/T	+	rs149064226
18	55799655	55799655	G/A	+	rs185684413
19	650955	650955	C/T	+	rs539556134
14	35382072	35382072	G/A	+	rs113359448
18	45279413	45279413	A/G	+	rs536965598
2	240174782	240174782	G/A	+	rs76116009
7	117651078	117651078	A/G	+	rs35453239
9	5611728	5611728	C/A	+	rs34368225
7	26247948	26247948	A/T	+	rs34345136
1	107384533	107384533	T/G	+	rs139272636
2	3793695	3793695	G/C	+	rs185941079
2	40889405	40889405	T/C	+	rs184455217
2	70043520	70043520	C/T	+	rs564576073
2	80473695	80473695	C/T	+	rs191336417
3	12045897	12045897	G/A	+	rs140056413
3	133455708	133455708	T/C	+	rs563633705
4	1845362	1845362	T/G	+	rs540460107
4	101701820	101701820	T/G	+	rs368611164
4	141710392	141710392	T/C	+	rs532295410
4	146417167	146417167	T/C	+	rs566586814
4	188246096	188246096	G/A	+	rs79632289
5	44188863	44188863	C/A	+	rs139494380
5	100666069	100666069	T/G	+	rs543492975
6	117500160	117500160	C/G	+	rs145745202
9	111331434	111331434	T/C	+	rs186276499
10	44808591	44808591	G/A	+	rs149405463
10	82827966	82827966	T/A	+	rs555207078
10	94527500	94527500	G/T	+	rs11188006
11	74394716	74394716	T/C	+	rs575734354
11	105828413	105828413	C/T	+	rs374924056
12	81195579	81195579	T/A	+	rs11830342
12	103800868	103800868	A/G	+	rs116627818
12	105751578	105751578	G/A	+	rs60038102
15	69834946	69834946	G/A	+	rs184270621
18	25459694	25459694	A/G	+	rs145440695
19	3817054	3817054	A/G	+	rs576885080
19	11889209	11889209	T/A	+	rs7246144
19	17581378	17581378	C/G	+	rs567748579
5	2401406	2401406	G/A	+	rs12653071
4	52466188	52466188	A/G	+	rs4510515
1	157570675	157570675	T/C	+	rs192730519
6	32464723	32464723	G/A	+	rs78218185
17	45235776	45235776	C/A	+	rs551898740
20	44313306	44313306	T/G	+	rs553001968
2	118901730	118901730	G/A	+	rs77254662
3	147663411	147663411	C/T	+	rs189814697
11	25749401	25749401	G/A	+	rs372720538
2	133154515	133154515	T/C	+	rs535275686
8	77291140	77291140	C/A	+	rs537590003
8	31775950	31775950	A/G	+	rs533850457
10	58179359	58179359	C/A	+	rs576287095
11	118257972	118257972	T/A	+	rs555578962
12	112279680	112279680	T/G	+	rs528077558
15	41338361	41338361	C/G	+	rs577187913
3	161022741	161022741	G/A	+	rs559587146
15	89285898	89285898	A/C	+	rs531173266
4	59767604	59767604	C/T	+	rs150146337
6	70623924	70623924	T/C	+	rs537879154
6	70626186	70626186	G/A	+	rs552388739
12	31459746	31459746	G/A	+	rs193263011
15	94982432	94982432	C/T	+	rs114045542
1	82476043	82476043	T/C	+	rs535580276
2	53275550	53275550	T/C	+	rs143638886
3	99675623	99675623	C/T	+	rs73858891
4	161549962	161549962	A/G	+	rs537877390
5	59739030	59739030	A/G	+	rs373892086
15	94870630	94870630	A/G	+	rs150902709
17	39823733	39823733	C/T	+	rs62066986
2	112830300	112830300	T/C	+	rs188964071
15	63553979	63553979	T/C	+	rs7166997
20	12277629	12277629	C/A	+	rs115951339
3	169252403	169252403	A/C	+	rs1627507
16	74588972	74588972	T/C	+	rs186629147
5	18251019	18251019	G/T	+	rs149146661
6	48149409	48149409	A/C	+	rs551116405
7	42864597	42864597	C/T	+	rs151158980
8	5050022	5050022	T/A	+	rs567088466
10	76014450	76014450	A/G	+	rs12257440
11	71390690	71390690	T/C	+	rs532158083
16	49371507	49371507	T/C	+	rs190252268
19	9235014	9235014	A/G	+	rs532363559
19	58585217	58585217	C/T	+	rs530042384
10	80944911	80944911	T/C	+	rs146525873
1	95776607	95776607	G/A	+	rs575488485
1	153439346	153439346	T/C	+	rs41265154
4	123945405	123945405	G/T	+	rs538500920
11	105831884	105831884	A/T	+	rs376677468
12	17897774	17897774	T/C	+	rs559032114
6	87572935	87572935	C/T	+	rs4365903
12	132277943	132277943	T/C	+	rs568578721
3	60023350	60023350	G/A	+	rs532739591
5	127823204	127823204	G/A	+	rs145340271
6	11942014	11942014	G/C	+	rs9380655
9	103137049	103137049	G/T	+	rs113563496
9	103137586	103137586	T/C	+	rs111598915
9	103139014	103139014	A/T	+	rs111502210
9	103147894	103147894	C/T	+	rs1578446
22	36603128	36603128	C/T	+	rs553215765
2	38083386	38083386	T/C	+	rs163093
8	107164472	107164472	C/T	+	rs114033732
11	98415356	98415356	G/A	+	rs183076675
1	54791156	54791156	G/A	+	rs145818426
5	122611768	122611768	A/C	+	rs114024023
9	109409620	109409620	G/A	+	rs184309213
12	14066020	14066020	G/A	+	rs58597452
1	78953021	78953021	A/G	+	rs17102524
3	87220056	87220056	T/G	+	rs184258811
13	58147632	58147632	A/G	+	rs76638802
16	62738173	62738173	T/A	+	rs560895244
20	19881421	19881421	A/G	+	rs145214047
1	243583875	243583875	T/C	+	rs181802426
4	59882247	59882247	C/G	+	rs61346113
4	86031139	86031139	C/T	+	rs115074357
3	123353175	123353175	T/C	+	rs568729019
4	123529626	123529626	C/T	+	rs571310781
5	64675112	64675112	T/C	+	rs116310786
20	12902464	12902464	G/C	+	rs544901033
20	60097991	60097991	A/G	+	rs533391655
7	20679731	20679731	T/C	+	rs4719622
11	19047138	19047138	C/T	+	rs187476774
17	53714218	53714218	G/C	+	rs369687991
1	172366492	172366492	A/G	+	rs528645525
2	38382023	38382023	A/G	+	rs191488417
1	60100913	60100913	C/T	+	rs551201351
3	139855982	139855982	T/A	+	rs550740268
19	7144115	7144115	T/C	+	rs547773337
3	115041557	115041557	A/T	+	rs552227424
8	53114960	53114960	C/T	+	rs181086859
9	131158370	131158370	C/T	+	rs148761085
19	1015785	1015785	C/G	+	rs182209161
20	34025688	34025688	A/T	+	rs11697947
1	88095585	88095585	A/G	+	rs531539385
4	86749063	86749063	C/G	+	rs147050420
12	39138924	39138924	A/G	+	rs12817660
2	212936108	212936108	T/C	+	rs11684846
10	87633655	87633655	G/T	+	rs113928696
10	87633663	87633663	G/A	+	rs112616737
17	31762550	31762550	A/G	+	rs374697264
2	114517452	114517452	G/A	+	rs145705815
10	73791130	73791130	C/T	+	rs540255916
10	116717109	116717109	C/T	+	rs73377090
16	23916288	23916288	G/A	+	rs571406608
17	896304	896304	C/T	+	rs538484559
17	8812441	8812441	G/A	+	rs144074828
4	115231174	115231174	T/C	+	rs571582315
5	52590989	52590989	G/A	+	rs145626507
7	90945600	90945600	C/A	+	rs572830663
8	86179361	86179361	G/A	+	rs543240371
1	215908478	215908478	A/G	+	rs76089129
3	147666246	147666246	T/C	+	rs137877152
3	147667840	147667840	T/G	+	rs149764353
8	124578208	124578208	A/G	+	rs532712778
12	91025737	91025737	G/A	+	rs149626607
2	111547094	111547094	G/A	+	rs371601488
6	32643111	32643111	C/A	+	rs191251309
10	2441502	2441502	C/T	+	rs552512325
10	746108	746108	G/A	+	rs543374088
15	26054581	26054581	G/A	+	rs143866551
16	82257548	82257548	G/C	+	rs115739663
8	28829529	28829529	T/C	+	rs188013426
1	91368564	91368564	C/A	+	rs187192053
2	52209884	52209884	C/T	+	rs554484818
13	108545181	108545181	C/T	+	rs114233038
1	152894685	152894685	T/C	+	rs541718823
4	66844741	66844741	C/T	+	rs182861061
13	110175208	110175208	C/T	+	rs202002553
19	30158601	30158601	A/G	+	rs567481355
2	216072551	216072551	G/A	+	rs143183611
3	113521594	113521594	A/G	+	rs74864895
5	75547317	75547317	T/C	+	rs533637891
7	89668616	89668616	A/G	+	rs76099083
1	163527497	163527497	C/G	+	rs183682833
4	36123743	36123743	G/T	+	rs138186092
10	70641681	70641681	G/A	+	rs192859775
13	78336412	78336412	A/T	+	rs535102991
15	45074420	45074420	C/A	+	rs55881121
22	46817567	46817567	C/T	+	rs554589072
10	65245410	65245410	C/G	+	rs150260588
10	89799379	89799379	T/A	+	rs182624603
11	124560120	124560120	C/T	+	rs565145516
3	99689609	99689609	T/G	+	rs73858894
10	49990879	49990879	T/C	+	rs541901128
19	32244171	32244171	A/T	+	rs200044816
20	31512091	31512091	A/G	+	rs569407894
21	23146534	23146534	G/T	+	rs536910344
2	63100491	63100491	G/A	+	rs553485961
2	63102206	63102206	C/T	+	rs547300230
12	60902736	60902736	T/C	+	rs534848996
14	98204587	98204587	C/T	+	rs857229
15	78986637	78986637	G/A	+	rs181640607
4	53014318	53014318	G/A	+	rs73149170
7	12453198	12453198	C/T	+	rs28373140
8	125809252	125809252	C/G	+	rs141846002
9	103143621	103143621	A/G	+	rs113429428
9	103150439	103150439	G/C	+	rs112395147
16	74843253	74843253	C/T	+	rs564877317
19	33261549	33261549	A/C	+	rs62126619
20	23777801	23777801	C/T	+	rs117693843
20	59271185	59271185	G/T	+	rs562285973
6	94371965	94371965	C/T	+	rs368589587
3	174349478	174349478	C/T	+	rs150727517
12	56688274	56688274	G/A	+	rs17445108
15	25857478	25857478	T/C	+	rs575277587
17	44567649	44567649	G/T	+	rs4550510
6	99276710	99276710	G/A	+	rs150348618
10	7382972	7382972	G/A	+	rs148705878
18	8988767	8988767	C/T	+	rs148378392
4	26547456	26547456	A/G	+	rs4692544
2	45243448	45243448	G/A	+	rs189932800
2	53164609	53164609	A/G	+	rs191849532
7	157535599	157535599	T/C	+	rs73513033
17	79943100	79943100	C/A	+	rs527394841
21	39690341	39690341	C/T	+	rs12482736
2	234171402	234171402	A/G	+	rs562612807
8	5050020	5050020	A/G	+	rs554955544
1	64915371	64915371	C/T	+	rs538887854
3	70071358	70071358	G/C	+	rs370203563
3	84570944	84570944	A/G	+	rs191633573
4	175261874	175261874	T/A	+	rs112011768
12	90717630	90717630	T/C	+	rs559861371
12	129013543	129013543	G/C	+	rs541301175
12	130143238	130143238	C/T	+	rs552717286
15	36937091	36937091	A/G	+	rs566098205
18	22484730	22484730	T/C	+	rs553771966
22	37743408	37743408	C/T	+	rs185450972
2	101596673	101596673	G/A	+	rs576930377
9	101318223	101318223	A/G	+	rs146893379
4	63405047	63405047	A/C	+	rs149949795
4	89564216	89564216	T/C	+	rs185222955
3	67044720	67044720	G/A	+	rs564945281
6	69156328	69156328	T/C	+	rs530194341
17	14926122	14926122	C/T	+	rs187378278
1	159535299	159535299	A/C	+	rs546869213
12	777048	777048	G/A	+	rs531879891
4	17507818	17507818	G/T	+	rs180812360
11	105816336	105816336	G/T	+	rs368669457
12	131236841	131236841	C/T	+	rs575397602
14	81969512	81969512	T/C	+	rs551444882
17	31108924	31108924	A/G	+	rs147127744
14	35145862	35145862	C/G	+	rs180890258
16	84808869	84808869	A/C	+	rs187875490
4	94192222	94192222	G/A	+	rs58685997
6	79506309	79506309	T/C	+	rs528706447
8	23070492	23070492	G/A	+	rs185352690
16	52844311	52844311	A/G	+	rs571826380
16	86564997	86564997	A/T	+	rs61676736
19	2018492	2018492	G/C	+	rs533043855
10	103544533	103544533	A/G	+	rs569770079
16	24890615	24890615	T/C	+	rs533973787
6	70991329	70991329	G/T	+	rs374225937
2	161945674	161945674	T/A	+	rs11693702
6	138504284	138504284	C/T	+	rs189129791
12	112058739	112058739	C/A	+	rs566849191
18	154553	154553	T/C	+	rs140350158
7	152679825	152679825	C/T	+	rs181104715
6	33832563	33832563	T/C	+	rs78515650
6	161218674	161218674	C/A	+	rs75917293
11	111374108	111374108	C/A	+	rs12799546
17	55494671	55494671	A/T	+	rs143906073
18	10014555	10014555	A/G	+	rs8087436
1	197922261	197922261	A/G	+	rs562603665
13	83164592	83164592	T/C	+	rs558130402
18	47872098	47872098	A/C	+	rs533959313
18	79670219	79670219	G/C	+	rs138776210
20	14691657	14691657	A/T	+	rs114460171
3	40384472	40384472	G/A	+	rs185724875
5	157447742	157447742	A/G	+	rs116326491
7	7906072	7906072	T/G	+	rs530326584
11	67371279	67371279	G/A	+	rs559704440
11	67371282	67371282	T/C	+	rs533125361
5	149720627	149720627	A/G	+	rs188270621
14	48731860	48731860	A/G	+	rs547760011
14	48731865	48731865	T/C	+	rs571036524
15	25962794	25962794	C/A	+	rs552660556
19	11888659	11888659	T/G	+	rs17001721
20	55317118	55317118	T/C	+	rs540597081
1	79816952	79816952	A/G	+	rs371596893
2	107615498	107615498	A/T	+	rs192706539
21	40658008	40658008	G/A	+	rs533482615
13	28478702	28478702	A/G	+	rs192058822
1	67785224	67785224	T/C	+	rs17130280
2	86392890	86392890	G/T	+	rs554320677
4	96677727	96677727	A/G	+	rs540741241
18	76158358	76158358	T/C	+	rs537456083
1	14807496	14807496	T/C	+	rs193116364
1	178385624	178385624	G/A	+	rs189321018
2	117286049	117286049	C/G	+	rs144329831
6	11283179	11283179	C/T	+	rs145781990
16	86496879	86496879	A/G	+	rs570622271
1	195833894	195833894	A/G	+	rs534974926
6	75019267	75019267	C/T	+	rs147317999
8	62923592	62923592	T/C	+	rs531200248
16	79397996	79397996	T/C	+	rs543537645
1	164881718	164881718	T/C	+	rs568403791
6	122861240	122861240	T/C	+	rs574307759
7	77161454	77161454	G/T	+	rs9801498
11	75390431	75390431	C/T	+	rs373138683
13	43816553	43816553	T/C	+	rs61261797
16	79277382	79277382	T/A	+	rs74631780
16	87795701	87795701	C/T	+	rs542687655
20	37307048	37307048	C/T	+	rs193173415
6	115563238	115563238	G/A	+	rs60641425
6	136394258	136394258	C/T	+	rs536523812
1	75805624	75805624	T/G	+	rs187215358
8	89999161	89999161	C/T	+	rs566146972
11	109279471	109279471	A/G	+	rs146578004
13	93147765	93147765	C/T	+	rs568578032
21	24596208	24596208	A/T	+	rs79319675
5	34376864	34376864	A/G	+	rs527706212
7	152515079	152515079	T/G	+	rs189739278
12	56145826	56145826	T/C	+	rs77798824
15	72332166	72332166	C/T	+	rs556876869
6	82717078	82717078	C/G	+	rs2989872
7	47780698	47780698	T/A	+	rs546864118
8	4064718	4064718	C/T	+	rs559001889
13	103853394	103853394	G/A	+	rs190956069
2	227374568	227374568	A/T	+	rs189415898
1	82233226	82233226	G/A	+	rs148295831
2	234566118	234566118	T/G	+	rs555047307
4	87118881	87118881	A/G	+	rs375875617
8	81370518	81370518	A/G	+	rs184831594
12	87703740	87703740	A/G	+	rs572510190
10	73723951	73723951	C/G	+	rs137929121
1	67366806	67366806	C/G	+	rs540197415
15	33587375	33587375	T/C	+	rs573204658
16	59626070	59626070	T/A	+	rs76515013
1	17808586	17808586	A/G	+	rs11808770
5	119980635	119980635	A/G	+	rs542584979
6	13894804	13894804	G/T	+	rs528990782
4	53497497	53497497	C/T	+	rs114593513
4	53498531	53498531	C/T	+	rs114356062
10	17294664	17294664	A/C	+	rs557937118
12	107879647	107879647	A/G	+	rs571673264
15	44786313	44786313	A/G	+	rs555105173
2	37434798	37434798	C/T	+	rs556289247
4	94929544	94929544	C/T	+	rs549613935
10	92278289	92278289	G/T	+	rs566964063
5	104324965	104324965	A/G	+	rs150005600
6	25811841	25811841	A/G	+	rs10498730
6	32646792	32646792	G/A	+	rs148889372
14	85871370	85871370	T/C	+	rs556243178
18	35990387	35990387	A/G	+	rs137948973
4	82681777	82681777	G/A	+	rs559205189
20	1783044	1783044	C/G	+	rs533899147
20	17569494	17569494	C/T	+	rs569524280
1	192334909	192334909	A/C	+	rs192807579
4	167717285	167717285	T/A	+	rs114596113
18	13538627	13538627	C/T	+	rs12327237
6	167671853	167671853	C/T	+	rs561837122
8	16178920	16178920	T/C	+	rs549390172
10	69309268	69309268	G/A	+	rs11819352
14	38665441	38665441	A/G	+	rs530288938
15	25672915	25672915	C/T	+	rs180940521
16	15814585	15814585	G/A	+	rs111336720
17	6867559	6867559	C/A	+	rs542170664
20	19681813	19681813	A/G	+	rs576474300
4	53468180	53468180	C/T	+	rs187870767
15	68071306	68071306	G/A	+	rs2046788
20	1672572	1672572	C/T	+	rs142828423
6	112400599	112400599	T/C	+	rs59719828
1	176146321	176146321	G/A	+	rs551128285
6	159024087	159024087	T/C	+	rs535098450
7	7014838	7014838	A/G	+	rs566858968
3	40411536	40411536	T/C	+	rs539342854
14	76101752	76101752	T/C	+	rs537196325
3	47988512	47988512	G/A	+	rs145767002
2	58789802	58789802	T/G	+	rs552516566
5	59659851	59659851	T/C	+	rs370552132
5	68382461	68382461	C/T	+	rs74935568
7	104591769	104591769	G/A	+	rs565101569
12	372892	372892	G/A	+	rs542000946
16	62035251	62035251	G/A	+	rs373986395
11	75724509	75724509	C/T	+	rs1238556
4	142364938	142364938	A/C	+	rs550810834
7	98207018	98207018	C/T	+	rs181971715
8	57258682	57258682	C/T	+	rs370542813
10	68146687	68146687	T/A	+	rs542569679
13	92045117	92045117	T/G	+	rs557414148
17	67782901	67782901	A/C	+	rs556077143
6	32496744	32496744	G/A	+	rs190915926
7	107832093	107832093	C/T	+	rs138350087
19	13803614	13803614	G/A	+	rs559219392
21	37400707	37400707	T/C	+	rs547052804
2	143127498	143127498	A/G	+	rs370205530
9	28204342	28204342	A/G	+	rs571607843
4	163690360	163690360	A/G	+	rs578155468
11	6111224	6111224	T/C	+	rs76989971
13	27401465	27401465	A/T	+	rs74042187
15	79043810	79043810	T/C	+	rs140338566
21	40419131	40419131	C/T	+	rs9979428
1	2857599	2857599	C/T	+	rs546396839
1	161291989	161291989	G/A	+	rs147534803
10	106574454	106574454	C/T	+	rs181661157
11	95537516	95537516	C/A	+	rs187058867
21	30649086	30649086	C/T	+	rs151145698
12	116778806	116778806	T/C	+	rs536761922
13	67530728	67530728	G/A	+	rs183085617
13	108390294	108390294	A/G	+	rs76857338
2	7925778	7925778	A/G	+	rs75233914
4	188582975	188582975	G/A	+	rs149254127
14	29059404	29059404	C/T	+	rs534422548
15	95131521	95131521	G/A	+	rs148690002
2	160768450	160768450	T/C	+	rs567829830
3	110636207	110636207	A/G	+	rs578014391
4	93481100	93481100	T/A	+	rs139656710
6	134810842	134810842	G/A	+	rs527337531
6	79094110	79094110	A/G	+	rs11963526
6	31609502	31609502	T/C	+	rs568542441
18	23617627	23617627	C/T	+	rs540050823
10	53620276	53620276	C/T	+	rs566777629
13	62901171	62901171	A/G	+	rs139904071
16	20741764	20741764	A/G	+	rs574490661
6	96338813	96338813	T/G	+	rs2205759
8	3993012	3993012	T/C	+	rs377393355
11	113719599	113719599	T/C	+	rs187881229
2	64719505	64719505	G/A	+	rs13421997
4	75155153	75155153	T/C	+	rs190381235
20	38887388	38887388	T/C	+	rs545325890
1	10129891	10129891	G/A	+	rs548304617
8	134642417	134642417	A/G	+	rs528685246
9	112975406	112975406	G/A	+	rs188823772
11	26514973	26514973	T/C	+	rs189217153
15	73951394	73951394	C/G	+	rs373664056
15	63896121	63896121	C/T	+	rs7179656
17	35693102	35693102	C/T	+	rs574761504
20	19899850	19899850	A/G	+	rs553996958
8	28345035	28345035	A/G	+	rs578077949
14	70902745	70902745	G/T	+	rs12892262
20	11189332	11189332	C/T	+	rs552650287
19	50542765	50542765	C/T	+	rs141284447
14	39919745	39919745	C/A	+	rs192545817
1	212961124	212961124	C/T	+	rs376872565
4	98518598	98518598	A/C	+	rs541062711
16	72660328	72660328	T/C	+	rs559048974
1	170969025	170969025	G/A	+	rs540355368
3	7610737	7610737	C/T	+	rs138582234
5	134119910	134119910	T/C	+	rs557041458
7	128094460	128094460	C/G	+	rs553226930
13	104620987	104620987	T/C	+	rs74795823
17	47816591	47816591	C/T	+	rs141812590
14	52156241	52156241	A/G	+	rs545393002
19	4055508	4055508	T/C	+	rs3760904
19	41096457	41096457	A/T	+	rs570875313
17	6803835	6803835	A/C	+	rs538313772
1	48648865	48648865	T/C	+	rs182861425
3	6553739	6553739	T/G	+	rs576871947
4	36113469	36113469	T/C	+	rs1510644
5	57622367	57622367	C/T	+	rs540213691
5	67772078	67772078	A/G	+	rs557814971
5	176721147	176721147	C/A	+	rs150594850
8	47373287	47373287	C/T	+	rs180859440
10	64262431	64262431	A/G	+	rs542117062
15	51229185	51229185	A/C	+	rs568659584
17	55214302	55214302	C/T	+	rs114131582
22	17139773	17139773	A/G	+	rs140148250
22	27798761	27798761	C/T	+	rs45473596
8	86865268	86865268	G/C	+	rs540241342
13	95273766	95273766	T/C	+	rs192726608
7	28146023	28146023	C/T	+	rs79254101
7	89654392	89654392	G/A	+	rs115958724
10	69309472	69309472	C/T	+	rs187304231
3	155144641	155144641	T/G	+	rs546116100
6	33252583	33252583	C/T	+	rs107860
6	106067343	106067343	T/A	+	rs74526772
6	131616881	131616881	T/C	+	rs566851365
18	52841337	52841337	G/A	+	rs146374437
1	41465777	41465777	A/C	+	rs560880787
10	123753397	123753397	G/C	+	rs576951800
11	105810318	105810318	G/A	+	rs372331614
21	27357884	27357884	G/T	+	rs150200421
22	27638267	27638267	C/G	+	rs150009997
8	130557846	130557846	C/G	+	rs182724326
11	45293967	45293967	C/T	+	rs7395289
20	35827277	35827277	T/C	+	rs200410144
2	68175182	68175182	T/C	+	rs112809838
8	129329040	129329040	A/C	+	rs111396174
2	40648335	40648335	G/T	+	rs151324278
16	11375573	11375573	A/T	+	rs7194752
3	98484703	98484703	A/C	+	rs544290245
5	6592216	6592216	G/A	+	rs189749960
18	58619911	58619911	A/G	+	rs56078635
8	24176308	24176308	T/C	+	rs148026915
10	44646269	44646269	A/T	+	rs201773894
16	17114053	17114053	C/A	+	rs187083833
12	109895072	109895072	G/A	+	rs535773155
8	26506213	26506213	T/C	+	rs567568330
14	31176155	31176155	A/G	+	rs149558029
20	62059278	62059278	G/A	+	rs557415721
7	90772840	90772840	G/A	+	rs73395698
9	117860412	117860412	A/G	+	rs556599756
6	11651753	11651753	T/C	+	rs190818888
8	105740098	105740098	A/C	+	rs188169395
9	112975548	112975548	G/A	+	rs146325553
10	16023039	16023039	C/T	+	rs185255329
10	26946325	26946325	G/A	+	rs575398232
2	193408036	193408036	A/G	+	rs552882851
1	241146983	241146983	A/G	+	rs530770579
3	79819111	79819111	C/A	+	rs6548662
6	31276051	31276051	A/G	+	rs4141168
11	65527359	65527359	C/A	+	rs1787663
2	40282334	40282334	G/T	+	rs77228852
3	76097328	76097328	G/T	+	rs181249328
8	119149356	119149356	T/C	+	rs534976228
16	72288040	72288040	C/T	+	rs529160919
18	1972513	1972513	G/A	+	rs7226923
20	43595277	43595277	A/G	+	rs539368329
3	119481021	119481021	C/T	+	rs7611041
4	53531636	53531636	A/C	+	rs73145499
6	18412026	18412026	T/C	+	rs565681406
12	33296787	33296787	G/C	+	rs79929503
15	62209380	62209380	C/T	+	rs185811819
11	6052982	6052982	A/G	+	rs543478283
3	185005771	185005771	T/G	+	rs185281308
4	89239214	89239214	A/G	+	rs147010971
5	106185028	106185028	T/C	+	rs543125844
10	12535813	12535813	C/T	+	rs183357919
14	91670741	91670741	C/T	+	rs144193881
7	141411222	141411222	G/A	+	rs567948905
9	5759880	5759880	T/C	+	rs75007171
13	90995980	90995980	G/A	+	rs146952590
8	93582966	93582966	A/G	+	rs145081654
14	63702135	63702135	T/C	+	rs541974425
10	20608185	20608185	C/T	+	rs554128369
13	30738902	30738902	G/C	+	rs79549449
13	31921384	31921384	G/C	+	rs150133918
14	29419392	29419392	C/T	+	rs539953138
1	187156271	187156271	T/A	+	rs558624666
5	29253009	29253009	C/T	+	rs55696992
1	67784889	67784889	T/A	+	rs17130279
4	188951259	188951259	G/T	+	rs551213436
6	32261826	32261826	T/C	+	rs56118007
9	6770078	6770078	C/G	+	rs7857692
20	8446358	8446358	A/G	+	rs227136
8	47528569	47528569	C/T	+	rs150430008
14	105864632	105864632	C/T	+	rs368839973
18	69590186	69590186	T/C	+	rs58348887
9	27932226	27932226	G/A	+	rs555738319
4	189777440	189777440	A/T	+	rs185783614
7	150148398	150148398	A/G	+	rs527290612
17	1298237	1298237	T/C	+	rs116002593
15	51232568	51232568	C/T	+	rs531295501
2	134160962	134160962	C/T	+	rs115257047
10	33016344	33016344	C/T	+	rs55999116
11	128623445	128623445	T/C	+	rs183388904
12	34350094	34350094	T/G	+	rs542197057
16	57360950	57360950	C/T	+	rs223819
4	169143582	169143582	C/T	+	rs113183020
6	412802	412802	G/A	+	rs9392504
6	32657469	32657469	T/C	+	rs370363575
17	20846306	20846306	C/T	+	rs571542790
17	78867780	78867780	C/T	+	rs9909541
20	41741916	41741916	T/C	+	rs148534326
5	170842127	170842127	T/C	+	rs551734175
3	138864050	138864050	C/T	+	rs543627816
3	138864057	138864057	A/G	+	rs563405847
6	145376245	145376245	A/G	+	rs145618037
13	108854017	108854017	G/A	+	rs149635091
3	60717572	60717572	A/G	+	rs574662636
5	34702727	34702727	G/A	+	rs533905741
5	104311869	104311869	A/G	+	rs143386320
9	134300192	134300192	T/G	+	rs560766521
13	78295341	78295341	T/C	+	rs532515289
16	17549425	17549425	T/A	+	rs4296246
6	99300338	99300338	A/G	+	rs185791931
1	219306319	219306319	A/C	+	rs115316322
2	104277892	104277892	C/T	+	rs117402700
5	171337008	171337008	C/A	+	rs552465910
11	128551691	128551691	A/G	+	rs4245080
16	88862009	88862009	C/T	+	rs12596491
20	61159294	61159294	T/C	+	rs557657244
9	104371326	104371326	G/C	+	rs561809156
11	110308804	110308804	G/A	+	rs547362515
16	60913302	60913302	C/A	+	rs62045456
1	881488	881488	T/C	+	rs546317140
12	12521033	12521033	T/A	+	rs147374839
13	87737330	87737330	C/T	+	rs115949026
5	118121100	118121100	T/G	+	rs542280475
6	36222705	36222705	G/A	+	rs563447432
1	190642452	190642452	T/C	+	rs115285331
10	53785061	53785061	A/G	+	rs541740211
7	76397388	76397388	G/A	+	rs191449430
17	59366557	59366557	C/T	+	rs116986872
3	21067474	21067474	G/A	+	rs13070706
3	79821757	79821757	T/C	+	rs2055456
3	79822837	79822837	A/G	+	rs1354210
8	23617860	23617860	T/C	+	rs192499816
12	118908251	118908251	G/A	+	rs567582625
7	147483193	147483193	T/C	+	rs541387922
10	59275805	59275805	T/C	+	rs541185488
13	65781618	65781618	A/C	+	rs542666398
15	62209376	62209376	T/A	+	rs180812848
5	19675836	19675836	T/C	+	rs192233196
6	32560737	32560737	A/G	+	rs558257892
18	48963811	48963811	C/T	+	rs7240215
1	174432957	174432957	T/A	+	rs533486760
6	105312134	105312134	T/C	+	rs73770148
7	93318084	93318084	A/G	+	rs560529213
10	69310100	69310100	G/A	+	rs7088667
18	4555026	4555026	G/A	+	rs79270113
18	79061840	79061840	A/T	+	rs376960085
21	38095284	38095284	T/C	+	rs185901688
12	103783567	103783567	G/A	+	rs114594488
12	84926540	84926540	C/T	+	rs146599849
2	209249003	209249003	A/C	+	rs116628557
2	190578504	190578504	G/A	+	rs559868929
3	162428808	162428808	A/C	+	rs572170457
12	102817437	102817437	A/G	+	rs541543170
13	26485906	26485906	G/C	+	rs116358071
15	64262695	64262695	A/C	+	rs76512413
9	129437047	129437047	T/C	+	rs1220820
10	4923336	4923336	T/C	+	rs550584094
12	77970378	77970378	C/A	+	rs571334871
4	30404793	30404793	A/G	+	rs148279592
1	207059361	207059361	C/T	+	rs186658965
8	43811416	43811416	C/T	+	rs8185754
9	6649344	6649344	C/G	+	rs1755610
15	39189645	39189645	A/T	+	rs75421962
18	52707713	52707713	A/G	+	rs147586196
14	95901768	95901768	A/G	+	rs145662680
15	81489779	81489779	T/C	+	rs528345317
18	5252069	5252069	A/C	+	rs34630948
1	103200441	103200441	G/A	+	rs6681786
2	40449066	40449066	G/A	+	rs72798679
7	45653155	45653155	T/C	+	rs79213408
7	45653157	45653157	A/G	+	rs76498226
10	80860368	80860368	G/A	+	rs546060222
18	7165578	7165578	G/A	+	rs116602554
16	6384169	6384169	A/C	+	rs188588106
3	124559562	124559562	G/A	+	rs534743336
4	164569990	164569990	A/G	+	rs543162918
16	84460313	84460313	C/G	+	rs577687984
19	16341966	16341966	G/A	+	rs56119701
6	162258707	162258707	T/C	+	rs555355292
15	95121290	95121290	C/A	+	rs566335149
15	95121305	95121305	C/T	+	rs533832134
1	105527389	105527389	G/T	+	rs185491808
14	85446301	85446301	A/C	+	rs146806896
18	64691720	64691720	T/C	+	rs555377415
6	111637584	111637584	G/T	+	rs571180050
11	63812437	63812437	C/A	+	rs185400420
12	106174293	106174293	C/T	+	rs182875432
20	56714679	56714679	C/T	+	rs189970624
1	243911226	243911226	A/T	+	rs185358567
4	106452121	106452121	A/T	+	rs6852554
13	98180962	98180962	T/G	+	rs139280197
15	53489030	53489030	A/G	+	rs561469392
7	13867929	13867929	G/A	+	rs114434639
20	37307219	37307219	G/A	+	rs184552384
10	123425910	123425910	C/T	+	rs57607301
22	41294651	41294651	A/G	+	rs368180176
6	73453289	73453289	C/T	+	rs145958137
10	126634794	126634794	G/A	+	rs570002184
15	67200609	67200609	C/T	+	rs12148282
1	116884388	116884388	C/G	+	rs111429768
6	42189344	42189344	G/A	+	rs529683986
12	112879976	112879976	T/C	+	rs149700650
17	20408783	20408783	A/G	+	rs569262871
9	80375814	80375814	A/G	+	rs571008579
3	57326316	57326316	C/T	+	rs189324776
4	30451203	30451203	G/C	+	rs73811305
4	38762373	38762373	G/C	+	rs6856032
6	47709710	47709710	G/A	+	rs55726323
12	75647387	75647387	C/A	+	rs116411087
2	158362204	158362204	T/C	+	rs562338160
9	95122803	95122803	A/T	+	rs578115783
7	95619619	95619619	T/C	+	rs146141739
9	6170847	6170847	C/T	+	rs116863868
6	88333416	88333416	G/C	+	rs192044882
17	73255661	73255661	A/G	+	rs79986344
5	127854103	127854103	T/A	+	rs137957345
10	20797578	20797578	G/T	+	rs7071726
10	90355303	90355303	G/C	+	rs74148573
12	107354052	107354052	G/A	+	rs563148503
17	39793460	39793460	G/A	+	rs183277674
10	69309844	69309844	T/C	+	rs141449667
3	174662770	174662770	C/T	+	rs142878550
6	162138450	162138450	A/G	+	rs543244881
10	30646297	30646297	A/G	+	rs527604762
6	85343731	85343731	A/G	+	rs571578150
6	85345689	85345689	T/C	+	rs553198986
15	92975513	92975513	T/C	+	rs558768156
4	75470718	75470718	T/A	+	rs146182896
15	46642300	46642300	G/C	+	rs561358834
1	22730737	22730737	G/C	+	rs557192265
3	39859755	39859755	G/C	+	rs141788643
6	132929579	132929579	C/T	+	rs547539565
12	101287108	101287108	G/T	+	rs77569927
17	80357989	80357989	C/T	+	rs550557109
1	165644020	165644020	C/T	+	rs142586739
14	93142630	93142630	T/A	+	rs187909745
1	242193506	242193506	C/T	+	rs117881980
3	147604709	147604709	A/G	+	rs150165768
7	90689896	90689896	T/G	+	rs557108129
9	34303396	34303396	C/A	+	rs562892280
9	34336003	34336003	T/C	+	rs537054698
13	23742258	23742258	T/G	+	rs529418944
20	1112036	1112036	A/G	+	rs560443322
9	114733691	114733691	T/C	+	rs9299219
1	2349908	2349908	A/G	+	rs58965274
3	69270337	69270337	T/C	+	rs560612591
6	33315767	33315767	A/C	+	rs539433562
10	31599338	31599338	A/C	+	rs11008539
10	31599680	31599680	G/A	+	rs12098443
3	107698621	107698621	C/A	+	rs560898308
5	117972080	117972080	T/C	+	rs77924261
17	1306406	1306406	A/G	+	rs11652371
19	12990954	12990954	C/T	+	rs570016910
4	59812502	59812502	G/A	+	rs147637138
10	58438561	58438561	T/C	+	rs544909457
11	88980737	88980737	G/T	+	rs573858437
1	22242404	22242404	T/C	+	rs567799359
9	87552636	87552636	G/A	+	rs150020515
10	123752299	123752299	T/C	+	rs567983878
12	111969761	111969761	G/T	+	rs147864869
15	39189981	39189981	T/C	+	rs74736288
3	115320730	115320730	A/G	+	rs9836924
8	38448426	38448426	C/T	+	rs185709135
15	79337977	79337977	T/C	+	rs536166857
5	98035358	98035358	T/A	+	rs547002637
10	78652949	78652949	G/A	+	rs564179596
12	50136445	50136445	C/G	+	rs148129035
6	155992731	155992731	T/C	+	rs567066517
9	20325560	20325560	A/C	+	rs574819651
13	25494782	25494782	G/C	+	rs186770664
7	7266465	7266465	A/G	+	rs116819050
7	73423908	73423908	G/A	+	rs573216240
19	12307137	12307137	A/C	+	rs531396150
6	23157277	23157277	C/T	+	rs554898914
2	37855471	37855471	C/T	+	rs6721008
5	67514805	67514805	T/C	+	rs539455831
5	104583073	104583073	C/T	+	rs183981138
7	35996574	35996574	C/A	+	rs528144526
7	141621157	141621157	A/G	+	rs140112672
8	143942705	143942705	C/T	+	rs559704737
10	71523213	71523213	C/A	+	rs534475300
15	94786956	94786956	T/C	+	rs563053220
4	137647313	137647313	T/C	+	rs546100599
6	147120626	147120626	C/T	+	rs531355832
8	90400117	90400117	C/T	+	rs149921709
10	89376405	89376405	T/G	+	rs77715068
13	90847347	90847347	G/A	+	rs532095981
19	8216658	8216658	A/G	+	rs527290878
8	77356401	77356401	C/T	+	rs572068391
8	77357167	77357167	A/C	+	rs539138146
10	12496946	12496946	G/C	+	rs372329320
19	19424720	19424720	G/A	+	rs546564802
3	41506078	41506078	C/T	+	rs149692427
7	154491318	154491318	A/G	+	rs560508495
5	169145425	169145425	A/C	+	rs538670930
15	38528837	38528837	T/C	+	rs376791038
