CHR	BP	SNP	P	TOTAL
6	32626614	rs9273374	5.22e-253	6687
6	32617809	rs28798705	4.28e-199	468
6	32611449	rs7757696	1.04e-192	493
2	102969667	rs145573519	1.61e-160	382
9	6177453	rs9775039	1.16e-153	211
6	32593566	rs9271726	2.05e-152	636
17	38038389	rs12939565	8.9e-133	746
10	9043404	rs61840192	1.03e-131	152
11	76293070	rs7114362	2.48e-129	148
6	32632777	rs1049068	6.38e-98	792
2	102926362	rs12470864	6.87e-97	134
5	110423832	rs201024593	1.61e-95	243
2	242699504	rs62192033	1.13e-93	132
15	67441750	rs72743461	2.98e-88	31
9	6047765	rs62557312	1.96e-85	223
11	76299431	rs55646091	9.6e-76	61
5	131991032	rs3091308	7.72e-75	138
6	32574360	rs2647074	9.76e-74	446
8	81292599	rs7824394	9.5e-67	212
6	32631918	rs41263792	5.21e-64	110
6	32779280	rs41316239	4.34e-62	22
6	32498626	rs148451580	2.9e-61	92
5	110161482	rs60557452	8.18e-61	503
10	9043352	rs11256016	2.3e-59	92
16	11213021	rs35441874	1.74e-57	290
12	57509102	rs3122929	1.85e-55	119
6	32561935	rs188575117	7.98e-55	0
6	32529916	rs553177248	8.7e-55	291
12	56435504	rs705705	1.17e-53	69
1	152285861	rs61816761	2.24e-53	45
6	32210355	rs3134935	2.81e-52	18
6	31356087	rs72502575	2.21e-51	276
5	131799626	rs3749833	3.11e-51	264
4	38808632	rs4833096	4.08e-51	247
12	57493727	rs3024971	2.95e-49	91
15	67539032	rs112173287	4.02e-49	230
6	90838675	rs12212737	5.17e-49	152
6	32632850	rs9274408	5.18e-49	2
1	152179152	rs12123821	2.21e-47	70
6	32353735	rs182229954	8.23e-46	105
6	32601204	rs114549185	5.56e-45	136
17	47439302	rs112502960	6.25e-45	171
4	123386013	rs58939053	7.37e-45	315
10	9141624	rs117746614	7.77e-45	85
15	61047526	rs9920526	2.75e-44	65
19	33726578	rs117710327	2.9e-42	26
17	38165485	rs7221894	1.2e-41	92
1	167436300	rs1617988	1.36e-41	62
9	5936490	rs117134689	2.63e-41	21
6	32624377	rs567302488	5.43e-41	4
5	132016992	rs2243284	4.43e-40	172
13	99999601	rs1319132	3.22e-39	244
2	8461377	rs71387227	5.8e-39	65
10	8850363	rs10905469	1.92e-38	73
4	123087303	rs76120566	3.52e-38	289
6	32749666	rs28893537	2.5e-37	26
6	32529468	rs71536563	3.26e-37	1
6	31454362	rs144596166	5.51e-37	21
6	32619096	rs555816908	7.08e-37	0
16	27345352	rs1981551	2.78e-36	152
10	9172233	rs1149915	2.79e-36	28
3	33042713	rs7650543	4.31e-36	35
3	188083490	rs9878655	4.32e-36	78
7	20542216	rs7793850	8.83e-36	234
5	141538017	rs249681	1.15e-35	189
6	31358559	rs2923009	4.94e-35	150
11	1112593	rs10751640	2.17e-33	104
6	32312655	rs2078290	3.49e-33	16
12	76007126	rs149770152	7.55e-33	0
1	152440176	rs11205006	1.08e-32	72
17	38064971	rs117097909	1.23e-32	19
5	17364309	rs185221697	2.82e-32	0
6	32619089	rs534331448	4.43e-32	0
6	32196672	rs9267862	5.61e-32	53
6	32617104	rs188694433	9.89e-32	0
6	31472862	rs3131640	6.57e-31	55
6	32523827	rs71536533	1.36e-30	19
9	6504189	rs7864027	1.47e-30	13
6	32772575	rs2621348	1.57e-30	80
6	32618190	rs185774696	4.29e-30	0
17	38817114	rs7210983	8.07e-30	62
10	6093139	rs12722502	1.24e-29	11
13	27920500	rs113889357	1.98e-29	0
12	57530341	rs17547610	2.78e-29	1
5	131821548	rs61175929	4.89e-29	144
2	123839204	rs144881115	6.51e-29	0
10	9070677	rs77000868	6.8e-29	17
22	29784170	rs76890695	8.25e-29	0
11	61573684	rs174551	1.08e-28	80
16	27371424	rs3024664	1.55e-28	33
11	76331393	rs147739507	9.15e-28	27
6	32630391	rs9274171	1.09e-27	12
21	36488753	rs202204907	1.71e-27	68
6	32624515	rs185774274	4.28e-27	1
2	102798245	rs74180212	4.44e-27	145
7	28219812	rs849333	6.39e-27	116
6	32006597	rs6462	6.95e-27	23
9	6252690	rs149045797	7.53e-27	12
6	32658624	rs2157051	1.07e-26	4
6	32522795	rs117137018	1.34e-26	0
5	110420721	rs181461000	1.5e-26	9
6	32263134	rs533459121	1.86e-26	24
14	68773744	rs3825729	1.97e-26	119
9	81960645	rs370138771	1.98e-26	0
10	8566762	rs2646436	2.4e-26	75
15	67371244	rs28617673	2.61e-26	14
22	37061356	rs193203786	2.86e-26	0
22	37061388	rs190480671	2.9e-26	0
1	80199711	rs118030933	2.96e-26	0
6	33099474	rs3116990	3.03e-26	189
6	31416379	rs9267111	3.24e-26	50
9	5850375	rs58029167	8.05e-26	186
10	9032555	rs72782676	8.95e-26	6
17	37598842	rs7212218	9.8e-26	32
3	196367930	rs7636493	1.01e-25	30
17	37643376	rs72827105	1.3e-25	15
5	35893189	rs62351976	1.34e-25	86
6	33000844	rs35988070	2.44e-25	33
6	29916681	rs28749158	3.37e-25	564
9	6182285	rs9695132	5.03e-25	70
20	11634990	rs75097346	5.34e-25	0
5	14610309	rs16903574	5.9e-25	4
1	25299747	rs12131497	6.32e-25	29
11	118746433	rs10892305	8.86e-25	195
12	97213279	rs114355466	9.59e-25	7
6	31465030	rs6922431	1.87e-24	9
11	111488585	rs61896951	4.06e-24	212
6	32624033	rs193147579	4.93e-24	8
1	8696006	rs1890572	5.62e-24	254
5	110424932	rs141405779	7.85e-24	47
4	17437952	rs190517737	8.19e-24	0
21	26042361	rs182156659	8.74e-24	0
6	32616482	rs534868470	8.87e-24	0
6	31562924	rs71563353	1.56e-23	11
12	67959352	rs141668396	2.57e-23	0
20	62354494	rs7262150	2.9e-23	148
7	20420930	rs71526323	3.12e-23	86
6	32646969	rs114708995	3.75e-23	0
7	70016729	rs7797987	3.82e-23	0
2	103192574	rs7608337	4.46e-23	69
5	41434777	rs147868033	4.48e-23	0
22	41853117	rs169363	4.56e-23	439
6	32490292	rs185320691	5.11e-23	3
6	128291649	rs41285280	5.92e-23	30
17	40418571	rs9909628	5.95e-23	88
3	108143978	rs78074993	6.12e-23	0
3	188401138	rs55661102	6.74e-23	60
17	43231991	rs12936466	7.56e-23	51
6	32609323	rs142591955	9.06e-23	2
10	8104340	rs3824661	1.13e-22	46
16	16160253	rs138296006	1.18e-22	0
6	32630386	rs9274169	1.22e-22	0
6	32618822	rs375069308	1.36e-22	0
4	53656787	rs73814855	1.54e-22	0
5	110695291	rs7706446	1.67e-22	129
2	102837147	rs1024792	1.77e-22	52
1	25258867	rs61774728	1.81e-22	24
5	131439635	rs11242105	1.95e-22	168
9	6221246	rs16924144	2.07e-22	1
18	72569664	rs187179865	2.07e-22	0
6	33847630	rs74747954	2.14e-22	0
5	17158123	rs183693906	2.91e-22	8
6	32560739	rs6910879	3.15e-22	2
11	65653632	rs3867128	4.49e-22	20
6	31337437	rs2922999	5.1e-22	56
3	176852038	rs7626218	7.19e-22	151
5	106721547	rs115698288	7.73e-22	0
19	11443102	rs145029725	9.48e-22	0
12	121365431	rs188074962	1.21e-21	230
10	8515325	rs10795633	1.3e-21	121
5	139104512	rs145258356	1.41e-21	0
12	111797565	rs142365849	1.47e-21	0
1	151786281	rs3828058	2.05e-21	45
10	61524120	rs73267584	2.13e-21	0
11	20832714	rs112405747	2.16e-21	0
6	31221895	rs9264218	2.27e-21	13
3	196359310	rs1684466	2.42e-21	11
10	8304992	rs113981909	2.46e-21	83
7	22766433	rs7802307	2.98e-21	85
6	30693121	rs7781	4.19e-21	31
6	105710789	rs73512033	4.98e-21	0
13	21256343	rs191530669	5.74e-21	0
1	2513678	rs2016366	5.75e-21	82
7	42424908	rs183720841	6.05e-21	0
12	92549023	rs114048096	7.24e-21	0
12	75958600	rs190029525	7.64e-21	0
3	61589486	rs373682209	7.93e-21	0
15	84531695	rs143253231	8.88e-21	132
6	32501756	rs536537022	9.12e-21	0
5	110566175	rs10057913	9.93e-21	21
13	67802558	rs74852547	1.4e-20	0
15	34248529	rs142833331	1.43e-20	0
6	90874713	rs147471705	1.54e-20	26
6	31520658	rs34492353	1.55e-20	62
10	6124257	rs56382813	1.8e-20	6
10	92126300	rs192493603	1.94e-20	0
1	152096775	rs79491862	2.14e-20	5
7	20455978	rs2390314	2.5e-20	71
12	15506473	rs76251111	2.61e-20	0
15	41693455	rs4924544	2.78e-20	281
10	8871392	rs112842054	3.02e-20	1
1	151801680	rs4845604	3.24e-20	4
3	185969455	rs185986816	3.35e-20	0
17	38764524	rs112401631	3.45e-20	3
11	65559266	rs10791824	3.94e-20	24
3	196330249	rs111261380	4.02e-20	27
7	110019407	rs79788659	4.23e-20	0
5	121023621	rs76639799	4.9e-20	0
5	106703531	rs139592966	5.29e-20	0
10	94429467	rs7918084	5.29e-20	57
4	99631720	rs143445255	5.42e-20	0
3	47652068	rs146563712	5.49e-20	0
15	59362300	rs189295374	6.38e-20	0
4	116638062	rs111839173	6.95e-20	0
6	32616993	rs555746221	7.11e-20	0
5	121029807	rs114372072	7.46e-20	0
7	95155337	rs113050249	8.37e-20	0
13	40319954	rs28635831	8.54e-20	147
10	6628224	rs61841332	8.83e-20	13
14	47992512	rs188341231	8.83e-20	0
15	42190535	rs372019101	1.01e-19	0
5	3364865	rs57580990	1.25e-19	0
2	242680229	rs60946542	1.29e-19	1
3	43200935	rs182011134	1.48e-19	0
2	102866377	rs10186746	1.49e-19	18
10	9353730	rs201962501	1.62e-19	38
10	9039506	rs1705333	2.16e-19	0
7	29274493	rs150510414	2.17e-19	0
5	139119137	rs147562575	2.19e-19	0
4	90051456	rs187146369	2.31e-19	0
4	178442654	rs138449600	2.45e-19	0
6	32446711	rs9269160	2.53e-19	0
6	135685999	rs2143793	2.64e-19	93
10	8979851	rs6602347	2.95e-19	25
6	32573710	rs139991161	3.02e-19	2
4	101795760	rs140673264	3.77e-19	0
10	64434282	rs138012443	3.9e-19	28
12	71517669	rs71456061	4.14e-19	210
6	105710785	rs73512032	4.3e-19	0
3	24557294	rs138660142	4.57e-19	0
17	43336687	rs4247364	4.76e-19	32
5	156852756	rs369028166	5.26e-19	157
5	132069706	rs9327638	5.43e-19	6
7	47247696	rs60162903	5.88e-19	0
5	117314119	rs2416483	5.9e-19	0
5	110387125	rs62375550	6.46e-19	4
6	55698760	rs75788512	7.22e-19	0
5	169049075	rs182461349	7.52e-19	0
9	91677274	rs184004899	7.68e-19	0
16	27262280	rs7189678	8.09e-19	48
17	45873049	rs72833417	8.46e-19	23
5	141520827	rs183991587	9.86e-19	1
4	116820552	rs115200415	1.06e-18	0
5	96925435	rs190822156	1.09e-18	0
16	6664062	rs114212869	1.13e-18	0
10	20151272	rs184195810	1.15e-18	0
11	76366690	rs12718488	1.27e-18	12
3	24556975	rs143640939	1.29e-18	0
6	80777441	rs188419495	1.45e-18	0
7	47244416	rs60881593	1.51e-18	0
1	203090976	rs7555556	1.52e-18	44
6	121762233	rs35586997	1.55e-18	18
7	47240710	rs73322515	1.63e-18	0
4	75832103	rs76398516	1.66e-18	0
11	32473586	rs374689417	1.77e-18	0
5	24191434	rs201495976	1.78e-18	0
12	4822735	rs141648417	1.78e-18	0
9	25819124	rs73642412	1.82e-18	0
2	70239539	rs189210278	1.92e-18	0
2	70279538	rs185321289	1.92e-18	0
3	33078221	rs60508576	2.2e-18	72
6	149787068	rs56383785	2.37e-18	91
20	11638224	rs148529851	2.41e-18	0
13	32974096	rs148626587	2.79e-18	0
10	9293290	rs1143869	2.82e-18	10
7	3157276	rs73033560	2.97e-18	61
17	47497862	rs72837213	3.44e-18	9
10	9017478	rs1663671	3.51e-18	8
17	50493656	rs150174385	3.59e-18	0
7	80043301	rs147038821	3.6e-18	0
2	102294003	rs12467817	3.67e-18	8
6	32491732	rs113854881	3.78e-18	0
4	163995256	rs72996280	4.41e-18	0
15	67413624	rs117683492	4.72e-18	2
1	2183001	rs150453256	4.78e-18	0
12	101003864	rs115303362	4.8e-18	0
1	12135325	rs6690285	4.92e-18	13
6	32544901	rs557673768	4.94e-18	0
9	140012502	rs145842726	5.17e-18	0
4	66069002	rs140819990	5.39e-18	0
5	131953510	rs17772583	5.76e-18	6
6	32618493	rs545361737	5.77e-18	0
11	36371757	rs2592555	6.51e-18	22
7	144504736	rs144496283	6.56e-18	0
5	154681904	rs146736960	6.97e-18	0
3	127954710	rs56397996	7.26e-18	309
12	34486149	rs117377396	7.74e-18	0
17	38122882	rs11871317	8.17e-18	0
15	53730034	rs140767757	8.53e-18	0
6	84497910	rs147303040	8.6e-18	1
1	2211730	rs113458259	1.04e-17	0
3	6384008	rs377515795	1.04e-17	0
3	104382899	rs74747014	1.05e-17	0
8	128793338	rs73351149	1.13e-17	42
12	105164122	rs114800091	1.14e-17	0
1	9356676	rs67551275	1.32e-17	16
7	47244568	rs61210982	1.42e-17	0
6	32624843	rs9501646	1.45e-17	0
16	28594344	rs117814920	1.52e-17	0
11	1226012	rs28429038	1.74e-17	29
11	72917363	rs73541065	1.74e-17	0
3	21824852	rs74647648	1.97e-17	0
20	18164849	rs191900956	2e-17	0
10	51775991	rs372353853	2.09e-17	0
14	33096506	rs140004893	2.24e-17	0
1	198601705	rs76181804	2.35e-17	29
6	32648685	rs114394994	2.37e-17	0
17	40702760	rs184482331	2.47e-17	8
12	58152628	rs146323526	2.62e-17	0
19	5349526	rs148487251	2.68e-17	0
6	107018113	rs187320309	2.73e-17	0
2	74238475	rs183338621	2.85e-17	0
19	36956858	rs76817027	2.91e-17	0
5	51693364	rs191255770	3.13e-17	0
12	57334917	rs201672301	3.48e-17	8
1	160644522	rs149897355	3.54e-17	0
6	155055323	rs4385322	3.58e-17	27
3	115335879	rs148501235	3.6e-17	0
1	12175658	rs2230624	3.7e-17	2
9	101915887	rs41283642	3.7e-17	3
2	228712557	rs2056567	3.71e-17	21
15	63380025	rs182159433	3.71e-17	0
10	31890807	rs7086577	3.87e-17	0
14	61873866	rs141088606	4.06e-17	0
8	82968099	rs190400917	4.14e-17	0
4	47283389	rs116559377	4.21e-17	0
4	54114990	rs187085344	4.53e-17	0
2	242751699	rs62193093	4.6e-17	29
2	163936353	rs148281161	4.63e-17	0
2	158333561	rs139924082	4.66e-17	0
19	3136091	rs117552144	4.7e-17	0
15	69918860	rs140252523	4.89e-17	0
12	53608074	rs112352919	5.03e-17	0
2	226085296	rs141971500	5.07e-17	0
1	203081380	rs138244378	5.19e-17	0
1	107976545	rs371601906	5.47e-17	0
1	107974231	rs377072553	5.75e-17	0
2	102948896	rs140650674	5.83e-17	2
7	47200716	rs151203787	5.96e-17	0
10	31891009	rs147281079	6.29e-17	0
6	138230040	rs200820567	6.34e-17	31
10	27349573	rs115427693	6.36e-17	0
16	27424171	rs179768	6.56e-17	18
1	152784255	rs11804609	6.87e-17	18
5	110426482	rs139671781	7.03e-17	6
3	49016914	rs202082295	7.22e-17	0
6	32983765	rs11964507	7.25e-17	1
12	103118184	rs80194082	7.46e-17	0
2	71923537	rs374494611	7.68e-17	0
2	5860956	rs150249700	8.28e-17	0
12	105158470	rs115006960	8.55e-17	0
3	154796276	rs115397404	8.58e-17	0
3	187435837	rs9841150	8.91e-17	42
7	39725656	rs149739757	9.02e-17	0
8	29782840	rs191661396	9.26e-17	0
4	181537185	rs144062274	9.94e-17	0
5	110491379	rs252872	1.03e-16	13
6	31439659	rs9688839	1.03e-16	1
8	48416870	rs191600432	1.04e-16	0
10	79998082	rs146012621	1.11e-16	0
22	47492539	rs147742334	1.13e-16	0
19	38446315	rs353401	1.14e-16	0
11	83230482	rs186904773	1.16e-16	0
13	52303654	rs181960659	1.31e-16	0
13	52303656	rs187594796	1.31e-16	0
7	47225821	rs75496449	1.37e-16	0
7	47225822	rs78216460	1.37e-16	0
7	3032229	rs186520974	1.38e-16	3
17	18894925	rs140645419	1.43e-16	0
17	38284863	rs75905358	1.45e-16	18
11	60464799	rs150420471	1.48e-16	0
20	11621772	rs185613548	1.48e-16	0
1	14204328	rs149698351	1.54e-16	0
5	163535285	rs185839748	1.59e-16	0
2	102560726	rs72988513	1.61e-16	0
17	56432039	rs149394482	1.63e-16	0
14	85103485	rs148370193	1.81e-16	0
7	125624238	rs140279130	1.82e-16	0
6	32471012	rs111637026	1.89e-16	0
17	6280856	rs7214885	1.93e-16	0
2	30404213	rs142726493	1.96e-16	0
2	242672153	rs35177143	2.11e-16	91
8	39874024	rs185382122	2.21e-16	0
1	197798132	rs183340015	2.22e-16	0
3	188442480	rs9290877	2.23e-16	59
6	32656093	rs112067814	2.23e-16	0
13	74027390	rs142102013	2.29e-16	21
7	47224812	rs73334571	2.3e-16	0
8	103020013	rs114871163	2.37e-16	0
19	9137195	rs73012738	2.47e-16	13
7	47221836	rs111421852	2.6e-16	0
2	242690770	rs141343442	2.61e-16	1
5	88535824	rs138551915	2.61e-16	0
11	76121290	rs4945084	2.61e-16	6
3	195718760	rs138134713	2.62e-16	71
9	6142157	rs544253	2.85e-16	3
12	66687612	rs73329021	3.05e-16	0
7	86304336	rs111770896	3.45e-16	0
6	35154315	rs6457809	3.69e-16	219
5	58275883	rs78586335	3.72e-16	0
1	173131493	rs10158467	3.73e-16	29
5	150636978	rs115821625	3.85e-16	0
14	25596286	rs111641920	3.89e-16	0
11	76394461	rs11236855	4.06e-16	2
1	151587185	rs151288460	4.27e-16	0
15	79929897	rs111614308	4.29e-16	0
2	30492116	rs111597890	4.57e-16	57
9	23585741	rs274945	4.63e-16	23
4	55905652	rs115548019	4.7e-16	1
3	53161079	rs144002170	4.76e-16	0
3	122567398	rs144731635	4.82e-16	0
8	78571885	rs150422966	5.05e-16	0
18	61442619	rs12964116	5.11e-16	1
7	98923902	rs187149538	5.21e-16	0
1	152168717	rs35058813	5.31e-16	14
11	10660067	rs11603178	5.48e-16	36
6	104888936	rs182095606	6.01e-16	0
14	91836470	rs113428342	6.01e-16	0
13	111001025	rs184028552	6.11e-16	0
2	163858676	rs191060790	6.29e-16	0
11	6160334	rs76812074	6.36e-16	0
8	4158733	rs138788821	6.44e-16	0
20	52208356	rs2766678	6.61e-16	10
12	1522867	rs190315919	6.68e-16	0
6	114367279	rs111603225	6.7e-16	0
6	32507575	rs540246625	6.74e-16	0
6	117778146	rs114382321	6.92e-16	0
18	68128719	rs79163002	7.04e-16	0
8	8805455	rs150389453	7.11e-16	0
8	9934487	rs184113203	7.25e-16	0
13	76437051	rs116584228	7.31e-16	0
2	141544968	rs141901937	7.77e-16	0
10	2701119	rs115428497	7.77e-16	0
18	49799327	rs369558913	7.93e-16	0
14	24012211	rs188388762	7.99e-16	0
1	44446486	rs2231281	8.2e-16	0
11	117269034	rs191910781	8.2e-16	0
4	55898766	rs144272031	8.31e-16	0
1	10871622	rs192721732	8.38e-16	0
19	3093889	rs7245431	8.42e-16	0
17	5702999	rs78035839	8.46e-16	0
10	9474813	rs7091278	8.64e-16	54
6	32648948	rs545072519	9e-16	0
18	48904213	rs146220415	9.01e-16	0
5	168803807	rs369416811	9.17e-16	0
14	22769602	rs77307871	9.17e-16	0
19	45253582	rs8100197	9.55e-16	20
17	2465502	rs113777083	9.77e-16	0
16	73325911	rs143505395	1e-15	0
12	20623931	rs116371807	1.03e-15	0
15	51893543	rs79373398	1.05e-15	0
19	46252333	rs116959973	1.06e-15	37
2	131565016	rs188639301	1.08e-15	0
8	90599224	rs186605314	1.09e-15	0
8	38456247	rs116167392	1.11e-15	0
11	76394274	rs12419600	1.13e-15	2
13	27473905	rs78941064	1.13e-15	0
5	168803224	rs372184572	1.2e-15	0
6	52231778	rs145633617	1.24e-15	0
7	130521972	rs145639379	1.31e-15	0
17	76352554	rs76848919	1.31e-15	0
16	18089296	rs116781148	1.37e-15	0
4	37806851	rs185441533	1.4e-15	0
8	102259618	rs193267310	1.43e-15	0
10	6055604	rs9663421	1.43e-15	36
14	96353886	rs4900299	1.51e-15	0
12	69698464	rs186685954	1.54e-15	0
5	115855229	rs115330139	1.56e-15	6
12	53406551	rs7970899	1.6e-15	0
11	76284775	rs6592650	1.62e-15	9
9	23193738	rs146193230	1.63e-15	0
6	48179083	rs138011867	1.66e-15	1
6	64210163	rs1779773	1.66e-15	242
17	41475459	rs112504308	1.71e-15	0
4	90644373	rs60385286	1.76e-15	0
8	134104166	rs66555610	1.76e-15	0
5	11608957	rs77171825	1.82e-15	0
7	41176708	rs59797816	1.9e-15	0
20	35945736	rs187685402	1.92e-15	0
22	46985218	rs5767278	1.93e-15	1
7	97807722	rs374657478	1.94e-15	0
2	103198049	rs181291283	1.97e-15	1
4	90649374	rs113263791	2.06e-15	0
2	65817076	rs56699982	2.09e-15	0
4	65383214	rs182375165	2.12e-15	0
7	46394152	rs78953650	2.12e-15	0
13	40184865	rs142507462	2.12e-15	0
5	146024523	rs143106850	2.14e-15	0
6	159734959	rs184216006	2.2e-15	0
14	35881761	rs9322952	2.23e-15	15
1	154419892	rs12730935	2.34e-15	24
6	31765865	rs557699552	2.42e-15	2
16	5565988	rs370258546	2.44e-15	0
12	100976997	rs182023787	2.53e-15	0
11	56287298	rs150484091	2.6e-15	0
10	8456007	rs11255686	2.61e-15	38
17	61999505	rs2262046	2.64e-15	15
1	184436495	rs142974104	2.65e-15	0
6	55668881	rs116090994	2.75e-15	0
6	11088976	rs139727043	2.77e-15	0
1	58255018	rs146356216	2.98e-15	0
6	115826134	rs59420554	3.13e-15	0
14	35796757	rs146763133	3.15e-15	0
9	100993458	rs185721771	3.23e-15	0
10	36120565	rs149084414	3.23e-15	0
14	107246279	rs114658347	3.23e-15	0
18	48337491	rs116007131	3.25e-15	0
4	118365504	rs190965706	3.35e-15	0
12	73014393	rs376823832	3.37e-15	0
20	36809358	rs56770899	3.42e-15	0
1	38344602	rs150788669	3.82e-15	15
2	214656250	rs185256020	3.88e-15	0
14	77585370	rs73299673	3.93e-15	0
1	2193804	rs112780030	3.96e-15	0
1	172700868	rs1102705	3.98e-15	12
6	33571302	rs35020498	4.04e-15	29
6	33443983	rs28361092	4.11e-15	8
10	79270428	rs189062167	4.12e-15	0
15	84338251	rs147726586	4.14e-15	33
1	1936190	rs371042559	4.21e-15	0
2	103126539	rs11688802	4.26e-15	3
12	130555490	rs181581585	4.41e-15	0
12	105251489	rs375287036	4.51e-15	0
4	95215734	rs145192039	4.61e-15	0
12	12456012	rs375326021	4.64e-15	0
2	191084310	rs115640990	4.74e-15	0
3	122560999	rs117028500	4.75e-15	0
3	118299104	rs376240861	4.77e-15	0
14	34451586	rs148790297	4.8e-15	0
13	44093461	rs112934086	4.99e-15	0
16	50726822	rs111164073	5.11e-15	4
20	49176442	rs79641917	5.27e-15	0
8	145158607	rs34173062	5.31e-15	2
5	113698136	rs371232510	5.38e-15	0
10	6111075	rs7893324	5.38e-15	37
21	27991195	rs151279281	5.48e-15	0
12	94599942	rs7135586	5.54e-15	68
7	155478134	rs181713051	5.59e-15	0
12	20623349	rs75469494	5.62e-15	0
4	13135078	rs146383227	5.87e-15	0
14	95395460	rs111369471	5.87e-15	0
11	3785929	rs140790699	5.97e-15	0
1	209473935	rs75957226	6.11e-15	0
10	24186017	rs140848373	6.44e-15	0
18	51816408	rs12965763	6.52e-15	121
3	60950603	rs190454515	6.7e-15	0
1	208817484	rs115587306	6.77e-15	1
17	73851113	rs55868394	6.84e-15	30
17	75439255	rs77864114	6.92e-15	0
1	81182068	rs180897797	7.05e-15	0
11	25352348	rs6484135	7.09e-15	0
2	42848663	rs192777694	7.18e-15	0
2	29888084	rs149496289	7.23e-15	0
5	129529286	rs199590709	7.32e-15	1
3	11925690	rs137925487	7.73e-15	0
12	53611846	rs11170483	7.73e-15	0
18	67365870	rs373574910	7.73e-15	0
17	6280351	rs115028830	7.89e-15	0
15	40853679	rs11629680	8.29e-15	10
20	49173201	rs75718858	8.65e-15	0
9	123198321	rs188489063	8.99e-15	0
6	32654241	rs113457465	9.43e-15	0
1	167198536	rs1021621	9.7e-15	77
13	95579326	rs9590126	9.87e-15	0
13	32903824	rs11571625	9.89e-15	0
21	35803299	rs77353711	1.06e-14	0
10	20681795	rs75134124	1.08e-14	0
17	20191141	rs150413678	1.08e-14	0
16	27371669	rs56188488	1.14e-14	0
2	152609304	rs148238614	1.18e-14	1
4	176188770	rs114747092	1.2e-14	0
6	33603889	rs71565399	1.21e-14	39
16	3874464	rs189273815	1.21e-14	0
4	123418789	rs188573597	1.24e-14	18
8	113297513	rs188453201	1.24e-14	0
3	188319951	rs7373898	1.28e-14	8
4	42800296	rs187717353	1.29e-14	0
20	658188	rs142741642	1.3e-14	0
1	10343260	rs12120499	1.33e-14	56
17	18897485	rs145961865	1.33e-14	0
7	87452888	rs60096900	1.35e-14	0
3	44818080	rs181648870	1.38e-14	0
6	106083956	rs144858424	1.48e-14	0
6	32156908	rs204992	1.5e-14	4
1	4972579	rs370523674	1.51e-14	0
21	35803627	rs116515597	1.51e-14	0
1	246336360	rs12088764	1.6e-14	0
2	125782878	rs148939356	1.61e-14	0
11	32015588	rs79682905	1.64e-14	4
20	11622926	rs201999493	1.66e-14	0
6	109285481	rs370926614	1.68e-14	0
19	2228964	rs111290677	1.72e-14	0
7	17346721	rs185127003	1.76e-14	0
8	602464	rs144044754	1.79e-14	0
4	181290024	rs146948304	1.8e-14	0
11	107512061	rs116630127	1.81e-14	0
1	42175050	rs368376288	1.82e-14	0
4	64741392	rs181540555	1.83e-14	0
2	112252585	rs141514755	1.85e-14	12
3	112634262	rs144301783	1.85e-14	14
7	15114967	rs116485832	1.92e-14	0
1	159149515	rs2852714	1.95e-14	12
12	74613735	rs7977707	2e-14	0
16	52569330	rs28750243	2e-14	0
5	138095205	rs186125520	2.05e-14	0
2	61024667	rs13382528	2.12e-14	37
11	103946766	rs188048310	2.18e-14	0
1	91952900	rs371385701	2.19e-14	0
9	6534845	rs2282160	2.19e-14	3
14	89584860	rs114118025	2.21e-14	0
3	32108255	rs369215953	2.3e-14	0
6	132249013	rs111785012	2.38e-14	0
18	51196618	rs371440683	2.39e-14	0
5	103340205	rs77604110	2.43e-14	0
3	188036806	rs13087727	2.45e-14	11
17	6280124	rs113520973	2.47e-14	0
16	27392701	rs11074853	2.48e-14	9
5	168390499	rs147444784	2.49e-14	0
7	153849898	rs147238202	2.5e-14	0
12	48204627	rs11168246	2.52e-14	14
2	20878682	rs193027059	2.53e-14	0
11	105613167	rs377019731	2.59e-14	0
2	177530436	rs181977202	2.64e-14	0
10	28650047	rs114062294	2.64e-14	0
13	100117278	rs4393428	2.66e-14	28
3	118099416	rs16828328	2.7e-14	0
12	4422478	rs117562087	2.82e-14	0
9	6101939	rs2381384	2.83e-14	5
6	32623943	rs554448117	2.86e-14	0
10	75473704	rs3870401	2.96e-14	8
13	45169422	rs149259241	2.96e-14	0
4	151522842	rs375023539	2.97e-14	0
6	32489711	rs1136778	3.01e-14	10
13	78448631	rs144243767	3.04e-14	0
10	48414092	rs140271276	3.1e-14	0
17	6280139	rs112845896	3.1e-14	0
13	58161095	rs144746977	3.13e-14	0
7	100536258	rs181538942	3.29e-14	0
7	97199410	rs2394717	3.32e-14	0
10	48323121	rs28367159	3.33e-14	0
6	105667680	rs143980781	3.46e-14	0
22	37885141	rs375463526	3.77e-14	0
2	25241200	rs148340928	3.78e-14	0
9	131867130	rs10988207	3.8e-14	101
7	19737905	rs148230406	3.81e-14	1
2	20351203	rs145393041	3.85e-14	0
14	22546253	rs28590716	3.86e-14	0
11	82789816	rs77362279	3.91e-14	0
1	56273511	rs377036066	3.97e-14	0
13	21299006	rs151326410	4.16e-14	0
6	109291701	rs12193948	4.19e-14	32
17	12247336	rs66590878	4.23e-14	6
4	7178390	rs73796465	4.25e-14	0
17	1327039	rs57987021	4.26e-14	0
7	90423708	rs114504633	4.27e-14	0
16	27414378	rs6498021	4.34e-14	14
5	91279244	rs138376247	4.36e-14	0
1	199617487	rs181180557	4.44e-14	0
14	104561218	rs374725323	4.44e-14	0
6	30996649	rs559840571	4.46e-14	1
11	71255332	rs180975028	4.51e-14	0
8	9915511	rs188162231	4.63e-14	0
17	6792888	rs143625894	4.72e-14	0
5	109795994	rs189272893	4.74e-14	4
8	72730584	rs79637080	4.83e-14	0
12	89695115	rs115851911	4.99e-14	0
16	86969979	rs74039020	5.05e-14	0
1	38803830	rs190683379	5.24e-14	0
9	4384932	rs112843354	5.34e-14	0
20	40276100	rs149939669	5.66e-14	0
5	132013093	rs74466521	5.82e-14	3
5	118690781	rs3813308	5.86e-14	18
1	10561604	rs6658216	6.02e-14	48
9	14409318	rs139467527	6.07e-14	0
10	8940394	rs12253380	6.09e-14	5
7	90442896	rs111405953	6.19e-14	0
6	32373378	rs3806155	6.21e-14	1
4	64987144	rs188905668	6.22e-14	0
5	88431827	rs183869939	6.27e-14	0
3	172843899	rs188128239	6.32e-14	0
1	218405900	rs115589880	6.67e-14	0
2	192779201	rs146949901	6.67e-14	0
6	10722035	rs116838881	6.67e-14	0
9	99828449	rs187745342	6.67e-14	0
2	102662888	rs10185424	6.76e-14	21
5	146026292	rs149865064	7.14e-14	0
5	146026293	rs182481470	7.14e-14	0
19	33790754	rs34995897	7.55e-14	0
8	114840020	rs190330094	7.64e-14	0
9	126871470	rs191732607	7.8e-14	0
2	160772231	rs139153279	7.81e-14	0
10	31893581	rs12244453	7.82e-14	0
4	145463567	rs6835650	7.84e-14	7
4	188369884	rs115548578	7.91e-14	0
15	99627485	rs193259932	7.91e-14	0
6	33048599	rs707958	7.95e-14	1
1	216918093	rs182671410	8.13e-14	0
17	1081740	rs190708117	8.18e-14	0
2	85544305	rs187767426	8.27e-14	0
20	7446373	rs371124014	8.56e-14	0
20	7448746	rs377017207	8.56e-14	0
20	7451971	rs376982158	8.56e-14	0
3	51441307	rs73078636	8.65e-14	19
5	150521509	rs147429690	8.71e-14	0
7	22747125	rs62449487	8.74e-14	28
17	6279949	rs113916952	8.76e-14	0
6	32804553	rs241426	8.77e-14	2
1	214654948	rs190299216	8.78e-14	0
2	192782678	rs75266112	9.07e-14	0
3	23626210	rs4999998	9.26e-14	102
19	1166410	rs12462901	9.27e-14	2
21	32596622	rs8127708	9.42e-14	0
10	122788828	rs201272535	9.46e-14	0
2	102367651	rs188904486	9.48e-14	0
11	38145587	rs187994268	9.48e-14	0
5	58282446	rs145550404	9.51e-14	0
18	4428607	rs115114451	9.77e-14	0
19	17415385	rs141988394	9.79e-14	0
1	159429696	rs193227271	9.8e-14	0
12	4171850	rs182115665	9.92e-14	0
11	79202138	rs143334817	1.02e-13	0
11	105616256	rs372861185	1.03e-13	0
3	81262676	rs147719392	1.04e-13	0
11	76308239	rs200618267	1.04e-13	7
5	117319991	rs149188132	1.05e-13	0
9	114687941	rs77746867	1.05e-13	0
11	6895163	rs181994405	1.05e-13	0
5	133058651	rs374288620	1.06e-13	0
8	2762243	rs142850311	1.06e-13	0
20	54149238	rs143737682	1.06e-13	0
2	141285538	rs374048706	1.07e-13	0
7	142525946	rs115332170	1.08e-13	0
11	22999547	rs77543041	1.1e-13	0
12	112202038	rs115080218	1.11e-13	0
17	6279899	rs150229700	1.15e-13	0
17	6279903	rs138788783	1.15e-13	0
5	117312417	rs115578781	1.18e-13	0
1	11844289	rs76627351	1.21e-13	0
1	7510651	rs114964088	1.22e-13	0
16	11338344	rs181579	1.22e-13	22
1	79445760	rs17102563	1.24e-13	0
1	230599982	rs115721332	1.24e-13	0
6	114367276	rs113058128	1.24e-13	0
6	32619099	rs574576046	1.26e-13	0
14	93593885	rs116894593	1.26e-13	1
20	11628845	rs114969708	1.27e-13	0
9	6380605	rs139939994	1.28e-13	8
8	125561663	rs144449533	1.3e-13	0
17	81024861	rs9900226	1.3e-13	16
13	52425739	rs184122916	1.31e-13	0
12	113701799	rs12581181	1.32e-13	0
20	17885368	rs192987686	1.35e-13	0
1	203939574	rs149787163	1.38e-13	0
5	176513896	rs3135911	1.38e-13	7
7	42572924	rs193199658	1.39e-13	0
5	117318588	rs76172844	1.4e-13	0
5	169732703	rs186250657	1.4e-13	0
2	52029673	rs112684345	1.42e-13	0
6	19347453	rs1858520	1.42e-13	32
6	51512924	rs201733977	1.44e-13	0
1	153074513	rs78351402	1.45e-13	0
5	117313866	rs145256973	1.49e-13	0
7	42950092	rs199906680	1.5e-13	0
5	146026806	rs147686578	1.52e-13	0
7	69570483	rs79340630	1.52e-13	0
4	14921592	rs150258201	1.53e-13	1
9	123647855	rs10818481	1.53e-13	72
5	3360601	rs115518251	1.57e-13	0
2	143764319	rs62169918	1.59e-13	8
10	28649376	rs74767415	1.6e-13	0
4	123591521	rs6852559	1.64e-13	1
1	173040279	rs77872759	1.65e-13	11
14	42954186	rs185244288	1.66e-13	0
3	20660399	rs188248983	1.7e-13	0
8	38110771	rs190140631	1.7e-13	0
13	45408820	rs182192216	1.7e-13	0
6	21862343	rs77634652	1.78e-13	5
10	111218785	rs184279486	1.8e-13	0
17	46563707	rs1553754	1.84e-13	5
8	129294254	rs78195937	1.85e-13	0
7	3166865	rs36198584	1.86e-13	2
5	110559554	rs7714962	1.87e-13	0
5	117313347	rs142236814	1.87e-13	0
7	142536277	rs116540987	1.88e-13	0
12	29404018	rs140749139	1.91e-13	0
11	105617797	rs376546145	1.92e-13	0
6	64954884	rs7452152	1.93e-13	181
11	11908803	rs114885732	1.94e-13	0
1	224051182	rs181126710	2.03e-13	0
16	50568963	rs189838382	2.05e-13	0
4	163217266	rs185658936	2.07e-13	0
1	216545896	rs148430102	2.09e-13	0
6	32614829	rs114336758	2.11e-13	0
20	5409813	rs183965436	2.13e-13	0
1	226919910	rs10916031	2.14e-13	4
17	62468575	rs140290142	2.14e-13	1
14	104578428	rs118159062	2.15e-13	0
4	64758991	rs191299140	2.18e-13	0
14	47673839	rs17118153	2.21e-13	0
3	171810251	rs139176665	2.22e-13	0
14	93013701	rs199852716	2.29e-13	23
15	55428261	rs113924208	2.3e-13	0
1	23787012	rs79751077	2.31e-13	8
1	161185058	rs2070901	2.37e-13	4
10	6104374	rs56179589	2.37e-13	1
13	26153549	rs139572332	2.37e-13	0
5	117303286	rs149389579	2.38e-13	0
10	5727532	rs146350806	2.4e-13	0
6	153774021	rs58600872	2.42e-13	0
10	8389420	rs11597580	2.45e-13	19
12	55368291	rs62623446	2.45e-13	1
10	123413460	rs142338267	2.47e-13	0
14	47675149	rs17118156	2.48e-13	0
14	47675654	rs143598955	2.48e-13	0
6	29885959	rs412317	2.49e-13	25
2	233729892	rs139393399	2.63e-13	0
10	28651068	rs138892913	2.63e-13	0
3	187681712	rs509399	2.94e-13	1
7	47186537	rs77576177	2.96e-13	0
8	123439141	rs185156199	2.99e-13	0
9	6181307	rs4097694	3.02e-13	11
17	1507611	rs201840772	3.05e-13	0
10	129074211	rs182336125	3.06e-13	0
6	31923232	rs200708785	3.13e-13	2
20	11627062	rs185553355	3.16e-13	0
1	174829115	rs2987879	3.19e-13	25
9	130047716	rs115864823	3.22e-13	0
9	6732320	rs4742254	3.29e-13	9
12	29398393	rs12578197	3.32e-13	0
13	73908177	rs190748376	3.33e-13	0
10	120047526	rs138700582	3.34e-13	0
14	54354237	rs182417546	3.35e-13	0
6	43357469	rs148758824	3.4e-13	0
8	72722023	rs4132233	3.42e-13	0
6	72840897	rs185440558	3.43e-13	0
10	128986686	rs191412791	3.44e-13	0
18	11843824	rs185435129	3.57e-13	0
3	12699361	rs13101202	3.59e-13	8
2	117974772	rs186290811	3.6e-13	0
4	149589955	rs192733505	3.67e-13	0
5	99325203	rs114890499	3.67e-13	0
7	88281038	rs143190369	3.67e-13	0
9	6588393	rs144666843	3.72e-13	1
16	63719565	rs181167838	3.75e-13	0
2	174703140	rs61064355	3.77e-13	0
7	80077395	rs114813803	3.77e-13	0
12	57332984	rs28621466	3.96e-13	0
8	81234744	rs6993477	3.99e-13	13
19	49983614	rs200009375	4.01e-13	0
11	126348809	rs113451061	4.04e-13	0
1	68701587	rs140872471	4.07e-13	0
6	31325199	rs9266226	4.07e-13	17
9	6197753	rs138714180	4.1e-13	1
7	13906077	rs191919247	4.11e-13	0
3	187684413	rs113385229	4.17e-13	0
14	97889225	rs146061910	4.22e-13	0
6	47615234	rs147319089	4.24e-13	0
6	32525686	rs79071881	4.35e-13	0
4	148235810	rs144603397	4.48e-13	0
1	212861362	rs371923485	4.5e-13	0
2	209661780	rs111631608	4.56e-13	0
2	75625829	rs115182391	4.75e-13	0
22	23173693	rs9623943	4.77e-13	5
12	116700337	rs189693101	4.78e-13	0
15	61068811	rs17204454	4.81e-13	8
3	168718097	rs1420466	4.89e-13	132
2	178691552	rs142067339	4.91e-13	0
21	42399690	rs149803452	4.95e-13	0
17	32097799	rs139162555	4.96e-13	0
10	35855156	rs190329472	5.07e-13	0
4	54320039	rs73156090	5.16e-13	0
8	108132646	rs151197179	5.24e-13	0
11	73867986	rs184644338	5.33e-13	0
17	6279624	rs111439372	5.38e-13	0
1	36934112	rs3917995	5.4e-13	0
6	31329601	rs9266302	5.47e-13	3
1	80143182	rs142044381	5.48e-13	0
5	103281635	rs189838543	5.51e-13	0
5	125729477	rs192909449	5.67e-13	0
10	20601848	rs78864861	5.77e-13	0
3	136466962	rs143848342	5.78e-13	0
7	57257650	rs7808989	5.92e-13	0
14	52125422	rs142794927	5.94e-13	0
19	16410141	rs8111628	6e-13	25
10	34353757	rs77083691	6.06e-13	0
9	130049134	rs16929750	6.12e-13	0
12	92595903	rs7309599	6.21e-13	0
2	235495012	rs116413378	6.22e-13	0
9	140403007	rs191141531	6.22e-13	0
16	50745926	rs2066844	6.22e-13	5
19	52301860	rs961552	6.29e-13	0
3	192163902	rs73066259	6.35e-13	2
2	102728533	rs6742122	6.52e-13	4
5	132022975	rs116018601	6.58e-13	1
12	78629742	rs73342472	6.58e-13	0
17	7503319	rs112715785	6.6e-13	25
10	6639501	rs11253578	6.64e-13	3
6	31222223	rs28397305	6.67e-13	0
21	36715761	rs9979383	6.8e-13	27
5	141408666	rs164512	6.82e-13	10
14	97888477	rs148354556	6.87e-13	0
5	161679311	rs77542319	6.91e-13	0
5	161681017	rs115844864	6.91e-13	0
17	75435362	rs114188504	7.1e-13	0
3	64483255	rs75689947	7.14e-13	0
10	116019736	rs192728756	7.14e-13	0
8	113538695	rs376576551	7.21e-13	0
9	117838093	rs7026596	7.31e-13	14
17	40182064	rs186941177	7.34e-13	0
3	116204742	rs76111267	7.49e-13	14
10	8562348	rs7095431	7.49e-13	1
2	103048108	rs55978515	7.5e-13	4
6	144192664	rs184208779	7.51e-13	0
6	114358411	rs114891418	7.52e-13	0
12	83354058	rs116150106	7.55e-13	1
13	23741899	rs183946158	7.55e-13	0
1	246275182	rs112966591	7.59e-13	0
6	36331026	rs142321104	7.65e-13	0
14	97886243	rs141317223	7.65e-13	0
1	112215453	rs11102322	7.69e-13	0
9	6451990	rs118022602	7.69e-13	0
9	101822422	rs34111295	7.8e-13	3
7	27972466	rs146151651	7.82e-13	0
5	115054041	rs190080475	8e-13	0
11	120992711	rs11218149	8e-13	1
6	32111239	rs79282662	8.01e-13	9
6	114421888	rs73536639	8.09e-13	0
3	1721959	rs117277529	8.3e-13	0
2	65851607	rs57281002	8.34e-13	0
2	65851952	rs111355723	8.34e-13	0
13	60484244	rs138907872	8.37e-13	0
6	32694042	rs115222658	8.4e-13	11
3	184085164	rs142399481	8.45e-13	0
7	136118269	rs193038036	8.45e-13	0
9	4148351	rs7030351	8.49e-13	15
18	36953688	rs80224025	8.55e-13	0
5	110449057	rs184163934	8.62e-13	3
17	54525733	rs186779520	8.74e-13	0
4	123760048	rs139601554	8.82e-13	0
5	110418241	rs149096812	8.9e-13	1
6	31853873	rs610265	8.94e-13	2
7	15116405	rs114765349	9.14e-13	0
10	8766109	rs80255519	9.33e-13	3
1	28457986	rs372165362	9.51e-13	0
17	40148416	rs373529196	9.51e-13	0
11	76381814	rs117051189	9.6e-13	0
9	131564080	rs13290954	9.87e-13	8
4	4851714	rs114482173	9.92e-13	0
17	6279472	rs148414209	1e-12	0
17	6279562	rs113367356	1e-12	0
12	78127459	rs711149	1.02e-12	0
20	29540093	rs6119003	1.02e-12	15
1	150247311	rs6676685	1.04e-12	20
7	20499738	rs12539003	1.04e-12	1
3	93999571	rs9852322	1.05e-12	8
7	6878623	rs4724866	1.05e-12	23
8	96638426	rs141087884	1.05e-12	0
9	5266182	rs137996988	1.05e-12	0
10	71802197	rs2087630	1.05e-12	0
17	8024236	rs187062164	1.05e-12	0
5	174556608	rs117993103	1.06e-12	0
9	5682654	rs55786261	1.07e-12	0
17	4521473	rs71368508	1.07e-12	2
20	35925521	rs145232338	1.07e-12	0
3	51153710	rs9713035	1.09e-12	83
4	188340921	rs141144849	1.09e-12	0
12	3937645	rs191637032	1.09e-12	0
17	37976093	rs114211283	1.09e-12	2
1	160584360	rs164282	1.1e-12	6
3	25839387	rs191034117	1.11e-12	0
6	92521812	rs182829494	1.11e-12	0
11	128135309	rs61907677	1.13e-12	22
6	119541067	rs191897836	1.14e-12	0
8	41632682	rs74666598	1.14e-12	0
19	4355871	rs10420217	1.15e-12	3
3	187635232	rs12638043	1.17e-12	10
1	207259609	rs180742823	1.19e-12	0
17	68072077	rs186680178	1.2e-12	0
1	216891329	rs115805893	1.21e-12	1
1	241435602	rs201593860	1.21e-12	0
10	9595303	rs28427465	1.21e-12	2
9	15725581	rs138542223	1.22e-12	0
5	44018623	rs189099472	1.25e-12	2
8	127431283	rs182547836	1.25e-12	0
10	34349056	rs114553382	1.26e-12	0
4	4087685	rs373360641	1.27e-12	0
14	69260563	rs12889006	1.29e-12	19
19	6580892	rs2029745	1.29e-12	7
21	32591630	rs374008913	1.3e-12	0
5	151134635	rs149147798	1.31e-12	0
20	35924010	rs142909621	1.31e-12	0
21	22031989	rs73333052	1.31e-12	0
8	96631286	rs115566927	1.32e-12	0
11	98033309	rs187333214	1.32e-12	0
4	161180432	rs182234043	1.33e-12	0
15	61236847	rs4775331	1.33e-12	0
15	61236848	rs4775332	1.33e-12	0
19	17824938	rs372406108	1.33e-12	0
1	62124630	rs143124251	1.34e-12	0
5	95410836	rs184106805	1.34e-12	0
17	6279428	rs112593827	1.34e-12	0
17	6279438	rs145512441	1.34e-12	0
7	128166092	rs141267412	1.37e-12	3
10	115759006	rs192155171	1.38e-12	0
6	38223554	rs184830731	1.4e-12	0
16	88803934	rs11643304	1.4e-12	28
6	64634829	rs147034488	1.41e-12	0
7	90581803	rs73409560	1.42e-12	0
11	69798513	rs112498185	1.42e-12	0
15	67385469	rs1465841	1.42e-12	11
19	36937660	rs76731128	1.43e-12	0
19	36938387	rs80095335	1.43e-12	0
19	36949421	rs74718531	1.43e-12	0
19	36950634	rs189624148	1.43e-12	0
19	36951747	rs79082072	1.43e-12	0
19	36952765	rs75249243	1.43e-12	0
19	36956690	rs187604244	1.43e-12	0
19	36957702	rs74891778	1.43e-12	0
19	36958741	rs75286787	1.43e-12	0
19	36959517	rs78975269	1.43e-12	0
17	6279377	rs113272262	1.49e-12	0
14	83876634	rs56741249	1.5e-12	0
9	6519538	rs180882380	1.51e-12	0
2	112252776	rs62162265	1.56e-12	1
5	172189805	rs322355	1.56e-12	0
5	146029034	rs193026746	1.59e-12	0
6	33580673	rs60683829	1.59e-12	0
2	160325164	rs139689853	1.61e-12	0
9	130056418	rs16929757	1.62e-12	0
2	119831817	rs146095763	1.65e-12	0
5	176757962	rs544630567	1.66e-12	7
5	110144545	rs114677569	1.68e-12	7
15	63287605	rs145680765	1.69e-12	0
9	114668160	rs10981151	1.71e-12	0
3	4764437	rs55864359	1.73e-12	0
6	33722702	rs149847418	1.73e-12	0
6	32619632	rs566907865	1.76e-12	0
19	42654750	rs191699156	1.76e-12	0
11	81835446	rs201913789	1.77e-12	0
4	75564205	rs190870792	1.79e-12	0
1	105345630	rs191464214	1.85e-12	0
21	14730435	rs59224812	1.85e-12	0
3	46541080	rs143107573	1.9e-12	0
11	76267767	rs60748394	1.91e-12	0
2	239711351	rs142063070	1.95e-12	0
17	40210662	rs374555557	1.97e-12	0
2	126597495	rs370620386	1.98e-12	0
2	218714139	rs146225229	1.98e-12	0
5	126439077	rs10035217	2e-12	20
1	46562662	rs785515	2.01e-12	6
5	144155713	rs149827052	2.01e-12	0
13	77486368	rs17066907	2.04e-12	0
19	45354296	rs11666329	2.07e-12	1
19	36961837	rs80297885	2.1e-12	0
6	128293932	rs72975913	2.15e-12	22
7	47161777	rs149496496	2.15e-12	0
7	85033579	rs146092726	2.16e-12	0
13	68945001	rs116640470	2.22e-12	0
3	185792297	rs76165431	2.26e-12	0
9	97499529	rs143331635	2.26e-12	0
2	69724371	rs201872917	2.29e-12	0
20	62582080	rs79943637	2.31e-12	0
11	82723420	rs371235274	2.33e-12	0
9	16819274	rs112243217	2.35e-12	0
2	165605526	rs184109408	2.36e-12	0
21	22027965	rs73333040	2.36e-12	0
17	38104568	rs150597587	2.39e-12	1
8	115960792	rs183110723	2.4e-12	0
14	103099053	rs74615488	2.42e-12	38
6	128575995	rs116709545	2.46e-12	0
12	94582336	rs12303699	2.46e-12	4
6	32492874	rs114646026	2.48e-12	0
10	115873354	rs190506247	2.5e-12	0
4	41178260	rs139163954	2.51e-12	0
1	248414375	rs142939824	2.54e-12	0
7	141278630	rs150613982	2.6e-12	0
7	62694153	rs112013189	2.66e-12	0
7	154683973	rs150996832	2.66e-12	0
8	57263979	rs191044672	2.66e-12	0
17	7031348	rs150314621	2.66e-12	0
3	141150026	rs7625643	2.68e-12	1
5	132139308	rs2652696	2.69e-12	1
8	49001721	rs113495950	2.71e-12	1
14	22543661	rs187062084	2.71e-12	0
17	43004835	rs35722758	2.72e-12	6
5	35990207	rs7712116	2.73e-12	1
19	56324522	rs144684182	2.74e-12	0
17	31832528	rs141028678	2.77e-12	0
13	44490181	rs61960013	2.78e-12	10
6	32489575	rs543993279	2.79e-12	0
11	75806513	rs148083049	2.8e-12	4
12	27646350	rs138366301	2.8e-12	0
6	33457187	rs75507056	2.81e-12	4
17	30626906	rs147710410	2.85e-12	0
21	27224785	rs75747754	2.86e-12	4
1	105159133	rs190856523	2.91e-12	0
4	27098009	rs183042487	2.93e-12	1
14	106321712	rs370384855	2.95e-12	0
5	99329829	rs75566187	3.01e-12	0
20	45979593	rs377707018	3.03e-12	0
1	2917367	rs58475401	3.07e-12	0
17	8827498	rs148608515	3.08e-12	0
2	167248312	rs187660663	3.11e-12	0
3	189523095	rs138450506	3.11e-12	0
12	59091837	rs185971497	3.14e-12	0
8	81269430	rs68002741	3.16e-12	0
10	18626010	rs77592653	3.16e-12	0
16	6657463	rs116193231	3.19e-12	0
15	67441672	rs147793459	3.21e-12	0
1	1390874	rs374914004	3.24e-12	0
7	98772439	rs4727427	3.26e-12	1
12	57498220	rs201011002	3.26e-12	25
6	33050367	rs75565607	3.29e-12	4
16	6657505	rs116678436	3.3e-12	0
2	100781612	rs6715254	3.32e-12	49
13	66918700	rs184249912	3.36e-12	0
2	9656331	rs370068256	3.38e-12	0
12	85555519	rs150706348	3.43e-12	0
9	6648895	rs145167319	3.45e-12	0
5	149320794	rs190361022	3.46e-12	0
2	144358324	rs184772643	3.47e-12	0
2	44249003	rs143122977	3.62e-12	0
11	82720404	rs368560236	3.62e-12	0
19	36965873	rs79942281	3.62e-12	0
5	43440140	rs150796338	3.65e-12	1
20	49150303	rs76419992	3.69e-12	0
4	189199580	rs140782469	3.7e-12	1
19	52334460	rs75691788	3.7e-12	0
2	203728984	rs186399184	3.74e-12	238
8	39385894	rs139040295	3.74e-12	0
5	146029638	rs150912610	3.8e-12	0
16	2429998	rs369091175	3.82e-12	0
13	59961203	rs184888016	3.83e-12	0
12	110232048	rs56214813	3.87e-12	0
3	135371971	rs73862919	3.88e-12	2
10	8688981	rs199805492	3.95e-12	3
12	78478302	rs183448471	3.95e-12	0
17	75411365	rs57384366	3.96e-12	0
22	19685204	rs139689471	3.98e-12	0
7	155481125	rs185641873	4.06e-12	0
3	118376804	rs147728989	4.07e-12	0
6	32896330	rs194676	4.07e-12	1
11	67163720	rs192430290	4.11e-12	0
13	67815117	rs150598868	4.16e-12	0
19	36970148	rs74723801	4.19e-12	0
6	90642493	rs72923904	4.21e-12	1
9	117691658	rs3181359	4.22e-12	24
7	20344126	rs73084574	4.28e-12	0
1	21118200	rs58065796	4.29e-12	0
8	52930070	rs181545710	4.35e-12	0
9	8371599	rs139092610	4.36e-12	0
3	27994047	rs79786110	4.38e-12	0
5	139931779	rs10589076	4.43e-12	19
10	9089574	rs55861950	4.47e-12	0
11	79897305	rs73513868	4.5e-12	0
3	136465030	rs118142553	4.59e-12	0
5	166682313	rs73368514	4.59e-12	0
10	63840582	rs188847018	4.59e-12	0
10	130232441	rs7075570	4.59e-12	0
17	66773464	rs150273268	4.66e-12	0
4	79542877	rs57108712	4.71e-12	0
17	47298215	rs113201977	4.75e-12	0
18	67598537	rs11663959	4.77e-12	35
16	86177285	rs28514280	4.81e-12	0
18	10600969	rs185759455	4.86e-12	0
20	36403834	rs139385097	4.92e-12	0
19	36969981	rs78873949	4.94e-12	0
19	36970426	rs78067793	4.94e-12	0
12	21097454	rs192780996	4.95e-12	0
14	37079251	rs371869544	5.04e-12	0
14	63557315	rs146671564	5.06e-12	0
2	242742022	rs143628759	5.08e-12	2
2	88710417	rs189354078	5.09e-12	0
21	44848203	rs472497	5.1e-12	0
12	39954351	rs190699805	5.11e-12	0
8	117317946	rs186660315	5.25e-12	0
4	59196120	rs189822204	5.3e-12	0
4	79730080	rs145515759	5.3e-12	0
2	45550894	rs192746719	5.32e-12	1
19	1031438	rs67538026	5.34e-12	4
15	55804405	rs28841346	5.35e-12	0
3	195909052	rs138231566	5.38e-12	0
9	139885682	rs111345928	5.38e-12	0
16	27245815	rs11647383	5.4e-12	8
12	76595890	rs188808683	5.42e-12	0
1	17314791	rs201437622	5.43e-12	0
6	154627823	rs7770794	5.43e-12	13
10	35312687	rs35032841	5.44e-12	24
10	115859377	rs181040327	5.45e-12	0
14	84964146	rs150899393	5.46e-12	0
1	40339268	rs139766411	5.48e-12	0
10	129782795	rs190779225	5.58e-12	0
10	129782796	rs183327576	5.58e-12	0
10	43733547	rs2418550	5.61e-12	18
5	167211990	rs72832017	5.65e-12	2
2	119829573	rs80322140	5.72e-12	0
9	114690979	rs78918506	5.74e-12	0
1	106241358	rs146751941	5.75e-12	0
17	5516095	rs138404061	5.8e-12	0
4	47395077	rs145720705	5.88e-12	0
5	159914665	rs17057868	5.92e-12	6
5	80534578	rs185039053	6.1e-12	0
11	72914552	rs73541049	6.14e-12	0
17	4748582	rs16954203	6.18e-12	0
5	131975484	rs143572639	6.19e-12	2
3	119285590	rs185493021	6.2e-12	0
1	92410485	rs11802525	6.25e-12	8
3	40786537	rs193033840	6.32e-12	0
7	57664718	rs76876264	6.32e-12	0
20	18553658	rs192607506	6.64e-12	0
5	91358501	rs114423624	6.75e-12	0
11	117192053	rs147138404	6.75e-12	0
1	37309893	rs144362513	6.77e-12	0
10	80118262	rs181615352	6.78e-12	0
4	6357533	rs113913022	6.81e-12	0
19	13689736	rs146539245	6.81e-12	0
2	60519502	rs142746813	6.87e-12	0
4	52831708	rs117010001	7.06e-12	0
10	10271858	rs182056692	7.1e-12	0
18	5450635	rs9961717	7.2e-12	0
5	16063662	rs138489960	7.21e-12	0
20	23519367	rs193247757	7.25e-12	0
2	116383147	rs192443610	7.35e-12	0
20	32048102	rs7269057	7.38e-12	0
11	24291715	rs187312074	7.39e-12	0
20	62279040	rs62207015	7.43e-12	4
3	132444968	rs142480226	7.44e-12	0
3	63434447	rs76183189	7.47e-12	0
2	111933001	rs72837826	7.49e-12	19
13	78809196	rs188723257	7.52e-12	0
10	30857015	rs78126657	7.64e-12	0
2	119830792	rs114520165	7.7e-12	0
6	31324702	rs1050486	7.78e-12	1
12	20641580	rs61073994	7.78e-12	0
3	24627794	rs17014879	7.83e-12	0
5	172231601	rs113461829	7.85e-12	15
11	3942227	rs58677531	7.89e-12	0
9	16818398	rs143457474	7.92e-12	0
11	19598454	rs75175115	8.1e-12	0
2	103701435	rs73944499	8.18e-12	0
9	130090945	rs16929775	8.18e-12	0
4	109495221	rs147506631	8.64e-12	0
19	13689519	rs144734245	8.66e-12	0
19	45251806	rs531660643	8.68e-12	1
6	33031612	rs35449774	8.73e-12	17
7	128435933	rs143584808	8.76e-12	0
4	79516199	rs111614136	8.82e-12	0
12	29460548	rs2288125	8.85e-12	0
13	98976332	rs115813305	8.9e-12	0
1	154492064	rs186397538	8.92e-12	0
14	91833732	rs139824127	8.94e-12	0
10	80118943	rs114258797	8.95e-12	0
10	6444296	rs658648	8.98e-12	12
15	38084087	rs74912979	9e-12	0
11	64688949	rs140076024	9.03e-12	0
5	957871	rs370989612	9.18e-12	0
11	21393427	rs144185987	9.72e-12	0
9	120889307	rs138600429	9.76e-12	0
1	240766414	rs186176069	9.77e-12	0
4	138076816	rs73002427	9.8e-12	0
3	156343653	rs62275576	9.93e-12	86
8	68540624	rs147955638	1.01e-11	0
7	11401893	rs187599881	1.05e-11	0
14	97405152	rs185601488	1.07e-11	0
1	162990627	rs373648228	1.08e-11	0
17	1079285	rs144303653	1.08e-11	0
10	62852673	rs150267740	1.09e-11	0
16	77484545	rs185975956	1.11e-11	0
3	187775940	rs59457388	1.12e-11	16
16	29132424	rs150724203	1.12e-11	0
3	71425520	rs55840990	1.13e-11	0
4	12766813	rs182536413	1.14e-11	0
9	6490491	rs113626350	1.14e-11	1
11	72914447	rs77797274	1.14e-11	0
6	55700522	rs79756965	1.15e-11	0
8	8149673	rs59224164	1.15e-11	0
11	66441694	rs6591221	1.17e-11	3
17	27566241	rs7219572	1.17e-11	4
5	156957239	rs55745041	1.18e-11	0
8	108173201	rs61104107	1.18e-11	0
20	5235752	rs55809613	1.19e-11	0
20	62393107	rs2315649	1.2e-11	3
6	26050295	rs6900218	1.21e-11	5
12	41351952	rs189085219	1.21e-11	0
11	45216184	rs11600467	1.22e-11	10
13	48101840	rs140275227	1.22e-11	0
10	83306624	rs117457845	1.23e-11	0
1	215170201	rs192764934	1.24e-11	0
2	38298139	rs1800440	1.24e-11	1
5	1921128	rs1962698	1.24e-11	0
2	219793196	rs190814715	1.25e-11	0
5	112815945	rs190650164	1.25e-11	0
4	79508213	rs180882859	1.28e-11	0
5	11608925	rs78248764	1.28e-11	0
14	97893675	rs143469459	1.3e-11	0
7	57667820	rs74655554	1.31e-11	0
18	32744097	rs141199741	1.33e-11	0
6	138002175	rs6927172	1.34e-11	7
1	240503546	rs114076858	1.35e-11	0
15	95220472	rs150387370	1.36e-11	0
16	6657642	rs114294453	1.36e-11	0
8	135955728	rs184278329	1.37e-11	0
9	17342406	rs201466402	1.37e-11	0
13	22355838	rs372099660	1.37e-11	0
9	6778979	rs7851584	1.4e-11	1
17	54340951	rs145058373	1.4e-11	0
16	27969305	rs183878582	1.41e-11	0
4	75530323	rs114563141	1.42e-11	0
19	58059273	rs35215822	1.44e-11	0
3	86473615	rs144984431	1.46e-11	0
4	181893783	rs74377106	1.46e-11	1
7	134562278	rs192396111	1.46e-11	0
17	76696995	rs116696808	1.46e-11	0
7	105026000	rs114645604	1.47e-11	1
21	32687963	rs188027665	1.47e-11	0
3	16791972	rs370900577	1.48e-11	0
9	9260351	rs146977197	1.48e-11	0
6	31392607	rs2596470	1.5e-11	1
3	100986979	rs114137525	1.51e-11	1
13	48372409	rs189176616	1.52e-11	0
20	22249120	rs139393473	1.52e-11	0
10	129416934	rs115667151	1.54e-11	1
14	53064455	rs17125579	1.54e-11	0
1	107299352	rs187748788	1.55e-11	0
5	51335951	rs116176819	1.56e-11	0
9	114666081	rs10981149	1.56e-11	0
1	76510636	rs149065316	1.58e-11	1
5	146030595	rs76512792	1.58e-11	0
7	110215284	rs150572693	1.58e-11	0
12	66361453	rs76905924	1.58e-11	3
4	147131547	rs56099921	1.6e-11	0
15	98118805	rs180980584	1.6e-11	0
1	93076518	rs7542867	1.64e-11	17
8	136008234	rs142901299	1.64e-11	0
10	45411597	rs112163836	1.64e-11	0
5	63221063	rs191252351	1.65e-11	0
2	63370060	rs147156118	1.66e-11	5
5	159873433	rs150059260	1.66e-11	0
5	121641071	rs114651631	1.67e-11	0
11	75908131	rs7125695	1.68e-11	7
11	19164037	rs80275468	1.7e-11	0
8	141803007	rs143231932	1.71e-11	0
13	74409531	rs185088878	1.72e-11	0
5	164004052	rs73340542	1.74e-11	2
6	30117454	rs3094135	1.74e-11	10
6	152589161	rs200881487	1.74e-11	0
8	144341782	rs144051026	1.74e-11	0
14	83887113	rs115826979	1.74e-11	0
19	10165262	rs183962544	1.75e-11	0
19	10165266	rs187689605	1.75e-11	0
1	22991746	rs113082986	1.78e-11	0
5	147837533	rs62636122	1.78e-11	4
3	108468402	rs201519354	1.79e-11	0
9	79142404	rs146610797	1.79e-11	0
19	3547417	rs200019629	1.79e-11	0
18	75799395	rs78034733	1.81e-11	0
9	11589166	rs139514376	1.83e-11	0
2	43208407	rs114677683	1.85e-11	0
4	79630631	rs113085991	1.86e-11	0
11	4145389	rs147374001	1.88e-11	0
12	6195742	rs188902837	1.89e-11	0
1	40475472	rs114811312	1.9e-11	0
1	177669229	rs115349110	1.9e-11	0
12	131757672	rs137926256	1.9e-11	0
16	6657526	rs115440744	1.9e-11	0
8	89004170	rs181399344	1.91e-11	0
3	84631640	rs114843672	1.97e-11	0
15	95313531	rs114409442	1.98e-11	0
4	85755935	rs183464318	2e-11	0
6	106662741	rs2245214	2e-11	31
19	6689186	rs191033730	2.03e-11	0
2	59238789	rs188729292	2.06e-11	0
1	91784619	rs111913142	2.07e-11	0
1	177668245	rs78127122	2.07e-11	0
5	96368906	rs184491866	2.07e-11	0
1	236893176	rs149025139	2.1e-11	0
5	33964165	rs79147807	2.12e-11	0
11	105690826	rs140119892	2.12e-11	0
5	155984811	rs193208190	2.14e-11	0
9	125507527	rs184289015	2.15e-11	0
5	117314699	rs114233862	2.16e-11	0
9	114665986	rs10981148	2.17e-11	0
6	10172259	rs189129717	2.18e-11	0
18	25575754	rs73400022	2.18e-11	0
20	24658940	rs114788171	2.19e-11	0
3	86473796	rs140869069	2.2e-11	0
14	50697007	rs115178243	2.2e-11	0
5	6016680	rs144989638	2.21e-11	0
9	130514533	rs139392565	2.22e-11	0
5	2245489	rs145177216	2.24e-11	0
5	91350361	rs188558249	2.24e-11	0
14	105320853	rs148957187	2.24e-11	19
2	61267968	rs182114551	2.28e-11	0
1	177682476	rs77253023	2.29e-11	0
17	30356783	rs573365748	2.29e-11	32
17	45862112	rs56137679	2.29e-11	46
11	105700875	rs115402016	2.3e-11	0
1	206623866	rs11809494	2.31e-11	18
3	55591995	rs11716980	2.33e-11	7
2	141670065	rs371011318	2.34e-11	0
18	48647640	rs1893380	2.34e-11	19
10	57079383	rs139824811	2.35e-11	0
10	89361685	rs12416173	2.35e-11	0
3	156307443	rs34775669	2.36e-11	1
17	43255046	rs192721048	2.39e-11	0
6	133995871	rs74719286	2.41e-11	0
1	214248468	rs115029414	2.43e-11	1
10	5133208	rs181852620	2.44e-11	0
10	9347118	rs201313737	2.44e-11	1
2	166261699	rs7592973	2.46e-11	2
18	52375987	rs56089125	2.46e-11	4
10	68058374	rs183556664	2.47e-11	0
5	96298877	rs186998730	2.48e-11	0
15	26823018	rs147249045	2.49e-11	0
9	123323793	rs145142913	2.5e-11	0
11	105706583	rs139180032	2.5e-11	0
9	105926455	rs113714783	2.51e-11	0
6	88768097	rs118044798	2.52e-11	0
2	49662302	rs186098815	2.53e-11	0
14	103230154	rs60739516	2.54e-11	2
9	112903022	rs147816964	2.55e-11	0
19	53933503	rs8107241	2.56e-11	0
5	141478134	rs72797984	2.58e-11	2
11	40198636	rs376117881	2.58e-11	0
13	24529045	rs114298312	2.59e-11	0
16	68290200	rs12446418	2.66e-11	4
2	8651366	rs138026135	2.67e-11	0
3	188328476	rs73194495	2.7e-11	5
1	151332763	rs139243355	2.71e-11	0
6	164536319	rs141749028	2.71e-11	0
7	62687056	rs189609599	2.71e-11	0
7	153155234	rs117870738	2.71e-11	0
9	130067722	rs7875825	2.71e-11	0
11	105688537	rs146987453	2.71e-11	0
13	24527912	rs111858894	2.71e-11	0
13	28411176	rs148670360	2.71e-11	0
13	78318183	rs149919659	2.71e-11	0
13	91518164	rs188710021	2.71e-11	0
13	109044971	rs182687474	2.71e-11	0
14	52195455	rs185990932	2.71e-11	0
19	32005429	rs79855315	2.71e-11	0
2	224664934	rs200305098	2.72e-11	0
18	60021504	rs3826620	2.79e-11	5
1	159294684	rs10908706	2.86e-11	4
1	215170948	rs76937386	2.87e-11	0
18	72334889	rs9949875	2.88e-11	2
20	35925733	rs148071402	2.89e-11	0
20	35927446	rs377533813	2.89e-11	0
20	35929927	rs140237456	2.89e-11	0
20	35930182	rs111883689	2.89e-11	0
10	8476531	rs35330847	2.9e-11	0
10	115962118	rs189194296	2.9e-11	0
2	21720960	rs142063429	2.94e-11	0
3	14150765	rs377715254	2.96e-11	0
11	92029928	rs182759942	2.96e-11	0
12	123849096	rs7485502	2.97e-11	11
6	1084576	rs191845828	2.98e-11	0
6	55715617	rs77850408	2.98e-11	0
6	115726842	rs73770529	2.99e-11	0
8	101469732	rs138574119	3.01e-11	0
9	117803594	rs12352616	3.02e-11	0
2	198650259	rs771018	3.08e-11	158
8	144604786	rs6558369	3.08e-11	1
1	153067326	rs61811905	3.09e-11	7
7	109376168	rs139049689	3.09e-11	0
20	35920829	rs375698640	3.09e-11	0
2	5864070	rs151201321	3.1e-11	0
14	85240635	rs182309186	3.1e-11	0
16	11004363	rs6498126	3.11e-11	7
21	32654142	rs146981266	3.12e-11	0
1	241641322	rs149576755	3.15e-11	0
12	57305456	rs145237994	3.15e-11	4
1	79417323	rs114249546	3.2e-11	0
6	91601691	rs7750922	3.2e-11	8
7	121162046	rs144532877	3.21e-11	0
18	6766839	rs192579912	3.22e-11	0
4	64512012	rs183849650	3.23e-11	0
6	55663495	rs60220346	3.25e-11	0
6	115736496	rs75790645	3.29e-11	0
18	46396550	rs12606349	3.3e-11	0
5	24073440	rs77388011	3.31e-11	0
10	115962397	rs181130752	3.32e-11	0
16	3100918	rs8047736	3.32e-11	0
4	123060476	rs13149287	3.41e-11	12
17	49157412	rs373914987	3.41e-11	0
11	105634521	rs370540870	3.45e-11	0
6	20534759	rs115926208	3.49e-11	0
6	127914889	rs4897221	3.5e-11	1
1	32163950	rs2297674	3.55e-11	10
2	22568648	rs7569613	3.55e-11	6
20	53678634	rs144392473	3.55e-11	0
9	7340921	rs142466694	3.57e-11	0
3	121652141	rs75557865	3.58e-11	25
22	37546529	rs190517880	3.58e-11	0
18	37602053	rs139290062	3.61e-11	0
3	151878664	rs77527654	3.63e-11	0
3	148432720	rs12695883	3.67e-11	0
10	116000250	rs184361834	3.67e-11	0
3	56737257	rs7628922	3.69e-11	51
7	143098436	rs190437539	3.77e-11	0
13	59909022	rs181780965	3.77e-11	0
8	17086642	rs74948252	3.78e-11	1
9	130090204	rs116508994	3.8e-11	0
2	205003585	rs115804565	3.81e-11	5
2	105515342	rs115032842	3.85e-11	0
4	64756977	rs184228126	3.85e-11	0
20	20426733	rs187644503	3.85e-11	0
4	125611492	rs138653296	3.9e-11	0
17	12871120	rs185762867	3.91e-11	0
19	31042853	rs143296497	3.94e-11	0
1	22668829	rs189344957	3.95e-11	0
17	8672713	rs183068060	4e-11	0
12	82502224	rs138983198	4.03e-11	0
17	65122616	rs116842534	4.03e-11	0
5	133439274	rs62379371	4.06e-11	2
1	65401763	rs79182842	4.08e-11	0
6	32615015	rs185831190	4.19e-11	0
4	65057098	rs190085328	4.21e-11	0
4	60673561	rs145695455	4.26e-11	0
4	60676164	rs112784277	4.26e-11	0
6	108166147	rs201847429	4.29e-11	3
10	6714175	rs7091048	4.29e-11	6
4	110800210	rs115491714	4.32e-11	0
20	12248557	rs139240497	4.32e-11	0
7	22610713	rs1012177	4.35e-11	3
12	114948622	rs145076088	4.35e-11	0
18	60859974	rs9944895	4.37e-11	0
1	179120200	rs374817227	4.38e-11	0
6	32818030	rs113206908	4.39e-11	1
7	154997385	rs143857279	4.41e-11	0
10	115741226	rs187489107	4.41e-11	0
1	34005699	rs185102603	4.42e-11	0
8	120621111	rs115091021	4.43e-11	0
5	1918800	rs116493016	4.5e-11	0
7	155667549	rs184722103	4.52e-11	0
17	58483908	rs113693415	4.52e-11	0
9	126168995	rs117961753	4.61e-11	0
2	235746779	rs146083689	4.64e-11	0
8	51076839	rs375563889	4.66e-11	0
11	126455007	rs181827891	4.67e-11	0
6	32646113	rs146422992	4.68e-11	0
4	106819053	rs34712979	4.69e-11	0
10	67680275	rs373081692	4.73e-11	0
4	33326874	rs72622788	4.78e-11	2
3	72394852	rs61192126	4.82e-11	0
15	67473790	rs117185005	4.84e-11	3
5	1399079	rs73028255	4.86e-11	0
18	72963220	rs111714182	4.92e-11	0
6	44119607	rs200096716	4.95e-11	0
2	85615287	rs6707822	4.96e-11	0
9	97989294	rs117591881	4.96e-11	1
9	105927038	rs111996470	4.96e-11	0
15	87105951	rs187096219	4.97e-11	0
20	5364762	rs145349409	4.98e-11	0
3	3235955	rs191854042	5.01e-11	0
7	158248670	rs369502485	5.01e-11	0
5	99051500	rs189197867	5.02e-11	0
2	242709568	rs113621650	5.05e-11	0
4	94604366	rs74588863	5.07e-11	4
4	176906678	rs78026082	5.08e-11	0
4	32668457	rs5008056	5.1e-11	10
5	156881189	rs145559928	5.16e-11	0
6	55678446	rs148053011	5.16e-11	0
15	97733353	rs148861962	5.18e-11	0
6	100230079	rs117971857	5.19e-11	0
8	81098279	rs28588688	5.19e-11	0
10	85498138	rs189068173	5.24e-11	1
12	112933920	rs113983410	5.24e-11	0
4	30143235	rs183308530	5.35e-11	0
11	29303846	rs187901482	5.37e-11	0
1	175390334	rs114854208	5.47e-11	0
3	6247043	rs112225252	5.47e-11	0
16	26998971	rs143856547	5.47e-11	0
2	30674485	rs1723168	5.49e-11	4
2	63600088	rs10197437	5.54e-11	18
5	64353599	rs142025235	5.55e-11	0
5	141599556	rs10044693	5.58e-11	3
7	54707146	rs144131654	5.6e-11	0
5	9723242	rs181018324	5.64e-11	0
4	103555619	rs6813322	5.65e-11	14
5	132244521	rs149849572	5.66e-11	1
16	27310996	rs113108794	5.69e-11	2
10	44641318	rs7911076	5.7e-11	0
12	58061516	rs112743107	5.73e-11	1
9	105915984	rs1448591	5.75e-11	0
1	22669453	rs139109781	5.77e-11	0
7	78706916	rs5013614	5.77e-11	0
20	40272921	rs77804044	5.81e-11	0
3	144499310	rs189967125	5.82e-11	0
6	98954375	rs150178566	5.84e-11	0
7	17176910	rs181310975	5.84e-11	0
13	27361497	rs112471150	5.84e-11	0
1	79419787	rs11808232	5.88e-11	0
3	114641617	rs181935927	5.88e-11	0
18	10078071	rs8089099	5.91e-11	2
7	62687757	rs145122997	5.98e-11	0
6	125545794	rs140664049	5.99e-11	0
4	122551598	rs115776898	6.01e-11	0
5	28414686	rs184809889	6.01e-11	0
3	144414164	rs140282049	6.02e-11	0
3	50161717	rs2856236	6.04e-11	16
1	233797291	rs187521970	6.05e-11	0
2	11462460	rs189222200	6.05e-11	0
5	27450475	rs117532282	6.05e-11	0
17	38609187	rs1009727	6.08e-11	3
8	133097469	rs376285439	6.14e-11	0
16	80973153	rs77110521	6.14e-11	0
22	27164319	rs115585186	6.14e-11	0
13	40794129	rs139725873	6.16e-11	0
1	246234870	rs112246630	6.21e-11	0
1	246257268	rs76650456	6.21e-11	0
13	95685614	rs118187224	6.23e-11	0
6	233500	rs12202710	6.32e-11	17
7	13782940	rs114669871	6.33e-11	0
20	50143470	rs77042341	6.36e-11	10
20	54909510	rs76596981	6.37e-11	0
12	109049366	rs7310556	6.38e-11	2
15	77763953	rs369594093	6.48e-11	0
15	77768043	rs188706150	6.48e-11	0
3	154804933	rs16824551	6.52e-11	0
13	77700321	rs185515205	6.56e-11	0
13	40948934	rs141449068	6.58e-11	0
1	153275443	rs821429	6.61e-11	0
7	68731143	rs142647433	6.62e-11	2
13	101568296	rs78921182	6.62e-11	0
13	39478499	rs74599819	6.63e-11	0
13	83266984	rs115758311	6.74e-11	0
3	123295573	rs148403019	6.75e-11	0
7	80742524	rs116548940	6.81e-11	0
16	88620037	rs11647496	6.85e-11	12
3	144786558	rs148677882	6.86e-11	0
13	108918373	rs140002949	6.89e-11	0
9	92205987	rs1888072	6.92e-11	10
13	113088118	rs145739536	6.92e-11	0
19	38438725	rs192802663	6.93e-11	0
18	56218354	rs9797329	6.97e-11	0
12	121120358	rs114986764	7.01e-11	0
13	84757324	rs186733257	7.03e-11	0
3	52651343	rs191685069	7.09e-11	1
7	6742580	rs117663320	7.14e-11	2
8	127675888	rs181331932	7.19e-11	0
9	92475968	rs114662603	7.19e-11	0
6	32946390	rs41315407	7.25e-11	1
3	8900700	rs143597991	7.31e-11	0
12	2822625	rs145994231	7.31e-11	0
5	109685663	rs111572801	7.33e-11	0
2	234589189	rs184094797	7.34e-11	0
3	193989047	rs114148143	7.36e-11	0
3	183631261	rs146527965	7.37e-11	0
3	96989728	rs182211323	7.38e-11	0
4	31210979	rs57768981	7.41e-11	0
3	71254751	rs7372960	7.47e-11	0
2	103095404	rs11692304	7.51e-11	13
8	739877	rs140586325	7.51e-11	0
15	91028010	rs139911305	7.53e-11	0
9	5037393	rs75032480	7.55e-11	9
10	115825883	rs191080776	7.69e-11	0
7	154824989	rs147786953	7.73e-11	1
12	41896800	rs189368320	7.74e-11	0
15	91427612	rs12906125	7.77e-11	0
8	41117051	rs138494684	7.81e-11	0
8	41117287	rs142918251	7.81e-11	0
5	41993110	rs193138021	7.83e-11	0
6	44082739	rs185522477	7.98e-11	0
6	108186870	rs147763238	7.98e-11	0
7	114374272	rs145429944	7.98e-11	0
5	13852417	rs151202599	8.1e-11	0
15	54229640	rs112722564	8.1e-11	0
16	86051642	rs182801508	8.14e-11	0
8	123449845	rs113678448	8.15e-11	0
4	65343510	rs149474984	8.16e-11	0
3	38886612	rs114294986	8.18e-11	0
8	20541857	rs74775122	8.18e-11	0
8	2999388	rs191623974	8.31e-11	0
9	137496304	rs141252836	8.31e-11	0
10	27513294	rs114610876	8.31e-11	0
19	16990163	rs148808394	8.31e-11	0
6	32643386	rs192482979	8.45e-11	0
2	150297623	rs116949310	8.46e-11	0
13	99774647	rs11069349	8.48e-11	2
7	973910	rs111848954	8.51e-11	2
18	33748917	rs147435057	8.69e-11	0
6	159485195	rs139991613	8.7e-11	0
6	33366272	rs62407901	8.73e-11	3
3	88961563	rs76819709	8.74e-11	0
14	83888190	rs114325440	8.76e-11	0
9	93924150	rs192400535	8.77e-11	0
15	67546588	rs151328686	8.78e-11	0
2	13068624	rs140317111	8.85e-11	0
5	12390472	rs114086274	8.89e-11	1
14	71104910	rs10135145	8.9e-11	0
1	42636956	rs147576695	9e-11	0
5	142803700	rs192592072	9e-11	0
13	30649852	rs150194077	9.03e-11	0
14	74205353	rs35165419	9.03e-11	0
6	32646998	rs543989586	9.05e-11	0
1	246204894	rs112266986	9.08e-11	0
1	246209953	rs180967780	9.08e-11	0
3	60580829	rs151101341	9.14e-11	0
8	43434289	rs373853821	9.14e-11	0
1	112039922	rs2032006	9.2e-11	0
7	95011229	rs182177196	9.21e-11	4
1	233620921	rs371046835	9.24e-11	0
10	33289212	rs57251462	9.31e-11	0
8	123449822	rs112474393	9.32e-11	0
17	43252846	rs184031726	9.32e-11	0
6	117195348	rs150988871	9.33e-11	0
21	25123255	rs138417339	9.33e-11	0
16	89312154	rs114921561	9.52e-11	0
6	103598836	rs115620380	9.55e-11	0
11	126453759	rs371007687	9.55e-11	0
7	20714994	rs181128747	9.58e-11	0
7	84959770	rs189018515	9.65e-11	0
14	60210297	rs148014596	9.65e-11	0
21	43856122	rs111164030	9.66e-11	0
11	119819253	rs116624610	9.7e-11	0
3	57713360	rs7609911	9.74e-11	1
11	45446724	rs7943688	9.77e-11	11
14	28132926	rs191010783	9.81e-11	0
5	19696232	rs191336046	9.84e-11	0
6	64603777	rs187076654	9.84e-11	0
6	33716716	rs28607030	9.88e-11	2
6	163887640	rs1737605	9.9e-11	3
6	31380787	rs67140765	9.91e-11	20
3	188342508	rs13433989	1e-10	0
4	79738091	rs72862508	1e-10	0
4	124645120	rs4833938	1e-10	2
17	51358912	rs137935979	1e-10	0
13	24915403	rs141781073	1.01e-10	0
2	102969050	rs561425912	1.02e-10	0
4	39390445	rs190438685	1.02e-10	5
3	194317725	rs190812749	1.03e-10	0
9	32724077	rs114310640	1.03e-10	0
13	39479352	rs116219628	1.04e-10	0
17	43285691	rs11870777	1.04e-10	0
7	51235328	rs150415328	1.05e-10	0
7	51235329	rs138287356	1.05e-10	0
10	9052152	rs148673593	1.05e-10	0
4	116896474	rs112350514	1.07e-10	0
7	131627826	rs74386320	1.07e-10	0
9	130084562	rs116367409	1.07e-10	0
9	130084955	rs116773106	1.07e-10	0
16	78647519	rs184682894	1.07e-10	0
4	4114763	rs7683458	1.09e-10	19
16	50016934	rs113519025	1.09e-10	0
6	7231843	rs9379084	1.1e-10	3
16	5430175	rs202073623	1.1e-10	0
21	43820020	rs62212899	1.1e-10	1
3	12348529	rs113484502	1.11e-10	1
7	133607556	rs1963840	1.11e-10	7
14	58803289	rs1190978	1.11e-10	1
18	9277525	rs9950097	1.11e-10	7
10	9048905	rs190263045	1.12e-10	0
10	27552483	rs140640855	1.12e-10	0
2	172205587	rs138477298	1.13e-10	0
5	90478206	rs368473455	1.13e-10	0
1	212607300	rs142934028	1.14e-10	0
6	79462083	rs190785504	1.14e-10	0
6	32469653	rs112019323	1.15e-10	0
1	173199129	rs6673550	1.16e-10	0
2	238774290	rs142793714	1.16e-10	0
5	110662856	rs1644507	1.16e-10	0
5	169051384	rs186340615	1.16e-10	0
8	140576414	rs2111574	1.16e-10	1
10	79198371	rs116338787	1.16e-10	0
2	171285313	rs75122536	1.17e-10	0
3	74137300	rs75803518	1.17e-10	0
6	57610897	rs6906362	1.17e-10	0
18	1179070	rs74871310	1.17e-10	0
1	18923714	rs182105731	1.18e-10	0
11	76291263	rs117675359	1.18e-10	1
8	41120132	rs138959512	1.19e-10	0
11	118724723	rs57719838	1.19e-10	0
14	82461488	rs139488978	1.19e-10	0
4	96107048	rs139947908	1.21e-10	0
5	71695880	rs10040192	1.21e-10	9
1	154266654	rs111966309	1.22e-10	4
11	73647283	rs202162912	1.22e-10	2
13	48429939	rs2057562	1.22e-10	2
2	116324183	rs61582720	1.23e-10	0
12	68598471	rs112206203	1.23e-10	0
19	7627953	rs486363	1.24e-10	0
3	16971248	rs9883633	1.25e-10	12
4	16546337	rs148834049	1.26e-10	0
20	17584333	rs16999465	1.28e-10	0
4	58380135	rs373624457	1.29e-10	0
7	31631892	rs191699831	1.29e-10	0
13	105882819	rs149706240	1.29e-10	0
18	67567579	rs34607223	1.29e-10	2
19	46467130	rs369265196	1.29e-10	0
22	27278778	rs138327512	1.29e-10	0
2	8461986	rs34660307	1.3e-10	0
2	145578207	rs193290038	1.3e-10	0
2	224126190	rs145085999	1.3e-10	0
18	33401562	rs8098767	1.3e-10	2
2	99465513	rs188612735	1.31e-10	0
5	89667124	rs147460501	1.31e-10	0
11	60639583	rs189805799	1.31e-10	0
21	35810012	rs147613969	1.31e-10	0
6	52025882	rs189488647	1.33e-10	1
10	31896397	rs12254434	1.33e-10	0
10	6161781	rs4749997	1.34e-10	6
1	48072184	rs368949734	1.35e-10	0
2	216391256	rs181576820	1.35e-10	0
9	6047426	rs541612525	1.35e-10	0
6	115969334	rs55814334	1.36e-10	0
10	43275742	rs140739263	1.39e-10	0
11	48969972	rs369372428	1.39e-10	0
6	119546416	rs182050872	1.41e-10	0
12	6503500	rs12296430	1.42e-10	2
21	41411059	rs148389283	1.44e-10	0
1	189019426	rs74138935	1.45e-10	0
2	145580502	rs141951988	1.45e-10	0
20	53172522	rs78210149	1.45e-10	0
6	117821454	rs138980351	1.48e-10	0
7	33930491	rs188120790	1.48e-10	0
21	40685239	rs34240248	1.48e-10	8
6	133632172	rs184842850	1.5e-10	0
7	76226855	rs193121062	1.51e-10	0
19	10636964	rs549956721	1.51e-10	7
20	16520129	rs185025304	1.51e-10	0
1	45457962	rs114463181	1.53e-10	0
4	66826452	rs188020813	1.54e-10	0
6	39260031	rs73731764	1.56e-10	0
19	52180000	rs67598120	1.56e-10	1
7	20502963	rs7800265	1.58e-10	0
1	212424073	rs149331153	1.6e-10	0
8	31246947	rs78162869	1.6e-10	0
11	48976882	rs369811392	1.6e-10	0
11	82393824	rs116697060	1.6e-10	0
13	29856755	rs55792918	1.6e-10	0
6	56360709	rs181724216	1.64e-10	0
1	94667305	rs148959325	1.65e-10	0
5	35570684	rs7734143	1.65e-10	7
7	76241286	rs372984428	1.65e-10	0
14	70600853	rs367599251	1.65e-10	0
2	102851496	rs35960329	1.67e-10	2
8	108181981	rs185293834	1.67e-10	0
8	121100455	rs79774420	1.68e-10	3
5	19752053	rs181197671	1.69e-10	0
1	153051795	rs364359	1.7e-10	16
17	55044436	rs187353536	1.7e-10	0
6	91369586	rs146205338	1.72e-10	0
16	63085629	rs60344150	1.72e-10	0
2	165885527	rs149816407	1.73e-10	0
5	4333292	rs146376184	1.73e-10	0
7	40699571	rs186910602	1.73e-10	0
7	88294173	rs144568277	1.73e-10	0
13	67029563	rs142075331	1.73e-10	0
14	92980794	rs192444076	1.73e-10	0
16	6656820	rs146886158	1.73e-10	0
4	85195486	rs35646041	1.74e-10	1
4	122952570	rs13104716	1.74e-10	1
6	32313659	rs1265764	1.74e-10	0
6	56123443	rs74741462	1.74e-10	0
7	91672714	rs139629759	1.75e-10	0
10	101200633	rs116949439	1.75e-10	0
17	45829083	rs9907005	1.75e-10	0
2	33361626	rs79870788	1.76e-10	6
13	55581034	rs187868032	1.76e-10	0
3	33206420	rs11709566	1.77e-10	3
1	103728926	rs11164756	1.78e-10	0
2	225782301	rs78867455	1.78e-10	6
5	112561448	rs116266286	1.78e-10	0
1	33989365	rs148288640	1.79e-10	0
1	215455048	rs183077506	1.79e-10	0
9	73259396	rs192487861	1.79e-10	0
13	101409574	rs74498131	1.79e-10	0
22	49710480	rs192345834	1.81e-10	0
19	10727685	rs113155917	1.82e-10	0
3	32844263	rs146028995	1.84e-10	0
4	10311808	rs139060304	1.84e-10	2
21	16841301	rs13049055	1.84e-10	20
8	73229256	rs143938447	1.85e-10	0
8	118944141	rs148835079	1.85e-10	0
9	99564989	rs147997944	1.85e-10	0
13	29010921	rs142027666	1.85e-10	0
5	7794480	rs146466110	1.86e-10	0
7	69489440	rs76616306	1.88e-10	0
3	23802584	rs139387329	1.89e-10	0
6	64310895	rs183748540	1.9e-10	0
16	27206340	rs4787938	1.9e-10	0
10	50072027	rs186069103	1.91e-10	0
3	84636685	rs149056382	1.92e-10	0
3	84636735	rs115868458	1.92e-10	0
8	104325196	rs189588532	1.93e-10	0
4	64857030	rs193278003	1.94e-10	0
6	32615243	rs112061353	1.94e-10	0
13	39477871	rs116627189	1.94e-10	0
19	31984043	rs113030358	1.99e-10	1
8	133705933	rs191334319	2.02e-10	0
9	8407327	rs7852683	2.02e-10	2
6	169231538	rs143559160	2.03e-10	0
13	27473687	rs114679131	2.03e-10	0
20	58050239	rs377072337	2.03e-10	0
5	110529502	rs74584830	2.05e-10	1
7	51234551	rs141334698	2.07e-10	0
8	123449961	rs113856569	2.07e-10	0
5	71983859	rs184127270	2.1e-10	0
5	109332913	rs79819726	2.1e-10	0
4	21129639	rs189532633	2.12e-10	0
3	24625677	rs138958864	2.14e-10	0
5	41175846	rs183897354	2.14e-10	0
8	31246737	rs75165489	2.14e-10	0
6	62287030	rs193289302	2.15e-10	0
13	87467893	rs182393642	2.16e-10	0
14	50751834	rs374058682	2.16e-10	0
1	151240714	rs114781935	2.17e-10	0
9	36140704	rs116553786	2.17e-10	0
7	93396051	rs181416179	2.19e-10	0
21	32585989	rs373386331	2.2e-10	0
2	145587655	rs143472831	2.21e-10	0
10	36463897	rs146631222	2.23e-10	0
4	145530045	rs147039923	2.24e-10	0
12	114945632	rs141682977	2.24e-10	0
2	102961929	rs1946131	2.26e-10	15
1	107615440	rs76133480	2.27e-10	0
5	131535856	rs115026096	2.27e-10	2
8	82554313	rs200934276	2.27e-10	0
10	31897654	rs9943374	2.28e-10	0
9	6611373	rs62569046	2.29e-10	0
3	89020671	rs140784476	2.31e-10	0
10	21159346	rs144015045	2.32e-10	0
6	32461871	rs112923147	2.33e-10	0
17	47353994	rs113604048	2.33e-10	1
6	31033431	rs151159790	2.34e-10	0
21	22058458	rs113203810	2.34e-10	0
8	18316142	rs181720543	2.35e-10	0
17	4946895	rs73973691	2.36e-10	0
3	188323661	rs76245582	2.38e-10	6
3	173548759	rs117916111	2.39e-10	0
13	87430710	rs117425016	2.39e-10	0
5	26133880	rs142349078	2.41e-10	0
5	29258352	rs78026634	2.41e-10	0
2	109889322	rs72939516	2.42e-10	2
15	76401037	rs187258564	2.43e-10	0
3	38898813	rs149546885	2.45e-10	0
10	15691016	rs150016044	2.46e-10	0
3	4365544	rs187909364	2.48e-10	0
4	61679547	rs147288337	2.48e-10	0
14	93388854	rs9658633	2.48e-10	0
15	57938372	rs192181406	2.48e-10	0
10	97118232	rs181994714	2.49e-10	0
2	187646522	rs7424226	2.5e-10	1
4	99345641	rs138121471	2.5e-10	0
17	40951205	rs145896591	2.51e-10	0
20	48910982	rs11905781	2.52e-10	0
9	7711231	rs150877314	2.55e-10	0
10	9012260	rs77812656	2.55e-10	0
21	36858550	rs73375359	2.55e-10	0
2	224121714	rs144725342	2.56e-10	0
3	33043914	rs62250892	2.57e-10	1
17	42896713	rs111641596	2.57e-10	7
3	3323406	rs185047231	2.6e-10	0
3	61423278	rs146639098	2.61e-10	0
4	57746040	rs2002155	2.61e-10	2
6	38878967	rs370011848	2.61e-10	0
5	108743013	rs2963007	2.62e-10	3
11	85754357	rs73508141	2.62e-10	0
6	32571645	rs530098876	2.63e-10	0
4	161043710	rs367570197	2.64e-10	0
9	6135481	rs113396459	2.64e-10	0
3	24611695	rs141460571	2.65e-10	0
3	24612451	rs143863289	2.65e-10	0
3	24614878	rs138404842	2.65e-10	0
5	173014778	rs145418048	2.65e-10	0
12	100086736	rs139374966	2.68e-10	0
3	177376059	rs191870210	2.69e-10	0
8	18812672	rs148162322	2.69e-10	0
9	130087297	rs78541448	2.69e-10	0
10	34360567	rs150198997	2.69e-10	0
1	235355310	rs191612834	2.7e-10	0
12	59819828	rs17122517	2.71e-10	0
18	63468074	rs75197639	2.73e-10	0
20	38875858	rs112884031	2.74e-10	0
13	25130305	rs7333749	2.75e-10	0
10	117486509	rs186150115	2.77e-10	0
13	33781747	rs188505269	2.77e-10	0
13	100062935	rs150786584	2.77e-10	8
2	71481629	rs374034436	2.83e-10	0
1	189825874	rs114135707	2.85e-10	1
6	115716527	rs78572975	2.86e-10	0
12	51971378	rs12303798	2.86e-10	0
10	93781102	rs147498429	2.88e-10	0
4	83146359	rs140701665	2.89e-10	0
17	45247872	rs11570470	2.89e-10	2
20	21502454	rs11699259	2.9e-10	0
7	90584519	rs11975684	2.94e-10	0
12	20612026	rs10732225	2.94e-10	0
2	103098681	rs116581033	2.96e-10	0
18	74511564	rs75042128	2.96e-10	0
7	62679616	rs138382079	2.99e-10	0
6	117823346	rs148587911	3e-10	0
17	75425374	rs312897	3e-10	0
2	111910694	rs6734942	3.02e-10	0
5	146031708	rs75650974	3.02e-10	0
2	158518110	rs150891183	3.03e-10	0
9	130088606	rs116457980	3.05e-10	0
2	38046610	rs190649072	3.06e-10	0
13	63477042	rs138753450	3.06e-10	0
6	164642359	rs192191566	3.08e-10	0
7	20904185	rs17143436	3.09e-10	0
2	72054837	rs35668054	3.11e-10	0
7	57226354	rs144298873	3.11e-10	0
9	130088195	rs114158337	3.12e-10	0
20	18295551	rs118138622	3.12e-10	0
22	25221581	rs138250938	3.15e-10	0
10	42622153	rs9663656	3.17e-10	0
3	24614589	rs17014833	3.18e-10	0
17	1070402	rs79296001	3.18e-10	0
4	19861101	rs146054809	3.19e-10	0
6	20610886	rs116605306	3.19e-10	0
6	154650791	rs12661996	3.19e-10	0
7	45987827	rs199858634	3.22e-10	6
7	12132041	rs150144406	3.23e-10	0
17	7086368	rs148902354	3.23e-10	0
8	59906982	rs10107677	3.25e-10	0
6	138165744	rs4548024	3.26e-10	0
16	89772370	rs4785704	3.26e-10	4
12	19642049	rs186523639	3.29e-10	0
8	4074133	rs181550758	3.32e-10	0
6	103042227	rs185394096	3.33e-10	0
6	55896209	rs370383021	3.34e-10	0
6	106599710	rs9386512	3.34e-10	12
7	141828634	rs141872610	3.34e-10	0
7	45216784	rs116781492	3.35e-10	0
15	87050636	rs74025158	3.35e-10	0
17	45902414	rs59111282	3.37e-10	0
21	38134782	rs186434141	3.37e-10	0
1	12197936	rs115972618	3.41e-10	0
6	15500232	rs74857385	3.41e-10	0
13	83282427	rs75570139	3.41e-10	0
9	93239303	rs73489635	3.42e-10	0
15	67332467	rs68018114	3.42e-10	1
22	33045324	rs141730370	3.42e-10	0
8	116898623	rs181689097	3.43e-10	0
5	26133166	rs149527104	3.47e-10	0
20	35934670	rs138697092	3.48e-10	0
2	242790571	rs4973659	3.51e-10	1
20	53172691	rs115144897	3.51e-10	0
1	18138876	rs114467466	3.54e-10	0
7	62679281	rs373266084	3.55e-10	0
20	19948178	rs8122098	3.55e-10	0
10	65316437	rs74502455	3.56e-10	4
15	61007130	rs1030347	3.58e-10	4
10	120851073	rs193181377	3.6e-10	0
22	45126988	rs111440447	3.6e-10	0
1	153527773	rs636176	3.63e-10	1
18	33464991	rs190018300	3.66e-10	1
1	62210500	rs182612162	3.68e-10	0
6	91419919	rs7760511	3.7e-10	0
17	37980074	rs143902033	3.7e-10	0
10	17181586	rs142757787	3.73e-10	1
10	103097456	rs12098541	3.75e-10	0
6	39809629	rs183886834	3.76e-10	0
2	21830720	rs55828438	3.79e-10	0
6	110793377	rs189454866	3.79e-10	0
22	27436253	rs8143138	3.84e-10	0
12	3548370	rs190038029	3.85e-10	0
4	14080946	rs114216802	3.88e-10	0
1	244421151	rs11801423	3.89e-10	0
21	19584897	rs190490973	3.92e-10	0
2	216264393	rs60658094	3.93e-10	0
17	3409788	rs112676565	3.93e-10	0
18	24949301	rs149574460	3.93e-10	0
14	101226240	rs139357154	3.94e-10	0
3	10393091	rs3774190	3.95e-10	0
11	78965574	rs56137626	3.95e-10	0
16	30947904	rs9938050	3.97e-10	4
1	172937733	rs12077197	3.98e-10	2
7	125124714	rs189996511	3.99e-10	0
10	33773647	rs76217306	4e-10	0
6	148045268	rs73787390	4.03e-10	0
19	1185546	rs8113513	4.05e-10	0
6	32615452	rs561575493	4.06e-10	0
8	57258607	rs116803665	4.07e-10	0
8	57260772	rs116718010	4.07e-10	0
8	57265921	rs141471765	4.07e-10	0
8	57266761	rs148681826	4.07e-10	0
8	57271242	rs147750673	4.07e-10	0
8	57276822	rs114691767	4.07e-10	0
8	57277408	rs75820466	4.07e-10	0
10	83828102	rs7922522	4.09e-10	0
6	30783704	rs12660253	4.1e-10	6
6	137990703	rs143270880	4.12e-10	0
10	122701011	rs78352814	4.12e-10	0
2	102232935	rs115333748	4.13e-10	0
6	51446615	rs2439042	4.15e-10	0
10	6255727	rs112999155	4.15e-10	0
19	11065021	rs12611017	4.16e-10	41
4	4774134	rs6836078	4.22e-10	1
8	71334489	rs7823221	4.22e-10	4
3	176866189	rs141079610	4.23e-10	0
8	146068752	rs143341589	4.23e-10	0
9	32956790	rs115747233	4.23e-10	0
9	105916045	rs113361954	4.23e-10	0
10	120882178	rs143641411	4.23e-10	0
12	113988341	rs182387019	4.23e-10	0
17	42186950	rs77850808	4.23e-10	0
17	53294508	rs74744316	4.23e-10	0
20	35945620	rs140644906	4.23e-10	0
2	228670575	rs10175070	4.24e-10	3
4	186296044	rs117320438	4.29e-10	0
13	105257083	rs78646940	4.31e-10	0
7	20469685	rs7803406	4.32e-10	1
2	111723220	rs116251007	4.34e-10	0
6	100884953	rs115869367	4.36e-10	0
12	102150677	rs113120648	4.36e-10	0
19	42133239	rs184432334	4.4e-10	0
5	129866031	rs1029751	4.45e-10	1
6	137986719	rs80021310	4.48e-10	0
8	18804308	rs187432111	4.54e-10	0
1	77563917	rs187614995	4.56e-10	0
2	224113487	rs142800734	4.56e-10	0
10	1851858	rs117136939	4.56e-10	0
1	246842300	rs189864272	4.59e-10	0
9	105918764	rs370943675	4.6e-10	0
12	57728776	rs7397189	4.6e-10	0
1	40476974	rs113546396	4.63e-10	0
4	26956764	rs10002654	4.66e-10	0
16	11266124	rs117378200	4.66e-10	0
2	58655189	rs185871965	4.67e-10	0
19	1086897	rs146831892	4.68e-10	0
2	37048019	rs137977771	4.7e-10	0
18	13055401	rs75953736	4.72e-10	0
5	133577863	rs78111064	4.75e-10	0
1	177690120	rs141405998	4.77e-10	0
6	16987359	rs186892913	4.77e-10	0
2	224110075	rs143692439	4.82e-10	0
2	224111352	rs146643457	4.82e-10	0
6	66091238	rs191722703	4.84e-10	0
7	3624953	rs80342054	4.84e-10	0
9	16707203	rs13298668	4.92e-10	0
19	4484915	rs11672343	4.94e-10	0
3	169135046	rs371891784	4.95e-10	0
6	32853277	rs7767732	4.95e-10	0
17	38527560	rs76613419	4.98e-10	0
5	161836269	rs139115259	5.04e-10	0
4	138463291	rs149916406	5.09e-10	0
15	70997660	rs186807296	5.09e-10	0
2	78934264	rs199590759	5.1e-10	0
22	38957345	rs181903045	5.1e-10	0
6	137988489	rs143923420	5.16e-10	0
6	137989203	rs141441459	5.16e-10	0
6	137991929	rs146983365	5.16e-10	0
6	137992302	rs77409392	5.16e-10	0
6	137994704	rs80118353	5.16e-10	0
6	137994968	rs200706434	5.16e-10	0
6	137995518	rs76537075	5.16e-10	0
6	137995757	rs201782376	5.16e-10	0
6	137996213	rs75551175	5.16e-10	0
6	137996370	rs76300334	5.16e-10	0
8	57290543	rs114366452	5.16e-10	0
8	57293621	rs115295549	5.16e-10	0
1	25458670	rs803305	5.17e-10	10
1	219286204	rs191870404	5.18e-10	0
4	60644332	rs149704912	5.18e-10	0
2	104992787	rs188153957	5.2e-10	0
8	20345674	rs79534829	5.2e-10	0
9	104071348	rs138886097	5.21e-10	0
17	48842191	rs73987905	5.27e-10	0
2	151031139	rs368931559	5.29e-10	2
6	20613173	rs149992788	5.36e-10	0
6	20613537	rs189186978	5.36e-10	0
2	62174491	rs150279975	5.38e-10	0
4	18662990	rs113120413	5.39e-10	1
5	113420075	rs188986911	5.41e-10	0
6	91418823	rs77780486	5.41e-10	1
6	26365759	rs68112369	5.43e-10	0
3	24604373	rs146291413	5.46e-10	0
6	33742097	rs4713678	5.5e-10	0
1	65480648	rs112950294	5.51e-10	0
5	140589614	rs143078709	5.51e-10	0
7	68059251	rs150052779	5.51e-10	0
2	25045540	rs367794544	5.52e-10	0
1	8393871	rs35167234	5.53e-10	0
7	22475825	rs2528840	5.55e-10	15
1	210966278	rs188693706	5.57e-10	0
8	57286853	rs115570957	5.57e-10	0
9	119820233	rs148979993	5.57e-10	0
11	76734914	rs61056520	5.57e-10	0
12	102144129	rs114578019	5.57e-10	0
6	12159699	rs3777755	5.59e-10	0
4	90188833	rs142335867	5.61e-10	0
6	137986150	rs75395290	5.61e-10	0
6	137987075	rs118023715	5.61e-10	0
6	137989596	rs74899631	5.61e-10	0
11	26516129	rs116518950	5.61e-10	0
12	29502852	rs12580072	5.61e-10	0
11	17507640	rs73433190	5.66e-10	0
2	173044235	rs149016516	5.71e-10	0
13	40510280	rs9549000	5.78e-10	4
1	175036183	rs74755173	5.79e-10	0
11	57146225	rs34108746	5.83e-10	0
5	12123930	rs142414367	5.84e-10	0
13	21484913	rs143790542	5.84e-10	0
6	20618303	rs149124144	5.86e-10	0
10	5691108	rs200734249	5.86e-10	0
15	75254044	rs117815533	5.89e-10	5
15	77401354	rs146267981	5.93e-10	0
10	111025204	rs182185835	5.96e-10	0
19	9842302	rs187528027	5.96e-10	0
5	104226915	rs73777333	5.97e-10	0
2	242721179	rs75107906	6e-10	0
4	148581593	rs139613674	6.02e-10	0
14	61988183	rs17098678	6.02e-10	7
1	79418177	rs11812069	6.03e-10	0
14	99397469	rs13379438	6.11e-10	0
16	65583321	rs190487785	6.17e-10	0
3	169962858	rs368675697	6.18e-10	0
7	154870151	rs149174362	6.18e-10	0
8	117508281	rs182853183	6.25e-10	0
12	5189988	rs73251988	6.25e-10	0
2	146118069	rs1474011	6.26e-10	13
2	232683528	rs142076167	6.27e-10	1
7	25387811	rs149108885	6.27e-10	0
15	87523177	rs75749866	6.29e-10	0
16	27235986	rs181521773	6.29e-10	0
6	91418313	rs80060416	6.38e-10	0
20	35946359	rs371444414	6.39e-10	0
20	48385235	rs188911032	6.41e-10	0
10	127365867	rs189143482	6.5e-10	0
12	112123248	rs75263151	6.53e-10	0
12	57064707	rs139170956	6.57e-10	2
5	146031932	rs74908975	6.6e-10	0
11	109844970	rs182603663	6.6e-10	0
14	95567166	rs28492915	6.6e-10	0
7	8447656	rs150170336	6.63e-10	0
12	26054147	rs114508714	6.63e-10	0
19	793427	rs151122716	6.64e-10	0
20	4633375	rs113681240	6.65e-10	0
6	137985446	rs117856230	6.67e-10	0
7	109100249	rs6973239	6.67e-10	0
19	45367972	rs3112439	6.73e-10	0
1	219294579	rs190941167	6.76e-10	0
6	9603706	rs377087002	6.76e-10	0
8	57357714	rs187228722	6.76e-10	0
13	73067643	rs368280641	6.76e-10	0
18	67085943	rs139152173	6.81e-10	0
10	134081028	rs11146290	6.83e-10	0
4	11542327	rs144486209	6.85e-10	0
6	69673239	rs115300380	6.85e-10	0
6	50185831	rs182835971	6.89e-10	0
6	103461443	rs189643682	6.91e-10	0
1	22990086	rs116776222	6.97e-10	0
12	79487278	rs185904232	6.97e-10	0
17	80359272	rs189382831	6.99e-10	0
20	40302594	rs111357483	6.99e-10	0
4	1521787	rs73063696	7e-10	0
1	238828112	rs185178864	7.03e-10	0
6	39922211	rs189107657	7.03e-10	0
9	104245554	rs185866232	7.05e-10	0
10	34293549	rs12256573	7.05e-10	0
21	32596290	rs367913565	7.06e-10	0
10	89396986	rs141843584	7.07e-10	1
8	57299981	rs138102154	7.08e-10	0
3	5114114	rs185707838	7.1e-10	0
9	105896551	rs143288612	7.16e-10	0
9	11891504	rs143797499	7.19e-10	0
20	24636877	rs76002484	7.19e-10	0
11	63053614	rs376573492	7.22e-10	0
18	20468189	rs146951553	7.23e-10	2
15	68203476	rs338341	7.24e-10	0
1	197332226	rs7537027	7.25e-10	0
8	35137944	rs61576945	7.26e-10	0
18	63916790	rs9965254	7.26e-10	0
18	62175595	rs189236185	7.29e-10	0
9	130572123	rs7027767	7.31e-10	0
14	93956584	rs12434251	7.33e-10	3
9	133983104	rs117788085	7.39e-10	0
10	19351510	rs138649593	7.4e-10	0
7	9613477	rs4615468	7.41e-10	0
10	652341	rs75781300	7.44e-10	0
17	48842826	rs73987906	7.45e-10	0
2	115767123	rs189774015	7.46e-10	0
13	75873002	rs113244627	7.46e-10	0
1	247337414	rs183040411	7.48e-10	0
19	929753	rs1799595	7.48e-10	0
4	8495303	rs6816094	7.5e-10	0
5	22879101	rs56120008	7.54e-10	0
3	118470253	rs57619363	7.57e-10	0
7	5696424	rs184232851	7.58e-10	0
6	30268123	rs116589735	7.6e-10	1
7	80117680	rs188100559	7.68e-10	0
6	39408373	rs113481061	7.73e-10	35
1	161089011	rs149312832	7.79e-10	0
2	11763015	rs10172597	7.79e-10	0
2	158098074	rs78792612	7.79e-10	0
9	105898628	rs145716146	7.79e-10	0
10	21173658	rs142764583	7.79e-10	0
11	18462262	rs149625265	7.79e-10	0
18	74525557	rs143343061	7.84e-10	0
6	16888833	rs199498440	7.9e-10	0
3	20196047	rs190811668	7.92e-10	0
20	41039198	rs6072731	7.92e-10	0
2	139425880	rs190923670	7.94e-10	0
5	104228152	rs55709953	7.94e-10	0
17	13662698	rs147573568	7.96e-10	0
6	4538857	rs182616350	8e-10	0
1	154306334	rs56699544	8.03e-10	0
16	17643499	rs114073084	8.06e-10	0
6	133996793	rs146440377	8.08e-10	0
4	105045766	rs74317236	8.15e-10	0
4	94953303	rs140172436	8.19e-10	0
7	111714283	rs140539897	8.2e-10	0
1	25968504	rs183861049	8.22e-10	1
22	27011108	rs117316086	8.24e-10	0
20	58453146	rs2274468	8.28e-10	1
7	22706369	rs2961297	8.29e-10	0
22	25897957	rs117703045	8.32e-10	0
2	52931570	rs376876216	8.35e-10	0
16	55725781	rs41280874	8.35e-10	0
20	247689	rs137942124	8.39e-10	0
15	75134249	rs139450603	8.43e-10	0
8	103055487	rs193119949	8.45e-10	0
1	190555383	rs145734683	8.51e-10	0
2	115123918	rs116471854	8.58e-10	0
2	213651418	rs4673685	8.58e-10	1
9	38151036	rs148025625	8.58e-10	0
1	117991777	rs147806884	8.6e-10	0
9	73517607	rs187564106	8.65e-10	0
19	17183405	rs8101561	8.67e-10	1
9	128455687	rs138250318	8.71e-10	0
2	64632726	rs138223412	8.79e-10	0
8	40019389	rs4737077	8.8e-10	0
10	95413308	rs193120711	8.82e-10	0
19	38416528	rs180897363	8.84e-10	0
20	35948229	rs372331553	8.84e-10	0
12	123090518	rs117264035	8.87e-10	0
6	124276560	rs188280123	8.89e-10	0
6	29385237	rs3131024	8.9e-10	2
5	71406967	rs35462600	8.91e-10	0
1	77598553	rs182138568	8.94e-10	0
7	106071548	rs147200296	8.94e-10	0
3	60909174	rs140617161	8.99e-10	0
17	38360465	rs112068732	9.04e-10	0
9	117938700	rs140316478	9.11e-10	0
17	80291977	rs111717210	9.11e-10	1
9	127016044	rs10797291	9.16e-10	2
12	109897707	rs193138071	9.17e-10	0
5	117306135	rs7712120	9.18e-10	0
3	177383854	rs368053588	9.19e-10	0
1	167755095	rs140507543	9.22e-10	0
7	97259244	rs17168863	9.34e-10	0
8	60450503	rs9693836	9.39e-10	0
11	76055444	rs11236723	9.45e-10	1
15	67254835	rs12595715	9.45e-10	0
6	91056758	rs77534869	9.46e-10	0
5	92015522	rs143893007	9.49e-10	0
3	188083918	rs137893894	9.51e-10	1
5	98776934	rs147058531	9.62e-10	0
8	129291508	rs77628126	9.63e-10	0
10	23110528	rs181492472	9.67e-10	0
9	82708601	rs368001488	9.7e-10	0
9	105902799	rs145985552	9.71e-10	0
9	105912776	rs113970992	9.71e-10	0
5	1051700	rs190853870	9.73e-10	0
12	105250226	rs76399690	9.73e-10	0
18	50298564	rs183094552	9.73e-10	0
4	60641394	rs113037937	9.75e-10	0
7	89613325	rs36131496	9.81e-10	11
12	112124969	rs150599431	9.81e-10	0
7	94645460	rs78601722	9.83e-10	0
2	241620433	rs370887151	9.86e-10	0
5	90786953	rs114692292	9.95e-10	0
4	64314321	rs138118377	9.97e-10	0
20	55320020	rs185172035	1e-09	0
8	86190334	rs147235361	1.01e-09	0
8	103184619	rs141136569	1.01e-09	0
8	144780776	rs181104005	1.01e-09	0
1	245675718	rs74597638	1.02e-09	0
2	144525600	rs202023552	1.02e-09	0
4	25191733	rs151039753	1.02e-09	0
5	35711686	rs13359524	1.02e-09	2
6	115967456	rs57814223	1.02e-09	0
13	90323419	rs184739995	1.02e-09	0
15	100022389	rs184074426	1.02e-09	0
1	175013577	rs181474862	1.03e-09	0
4	64473400	rs181924346	1.03e-09	0
6	32980290	rs9276987	1.03e-09	0
13	81902009	rs113973315	1.03e-09	0
2	83434474	rs192196057	1.04e-09	0
7	78581774	rs150174205	1.04e-09	0
12	39591752	rs138453626	1.04e-09	0
17	856524	rs192258066	1.04e-09	2
3	154805153	rs61762336	1.05e-09	0
19	20954427	rs180802298	1.05e-09	0
3	196373561	rs4916532	1.06e-09	0
5	117310253	rs7733690	1.06e-09	0
13	56167013	rs186638461	1.06e-09	0
15	40017385	rs150388425	1.06e-09	0
17	31886864	rs116805456	1.06e-09	0
1	77584631	rs116031076	1.07e-09	0
3	127397553	rs9859117	1.07e-09	13
10	8125166	rs12267266	1.07e-09	1
1	59767174	rs143373449	1.08e-09	0
5	91291720	rs73131426	1.08e-09	0
14	64965537	rs11158543	1.08e-09	1
5	110266458	rs113214835	1.09e-09	0
8	19235726	rs111335995	1.09e-09	0
11	6318913	rs192920351	1.09e-09	0
18	62637449	rs117855613	1.09e-09	1
1	79418420	rs17102521	1.1e-09	0
4	140899775	rs4989956	1.1e-09	0
11	82713795	rs372911770	1.1e-09	0
19	46206220	rs112197334	1.1e-09	0
21	36277740	rs374381259	1.1e-09	0
18	54940524	rs144044386	1.11e-09	0
20	61776811	rs189786237	1.11e-09	0
7	21132616	rs74662473	1.12e-09	0
11	103482572	rs34112776	1.12e-09	0
11	103483507	rs148131059	1.12e-09	0
20	31639633	rs138005320	1.12e-09	0
3	67312693	rs144138047	1.13e-09	0
3	67313570	rs6794576	1.13e-09	0
5	13600463	rs151220143	1.13e-09	0
8	48505029	rs185879548	1.13e-09	0
17	40338997	rs12953110	1.13e-09	2
4	116615267	rs72901616	1.14e-09	0
5	61968295	rs373322054	1.14e-09	0
6	115418511	rs147816580	1.14e-09	0
12	65387182	rs1445439	1.14e-09	0
3	48028777	rs146408447	1.15e-09	0
4	64717196	rs144459594	1.15e-09	0
7	57642993	rs59944138	1.15e-09	0
10	9259019	rs1971814	1.15e-09	0
10	131291344	rs115225939	1.15e-09	0
3	148429731	rs12721204	1.16e-09	0
6	63519351	rs180822090	1.17e-09	0
14	90904060	rs148859241	1.17e-09	0
18	76577578	rs146898775	1.17e-09	0
6	46377780	rs116598359	1.18e-09	0
7	13236982	rs116186887	1.18e-09	0
9	117938550	rs151030115	1.18e-09	0
16	1076114	rs188259259	1.18e-09	0
3	16007808	rs191021597	1.19e-09	0
3	108491353	rs4855569	1.19e-09	3
1	2806088	rs74527968	1.2e-09	0
3	136310213	rs184149773	1.2e-09	0
3	190525750	rs182074033	1.2e-09	0
4	123637725	rs391783	1.2e-09	2
5	137649066	rs62380883	1.2e-09	0
7	97809736	rs149444490	1.2e-09	0
20	19785388	rs183349498	1.2e-09	0
1	12080122	rs74052928	1.21e-09	0
2	24695970	rs4665699	1.21e-09	7
7	96923097	rs150181088	1.21e-09	0
1	82832766	rs139671408	1.22e-09	0
15	67645705	rs151119143	1.22e-09	3
5	103917790	rs1363105	1.23e-09	4
6	20603340	rs115347536	1.23e-09	0
6	31329135	rs2428493	1.23e-09	0
15	49694472	rs368191668	1.23e-09	0
16	77756433	rs114814225	1.23e-09	0
2	121763719	rs376635155	1.24e-09	0
1	204664810	rs184037573	1.25e-09	0
9	105892890	rs142686455	1.25e-09	0
12	29508082	rs117477281	1.25e-09	0
16	18099381	rs59867744	1.25e-09	0
21	36839053	rs141156383	1.25e-09	0
10	118524832	rs146598271	1.26e-09	0
13	100501677	rs60423320	1.26e-09	0
20	13530156	rs78634826	1.26e-09	0
4	165826049	rs189539537	1.27e-09	0
6	115931352	rs61177966	1.27e-09	0
18	33101135	rs370662911	1.27e-09	0
19	1006986	rs377186492	1.27e-09	0
5	110403035	rs113560750	1.28e-09	0
10	80613923	rs138465835	1.28e-09	0
1	117431593	rs73011051	1.29e-09	0
11	8088064	rs60194537	1.3e-09	0
6	95089072	rs368295496	1.31e-09	0
16	799315	rs138912978	1.31e-09	0
20	20961930	rs114760676	1.31e-09	0
19	19129097	rs187977540	1.32e-09	0
20	9106170	rs185528917	1.32e-09	0
22	37258986	rs760517	1.32e-09	0
2	227614122	rs369376569	1.33e-09	0
11	1643228	rs61867574	1.33e-09	0
3	151878792	rs117823566	1.34e-09	0
1	77606280	rs143191807	1.35e-09	0
1	175644503	rs148940011	1.35e-09	0
2	136799609	rs10928554	1.35e-09	0
10	55376967	rs61859945	1.35e-09	0
14	91588970	rs10136247	1.35e-09	1
16	51004529	rs185093135	1.35e-09	0
3	135252033	rs149981761	1.36e-09	0
3	193541025	rs6444748	1.36e-09	1
7	70355829	rs149130738	1.36e-09	0
11	121946468	rs369517668	1.36e-09	1
4	97052118	rs115870534	1.38e-09	0
19	56673838	rs73063828	1.39e-09	0
5	76312593	rs144430598	1.4e-09	0
8	86182336	rs181536566	1.4e-09	0
10	18875254	rs116483949	1.4e-09	1
18	62845089	rs186160041	1.4e-09	0
1	13866240	rs368992036	1.41e-09	0
1	34126894	rs149634603	1.41e-09	0
5	136197951	rs57039572	1.41e-09	0
16	57006718	rs141296072	1.42e-09	0
2	217077578	rs705653	1.43e-09	0
6	20602496	rs114356790	1.43e-09	0
15	63065874	rs148897233	1.43e-09	0
16	49543056	rs8057047	1.43e-09	0
4	117598161	rs75642104	1.44e-09	0
11	103483089	rs139393213	1.44e-09	0
13	92907377	rs146205558	1.44e-09	0
5	99991498	rs140004542	1.45e-09	0
11	77995817	rs180773699	1.45e-09	0
21	41076003	rs185113764	1.45e-09	0
1	57850250	rs11207023	1.46e-09	0
1	172715702	rs78037977	1.46e-09	0
5	176315994	rs142849353	1.47e-09	0
6	105641982	rs115240483	1.47e-09	0
17	15743932	rs184352734	1.47e-09	0
2	6840151	rs74514233	1.48e-09	0
8	11092197	rs147113497	1.48e-09	0
1	79418530	rs138532192	1.49e-09	0
6	20597522	rs145875150	1.49e-09	0
2	72043943	rs13000664	1.5e-09	0
3	169286886	rs190634009	1.5e-09	0
1	77608081	rs143373439	1.51e-09	0
5	104229438	rs73777336	1.51e-09	0
6	32184329	rs80074882	1.51e-09	0
8	71348274	rs150396609	1.51e-09	0
12	71695170	rs188038190	1.51e-09	0
2	36020147	rs138194634	1.52e-09	0
5	104158077	rs190481484	1.52e-09	0
11	105695797	rs373498808	1.52e-09	0
5	67573360	rs144938023	1.53e-09	0
18	11703744	rs180799666	1.53e-09	0
1	152127455	rs75957773	1.54e-09	0
5	78417629	rs1644005	1.54e-09	2
3	190513008	rs148224890	1.56e-09	0
12	57177406	rs189782794	1.56e-09	0
13	79142242	rs74097328	1.58e-09	0
16	16709906	rs188766651	1.58e-09	0
20	9616525	rs149248303	1.58e-09	0
4	23931474	rs148716019	1.59e-09	0
5	37843329	rs186916283	1.59e-09	0
15	87040057	rs74935284	1.6e-09	0
4	17435133	rs193162519	1.61e-09	0
15	30967459	rs369423363	1.61e-09	0
5	115948675	rs186464904	1.62e-09	0
4	3312606	rs17181428	1.64e-09	0
4	60644047	rs111739415	1.64e-09	0
10	127369431	rs184195997	1.64e-09	0
2	47658954	rs151234120	1.65e-09	0
1	117432104	rs73011052	1.66e-09	0
3	39560839	rs193117554	1.66e-09	0
5	104229612	rs73777337	1.66e-09	0
7	89276598	rs115946966	1.66e-09	0
7	89282249	rs115397073	1.66e-09	0
7	138134152	rs376544659	1.66e-09	0
17	7222722	rs58540510	1.66e-09	0
18	4669936	rs140791297	1.66e-09	0
6	17010141	rs71554596	1.68e-09	0
10	10655279	rs184282700	1.68e-09	0
17	80686764	rs185982438	1.68e-09	0
1	210944532	rs181802363	1.69e-09	0
16	81013799	rs2084961	1.69e-09	0
16	89046625	rs111164440	1.69e-09	0
2	182962474	rs76700098	1.7e-09	0
8	123182753	rs149293867	1.7e-09	0
18	50237139	rs115380612	1.7e-09	0
4	152173271	rs144837568	1.71e-09	0
5	106621612	rs77751480	1.71e-09	0
6	19222802	rs377618546	1.71e-09	6
6	63425479	rs182408598	1.71e-09	0
11	122263897	rs17126453	1.71e-09	0
1	221204160	rs116193105	1.72e-09	0
2	65819691	rs76082198	1.72e-09	0
2	65820753	rs6727898	1.72e-09	0
2	65820832	rs114988103	1.72e-09	0
2	236354891	rs116055661	1.72e-09	0
4	79758980	rs113013718	1.73e-09	0
4	79773221	rs72862515	1.73e-09	0
4	79810357	rs112442092	1.73e-09	0
8	42783028	rs371623510	1.73e-09	0
6	8428333	rs200035833	1.74e-09	0
6	19843767	rs6905736	1.74e-09	0
13	50059078	rs183534606	1.74e-09	0
7	92497544	rs80237580	1.75e-09	0
8	21767240	rs34215892	1.76e-09	0
19	52788390	rs146796420	1.76e-09	0
20	59860518	rs191053509	1.76e-09	0
1	216077913	rs188507366	1.78e-09	0
20	18014033	rs189259095	1.78e-09	0
5	4240692	rs180735870	1.79e-09	0
2	158624380	rs147640451	1.8e-09	0
3	134195258	rs77279071	1.8e-09	0
4	104358024	rs141850299	1.81e-09	0
17	2012911	rs186752243	1.81e-09	0
19	41221738	rs138154061	1.81e-09	0
6	167428587	rs62436761	1.82e-09	4
3	15248228	rs376778257	1.83e-09	0
10	95526056	rs114422741	1.83e-09	0
10	82233225	rs10788639	1.84e-09	0
20	20962067	rs147131697	1.84e-09	0
4	47176959	rs187831091	1.85e-09	0
10	33300271	rs76353574	1.85e-09	0
12	119511359	rs183923134	1.86e-09	0
2	183360743	rs28627441	1.87e-09	0
8	86173947	rs192586704	1.87e-09	0
11	105689921	rs373810484	1.87e-09	0
11	105695089	rs369198665	1.87e-09	0
13	99806693	rs35407628	1.87e-09	1
1	220108666	rs149132223	1.88e-09	0
3	72501295	rs115933136	1.88e-09	0
3	191934186	rs76616588	1.88e-09	0
7	51752736	rs192182287	1.9e-09	0
9	5602493	rs150451811	1.9e-09	0
1	185450792	rs181831583	1.91e-09	0
13	82207797	rs9601661	1.91e-09	1
2	69189967	rs78635481	1.92e-09	1
5	59024183	rs372106988	1.92e-09	0
16	27358888	rs2239349	1.92e-09	0
17	55585135	rs150814287	1.92e-09	0
2	68422843	rs112861794	1.93e-09	0
4	60638108	rs149642352	1.93e-09	0
10	30092751	rs146518271	1.93e-09	0
11	93526232	rs186253985	1.93e-09	0
1	25328668	rs201591875	1.94e-09	1
8	98416986	rs186597308	1.94e-09	0
2	163903625	rs143509029	1.96e-09	0
8	129291095	rs75875537	1.96e-09	0
8	130431353	rs58452854	1.96e-09	0
10	32600054	rs149064226	1.97e-09	0
18	53466886	rs185684413	1.97e-09	0
14	35851278	rs113359448	1.99e-09	0
2	241114199	rs76116009	2.01e-09	0
7	117291132	rs35453239	2.01e-09	0
9	5611728	rs34368225	2.01e-09	1
7	26287568	rs34345136	2.02e-09	0
1	107927155	rs139272636	2.03e-09	0
2	3841285	rs185941079	2.03e-09	0
2	41116545	rs184455217	2.03e-09	0
2	80700820	rs191336417	2.03e-09	0
3	12087397	rs140056413	2.03e-09	0
4	102622977	rs368611164	2.03e-09	0
4	189167250	rs79632289	2.03e-09	0
5	44188965	rs139494380	2.03e-09	0
6	117821323	rs145745202	2.03e-09	0
9	114093714	rs186276499	2.03e-09	0
10	45304039	rs149405463	2.03e-09	0
10	96287257	rs11188006	2.03e-09	0
11	105699139	rs374924056	2.03e-09	0
12	81589358	rs11830342	2.03e-09	0
12	104194646	rs116627818	2.03e-09	0
12	106145356	rs60038102	2.03e-09	0
15	70127285	rs184270621	2.03e-09	0
18	23039658	rs145440695	2.03e-09	0
19	12000024	rs7246144	2.03e-09	0
5	2401520	rs12653071	2.04e-09	0
4	53332354	rs4510515	2.07e-09	0
1	157540465	rs192730519	2.09e-09	0
6	32432500	rs78218185	2.09e-09	1
2	119659306	rs77254662	2.1e-09	0
3	147381198	rs189814697	2.1e-09	0
11	25770948	rs372720538	2.1e-09	0
4	60633322	rs150146337	2.14e-09	0
12	31612680	rs193263011	2.14e-09	0
15	95525661	rs114045542	2.14e-09	0
2	53502688	rs143638886	2.15e-09	0
3	99394467	rs73858891	2.15e-09	0
5	59034856	rs373892086	2.15e-09	0
15	95413859	rs150902709	2.15e-09	0
17	37979986	rs62066986	2.15e-09	2
2	113587877	rs188964071	2.16e-09	0
15	63846178	rs7166997	2.16e-09	2
20	12258277	rs115951339	2.16e-09	0
3	168970191	rs1627507	2.17e-09	0
16	74622870	rs186629147	2.17e-09	0
5	18251128	rs149146661	2.18e-09	0
7	42904196	rs151158980	2.18e-09	0
10	77774208	rs12257440	2.18e-09	0
16	49405418	rs190252268	2.18e-09	0
10	82704667	rs146525873	2.19e-09	0
1	153411822	rs41265154	2.2e-09	0
11	105702610	rs376677468	2.2e-09	0
6	88282653	rs4365903	2.21e-09	0
5	127158896	rs145340271	2.22e-09	0
6	11942247	rs9380655	2.22e-09	1
9	105899331	rs113563496	2.22e-09	0
9	105899868	rs111598915	2.22e-09	0
9	105901296	rs111502210	2.22e-09	0
9	105910176	rs1578446	2.22e-09	0
2	38310528	rs163093	2.23e-09	3
8	108176700	rs114033732	2.23e-09	0
11	98286085	rs183076675	2.23e-09	0
1	55256829	rs145818426	2.24e-09	0
5	121947463	rs114024023	2.24e-09	0
9	112171900	rs184309213	2.24e-09	0
12	14218954	rs58597452	2.24e-09	0
1	79418706	rs17102524	2.25e-09	0
3	87269206	rs184258811	2.25e-09	0
13	58721766	rs76638802	2.25e-09	0
20	19862065	rs145214047	2.26e-09	0
1	243747177	rs181802426	2.27e-09	0
4	60747965	rs61346113	2.27e-09	0
4	86952292	rs115074357	2.27e-09	0
5	63970939	rs116310786	2.29e-09	0
7	20719354	rs4719622	2.3e-09	0
11	19068685	rs187476774	2.3e-09	0
17	51791579	rs369687991	2.3e-09	0
2	38609165	rs191488417	2.31e-09	0
8	54027520	rs181086859	2.34e-09	0
9	134033757	rs148761085	2.34e-09	0
19	1015784	rs182209161	2.34e-09	0
20	32613494	rs11697947	2.34e-09	0
4	87670216	rs147050420	2.35e-09	0
12	39532726	rs12817660	2.35e-09	1
2	213800832	rs11684846	2.37e-09	0
10	89393412	rs113928696	2.37e-09	0
10	89393420	rs112616737	2.37e-09	0
17	30089569	rs374697264	2.37e-09	0
2	115275029	rs145705815	2.39e-09	0
10	118476620	rs73377090	2.39e-09	0
17	8715759	rs144074828	2.39e-09	0
5	51886823	rs145626507	2.4e-09	0
1	216081820	rs76089129	2.41e-09	0
3	147384033	rs137877152	2.41e-09	0
3	147385627	rs149764353	2.41e-09	0
12	91419514	rs149626607	2.41e-09	0
2	112304671	rs371601488	2.42e-09	4
6	32610888	rs191251309	2.42e-09	0
15	26299728	rs143866551	2.44e-09	0
16	82291153	rs115739663	2.44e-09	0
8	28687046	rs188013426	2.45e-09	0
1	91834121	rs187192053	2.46e-09	0
13	109197529	rs114233038	2.46e-09	0
4	67710459	rs182861061	2.47e-09	0
13	110827555	rs202002553	2.47e-09	0
2	216937274	rs143183611	2.48e-09	0
3	113240441	rs74864895	2.48e-09	0
7	89297930	rs76099083	2.48e-09	0
1	163497287	rs183682833	2.49e-09	0
4	36125365	rs138186092	2.49e-09	0
10	72401437	rs192859775	2.49e-09	0
15	45366618	rs55881121	2.49e-09	0
10	67005168	rs150260588	2.5e-09	0
10	91559136	rs182624603	2.5e-09	0
3	99408453	rs73858894	2.51e-09	0
19	32735077	rs200044816	2.51e-09	0
14	98670924	rs857229	2.52e-09	0
15	79278979	rs181640607	2.52e-09	0
4	53880485	rs73149170	2.53e-09	0
7	12492824	rs28373140	2.53e-09	0
8	126821496	rs141846002	2.53e-09	0
9	105905903	rs113429428	2.53e-09	0
9	105912721	rs112395147	2.53e-09	0
19	33752455	rs62126619	2.53e-09	0
20	23758438	rs117693843	2.53e-09	0
6	95081683	rs368589587	2.54e-09	0
3	174067268	rs150727517	2.56e-09	0
12	57082058	rs17445108	2.56e-09	0
17	42645017	rs4550510	2.56e-09	0
6	99724586	rs150348618	2.57e-09	1
10	7424934	rs148705878	2.57e-09	0
18	8988765	rs148378392	2.57e-09	0
4	26549078	rs4692544	2.58e-09	0
2	45470587	rs189932800	2.59e-09	0
2	53391747	rs191849532	2.6e-09	0
7	157328293	rs73513033	2.6e-09	0
21	41062268	rs12482736	2.6e-09	0
3	70120509	rs370203563	2.63e-09	0
3	84620095	rs191633573	2.63e-09	0
4	176183025	rs112011768	2.63e-09	0
22	38139415	rs185450972	2.63e-09	0
9	104080505	rs146893379	2.65e-09	0
4	64270765	rs149949795	2.66e-09	0
4	90485367	rs185222955	2.66e-09	0
17	14829439	rs187378278	2.67e-09	0
4	17509441	rs180812360	2.69e-09	0
11	105687062	rs368669457	2.7e-09	0
17	29435942	rs147127744	2.7e-09	0
14	35615068	rs180890258	2.71e-09	1
16	84842475	rs187875490	2.71e-09	0
4	95113373	rs58685997	2.72e-09	0
8	22928005	rs185352690	2.72e-09	0
16	86598603	rs61676736	2.72e-09	0
2	162802184	rs11693702	2.75e-09	3
6	138825421	rs189129791	2.75e-09	0
18	154553	rs140350158	2.75e-09	0
7	152376910	rs181104715	2.76e-09	0
6	33800340	rs78515650	2.77e-09	0
6	161639706	rs75917293	2.77e-09	0
11	111244833	rs12799546	2.77e-09	2
17	53572032	rs143906073	2.77e-09	0
18	10014552	rs8087436	2.77e-09	3
18	77430219	rs138776210	2.79e-09	0
20	14672303	rs114460171	2.79e-09	0
3	40425963	rs185724875	2.81e-09	0
5	156874750	rs116326491	2.81e-09	0
5	149100190	rs188270621	2.83e-09	0
19	11999474	rs17001721	2.83e-09	0
1	80282637	rs371596893	2.84e-09	0
2	108231954	rs192706539	2.84e-09	0
13	29052839	rs192058822	2.85e-09	0
1	68250907	rs17130280	2.86e-09	0
1	15133992	rs193116364	2.87e-09	0
1	178354759	rs189321018	2.87e-09	0
2	118043625	rs144329831	2.87e-09	0
3	31739999	rs143958457	2.87e-09	0
6	11283412	rs145781990	2.87e-09	0
6	75728983	rs147317999	2.88e-09	0
7	76790771	rs9801498	2.89e-09	0
11	75101475	rs373138683	2.89e-09	0
13	44390689	rs61261797	2.89e-09	0
16	79311279	rs74631780	2.89e-09	0
20	35935451	rs193173415	2.89e-09	0
6	115884402	rs60641425	2.9e-09	0
1	76271309	rs187215358	2.92e-09	0
11	109150198	rs146578004	2.92e-09	0
21	25968522	rs79319675	2.92e-09	0
7	152212164	rs189739278	2.93e-09	0
12	56539610	rs77798824	2.93e-09	0
6	83426795	rs2989872	2.94e-09	2
13	104505744	rs190956069	2.95e-09	0
2	228239284	rs189415898	2.96e-09	0
1	82698910	rs148295831	2.98e-09	0
4	88040033	rs375875617	2.98e-09	0
8	82282753	rs184831594	2.98e-09	0
10	75483709	rs137929121	2.99e-09	0
16	59659974	rs76515013	3e-09	0
1	18135081	rs11808770	3.01e-09	0
4	54363664	rs114593513	3.02e-09	0
4	54364698	rs114356062	3.02e-09	0
19	8788177	rs111065633	3.02e-09	2
5	103660666	rs150005600	3.04e-09	0
6	25812069	rs10498730	3.04e-09	1
6	32614569	rs148889372	3.04e-09	0
18	33570350	rs137948973	3.04e-09	0
1	192304039	rs192807579	3.06e-09	0
4	168638436	rs114596113	3.06e-09	1
18	13538626	rs12327237	3.06e-09	0
10	71069024	rs11819352	3.07e-09	0
15	25918062	rs180940521	3.07e-09	0
16	15908442	rs111336720	3.07e-09	0
4	54334347	rs187870767	3.09e-09	0
15	68363644	rs2046788	3.09e-09	0
20	1653218	rs142828423	3.09e-09	0
6	112721801	rs59719828	3.11e-09	0
3	48030002	rs145767002	3.15e-09	0
5	58955677	rs370552132	3.16e-09	0
5	67678289	rs74935568	3.16e-09	0
16	62069155	rs373986395	3.16e-09	0
11	75435554	rs1238556	3.17e-09	0
7	97836330	rs181971715	3.19e-09	0
8	58171241	rs370542813	3.19e-09	0
6	32464521	rs190915926	3.21e-09	0
7	107472538	rs138350087	3.22e-09	0
2	143885067	rs370205530	3.25e-09	0
11	6132454	rs76989971	3.26e-09	0
13	27975602	rs74042187	3.26e-09	0
15	79336152	rs140338566	3.26e-09	0
21	41791058	rs9979428	3.26e-09	0
1	161261779	rs147534803	3.27e-09	0
10	108334212	rs181661157	3.27e-09	0
11	95270680	rs187058867	3.27e-09	0
21	32021404	rs151145698	3.27e-09	0
13	68104860	rs183085617	3.3e-09	0
13	109042642	rs76857338	3.3e-09	0
2	8065909	rs75233914	3.31e-09	0
4	189504129	rs149254127	3.31e-09	0
15	95674750	rs148690002	3.31e-09	0
4	94402251	rs139656710	3.32e-09	0
6	79803827	rs11963526	3.33e-09	0
4	16187714	rs187625154	3.36e-09	0
13	63475304	rs139904071	3.36e-09	0
6	96786689	rs2205759	3.37e-09	0
8	3850534	rs377393355	3.38e-09	0
11	113590321	rs187881229	3.38e-09	0
2	64946639	rs13421997	3.39e-09	0
4	76080363	rs190381235	3.39e-09	0
9	115737686	rs188823772	3.4e-09	0
11	26536520	rs189217153	3.41e-09	0
15	74243735	rs373664056	3.41e-09	0
15	64188320	rs7179656	3.42e-09	0
14	71369462	rs12892262	3.43e-09	1
19	51046022	rs141284447	3.44e-09	0
14	40388949	rs192545817	3.45e-09	0
1	213134466	rs376872565	3.47e-09	0
12	49663651	rs139840621	3.48e-09	0
3	7652424	rs138582234	3.49e-09	0
13	105273338	rs74795823	3.49e-09	0
17	45893957	rs141812590	3.49e-09	0
19	4055506	rs3760904	3.5e-09	0
17	6707154	rs538313772	3.52e-09	0
1	49114537	rs182861425	3.54e-09	0
4	36115091	rs1510644	3.54e-09	0
5	176148148	rs150594850	3.54e-09	0
8	48285851	rs180859440	3.54e-09	0
17	53291663	rs114131582	3.54e-09	0
22	17620663	rs140148250	3.54e-09	0
22	28194749	rs45473596	3.54e-09	0
13	95926020	rs192726608	3.55e-09	0
7	28185642	rs79254101	3.57e-09	0
7	89283706	rs115958724	3.57e-09	0
10	71069228	rs187304231	3.58e-09	0
6	33220360	rs107860	3.59e-09	0
6	106515218	rs74526772	3.59e-09	2
18	50367707	rs146374437	3.59e-09	0
11	105681044	rs372331614	3.6e-09	0
21	28730203	rs150200421	3.6e-09	0
22	28034232	rs150009997	3.6e-09	0
8	131570092	rs182724326	3.61e-09	0
11	45315518	rs7395289	3.61e-09	0
20	34415199	rs200410144	3.61e-09	0
2	68402314	rs112809838	3.62e-09	0
8	130341286	rs111396174	3.62e-09	1
2	40875475	rs151324278	3.63e-09	0
16	11469430	rs7194752	3.63e-09	0
5	6592329	rs189749960	3.64e-09	0
18	56287143	rs56078635	3.64e-09	0
4	24883276	rs77137608	3.65e-09	0
8	24033821	rs148026915	3.65e-09	0
10	45141717	rs201773894	3.65e-09	0
16	17207910	rs187083833	3.66e-09	0
14	31645361	rs149558029	3.68e-09	0
7	90402155	rs73395698	3.7e-09	0
6	11651986	rs190818888	3.71e-09	0
8	106752326	rs188169395	3.71e-09	0
9	115737828	rs146325553	3.71e-09	0
10	16065038	rs185255329	3.71e-09	0
3	79868261	rs6548662	3.73e-09	0
6	31243828	rs4141168	3.73e-09	0
11	65294830	rs1787663	3.73e-09	1
2	40509474	rs77228852	3.74e-09	0
3	76146479	rs181249328	3.74e-09	0
18	1972514	rs7226923	3.74e-09	0
3	119199868	rs7611041	3.77e-09	6
4	54397803	rs73145499	3.77e-09	0
12	33449722	rs79929503	3.77e-09	0
15	62501579	rs185811819	3.77e-09	0
3	184723559	rs185281308	3.79e-09	0
4	90160365	rs147010971	3.79e-09	0
10	12577812	rs183357919	3.79e-09	0
14	92137085	rs144193881	3.79e-09	0
9	5759880	rs75007171	3.8e-09	0
13	91648234	rs146952590	3.8e-09	0
8	94595194	rs145081654	3.81e-09	0
13	31313039	rs79549449	3.82e-09	0
13	32495521	rs150133918	3.84e-09	0
5	29253116	rs55696992	3.85e-09	0
1	68250572	rs17130279	3.86e-09	0
6	32229603	rs56118007	3.86e-09	0
9	6770078	rs7857692	3.86e-09	0
20	8427005	rs227136	3.87e-09	1
8	48441131	rs150430008	3.88e-09	0
14	106330842	rs368839973	3.88e-09	0
18	67257422	rs58348887	3.89e-09	0
4	190698594	rs185783614	3.91e-09	0
17	1201531	rs116002593	3.91e-09	0
2	134918533	rs115257047	3.93e-09	0
10	33305272	rs55999116	3.93e-09	0
11	128493340	rs183388904	3.93e-09	0
16	57394862	rs223819	3.93e-09	2
4	170064733	rs113183020	3.94e-09	0
6	412802	rs9392504	3.94e-09	0
6	32625246	rs370363575	3.94e-09	0
17	76863862	rs9909541	3.94e-09	2
20	40370555	rs148534326	3.94e-09	0
6	145697381	rs145618037	3.97e-09	0
13	109506365	rs149635091	3.98e-09	0
5	103647570	rs143386320	4e-09	0
16	17643282	rs4296246	4e-09	0
6	99748214	rs185791931	4.01e-09	0
1	219479661	rs115316322	4.02e-09	0
2	104894350	rs117402700	4.02e-09	0
11	128421586	rs4245080	4.02e-09	2
16	88928417	rs12596491	4.02e-09	0
16	60947206	rs62045456	4.03e-09	0
12	12673967	rs147374839	4.05e-09	0
13	88389585	rs115949026	4.05e-09	0
1	190611582	rs115285331	4.07e-09	0
7	76026705	rs191449430	4.09e-09	0
17	57443918	rs116986872	4.09e-09	0
3	21108966	rs13070706	4.1e-09	1
3	79870907	rs2055456	4.1e-09	0
3	79871987	rs1354210	4.1e-09	0
8	23475373	rs192499816	4.1e-09	0
15	62501575	rs180812848	4.11e-09	0
5	19675945	rs192233196	4.13e-09	0
6	32528514	rs558257892	4.13e-09	0
18	46490181	rs7240215	4.15e-09	1
6	105760009	rs73770148	4.16e-09	0
10	71069856	rs7088667	4.16e-09	0
18	4555026	rs79270113	4.16e-09	0
18	76821840	rs376960085	4.16e-09	0
21	39467378	rs185901688	4.16e-09	0
12	104177345	rs114594488	4.18e-09	0
12	85320319	rs146599849	4.19e-09	0
2	210113727	rs116628557	4.21e-09	0
13	27060043	rs116358071	4.22e-09	0
15	64554894	rs76512413	4.22e-09	0
9	132199326	rs1220820	4.25e-09	0
4	30406415	rs148279592	4.29e-09	0
1	207232706	rs186658965	4.3e-09	0
8	43666559	rs8185754	4.3e-09	0
9	6649344	rs1755610	4.3e-09	0
15	39481846	rs75421962	4.3e-09	0
18	50234083	rs147586196	4.3e-09	0
14	96368105	rs145662680	4.31e-09	0
18	5252068	rs34630948	4.32e-09	0
1	103665997	rs6681786	4.33e-09	0
2	40676206	rs72798679	4.34e-09	0
7	45692754	rs79213408	4.34e-09	0
7	45692756	rs76498226	4.34e-09	0
18	7165577	rs116602554	4.35e-09	0
16	6434170	rs188588106	4.36e-09	0
19	16452777	rs56119701	4.37e-09	0
1	106070011	rs185491808	4.4e-09	0
14	85912645	rs146806896	4.4e-09	0
11	63579909	rs185400420	4.41e-09	0
12	106568071	rs182875432	4.41e-09	0
20	55289735	rs189970624	4.41e-09	0
1	244074528	rs185358567	4.43e-09	0
4	107373278	rs6852554	4.44e-09	0
13	98833216	rs139280197	4.44e-09	0
7	13907554	rs114434639	4.45e-09	0
20	35935622	rs184552384	4.45e-09	0
10	125185426	rs57607301	4.46e-09	0
22	41690655	rs368180176	4.46e-09	0
6	74163012	rs145958137	4.47e-09	0
15	67492947	rs12148282	4.47e-09	0
1	117427010	rs111429768	4.48e-09	0
2	122528105	rs186692984	4.49e-09	0
12	113317781	rs149700650	4.49e-09	0
3	57360344	rs189324776	4.52e-09	0
4	30452825	rs73811305	4.53e-09	0
4	38763994	rs6856032	4.53e-09	0
6	47677446	rs55726323	4.55e-09	0
12	76041167	rs116411087	4.55e-09	0
7	95248931	rs146141739	4.58e-09	0
9	6170847	rs116863868	4.58e-09	0
6	89043135	rs192044882	4.59e-09	0
17	71251800	rs79986344	4.59e-09	0
5	127189795	rs137957345	4.6e-09	0
10	21086507	rs7071726	4.6e-09	0
10	92115060	rs74148573	4.6e-09	0
17	37949713	rs183277674	4.61e-09	0
10	71069600	rs141449667	4.62e-09	0
3	174380560	rs142878550	4.63e-09	0
4	76395928	rs146182896	4.65e-09	0
3	39901246	rs141788643	4.66e-09	0
12	101680886	rs77569927	4.66e-09	0
1	165613257	rs142586739	4.67e-09	0
14	93608975	rs187909745	4.69e-09	0
1	242356808	rs117881980	4.7e-09	0
3	147322496	rs150165768	4.7e-09	0
9	117495971	rs9299219	4.71e-09	0
1	2281347	rs58965274	4.74e-09	0
10	31888266	rs11008539	4.75e-09	0
10	31888608	rs12098443	4.75e-09	0
5	117307775	rs77924261	4.77e-09	0
17	1209700	rs11652371	4.77e-09	0
4	60678220	rs147637138	4.78e-09	0
9	90167551	rs150020515	4.8e-09	0
12	112407565	rs147864869	4.84e-09	0
15	39482182	rs74736288	4.84e-09	0
3	115039577	rs9836924	4.85e-09	0
8	38305944	rs185709135	4.86e-09	0
12	50530228	rs148129035	4.88e-09	0
13	26068920	rs186770664	4.89e-09	0
7	7306096	rs116819050	4.91e-09	0
2	38082614	rs6721008	4.94e-09	0
5	103918774	rs183981138	4.94e-09	0
7	141320957	rs140112672	4.94e-09	0
8	91412345	rs149921709	4.96e-09	0
10	91136162	rs77715068	4.96e-09	0
10	12538945	rs372329320	4.97e-09	0
3	41547569	rs149692427	4.98e-09	0
15	38821038	rs376791038	5e-09	0
