SNP	chromosome	position	p_value
rs9273374	6	32626614	5.22e-253
rs28798705	6	32617809	4.28e-199
rs7757696	6	32611449	1.04e-192
rs145573519	2	102969667	1.61e-160
rs9775039	9	6177453	1.16e-153
rs9271726	6	32593566	2.05e-152
rs12939565	17	38038389	8.9e-133
rs61840192	10	9043404	1.03e-131
rs7114362	11	76293070	2.48e-129
rs1049068	6	32632777	6.38e-98
rs12470864	2	102926362	6.87e-97
rs201024593	5	110423832	1.61e-95
rs62192033	2	242699504	1.13e-93
rs72743461	15	67441750	2.98e-88
rs62557312	9	6047765	1.96e-85
rs55646091	11	76299431	9.6e-76
rs3091308	5	131991032	7.72e-75
rs2647074	6	32574360	9.76e-74
rs7824394	8	81292599	9.5e-67
rs41263792	6	32631918	5.21e-64
rs41316239	6	32779280	4.34e-62
rs148451580	6	32498626	2.9e-61
rs60557452	5	110161482	8.18e-61
rs11256016	10	9043352	2.3e-59
rs35441874	16	11213021	1.74e-57
rs146597587	9	6255967	8.21e-56
rs3122929	12	57509102	1.85e-55
rs188575117	6	32561935	7.98e-55
rs553177248	6	32529916	8.7e-55
rs705705	12	56435504	1.17e-53
rs61816761	1	152285861	2.24e-53
rs3134935	6	32210355	2.81e-52
rs72502575	6	31356087	2.21e-51
rs3749833	5	131799626	3.11e-51
rs4833096	4	38808632	4.08e-51
rs3024971	12	57493727	2.95e-49
rs112173287	15	67539032	4.02e-49
rs12212737	6	90838675	5.17e-49
rs9274408	6	32632850	5.18e-49
rs12123821	1	152179152	2.21e-47
rs182229954	6	32353735	8.23e-46
rs114549185	6	32601204	5.56e-45
rs112502960	17	47439302	6.25e-45
rs58939053	4	123386013	7.37e-45
rs117746614	10	9141624	7.77e-45
rs9920526	15	61047526	2.75e-44
rs117710327	19	33726578	2.9e-42
rs7221894	17	38165485	1.2e-41
rs1617988	1	167436300	1.36e-41
rs117134689	9	5936490	2.63e-41
rs567302488	6	32624377	5.43e-41
rs2243284	5	132016992	4.43e-40
rs1319132	13	99999601	3.22e-39
rs71387227	2	8461377	5.8e-39
rs10905469	10	8850363	1.92e-38
rs76120566	4	123087303	3.52e-38
rs28893537	6	32749666	2.5e-37
rs71536563	6	32529468	3.26e-37
rs144596166	6	31454362	5.51e-37
rs555816908	6	32619096	7.08e-37
rs1981551	16	27345352	2.78e-36
rs1149915	10	9172233	2.79e-36
rs7650543	3	33042713	4.31e-36
rs9878655	3	188083490	4.32e-36
rs7793850	7	20542216	8.83e-36
rs249681	5	141538017	1.15e-35
rs2923009	6	31358559	4.94e-35
rs543315186	5	88604663	2.28e-34
rs570927678	10	100418187	3.35e-34
rs10751640	11	1112593	2.17e-33
rs2078290	6	32312655	3.49e-33
rs149770152	12	76007126	7.55e-33
rs11205006	1	152440176	1.08e-32
rs117097909	17	38064971	1.23e-32
rs185221697	5	17364309	2.82e-32
rs534331448	6	32619089	4.43e-32
rs9267862	6	32196672	5.61e-32
rs188694433	6	32617104	9.89e-32
rs3131640	6	31472862	6.57e-31
rs71536533	6	32523827	1.36e-30
rs7864027	9	6504189	1.47e-30
rs2621348	6	32772575	1.57e-30
rs185774696	6	32618190	4.29e-30
rs7210983	17	38817114	8.07e-30
rs12722502	10	6093139	1.24e-29
rs113889357	13	27920500	1.98e-29
rs17547610	12	57530341	2.78e-29
rs61175929	5	131821548	4.89e-29
rs144881115	2	123839204	6.51e-29
rs77000868	10	9070677	6.8e-29
rs76890695	22	29784170	8.25e-29
rs174551	11	61573684	1.08e-28
rs3024664	16	27371424	1.55e-28
rs575384931	3	186609415	1.97e-28
rs147739507	11	76331393	9.15e-28
rs538590173	2	237869725	9.56e-28
rs9274171	6	32630391	1.09e-27
rs202204907	21	36488753	1.71e-27
rs564508702	3	118902865	1.74e-27
rs538278633	14	86381380	3.97e-27
rs185774274	6	32624515	4.28e-27
rs74180212	2	102798245	4.44e-27
rs849333	7	28219812	6.39e-27
rs550427753	22	37053428	6.49e-27
rs6462	6	32006597	6.95e-27
rs2157051	6	32658624	1.07e-26
rs117137018	6	32522795	1.34e-26
rs181461000	5	110420721	1.5e-26
rs533459121	6	32263134	1.86e-26
rs3825729	14	68773744	1.97e-26
rs370138771	9	81960645	1.98e-26
rs2646436	10	8566762	2.4e-26
rs568346764	3	152526979	2.41e-26
rs28617673	15	67371244	2.61e-26
rs193203786	22	37061356	2.86e-26
rs190480671	22	37061388	2.9e-26
rs118030933	1	80199711	2.96e-26
rs3116990	6	33099474	3.03e-26
rs9267111	6	31416379	3.24e-26
rs577884263	3	139824789	4.5e-26
rs528032160	12	130251623	7.92e-26
rs58029167	9	5850375	8.05e-26
rs549030858	1	63001902	8.74e-26
rs72782676	10	9032555	8.95e-26
rs7212218	17	37598842	9.8e-26
rs7636493	3	196367930	1.01e-25
rs72827105	17	37643376	1.3e-25
rs62351976	5	35893189	1.34e-25
rs543697798	10	9421323	1.74e-25
rs35988070	6	33000844	2.44e-25
rs28749158	6	29916681	3.37e-25
rs572868823	12	64370175	4.8e-25
rs9695132	9	6182285	5.03e-25
rs541964427	1	22824891	5.28e-25
rs75097346	20	11634990	5.34e-25
rs16903574	5	14610309	5.9e-25
rs12131497	1	25299747	6.32e-25
rs10892305	11	118746433	8.86e-25
rs114355466	12	97213279	9.59e-25
rs529119341	2	75253057	1.18e-24
rs6922431	6	31465030	1.87e-24
rs536084500	11	25005764	2.45e-24
rs570995797	19	53354068	2.64e-24
rs537153307	3	18895341	2.76e-24
rs572775699	3	74942289	3.06e-24
rs539982805	3	31839756	3.31e-24
rs555746714	3	139811706	3.86e-24
rs530763701	1	8462178	3.88e-24
rs61896951	11	111488585	4.06e-24
rs193147579	6	32624033	4.93e-24
rs1890572	1	8696006	5.62e-24
rs566597236	19	11913128	6.45e-24
rs542654675	10	53180368	7.77e-24
rs141405779	5	110424932	7.85e-24
rs190517737	4	17437952	8.19e-24
rs548242521	4	40524188	8.66e-24
rs550441626	15	88131769	8.71e-24
rs182156659	21	26042361	8.74e-24
rs534868470	6	32616482	8.87e-24
rs568522730	15	77411550	1.19e-23
rs71563353	6	31562924	1.56e-23
rs560009413	4	186062148	1.63e-23
rs541523992	14	44461337	1.63e-23
rs562156095	9	3101219	2.45e-23
rs141668396	12	67959352	2.57e-23
rs7262150	20	62354494	2.9e-23
rs71526323	7	20420930	3.12e-23
rs114708995	6	32646969	3.75e-23
rs7797987	7	70016729	3.82e-23
rs7608337	2	103192574	4.46e-23
rs147868033	5	41434777	4.48e-23
rs169363	22	41853117	4.56e-23
rs185320691	6	32490292	5.11e-23
rs41285280	6	128291649	5.92e-23
rs9909628	17	40418571	5.95e-23
rs78074993	3	108143978	6.12e-23
rs569426757	1	247818017	6.13e-23
rs55661102	3	188401138	6.74e-23
rs12936466	17	43231991	7.56e-23
rs554256997	8	34102532	8.12e-23
rs142591955	6	32609323	9.06e-23
rs529709481	6	13396376	9.23e-23
rs3824661	10	8104340	1.13e-22
rs138296006	16	16160253	1.18e-22
rs9274169	6	32630386	1.22e-22
rs375069308	6	32618822	1.36e-22
rs73814855	4	53656787	1.54e-22
rs7706446	5	110695291	1.67e-22
rs1024792	2	102837147	1.77e-22
rs61774728	1	25258867	1.81e-22
rs576076433	7	8147244	1.94e-22
rs11242105	5	131439635	1.95e-22
rs16924144	9	6221246	2.07e-22
rs187179865	18	72569664	2.07e-22
rs74747954	6	33847630	2.14e-22
rs539467045	3	144740227	2.65e-22
rs183693906	5	17158123	2.91e-22
rs6910879	6	32560739	3.15e-22
rs545659766	4	122558356	3.34e-22
rs547203011	3	166790053	3.71e-22
rs541704177	2	5289577	3.78e-22
rs554019778	7	42396693	4.01e-22
rs3867128	11	65653632	4.49e-22
rs555409217	4	125910490	4.62e-22
rs574744413	15	63835062	4.88e-22
rs2922999	6	31337437	5.1e-22
rs570700413	16	66837135	6.34e-22
rs542392817	15	63936838	6.61e-22
rs7626218	3	176852038	7.19e-22
rs115698288	5	106721547	7.73e-22
rs145029725	19	11443102	9.48e-22
rs531849757	16	6962320	9.85e-22
rs532408267	22	40006226	9.85e-22
rs572650636	16	66836261	1.03e-21
rs188074962	12	121365431	1.21e-21
rs557069037	1	81503793	1.26e-21
rs10795633	10	8515325	1.3e-21
rs145258356	5	139104512	1.41e-21
rs551781277	3	8209709	1.47e-21
rs142365849	12	111797565	1.47e-21
rs533792043	5	152632542	1.85e-21
rs560022931	11	11180244	1.9e-21
rs3828058	1	151786281	2.05e-21
rs73267584	10	61524120	2.13e-21
rs112405747	11	20832714	2.16e-21
rs9264218	6	31221895	2.27e-21
rs1684466	3	196359310	2.42e-21
rs113981909	10	8304992	2.46e-21
rs7802307	7	22766433	2.98e-21
rs549298398	7	36458174	3.02e-21
rs564028026	3	54710804	3.97e-21
rs7781	6	30693121	4.19e-21
rs73512033	6	105710789	4.98e-21
rs570377404	1	237736369	5.26e-21
rs191530669	13	21256343	5.74e-21
rs2016366	1	2513678	5.75e-21
rs183720841	7	42424908	6.05e-21
rs114048096	12	92549023	7.24e-21
rs543373600	15	28378165	7.36e-21
rs572440779	15	54469487	7.47e-21
rs190029525	12	75958600	7.64e-21
rs373682209	3	61589486	7.93e-21
rs556148772	15	30951411	8.08e-21
rs561133835	20	38428172	8.7e-21
rs143253231	15	84531695	8.88e-21
rs536537022	6	32501756	9.12e-21
rs10057913	5	110566175	9.93e-21
rs543715010	10	73035781	1.01e-20
rs578157227	2	156602093	1.07e-20
rs566362702	13	21306590	1.39e-20
rs74852547	13	67802558	1.4e-20
rs565908580	9	110694482	1.42e-20
rs142833331	15	34248529	1.43e-20
rs545989971	17	6570112	1.43e-20
rs564869949	8	132770351	1.5e-20
rs147471705	6	90874713	1.54e-20
rs34492353	6	31520658	1.55e-20
rs551437449	9	74212308	1.61e-20
rs56382813	10	6124257	1.8e-20
rs192493603	10	92126300	1.94e-20
rs79491862	1	152096775	2.14e-20
rs2390314	7	20455978	2.5e-20
rs551980574	2	67648051	2.55e-20
rs76251111	12	15506473	2.61e-20
rs527986872	5	123769469	2.78e-20
rs4924544	15	41693455	2.78e-20
rs576690139	10	61934761	2.8e-20
rs537897582	8	62691697	2.85e-20
rs112842054	10	8871392	3.02e-20
rs4845604	1	151801680	3.24e-20
rs185986816	3	185969455	3.35e-20
rs536920683	2	9983510	3.42e-20
rs112401631	17	38764524	3.45e-20
rs564750050	3	115408856	3.91e-20
rs10791824	11	65559266	3.94e-20
rs111261380	3	196330249	4.02e-20
rs528176234	17	72809377	4.2e-20
rs79788659	7	110019407	4.23e-20
rs76639799	5	121023621	4.9e-20
rs139592966	5	106703531	5.29e-20
rs7918084	10	94429467	5.29e-20
rs143445255	4	99631720	5.42e-20
rs146563712	3	47652068	5.49e-20
rs189295374	15	59362300	6.38e-20
rs111839173	4	116638062	6.95e-20
rs555746221	6	32616993	7.11e-20
rs114372072	5	121029807	7.46e-20
rs560825322	22	50562294	7.49e-20
rs566139955	20	11630091	7.55e-20
rs561635278	7	46453599	7.64e-20
rs574435821	4	88461323	7.91e-20
rs542383204	8	1992100	8.15e-20
rs549888517	8	3772461	8.15e-20
rs113050249	7	95155337	8.37e-20
rs28635831	13	40319954	8.54e-20
rs559853491	5	73791198	8.83e-20
rs61841332	10	6628224	8.83e-20
rs188341231	14	47992512	8.83e-20
rs572507794	4	66868754	9.2e-20
rs372019101	15	42190535	1.01e-19
rs547735028	5	143096937	1.04e-19
rs560248580	1	43008477	1.07e-19
rs553929799	1	42994302	1.1e-19
rs549514839	3	34281828	1.13e-19
rs57580990	5	3364865	1.25e-19
rs60946542	2	242680229	1.29e-19
rs570874297	16	30945198	1.37e-19
rs545120762	16	9549407	1.4e-19
rs182011134	3	43200935	1.48e-19
rs10186746	2	102866377	1.49e-19
rs554528507	1	42950911	1.62e-19
rs201962501	10	9353730	1.62e-19
rs532574427	5	132794953	1.84e-19
rs541961434	18	59471297	1.96e-19
rs1705333	10	9039506	2.16e-19
rs150510414	7	29274493	2.17e-19
rs147562575	5	139119137	2.19e-19
rs187146369	4	90051456	2.31e-19
rs138449600	4	178442654	2.45e-19
rs9269160	6	32446711	2.53e-19
rs552246512	7	32644824	2.54e-19
rs554370064	21	15597991	2.56e-19
rs2143793	6	135685999	2.64e-19
rs6602347	10	8979851	2.95e-19
rs139991161	6	32573710	3.02e-19
rs569137980	20	20438772	3.27e-19
rs548526758	2	227897199	3.36e-19
rs557852711	1	79552434	3.59e-19
rs140673264	4	101795760	3.77e-19
rs138012443	10	64434282	3.9e-19
rs538883899	10	5223270	3.94e-19
rs71456061	12	71517669	4.14e-19
rs73512032	6	105710785	4.3e-19
rs564941475	5	96899744	4.31e-19
rs552832612	2	170277793	4.5e-19
rs138660142	3	24557294	4.57e-19
rs4247364	17	43336687	4.76e-19
rs369028166	5	156852756	5.26e-19
rs9327638	5	132069706	5.43e-19
rs537994499	2	87030331	5.48e-19
rs60162903	7	47247696	5.88e-19
rs2416483	5	117314119	5.9e-19
rs62375550	5	110387125	6.46e-19
rs75788512	6	55698760	7.22e-19
rs182461349	5	169049075	7.52e-19
rs546869859	7	107643437	7.57e-19
rs184004899	9	91677274	7.68e-19
rs7189678	16	27262280	8.09e-19
rs72833417	17	45873049	8.46e-19
rs573188150	3	20616027	8.69e-19
rs183991587	5	141520827	9.86e-19
rs115200415	4	116820552	1.06e-18
rs114212869	16	6664062	1.13e-18
rs184195810	10	20151272	1.15e-18
rs12718488	11	76366690	1.27e-18
rs143640939	3	24556975	1.29e-18
rs188419495	6	80777441	1.45e-18
rs532047322	16	12352494	1.49e-18
rs60881593	7	47244416	1.51e-18
rs7555556	1	203090976	1.52e-18
rs35586997	6	121762233	1.55e-18
rs573118479	10	44534428	1.6e-18
rs73322515	7	47240710	1.63e-18
rs76398516	4	75832103	1.66e-18
rs550039285	2	169677944	1.72e-18
rs374689417	11	32473586	1.77e-18
rs201495976	5	24191434	1.78e-18
rs141648417	12	4822735	1.78e-18
rs73642412	9	25819124	1.82e-18
rs189210278	2	70239539	1.92e-18
rs185321289	2	70279538	1.92e-18
rs555839674	15	27641655	1.98e-18
rs60508576	3	33078221	2.2e-18
rs549994664	11	82086336	2.26e-18
rs561179975	5	68663610	2.31e-18
rs56383785	6	149787068	2.37e-18
rs148529851	20	11638224	2.41e-18
rs535566248	5	88678737	2.5e-18
rs567949921	1	71444959	2.6e-18
rs574679498	11	41155996	2.64e-18
rs148626587	13	32974096	2.79e-18
rs1143869	10	9293290	2.82e-18
rs73033560	7	3157276	2.97e-18
rs548931334	10	6802928	3.06e-18
rs567226195	8	126791708	3.17e-18
rs572176443	2	13994664	3.2e-18
rs559942455	10	1144685	3.28e-18
rs72837213	17	47497862	3.44e-18
rs1663671	10	9017478	3.51e-18
rs150174385	17	50493656	3.59e-18
rs147038821	7	80043301	3.6e-18
rs12467817	2	102294003	3.67e-18
rs113854881	6	32491732	3.78e-18
rs546783091	6	6370260	3.91e-18
rs564533920	15	47218886	4.19e-18
rs538603896	3	186177512	4.37e-18
rs72996280	4	163995256	4.41e-18
rs562921290	14	25639412	4.47e-18
rs545091099	4	82238952	4.7e-18
rs117683492	15	67413624	4.72e-18
rs150453256	1	2183001	4.78e-18
rs115303362	12	101003864	4.8e-18
rs6690285	1	12135325	4.92e-18
rs557673768	6	32544901	4.94e-18
rs145842726	9	140012502	5.17e-18
rs577358417	6	140154790	5.32e-18
rs140819990	4	66069002	5.39e-18
rs17772583	5	131953510	5.76e-18
rs545361737	6	32618493	5.77e-18
rs537030900	8	1555687	5.84e-18
rs2592555	11	36371757	6.51e-18
rs144496283	7	144504736	6.56e-18
rs146736960	5	154681904	6.97e-18
rs564982698	2	142591981	7.22e-18
rs56397996	3	127954710	7.26e-18
rs548729938	18	21347226	7.64e-18
rs117377396	12	34486149	7.74e-18
rs559242555	8	70476965	7.79e-18
rs11871317	17	38122882	8.17e-18
rs559034603	7	147073175	8.48e-18
rs140767757	15	53730034	8.53e-18
rs147303040	6	84497910	8.6e-18
rs570845848	13	90156242	9.14e-18
rs113458259	1	2211730	1.04e-17
rs377515795	3	6384008	1.04e-17
rs74747014	3	104382899	1.05e-17
rs541075597	2	101618882	1.08e-17
rs575177960	5	2678335	1.08e-17
rs73351149	8	128793338	1.13e-17
rs114800091	12	105164122	1.14e-17
rs67551275	1	9356676	1.32e-17
rs566629577	12	105162760	1.39e-17
rs61210982	7	47244568	1.42e-17
rs9501646	6	32624843	1.45e-17
rs117814920	16	28594344	1.52e-17
rs569339600	2	118891723	1.53e-17
rs543183348	8	2475533	1.61e-17
rs544749373	19	55816445	1.61e-17
rs559712054	16	85453313	1.71e-17
rs28429038	11	1226012	1.74e-17
rs73541065	11	72917363	1.74e-17
rs558312024	20	16417783	1.88e-17
rs574545616	14	78555628	1.95e-17
rs74647648	3	21824852	1.97e-17
rs191900956	20	18164849	2e-17
rs372353853	10	51775991	2.09e-17
rs568214848	11	125635048	2.14e-17
rs545951249	4	25690865	2.17e-17
rs538480028	2	16467381	2.18e-17
rs140004893	14	33096506	2.24e-17
rs542258572	11	56401056	2.33e-17
rs76181804	1	198601705	2.35e-17
rs554851778	2	206579068	2.37e-17
rs114394994	6	32648685	2.37e-17
rs553205203	3	64420782	2.38e-17
rs184482331	17	40702760	2.47e-17
rs146323526	12	58152628	2.62e-17
rs148487251	19	5349526	2.68e-17
rs535693066	6	107010507	2.73e-17
rs187320309	6	107018113	2.73e-17
rs546250872	14	98634021	2.78e-17
rs183338621	2	74238475	2.85e-17
rs563368929	2	138827051	2.88e-17
rs76817027	19	36956858	2.91e-17
rs555526040	7	50231654	3.04e-17
rs556274591	3	39524645	3.13e-17
rs191255770	5	51693364	3.13e-17
rs550256237	7	71878455	3.33e-17
rs201672301	12	57334917	3.48e-17
rs149897355	1	160644522	3.54e-17
rs4385322	6	155055323	3.58e-17
rs148501235	3	115335879	3.6e-17
rs565532444	3	119015030	3.64e-17
rs529079707	21	17267958	3.65e-17
rs567789474	18	51222114	3.68e-17
rs2230624	1	12175658	3.7e-17
rs41283642	9	101915887	3.7e-17
rs2056567	2	228712557	3.71e-17
rs182159433	15	63380025	3.71e-17
rs528130327	2	160736450	3.74e-17
rs7086577	10	31890807	3.87e-17
rs548265255	12	106910998	3.99e-17
rs587634070	10	97944133	4.05e-17
rs141088606	14	61873866	4.06e-17
rs190400917	8	82968099	4.14e-17
rs116559377	4	47283389	4.21e-17
rs529093103	22	43781948	4.21e-17
rs573522714	18	57804778	4.28e-17
rs558586256	11	24404004	4.48e-17
rs187085344	4	54114990	4.53e-17
rs561043065	4	40794631	4.57e-17
rs62193093	2	242751699	4.6e-17
rs148281161	2	163936353	4.63e-17
rs139924082	2	158333561	4.66e-17
rs117552144	19	3136091	4.7e-17
rs140252523	15	69918860	4.89e-17
rs544392348	12	32765146	4.95e-17
rs574939045	18	37682816	5.02e-17
rs112352919	12	53608074	5.03e-17
rs141971500	2	226085296	5.07e-17
rs138244378	1	203081380	5.19e-17
rs535160526	4	36680925	5.34e-17
rs371601906	1	107976545	5.47e-17
rs534826554	8	48440134	5.49e-17
rs562451887	2	171590873	5.58e-17
rs377072553	1	107974231	5.75e-17
rs528608794	1	20160767	5.77e-17
rs140650674	2	102948896	5.83e-17
rs151203787	7	47200716	5.96e-17
rs564240876	8	20947278	5.96e-17
rs562167529	17	68330235	6.03e-17
rs574245197	17	20015164	6.12e-17
rs147281079	10	31891009	6.29e-17
rs200820567	6	138230040	6.34e-17
rs115427693	10	27349573	6.36e-17
rs179768	16	27424171	6.56e-17
rs529350912	6	105307570	6.67e-17
rs553925990	15	32295448	6.68e-17
rs533936387	9	98103589	6.77e-17
rs11804609	1	152784255	6.87e-17
rs139671781	5	110426482	7.03e-17
rs558245222	2	163933122	7.05e-17
rs535171706	8	78104352	7.13e-17
rs550188093	21	37948738	7.13e-17
rs573711677	15	74184475	7.16e-17
rs202082295	3	49016914	7.22e-17
rs11964507	6	32983765	7.25e-17
rs80194082	12	103118184	7.46e-17
rs374494611	2	71923537	7.68e-17
rs150249700	2	5860956	8.28e-17
rs535620348	4	36687125	8.28e-17
rs530396246	19	41140991	8.28e-17
rs115006960	12	105158470	8.55e-17
rs115397404	3	154796276	8.58e-17
rs564036611	22	46263514	8.74e-17
rs572044880	1	203343804	8.9e-17
rs9841150	3	187435837	8.91e-17
rs149739757	7	39725656	9.02e-17
rs541805179	18	11932681	9.17e-17
rs191661396	8	29782840	9.26e-17
rs144062274	4	181537185	9.94e-17
rs547316586	16	27495134	9.94e-17
rs252872	5	110491379	1.03e-16
rs9688839	6	31439659	1.03e-16
rs527801593	6	34092470	1.04e-16
rs191600432	8	48416870	1.04e-16
rs551407163	22	29039365	1.04e-16
rs538091671	22	29039540	1.04e-16
rs571710818	9	100739170	1.06e-16
rs548482054	2	195565128	1.07e-16
rs567740344	1	67461006	1.09e-16
rs146012621	10	79998082	1.11e-16
rs147742334	22	47492539	1.13e-16
rs532019918	2	195551041	1.14e-16
rs353401	19	38446315	1.14e-16
rs186904773	11	83230482	1.16e-16
rs558283490	11	14387747	1.23e-16
rs181960659	13	52303654	1.31e-16
rs187594796	13	52303656	1.31e-16
rs75496449	7	47225821	1.37e-16
rs78216460	7	47225822	1.37e-16
rs186520974	7	3032229	1.38e-16
rs140645419	17	18894925	1.43e-16
rs75905358	17	38284863	1.45e-16
rs150420471	11	60464799	1.48e-16
rs185613548	20	11621772	1.48e-16
rs531598749	4	155264474	1.5e-16
rs564228121	6	103690815	1.51e-16
rs149698351	1	14204328	1.54e-16
rs542523147	11	94050642	1.57e-16
rs571532745	3	134353531	1.59e-16
rs185839748	5	163535285	1.59e-16
rs566001350	3	160823004	1.6e-16
rs72988513	2	102560726	1.61e-16
rs571326636	16	15991176	1.63e-16
rs149394482	17	56432039	1.63e-16
rs559120107	13	60248503	1.7e-16
rs548208154	8	26839944	1.74e-16
rs559486074	8	136160968	1.74e-16
rs530690993	12	14583853	1.78e-16
rs148370193	14	85103485	1.81e-16
rs140279130	7	125624238	1.82e-16
rs558176875	11	82174357	1.85e-16
rs558823511	15	31438854	1.88e-16
rs111637026	6	32471012	1.89e-16
rs7214885	17	6280856	1.93e-16
rs547248695	16	82373336	1.95e-16
rs142726493	2	30404213	1.96e-16
rs551388302	13	86530338	2.04e-16
rs35177143	2	242672153	2.11e-16
rs533283473	6	5415345	2.13e-16
rs548194823	15	63821098	2.14e-16
rs185382122	8	39874024	2.21e-16
rs183340015	1	197798132	2.22e-16
rs9290877	3	188442480	2.23e-16
rs112067814	6	32656093	2.23e-16
rs549109221	7	154781838	2.25e-16
rs142102013	13	74027390	2.29e-16
rs73334571	7	47224812	2.3e-16
rs552080650	15	24665218	2.31e-16
rs114871163	8	103020013	2.37e-16
rs73012738	19	9137195	2.47e-16
rs111421852	7	47221836	2.6e-16
rs141343442	2	242690770	2.61e-16
rs558701725	3	183946015	2.61e-16
rs138551915	5	88535824	2.61e-16
rs4945084	11	76121290	2.61e-16
rs138134713	3	195718760	2.62e-16
rs537796266	22	23632067	2.63e-16
rs545671287	5	127757095	2.73e-16
rs570933263	2	195555627	2.84e-16
rs544253	9	6142157	2.85e-16
rs533588713	12	24167189	2.86e-16
rs542349026	4	46789593	3e-16
rs73329021	12	66687612	3.05e-16
rs548299021	22	17641934	3.05e-16
rs552104377	2	193138049	3.13e-16
rs531465311	18	7434387	3.21e-16
rs529836489	4	38796866	3.29e-16
rs559893111	11	7781952	3.31e-16
rs543252136	2	4932369	3.35e-16
rs111770896	7	86304336	3.45e-16
rs540058770	13	78067463	3.64e-16
rs6457809	6	35154315	3.69e-16
rs78586335	5	58275883	3.72e-16
rs10158467	1	173131493	3.73e-16
rs115821625	5	150636978	3.85e-16
rs111641920	14	25596286	3.89e-16
rs551459686	2	67610610	3.92e-16
rs553520129	8	25216825	3.93e-16
rs11236855	11	76394461	4.06e-16
rs551627272	10	17135992	4.1e-16
rs151288460	1	151587185	4.27e-16
rs111614308	15	79929897	4.29e-16
rs574603522	1	21323112	4.48e-16
rs111597890	2	30492116	4.57e-16
rs274945	9	23585741	4.63e-16
rs115548019	4	55905652	4.7e-16
rs144002170	3	53161079	4.76e-16
rs144731635	3	122567398	4.82e-16
rs150422966	8	78571885	5.05e-16
rs12964116	18	61442619	5.11e-16
rs187149538	7	98923902	5.21e-16
rs574221252	13	75585534	5.23e-16
rs35058813	1	152168717	5.31e-16
rs563097156	3	172441830	5.34e-16
rs587601176	8	143702372	5.4e-16
rs561966028	12	206447	5.43e-16
rs11603178	11	10660067	5.48e-16
rs553625376	1	218427413	5.49e-16
rs543628577	4	71602615	5.75e-16
rs562068561	5	172140135	5.87e-16
rs575212626	5	14143207	5.9e-16
rs577671801	7	29386595	5.94e-16
rs182095606	6	104888936	6.01e-16
rs113428342	14	91836470	6.01e-16
rs529645339	12	121415199	6.07e-16
rs184028552	13	111001025	6.11e-16
rs191060790	2	163858676	6.29e-16
rs76812074	11	6160334	6.36e-16
rs540243753	8	57377149	6.43e-16
rs576860080	12	43564113	6.43e-16
rs138788821	8	4158733	6.44e-16
rs533583668	1	71414709	6.53e-16
rs561529633	5	31897391	6.53e-16
rs560046140	15	49998554	6.59e-16
rs2766678	20	52208356	6.61e-16
rs190315919	12	1522867	6.68e-16
rs111603225	6	114367279	6.7e-16
rs540246625	6	32507575	6.74e-16
rs114382321	6	117778146	6.92e-16
rs553820929	4	181494369	7.04e-16
rs79163002	18	68128719	7.04e-16
rs150389453	8	8805455	7.11e-16
rs184113203	8	9934487	7.25e-16
rs116584228	13	76437051	7.31e-16
rs571288324	20	43678642	7.37e-16
rs562468798	11	112818546	7.4e-16
rs562760078	1	228369877	7.43e-16
rs550433469	8	111243887	7.43e-16
rs566665207	12	103128240	7.54e-16
rs141901937	2	141544968	7.77e-16
rs115428497	10	2701119	7.77e-16
rs369558913	18	49799327	7.93e-16
rs188388762	14	24012211	7.99e-16
rs540977584	2	183858369	8.19e-16
rs540110460	4	112387588	8.19e-16
rs2231281	1	44446486	8.2e-16
rs191910781	11	117269034	8.2e-16
rs536022392	2	163883426	8.22e-16
rs569753079	10	71182219	8.26e-16
rs144272031	4	55898766	8.31e-16
rs576294915	10	10423948	8.31e-16
rs192721732	1	10871622	8.38e-16
rs7245431	19	3093889	8.42e-16
rs78035839	17	5702999	8.46e-16
rs528449567	2	50406921	8.61e-16
rs7091278	10	9474813	8.64e-16
rs564656918	21	41012174	8.78e-16
rs564773627	18	10188364	8.99e-16
rs545072519	6	32648948	9e-16
rs146220415	18	48904213	9.01e-16
rs369416811	5	168803807	9.17e-16
rs77307871	14	22769602	9.17e-16
rs8100197	19	45253582	9.55e-16
rs113777083	17	2465502	9.77e-16
rs143505395	16	73325911	1e-15
rs116371807	12	20623931	1.03e-15
rs79373398	15	51893543	1.05e-15
rs557076094	2	169664409	1.06e-15
rs116959973	19	46252333	1.06e-15
rs188639301	2	131565016	1.08e-15
rs534647136	12	119929811	1.08e-15
rs186605314	8	90599224	1.09e-15
rs116167392	8	38456247	1.11e-15
rs566162504	20	6838505	1.12e-15
rs12419600	11	76394274	1.13e-15
rs78941064	13	27473905	1.13e-15
rs563460445	1	179711803	1.16e-15
rs548095092	8	143615056	1.17e-15
rs372184572	5	168803224	1.2e-15
rs529471568	6	66594834	1.22e-15
rs561058497	18	63800693	1.22e-15
rs145633617	6	52231778	1.24e-15
rs570223760	19	11170810	1.24e-15
rs538211315	3	190591838	1.25e-15
rs145639379	7	130521972	1.31e-15
rs559232815	8	66247898	1.31e-15
rs552565175	15	98307067	1.31e-15
rs76848919	17	76352554	1.31e-15
rs116781148	16	18089296	1.37e-15
rs185441533	4	37806851	1.4e-15
rs193267310	8	102259618	1.43e-15
rs9663421	10	6055604	1.43e-15
rs565264619	1	162982513	1.44e-15
rs533142138	3	69071095	1.45e-15
rs535711816	14	85188032	1.51e-15
rs4900299	14	96353886	1.51e-15
rs534874125	12	60290430	1.52e-15
rs532425321	15	71429260	1.53e-15
rs529806261	18	72339755	1.53e-15
rs186685954	12	69698464	1.54e-15
rs115330139	5	115855229	1.56e-15
rs528080565	3	6494169	1.58e-15
rs574361168	16	81206355	1.59e-15
rs7970899	12	53406551	1.6e-15
rs558396846	2	84958523	1.61e-15
rs6592650	11	76284775	1.62e-15
rs146193230	9	23193738	1.63e-15
rs138011867	6	48179083	1.66e-15
rs1779773	6	64210163	1.66e-15
rs575656584	12	53616101	1.67e-15
rs112504308	17	41475459	1.71e-15
rs60385286	4	90644373	1.76e-15
rs66555610	8	134104166	1.76e-15
rs569222869	13	35791180	1.81e-15
rs77171825	5	11608957	1.82e-15
rs59797816	7	41176708	1.9e-15
rs187685402	20	35945736	1.92e-15
rs5767278	22	46985218	1.93e-15
rs374657478	7	97807722	1.94e-15
rs181291283	2	103198049	1.97e-15
rs552366068	1	20161342	2.01e-15
rs534768251	6	165522965	2.01e-15
rs113263791	4	90649374	2.06e-15
rs557128126	15	55931243	2.06e-15
rs56699982	2	65817076	2.09e-15
rs182375165	4	65383214	2.12e-15
rs78953650	7	46394152	2.12e-15
rs142507462	13	40184865	2.12e-15
rs143106850	5	146024523	2.14e-15
rs554140044	1	229530938	2.18e-15
rs184216006	6	159734959	2.2e-15
rs532457962	2	69680152	2.21e-15
rs9322952	14	35881761	2.23e-15
rs542235062	6	155611719	2.24e-15
rs574378199	10	120941862	2.28e-15
rs576117785	1	228365018	2.31e-15
rs12730935	1	154419892	2.34e-15
rs557699552	6	31765865	2.42e-15
rs370258546	16	5565988	2.44e-15
rs532752741	6	15477106	2.47e-15
rs563683838	10	14177847	2.49e-15
rs182023787	12	100976997	2.53e-15
rs544550586	6	5962150	2.6e-15
rs150484091	11	56287298	2.6e-15
rs11255686	10	8456007	2.61e-15
rs2262046	17	61999505	2.64e-15
rs142974104	1	184436495	2.65e-15
rs559482314	2	30325081	2.65e-15
rs565486180	22	49365971	2.71e-15
rs560553199	13	32289503	2.73e-15
rs116090994	6	55668881	2.75e-15
rs139727043	6	11088976	2.77e-15
rs568068927	11	33128752	2.88e-15
rs146356216	1	58255018	2.98e-15
rs59420554	6	115826134	3.13e-15
rs146763133	14	35796757	3.15e-15
rs185721771	9	100993458	3.23e-15
rs149084414	10	36120565	3.23e-15
rs114658347	14	107246279	3.23e-15
rs116007131	18	48337491	3.25e-15
rs561527460	7	42557953	3.34e-15
rs190965706	4	118365504	3.35e-15
rs536556672	8	54461288	3.35e-15
rs376823832	12	73014393	3.37e-15
rs56770899	20	36809358	3.42e-15
rs576392346	15	96113812	3.44e-15
rs545330633	16	52843937	3.49e-15
rs568223964	6	79529681	3.54e-15
rs540973461	9	88574672	3.59e-15
rs555060560	15	50097608	3.65e-15
rs544561678	2	137207170	3.69e-15
rs150788669	1	38344602	3.82e-15
rs185256020	2	214656250	3.88e-15
rs73299673	14	77585370	3.93e-15
rs577668616	15	68467285	3.94e-15
rs112780030	1	2193804	3.96e-15
rs1102705	1	172700868	3.98e-15
rs35020498	6	33571302	4.04e-15
rs573988883	1	81076727	4.06e-15
rs28361092	6	33443983	4.11e-15
rs189062167	10	79270428	4.12e-15
rs147726586	15	84338251	4.14e-15
rs371042559	1	1936190	4.21e-15
rs11688802	2	103126539	4.26e-15
rs551562960	10	63757582	4.34e-15
rs565456700	6	148019478	4.38e-15
rs181581585	12	130555490	4.41e-15
rs375287036	12	105251489	4.51e-15
rs145192039	4	95215734	4.61e-15
rs375326021	12	12456012	4.64e-15
rs569611961	13	66370973	4.68e-15
rs115640990	2	191084310	4.74e-15
rs117028500	3	122560999	4.75e-15
rs376240861	3	118299104	4.77e-15
rs148790297	14	34451586	4.8e-15
rs112934086	13	44093461	4.99e-15
rs536353022	18	1005003	5e-15
rs111164073	16	50726822	5.11e-15
rs527449977	17	40936686	5.14e-15
rs79641917	20	49176442	5.27e-15
rs34173062	8	145158607	5.31e-15
rs371232510	5	113698136	5.38e-15
rs7893324	10	6111075	5.38e-15
rs553180779	9	137892054	5.4e-15
rs151279281	21	27991195	5.48e-15
rs7135586	12	94599942	5.54e-15
rs527415481	1	167417795	5.58e-15
rs181713051	7	155478134	5.59e-15
rs75469494	12	20623349	5.62e-15
rs554911459	18	23480570	5.66e-15
rs566030050	3	144886922	5.79e-15
rs539126535	1	94393497	5.81e-15
rs146383227	4	13135078	5.87e-15
rs557935281	8	33453246	5.87e-15
rs111369471	14	95395460	5.87e-15
rs566853939	1	11848781	5.93e-15
rs577610870	15	92619811	5.95e-15
rs140790699	11	3785929	5.97e-15
rs563648853	8	118887659	5.98e-15
rs75957226	1	209473935	6.11e-15
rs570865543	9	76671471	6.11e-15
rs531087531	17	48220730	6.3e-15
rs140848373	10	24186017	6.44e-15
rs539706293	1	98885560	6.46e-15
rs531240706	16	17843913	6.49e-15
rs12965763	18	51816408	6.52e-15
rs551290649	8	75433109	6.54e-15
rs190454515	3	60950603	6.7e-15
rs556305296	9	113384374	6.71e-15
rs115587306	1	208817484	6.77e-15
rs577958074	20	43656670	6.77e-15
rs536128224	8	23550044	6.8e-15
rs55868394	17	73851113	6.84e-15
rs536149866	3	3296135	6.9e-15
rs77864114	17	75439255	6.92e-15
rs180897797	1	81182068	7.05e-15
rs6484135	11	25352348	7.09e-15
rs192777694	2	42848663	7.18e-15
rs149496289	2	29888084	7.23e-15
rs199590709	5	129529286	7.32e-15
rs535213837	5	75436594	7.53e-15
rs137925487	3	11925690	7.73e-15
rs11170483	12	53611846	7.73e-15
rs373574910	18	67365870	7.73e-15
rs115028830	17	6280351	7.89e-15
rs541287369	10	9381054	8.18e-15
rs540352848	10	87632413	8.25e-15
rs11629680	15	40853679	8.29e-15
rs556895888	15	76500242	8.6e-15
rs75718858	20	49173201	8.65e-15
rs548322391	18	51225148	8.77e-15
rs535710372	10	24881061	8.96e-15
rs188489063	9	123198321	8.99e-15
rs538611009	6	99300406	9.3e-15
rs113457465	6	32654241	9.43e-15
rs1021621	1	167198536	9.7e-15
rs545187459	6	16745174	9.83e-15
rs9590126	13	95579326	9.87e-15
rs11571625	13	32903824	9.89e-15
rs533513438	11	867462	1e-14
rs77353711	21	35803299	1.06e-14
rs541395520	7	112617114	1.08e-14
rs75134124	10	20681795	1.08e-14
rs150413678	17	20191141	1.08e-14
rs552609895	22	49498041	1.08e-14
rs545812132	1	23018254	1.11e-14
rs560308974	16	76374470	1.11e-14
rs560312281	3	11738664	1.14e-14
rs550998509	11	7835987	1.14e-14
rs56188488	16	27371669	1.14e-14
rs545597473	5	72598607	1.15e-14
rs148238614	2	152609304	1.18e-14
rs114747092	4	176188770	1.2e-14
rs528416670	1	86038795	1.21e-14
rs71565399	6	33603889	1.21e-14
rs189273815	16	3874464	1.21e-14
rs533403911	17	45457716	1.23e-14
rs188573597	4	123418789	1.24e-14
rs188453201	8	113297513	1.24e-14
rs536530402	3	159589635	1.27e-14
rs7373898	3	188319951	1.28e-14
rs187717353	4	42800296	1.29e-14
rs142741642	20	658188	1.3e-14
rs534155452	19	45742139	1.32e-14
rs12120499	1	10343260	1.33e-14
rs546954789	7	73236097	1.33e-14
rs145961865	17	18897485	1.33e-14
rs60096900	7	87452888	1.35e-14
rs545680351	2	169178685	1.38e-14
rs181648870	3	44818080	1.38e-14
rs572509306	18	48019129	1.42e-14
rs544428973	19	4931082	1.46e-14
rs144858424	6	106083956	1.48e-14
rs204992	6	32156908	1.5e-14
rs370523674	1	4972579	1.51e-14
rs116515597	21	35803627	1.51e-14
rs554299472	17	10077965	1.53e-14
rs532107108	10	92058324	1.58e-14
rs567265241	13	63847191	1.58e-14
rs12088764	1	246336360	1.6e-14
rs148939356	2	125782878	1.61e-14
rs558067849	5	50760693	1.61e-14
rs554885823	7	15866164	1.61e-14
rs545805582	1	217946836	1.64e-14
rs79682905	11	32015588	1.64e-14
rs201999493	20	11622926	1.66e-14
rs370926614	6	109285481	1.68e-14
rs551010483	4	64260078	1.71e-14
rs111290677	19	2228964	1.72e-14
rs185127003	7	17346721	1.76e-14
rs557672419	4	124923393	1.77e-14
rs144044754	8	602464	1.79e-14
rs146948304	4	181290024	1.8e-14
rs541533581	22	28702584	1.8e-14
rs116630127	11	107512061	1.81e-14
rs368376288	1	42175050	1.82e-14
rs181540555	4	64741392	1.83e-14
rs141514755	2	112252585	1.85e-14
rs144301783	3	112634262	1.85e-14
rs537781249	9	6949487	1.85e-14
rs551614466	17	67261533	1.85e-14
rs539410234	11	26587888	1.86e-14
rs574949696	4	33595270	1.9e-14
rs556357162	6	168297667	1.9e-14
rs116485832	7	15114967	1.92e-14
rs550115139	20	12157335	1.94e-14
rs2852714	1	159149515	1.95e-14
rs552419577	3	152295727	1.97e-14
rs563752816	9	109533972	1.98e-14
rs7977707	12	74613735	2e-14
rs28750243	16	52569330	2e-14
rs571821525	8	30943900	2.04e-14
rs186125520	5	138095205	2.05e-14
rs547847449	9	139743439	2.06e-14
rs553786466	13	34813060	2.09e-14
rs563573759	5	151449878	2.1e-14
rs13382528	2	61024667	2.12e-14
rs551665535	4	62192881	2.15e-14
rs188048310	11	103946766	2.18e-14
rs371385701	1	91952900	2.19e-14
rs2282160	9	6534845	2.19e-14
rs572348620	11	6481270	2.19e-14
rs114118025	14	89584860	2.21e-14
rs369215953	3	32108255	2.3e-14
rs528042777	16	60622662	2.34e-14
rs111785012	6	132249013	2.38e-14
rs566929295	2	69672071	2.39e-14
rs529739828	2	69672072	2.39e-14
rs371440683	18	51196618	2.39e-14
rs533292188	1	17890619	2.4e-14
rs569941883	2	2808636	2.43e-14
rs77604110	5	103340205	2.43e-14
rs13087727	3	188036806	2.45e-14
rs113520973	17	6280124	2.47e-14
rs11074853	16	27392701	2.48e-14
rs147444784	5	168390499	2.49e-14
rs147238202	7	153849898	2.5e-14
rs11168246	12	48204627	2.52e-14
rs193027059	2	20878682	2.53e-14
rs538598454	14	74662490	2.55e-14
rs377019731	11	105613167	2.59e-14
rs181977202	2	177530436	2.64e-14
rs114062294	10	28650047	2.64e-14
rs4393428	13	100117278	2.66e-14
rs370320728	7	81057719	2.67e-14
rs16828328	3	118099416	2.7e-14
rs117562087	12	4422478	2.82e-14
rs2381384	9	6101939	2.83e-14
rs554448117	6	32623943	2.86e-14
rs553773067	1	53089091	2.92e-14
rs559950631	2	41767410	2.93e-14
rs3870401	10	75473704	2.96e-14
rs149259241	13	45169422	2.96e-14
rs375023539	4	151522842	2.97e-14
rs1136778	6	32489711	3.01e-14
rs144243767	13	78448631	3.04e-14
rs140271276	10	48414092	3.1e-14
rs552198439	16	20994776	3.1e-14
rs112845896	17	6280139	3.1e-14
rs144746977	13	58161095	3.13e-14
rs575587735	4	76967311	3.15e-14
rs543693382	1	240918255	3.16e-14
rs551464968	9	123977617	3.22e-14
rs555731490	16	28647983	3.28e-14
rs181538942	7	100536258	3.29e-14
rs2394717	7	97199410	3.32e-14
rs28367159	10	48323121	3.33e-14
rs564025545	6	132713858	3.36e-14
rs547000497	5	43229525	3.41e-14
rs549598898	7	137327991	3.44e-14
rs143980781	6	105667680	3.46e-14
rs527889494	3	150437367	3.56e-14
rs555163009	20	11630122	3.71e-14
rs375463526	22	37885141	3.77e-14
rs148340928	2	25241200	3.78e-14
rs551158126	3	145979034	3.78e-14
rs10988207	9	131867130	3.8e-14
rs148230406	7	19737905	3.81e-14
rs145393041	2	20351203	3.85e-14
rs28590716	14	22546253	3.86e-14
rs549487912	19	36333443	3.88e-14
rs542215245	1	15152148	3.9e-14
rs77362279	11	82789816	3.91e-14
rs535236383	20	11630120	3.92e-14
rs547040033	10	132140042	3.94e-14
rs377036066	1	56273511	3.97e-14
rs530284748	1	246812303	4.12e-14
rs151326410	13	21299006	4.16e-14
rs12193948	6	109291701	4.19e-14
rs66590878	17	12247336	4.23e-14
rs73796465	4	7178390	4.25e-14
rs57987021	17	1327039	4.26e-14
rs114504633	7	90423708	4.27e-14
rs6498021	16	27414378	4.34e-14
rs138376247	5	91279244	4.36e-14
rs548503939	12	103367879	4.36e-14
rs181180557	1	199617487	4.44e-14
rs374725323	14	104561218	4.44e-14
rs559840571	6	30996649	4.46e-14
rs570318579	2	15607309	4.51e-14
rs180975028	11	71255332	4.51e-14
rs188162231	8	9915511	4.63e-14
rs571058973	7	10083022	4.69e-14
rs143625894	17	6792888	4.72e-14
rs189272893	5	109795994	4.74e-14
rs79637080	8	72730584	4.83e-14
rs115851911	12	89695115	4.99e-14
rs545676827	17	37299715	5e-14
rs544003915	2	47486535	5.03e-14
rs74039020	16	86969979	5.05e-14
rs537554099	11	69456012	5.23e-14
rs190683379	1	38803830	5.24e-14
rs527970641	14	39104887	5.24e-14
rs112843354	9	4384932	5.34e-14
rs554229097	12	125453019	5.37e-14
rs575588523	3	174871687	5.41e-14
rs532122495	18	59775523	5.5e-14
rs543946975	5	173635739	5.6e-14
rs149939669	20	40276100	5.66e-14
rs537662962	15	30455280	5.75e-14
rs74466521	5	132013093	5.82e-14
rs3813308	5	118690781	5.86e-14
rs6658216	1	10561604	6.02e-14
rs139467527	9	14409318	6.07e-14
rs12253380	10	8940394	6.09e-14
rs535415288	12	5952584	6.12e-14
rs111405953	7	90442896	6.19e-14
rs3806155	6	32373378	6.21e-14
rs188905668	4	64987144	6.22e-14
rs183869939	5	88431827	6.27e-14
rs188128239	3	172843899	6.32e-14
rs146949901	2	192779201	6.67e-14
rs548470018	3	32285364	6.67e-14
rs541782354	5	678283	6.67e-14
rs546952512	5	16122841	6.67e-14
rs116838881	6	10722035	6.67e-14
rs187745342	9	99828449	6.67e-14
rs572983589	15	74150422	6.67e-14
rs538179448	20	43801017	6.67e-14
rs10185424	2	102662888	6.76e-14
rs538114563	10	12232861	7.03e-14
rs149865064	5	146026292	7.14e-14
rs182481470	5	146026293	7.14e-14
rs528856821	1	4113781	7.34e-14
rs538825269	8	3739269	7.55e-14
rs34995897	19	33790754	7.55e-14
rs190330094	8	114840020	7.64e-14
rs191732607	9	126871470	7.8e-14
rs139153279	2	160772231	7.81e-14
rs572898354	6	109416153	7.82e-14
rs12244453	10	31893581	7.82e-14
rs6835650	4	145463567	7.84e-14
rs558766267	12	28095383	7.87e-14
rs115548578	4	188369884	7.91e-14
rs193259932	15	99627485	7.91e-14
rs707958	6	33048599	7.95e-14
rs182671410	1	216918093	8.13e-14
rs527263193	7	76770395	8.13e-14
rs564379110	4	112402758	8.17e-14
rs190708117	17	1081740	8.18e-14
rs574933639	8	5518206	8.19e-14
rs564125995	2	53737036	8.25e-14
rs545542647	14	25354990	8.25e-14
rs187767426	2	85544305	8.27e-14
rs549781339	12	55936571	8.43e-14
rs371124014	20	7446373	8.56e-14
rs377017207	20	7448746	8.56e-14
rs376982158	20	7451971	8.56e-14
rs571312224	19	53825077	8.62e-14
rs73078636	3	51441307	8.65e-14
rs563606085	6	100736214	8.65e-14
rs547883398	19	31812693	8.69e-14
rs147429690	5	150521509	8.71e-14
rs62449487	7	22747125	8.74e-14
rs113916952	17	6279949	8.76e-14
rs241426	6	32804553	8.77e-14
rs190299216	1	214654948	8.78e-14
rs75266112	2	192782678	9.07e-14
rs4999998	3	23626210	9.26e-14
rs12462901	19	1166410	9.27e-14
rs528221487	8	16288496	9.3e-14
rs8127708	21	32596622	9.42e-14
rs201272535	10	122788828	9.46e-14
rs188904486	2	102367651	9.48e-14
rs187994268	11	38145587	9.48e-14
rs145550404	5	58282446	9.51e-14
rs573389140	7	42571134	9.63e-14
rs570251220	14	102579242	9.74e-14
rs115114451	18	4428607	9.77e-14
rs534206117	19	51299836	9.77e-14
rs554971464	5	27840928	9.79e-14
rs141988394	19	17415385	9.79e-14
rs193227271	1	159429696	9.8e-14
rs572744757	6	49940586	9.8e-14
rs182115665	12	4171850	9.92e-14
rs574320095	1	45051245	1e-13
rs542625820	3	146051529	1.01e-13
rs550696812	8	135373338	1.01e-13
rs143334817	11	79202138	1.02e-13
rs568229044	1	204596001	1.03e-13
rs372861185	11	105616256	1.03e-13
rs147719392	3	81262676	1.04e-13
rs200618267	11	76308239	1.04e-13
rs571974503	4	94299287	1.05e-13
rs149188132	5	117319991	1.05e-13
rs77746867	9	114687941	1.05e-13
rs181994405	11	6895163	1.05e-13
rs374288620	5	133058651	1.06e-13
rs142850311	8	2762243	1.06e-13
rs143737682	20	54149238	1.06e-13
rs374048706	2	141285538	1.07e-13
rs115332170	7	142525946	1.08e-13
rs77543041	11	22999547	1.1e-13
rs542372974	2	132123245	1.11e-13
rs538561483	5	50758675	1.11e-13
rs115080218	12	112202038	1.11e-13
rs532808247	13	63265103	1.12e-13
rs551969960	1	42588791	1.13e-13
rs538976895	20	13630488	1.13e-13
rs150229700	17	6279899	1.15e-13
rs138788783	17	6279903	1.15e-13
rs553350907	7	69460373	1.16e-13
rs115578781	5	117312417	1.18e-13
rs76627351	1	11844289	1.21e-13
rs562129015	18	1425569	1.21e-13
rs114964088	1	7510651	1.22e-13
rs181579	16	11338344	1.22e-13
rs17102563	1	79445760	1.24e-13
rs115721332	1	230599982	1.24e-13
rs113058128	6	114367276	1.24e-13
rs557333889	10	509312	1.24e-13
rs530037280	13	79592736	1.24e-13
rs567502711	5	30790737	1.25e-13
rs574576046	6	32619099	1.26e-13
rs116894593	14	93593885	1.26e-13
rs114969708	20	11628845	1.27e-13
rs139939994	9	6380605	1.28e-13
rs144449533	8	125561663	1.3e-13
rs9900226	17	81024861	1.3e-13
rs570457393	1	6163845	1.31e-13
rs184122916	13	52425739	1.31e-13
rs12581181	12	113701799	1.32e-13
rs571804031	20	35306807	1.34e-13
rs192987686	20	17885368	1.35e-13
rs558328883	8	123167679	1.36e-13
rs149787163	1	203939574	1.38e-13
rs568257090	4	181434705	1.38e-13
rs3135911	5	176513896	1.38e-13
rs193199658	7	42572924	1.39e-13
rs76172844	5	117318588	1.4e-13
rs186250657	5	169732703	1.4e-13
rs556067947	7	155538710	1.4e-13
rs544512812	22	28774544	1.4e-13
rs112684345	2	52029673	1.42e-13
rs1858520	6	19347453	1.42e-13
rs201733977	6	51512924	1.44e-13
rs78351402	1	153074513	1.45e-13
rs549535557	12	103940675	1.45e-13
rs545499825	16	23040350	1.45e-13
rs566392520	1	213087418	1.47e-13
rs567863474	18	54098851	1.47e-13
rs145256973	5	117313866	1.49e-13
rs530220413	2	165741184	1.5e-13
rs199906680	7	42950092	1.5e-13
rs147686578	5	146026806	1.52e-13
rs79340630	7	69570483	1.52e-13
rs150258201	4	14921592	1.53e-13
rs574173345	5	4581499	1.53e-13
rs10818481	9	123647855	1.53e-13
rs534242403	1	37188581	1.57e-13
rs115518251	5	3360601	1.57e-13
rs62169918	2	143764319	1.59e-13
rs568494010	14	50424235	1.59e-13
rs74767415	10	28649376	1.6e-13
rs6852559	4	123591521	1.64e-13
rs550837456	4	185317543	1.64e-13
rs77872759	1	173040279	1.65e-13
rs185244288	14	42954186	1.66e-13
rs188248983	3	20660399	1.7e-13
rs190140631	8	38110771	1.7e-13
rs533617838	12	46277210	1.7e-13
rs182192216	13	45408820	1.7e-13
rs567571678	3	139818953	1.73e-13
rs551352526	10	4094042	1.76e-13
rs77634652	6	21862343	1.78e-13
rs572889439	2	3812474	1.8e-13
rs184279486	10	111218785	1.8e-13
rs1553754	17	46563707	1.84e-13
rs78195937	8	129294254	1.85e-13
rs36198584	7	3166865	1.86e-13
rs544856462	9	120872071	1.86e-13
rs7714962	5	110559554	1.87e-13
rs142236814	5	117313347	1.87e-13
rs552709634	3	131236564	1.88e-13
rs116540987	7	142536277	1.88e-13
rs140749139	12	29404018	1.91e-13
rs376546145	11	105617797	1.92e-13
rs7452152	6	64954884	1.93e-13
rs547431249	9	110103044	1.93e-13
rs575978386	7	42771704	1.94e-13
rs114885732	11	11908803	1.94e-13
rs537289968	2	61397399	1.96e-13
rs574781418	11	39953217	1.97e-13
rs531694461	5	117307201	1.98e-13
rs539827493	4	138419295	2e-13
rs541779848	1	113770728	2.01e-13
rs543160107	11	7897370	2.02e-13
rs181126710	1	224051182	2.03e-13
rs189838382	16	50568963	2.05e-13
rs544844399	6	109394112	2.06e-13
rs185658936	4	163217266	2.07e-13
rs529749081	14	32697458	2.07e-13
rs552436244	16	66324653	2.07e-13
rs148430102	1	216545896	2.09e-13
rs114336758	6	32614829	2.11e-13
rs536069938	2	143401444	2.12e-13
rs183965436	20	5409813	2.13e-13
rs10916031	1	226919910	2.14e-13
rs558423112	3	105693797	2.14e-13
rs568102986	8	142312015	2.14e-13
rs140290142	17	62468575	2.14e-13
rs118159062	14	104578428	2.15e-13
rs191299140	4	64758991	2.18e-13
rs563672828	19	507358	2.18e-13
rs17118153	14	47673839	2.21e-13
rs139176665	3	171810251	2.22e-13
rs573065175	10	129081873	2.23e-13
rs560772340	17	10646557	2.25e-13
rs539162112	13	63600074	2.26e-13
rs563979487	1	8003246	2.27e-13
rs528486684	9	99169511	2.27e-13
rs559324027	10	45145612	2.27e-13
rs199852716	14	93013701	2.29e-13
rs562257734	18	51183046	2.29e-13
rs568679433	3	192223100	2.3e-13
rs113924208	15	55428261	2.3e-13
rs79751077	1	23787012	2.31e-13
rs557467126	5	127910230	2.34e-13
rs2070901	1	161185058	2.37e-13
rs56179589	10	6104374	2.37e-13
rs139572332	13	26153549	2.37e-13
rs149389579	5	117303286	2.38e-13
rs146350806	10	5727532	2.4e-13
rs559826449	2	34793098	2.42e-13
rs58600872	6	153774021	2.42e-13
rs560317583	21	38634108	2.43e-13
rs11597580	10	8389420	2.45e-13
rs62623446	12	55368291	2.45e-13
rs142338267	10	123413460	2.47e-13
rs17118156	14	47675149	2.48e-13
rs143598955	14	47675654	2.48e-13
rs412317	6	29885959	2.49e-13
rs530792885	22	45780175	2.5e-13
rs529529862	1	112251195	2.59e-13
rs139393399	2	233729892	2.63e-13
rs138892913	10	28651068	2.63e-13
rs571017102	5	95872342	2.67e-13
rs554357294	9	14201482	2.69e-13
rs545425835	6	111711752	2.71e-13
rs552272036	1	22905488	2.73e-13
rs541193136	3	68597324	2.79e-13
rs562664023	8	125994954	2.79e-13
rs534420054	3	60046599	2.83e-13
rs575415070	11	29456296	2.92e-13
rs509399	3	187681712	2.94e-13
rs530974763	10	129958036	2.95e-13
rs77576177	7	47186537	2.96e-13
rs532710435	9	103008447	2.96e-13
rs185156199	8	123439141	2.99e-13
rs4097694	9	6181307	3.02e-13
rs561012811	7	155466439	3.04e-13
rs558441876	10	120586266	3.04e-13
rs201840772	17	1507611	3.05e-13
rs182336125	10	129074211	3.06e-13
rs200708785	6	31923232	3.13e-13
rs572693840	5	12695236	3.14e-13
rs185553355	20	11627062	3.16e-13
rs565137743	7	13806333	3.17e-13
rs2987879	1	174829115	3.19e-13
rs115864823	9	130047716	3.22e-13
rs4742254	9	6732320	3.29e-13
rs12578197	12	29398393	3.32e-13
rs575905835	13	72279965	3.32e-13
rs190748376	13	73908177	3.33e-13
rs138700582	10	120047526	3.34e-13
rs182417546	14	54354237	3.35e-13
rs535300286	5	96447002	3.37e-13
rs148758824	6	43357469	3.4e-13
rs4132233	8	72722023	3.42e-13
rs535983438	2	218669220	3.43e-13
rs185440558	6	72840897	3.43e-13
rs191412791	10	128986686	3.44e-13
rs532293780	7	71858507	3.49e-13
rs538611971	9	10685004	3.49e-13
rs536188959	13	74896919	3.52e-13
rs563309994	13	74898514	3.52e-13
rs574549162	13	74900622	3.52e-13
rs537238807	13	74900687	3.52e-13
rs545459098	13	74901523	3.52e-13
rs576514081	13	33600877	3.54e-13
rs185435129	18	11843824	3.57e-13
rs13101202	3	12699361	3.59e-13
rs542788019	16	20361086	3.59e-13
rs186290811	2	117974772	3.6e-13
rs532700335	6	111684146	3.64e-13
rs538620449	3	157084794	3.67e-13
rs192733505	4	149589955	3.67e-13
rs114890499	5	99325203	3.67e-13
rs143190369	7	88281038	3.67e-13
rs567103429	14	32718676	3.67e-13
rs144666843	9	6588393	3.72e-13
rs181167838	16	63719565	3.75e-13
rs61064355	2	174703140	3.77e-13
rs114813803	7	80077395	3.77e-13
rs539506550	2	193531874	3.88e-13
rs545762437	2	16945065	3.94e-13
rs575030152	6	150809415	3.96e-13
rs28621466	12	57332984	3.96e-13
rs574059779	12	57093576	3.98e-13
rs6993477	8	81234744	3.99e-13
rs200009375	19	49983614	4.01e-13
rs113451061	11	126348809	4.04e-13
rs140872471	1	68701587	4.07e-13
rs9266226	6	31325199	4.07e-13
rs532560886	14	32740936	4.07e-13
rs138714180	9	6197753	4.1e-13
rs191919247	7	13906077	4.11e-13
rs527432231	3	81930511	4.14e-13
rs113385229	3	187684413	4.17e-13
rs556100988	12	15812797	4.17e-13
rs146061910	14	97889225	4.22e-13
rs147319089	6	47615234	4.24e-13
rs79071881	6	32525686	4.35e-13
rs560561165	2	189673294	4.42e-13
rs144603397	4	148235810	4.48e-13
rs371923485	1	212861362	4.5e-13
rs574832508	11	31924841	4.51e-13
rs541248505	5	128187687	4.54e-13
rs548060385	6	103314296	4.54e-13
rs111631608	2	209661780	4.56e-13
rs533537841	7	33039684	4.57e-13
rs560136615	2	171052159	4.67e-13
rs554775562	8	141999948	4.74e-13
rs115182391	2	75625829	4.75e-13
rs9623943	22	23173693	4.77e-13
rs189693101	12	116700337	4.78e-13
rs17204454	15	61068811	4.81e-13
rs562319430	1	81592093	4.86e-13
rs1420466	3	168718097	4.89e-13
rs142067339	2	178691552	4.91e-13
rs149803452	21	42399690	4.95e-13
rs139162555	17	32097799	4.96e-13
rs534178311	7	33046677	5.03e-13
rs190329472	10	35855156	5.07e-13
rs555047265	11	13126511	5.09e-13
rs73156090	4	54320039	5.16e-13
rs151197179	8	108132646	5.24e-13
rs184644338	11	73867986	5.33e-13
rs534115405	20	43709706	5.33e-13
rs111439372	17	6279624	5.38e-13
rs3917995	1	36934112	5.4e-13
rs9266302	6	31329601	5.47e-13
rs142044381	1	80143182	5.48e-13
rs189838543	5	103281635	5.51e-13
rs192909449	5	125729477	5.67e-13
rs550011444	17	62590760	5.67e-13
rs539357021	1	86250656	5.73e-13
rs573490420	17	4037264	5.74e-13
rs78864861	10	20601848	5.77e-13
rs143848342	3	136466962	5.78e-13
rs7808989	7	57257650	5.92e-13
rs142794927	14	52125422	5.94e-13
rs8111628	19	16410141	6e-13
rs551797209	1	35383104	6.03e-13
rs77083691	10	34353757	6.06e-13
rs16929750	9	130049134	6.12e-13
rs553270334	14	56975490	6.2e-13
rs7309599	12	92595903	6.21e-13
rs116413378	2	235495012	6.22e-13
rs191141531	9	140403007	6.22e-13
rs2066844	16	50745926	6.22e-13
rs961552	19	52301860	6.29e-13
rs73066259	3	192163902	6.35e-13
rs547526809	10	128532351	6.48e-13
rs545328045	1	203920161	6.52e-13
rs6742122	2	102728533	6.52e-13
rs575330204	4	20384185	6.57e-13
rs116018601	5	132022975	6.58e-13
rs73342472	12	78629742	6.58e-13
rs112715785	17	7503319	6.6e-13
rs11253578	10	6639501	6.64e-13
rs28397305	6	31222223	6.67e-13
rs556191149	2	122482889	6.76e-13
rs9979383	21	36715761	6.8e-13
rs164512	5	141408666	6.82e-13
rs148354556	14	97888477	6.87e-13
rs77542319	5	161679311	6.91e-13
rs115844864	5	161681017	6.91e-13
rs557047409	5	147986845	7.1e-13
rs114188504	17	75435362	7.1e-13
rs75689947	3	64483255	7.14e-13
rs192728756	10	116019736	7.14e-13
rs376576551	8	113538695	7.21e-13
rs556995786	9	107387433	7.21e-13
rs7026596	9	117838093	7.31e-13
rs554176508	16	85530662	7.33e-13
rs186941177	17	40182064	7.34e-13
rs558906748	14	67179240	7.45e-13
rs561725591	4	71172821	7.48e-13
rs76111267	3	116204742	7.49e-13
rs7095431	10	8562348	7.49e-13
rs55978515	2	103048108	7.5e-13
rs184208779	6	144192664	7.51e-13
rs114891418	6	114358411	7.52e-13
rs116150106	12	83354058	7.55e-13
rs183946158	13	23741899	7.55e-13
rs112966591	1	246275182	7.59e-13
rs576803999	2	82452975	7.59e-13
rs568065574	6	131365112	7.64e-13
rs142321104	6	36331026	7.65e-13
rs141317223	14	97886243	7.65e-13
rs11102322	1	112215453	7.69e-13
rs118022602	9	6451990	7.69e-13
rs537246020	4	189654885	7.76e-13
rs34111295	9	101822422	7.8e-13
rs146151651	7	27972466	7.82e-13
rs551513465	18	44977052	7.82e-13
rs190080475	5	115054041	8e-13
rs11218149	11	120992711	8e-13
rs79282662	6	32111239	8.01e-13
rs548124538	9	9314362	8.03e-13
rs533977406	4	12774439	8.04e-13
rs73536639	6	114421888	8.09e-13
rs570424956	1	157850725	8.15e-13
rs559863776	8	29960583	8.29e-13
rs573816329	18	51405143	8.29e-13
rs117277529	3	1721959	8.3e-13
rs57281002	2	65851607	8.34e-13
rs111355723	2	65851952	8.34e-13
rs138907872	13	60484244	8.37e-13
rs115222658	6	32694042	8.4e-13
rs142399481	3	184085164	8.45e-13
rs193038036	7	136118269	8.45e-13
rs7030351	9	4148351	8.49e-13
rs80224025	18	36953688	8.55e-13
rs184163934	5	110449057	8.62e-13
rs186779520	17	54525733	8.74e-13
rs139601554	4	123760048	8.82e-13
rs565124376	1	68148250	8.84e-13
rs575192945	1	220591485	8.87e-13
rs539051925	4	111042222	8.88e-13
rs573537835	18	51388127	8.88e-13
rs149096812	5	110418241	8.9e-13
rs558383742	6	87387895	8.91e-13
rs610265	6	31853873	8.94e-13
rs549189114	10	88023990	9e-13
rs114765349	7	15116405	9.14e-13
rs531036065	7	42959568	9.22e-13
rs80255519	10	8766109	9.33e-13
rs372165362	1	28457986	9.51e-13
rs550184192	5	115148594	9.51e-13
rs555753604	7	41393778	9.51e-13
rs373529196	17	40148416	9.51e-13
rs117051189	11	76381814	9.6e-13
rs549835966	4	4087656	9.87e-13
rs13290954	9	131564080	9.87e-13
rs114482173	4	4851714	9.92e-13
rs148414209	17	6279472	1e-12
rs113367356	17	6279562	1e-12
rs532270850	1	3116837	1.02e-12
rs577701332	16	65231376	1.02e-12
rs6119003	20	29540093	1.02e-12
rs6676685	1	150247311	1.04e-12
rs12539003	7	20499738	1.04e-12
rs9852322	3	93999571	1.05e-12
rs4724866	7	6878623	1.05e-12
rs141087884	8	96638426	1.05e-12
rs137996988	9	5266182	1.05e-12
rs2087630	10	71802197	1.05e-12
rs187062164	17	8024236	1.05e-12
rs563730542	2	206558922	1.06e-12
rs117993103	5	174556608	1.06e-12
rs532013637	14	31518415	1.06e-12
rs55786261	9	5682654	1.07e-12
rs544453020	11	102931378	1.07e-12
rs71368508	17	4521473	1.07e-12
rs145232338	20	35925521	1.07e-12
rs562660657	4	15288706	1.08e-12
rs9713035	3	51153710	1.09e-12
rs141144849	4	188340921	1.09e-12
rs191637032	12	3937645	1.09e-12
rs114211283	17	37976093	1.09e-12
rs164282	1	160584360	1.1e-12
rs529297192	7	33050295	1.1e-12
rs191034117	3	25839387	1.11e-12
rs182829494	6	92521812	1.11e-12
rs587639925	8	143713905	1.12e-12
rs540972957	12	116826749	1.12e-12
rs61907677	11	128135309	1.13e-12
rs534627176	14	78190464	1.13e-12
rs549280302	5	64233133	1.14e-12
rs191897836	6	119541067	1.14e-12
rs74666598	8	41632682	1.14e-12
rs10420217	19	4355871	1.15e-12
rs538509052	3	125863767	1.17e-12
rs12638043	3	187635232	1.17e-12
rs540444594	6	134850154	1.17e-12
rs551589691	16	77949297	1.18e-12
rs180742823	1	207259609	1.19e-12
rs529836557	4	40794894	1.19e-12
rs577967897	9	140608257	1.2e-12
rs186680178	17	68072077	1.2e-12
rs115805893	1	216891329	1.21e-12
rs201593860	1	241435602	1.21e-12
rs554177437	9	74179636	1.21e-12
rs28427465	10	9595303	1.21e-12
rs570473231	4	179601317	1.22e-12
rs138542223	9	15725581	1.22e-12
ss1388040954	12	7583275	1.23e-12
rs569132588	6	148625461	1.24e-12
rs189099472	5	44018623	1.25e-12
rs182547836	8	127431283	1.25e-12
rs114553382	10	34349056	1.26e-12
rs373360641	4	4087685	1.27e-12
rs561813866	9	111898475	1.27e-12
rs12889006	14	69260563	1.29e-12
rs538785250	15	58845018	1.29e-12
rs2029745	19	6580892	1.29e-12
rs374008913	21	32591630	1.3e-12
rs149147798	5	151134635	1.31e-12
rs142909621	20	35924010	1.31e-12
rs73333052	21	22031989	1.31e-12
rs115566927	8	96631286	1.32e-12
rs569135734	8	118208257	1.32e-12
rs187333214	11	98033309	1.32e-12
rs182234043	4	161180432	1.33e-12
rs4775331	15	61236847	1.33e-12
rs4775332	15	61236848	1.33e-12
rs372406108	19	17824938	1.33e-12
rs143124251	1	62124630	1.34e-12
rs184106805	5	95410836	1.34e-12
rs567361657	11	117527448	1.34e-12
rs112593827	17	6279428	1.34e-12
rs145512441	17	6279438	1.34e-12
rs552356542	4	185314174	1.37e-12
rs141267412	7	128166092	1.37e-12
rs192155171	10	115759006	1.38e-12
rs543496415	6	51768119	1.39e-12
rs184830731	6	38223554	1.4e-12
rs11643304	16	88803934	1.4e-12
rs147034488	6	64634829	1.41e-12
rs548926422	1	237493967	1.42e-12
rs73409560	7	90581803	1.42e-12
rs112498185	11	69798513	1.42e-12
rs1465841	15	67385469	1.42e-12
rs76731128	19	36937660	1.43e-12
rs80095335	19	36938387	1.43e-12
rs74718531	19	36949421	1.43e-12
rs189624148	19	36950634	1.43e-12
rs79082072	19	36951747	1.43e-12
rs75249243	19	36952765	1.43e-12
rs187604244	19	36956690	1.43e-12
rs74891778	19	36957702	1.43e-12
rs75286787	19	36958741	1.43e-12
rs78975269	19	36959517	1.43e-12
rs551961562	15	87425352	1.46e-12
rs113272262	17	6279377	1.49e-12
rs56741249	14	83876634	1.5e-12
rs547403078	7	55138711	1.51e-12
rs572897004	8	72084872	1.51e-12
rs180882380	9	6519538	1.51e-12
rs555284836	2	161134742	1.52e-12
rs565943716	18	10160050	1.52e-12
rs550496013	9	84509937	1.55e-12
rs573197059	1	24583121	1.56e-12
rs62162265	2	112252776	1.56e-12
rs322355	5	172189805	1.56e-12
rs550253652	18	42801212	1.56e-12
rs553238734	9	77894147	1.58e-12
rs193026746	5	146029034	1.59e-12
rs60683829	6	33580673	1.59e-12
rs550195765	7	106510974	1.59e-12
rs545196692	8	142661267	1.59e-12
rs139689853	2	160325164	1.61e-12
rs16929757	9	130056418	1.62e-12
rs533229299	5	145558284	1.63e-12
rs530511504	4	114605728	1.64e-12
rs568626709	5	99939192	1.64e-12
rs146095763	2	119831817	1.65e-12
rs576235547	6	50235525	1.65e-12
rs538267740	10	1637306	1.65e-12
rs531892983	16	63307558	1.65e-12
rs544630567	5	176757962	1.66e-12
rs114677569	5	110144545	1.68e-12
rs547174844	8	4321347	1.69e-12
rs145680765	15	63287605	1.69e-12
rs10981151	9	114668160	1.71e-12
rs561631835	6	122148585	1.72e-12
rs55864359	3	4764437	1.73e-12
rs149847418	6	33722702	1.73e-12
rs548294339	6	128571799	1.75e-12
rs576362000	9	37272895	1.75e-12
rs560898518	22	45816394	1.75e-12
rs566907865	6	32619632	1.76e-12
rs191699156	19	42654750	1.76e-12
rs201913789	11	81835446	1.77e-12
rs587771440	1	147239366	1.78e-12
rs569337216	4	152368286	1.78e-12
rs190870792	4	75564205	1.79e-12
rs543928613	6	79713319	1.8e-12
rs577682799	16	87690335	1.81e-12
rs563361209	4	167665776	1.82e-12
rs191464214	1	105345630	1.85e-12
rs59224812	21	14730435	1.85e-12
rs544123943	5	174839394	1.86e-12
rs556863554	3	161556129	1.87e-12
rs556010853	10	2374444	1.87e-12
rs143107573	3	46541080	1.9e-12
rs60748394	11	76267767	1.91e-12
rs545201130	5	179761273	1.92e-12
rs142063070	2	239711351	1.95e-12
rs533195909	2	33376645	1.97e-12
rs374555557	17	40210662	1.97e-12
rs370620386	2	126597495	1.98e-12
rs146225229	2	218714139	1.98e-12
rs551258059	6	156484013	1.99e-12
rs10035217	5	126439077	2e-12
rs785515	1	46562662	2.01e-12
rs149827052	5	144155713	2.01e-12
rs17066907	13	77486368	2.04e-12
rs530376210	18	39406130	2.04e-12
rs534046469	2	142388474	2.06e-12
rs574076634	11	22621512	2.07e-12
rs11666329	19	45354296	2.07e-12
rs537284019	3	111683375	2.08e-12
rs80297885	19	36961837	2.1e-12
rs546784376	7	89140865	2.11e-12
rs567050737	14	32744127	2.13e-12
rs553110248	20	52427269	2.13e-12
rs72975913	6	128293932	2.15e-12
rs149496496	7	47161777	2.15e-12
rs546562183	7	68537080	2.15e-12
rs146092726	7	85033579	2.16e-12
rs533479147	10	134325870	2.18e-12
rs116640470	13	68945001	2.22e-12
rs547318594	8	123751910	2.24e-12
rs532221646	2	41701882	2.26e-12
rs76165431	3	185792297	2.26e-12
rs143331635	9	97499529	2.26e-12
rs542715532	1	17691438	2.27e-12
rs201872917	2	69724371	2.29e-12
rs535786178	4	23780971	2.29e-12
rs79943637	20	62582080	2.31e-12
rs371235274	11	82723420	2.33e-12
rs552198830	12	116025315	2.33e-12
rs112243217	9	16819274	2.35e-12
rs184109408	2	165605526	2.36e-12
rs73333040	21	22027965	2.36e-12
rs150597587	17	38104568	2.39e-12
rs183110723	8	115960792	2.4e-12
rs74615488	14	103099053	2.42e-12
rs529498546	1	241958794	2.44e-12
rs564023071	4	156935781	2.46e-12
rs116709545	6	128575995	2.46e-12
rs12303699	12	94582336	2.46e-12
rs114646026	6	32492874	2.48e-12
rs190506247	10	115873354	2.5e-12
rs139163954	4	41178260	2.51e-12
rs561017844	4	123366326	2.52e-12
rs375479886	14	106094267	2.53e-12
rs142939824	1	248414375	2.54e-12
rs529892772	13	31164051	2.57e-12
rs533526553	6	17065611	2.58e-12
rs150613982	7	141278630	2.6e-12
rs112013189	7	62694153	2.66e-12
rs150996832	7	154683973	2.66e-12
rs566504553	8	5005675	2.66e-12
rs191044672	8	57263979	2.66e-12
rs150314621	17	7031348	2.66e-12
rs7625643	3	141150026	2.68e-12
rs2652696	5	132139308	2.69e-12
rs113495950	8	49001721	2.71e-12
rs535531910	8	70359186	2.71e-12
rs187062084	14	22543661	2.71e-12
rs35722758	17	43004835	2.72e-12
rs7712116	5	35990207	2.73e-12
rs548806007	1	7720313	2.74e-12
rs561555794	14	96487729	2.74e-12
rs144684182	19	56324522	2.74e-12
rs141028678	17	31832528	2.77e-12
rs61960013	13	44490181	2.78e-12
rs543993279	6	32489575	2.79e-12
rs148083049	11	75806513	2.8e-12
rs138366301	12	27646350	2.8e-12
rs75507056	6	33457187	2.81e-12
rs577099016	11	16175167	2.81e-12
rs555116869	3	118371129	2.83e-12
rs147710410	17	30626906	2.85e-12
rs75747754	21	27224785	2.86e-12
rs539923983	4	180270488	2.87e-12
rs569011901	7	33866627	2.9e-12
rs190856523	1	105159133	2.91e-12
rs183042487	4	27098009	2.93e-12
rs527924279	8	4120490	2.93e-12
rs548451109	16	89564972	2.93e-12
rs370384855	14	106321712	2.95e-12
rs567577498	15	89775011	2.97e-12
rs576177641	6	133767345	2.98e-12
rs528213780	8	41412137	2.98e-12
rs75566187	5	99329829	3.01e-12
rs560391277	7	112683560	3.03e-12
rs377707018	20	45979593	3.03e-12
rs554787804	3	172587563	3.04e-12
rs567345650	6	114655772	3.04e-12
rs58475401	1	2917367	3.07e-12
rs148608515	17	8827498	3.08e-12
rs187660663	2	167248312	3.11e-12
rs138450506	3	189523095	3.11e-12
rs555263191	13	22990547	3.12e-12
rs185971497	12	59091837	3.14e-12
rs68002741	8	81269430	3.16e-12
rs77592653	10	18626010	3.16e-12
rs116193231	16	6657463	3.19e-12
rs147793459	15	67441672	3.21e-12
rs374914004	1	1390874	3.24e-12
rs562783018	1	59862865	3.25e-12
rs4727427	7	98772439	3.26e-12
rs201011002	12	57498220	3.26e-12
rs561408071	2	231347486	3.28e-12
rs75565607	6	33050367	3.29e-12
rs575844559	14	23406613	3.3e-12
rs116678436	16	6657505	3.3e-12
rs587756950	1	120328114	3.32e-12
rs6715254	2	100781612	3.32e-12
rs184249912	13	66918700	3.36e-12
rs543606154	2	9654402	3.38e-12
rs370068256	2	9656331	3.38e-12
rs150706348	12	85555519	3.43e-12
rs145167319	9	6648895	3.45e-12
rs190361022	5	149320794	3.46e-12
rs184772643	2	144358324	3.47e-12
rs532621498	15	98068875	3.47e-12
rs558467953	22	41234948	3.48e-12
rs535002828	12	49608977	3.52e-12
rs532161278	12	31162218	3.57e-12
rs554495363	19	48842090	3.59e-12
rs143122977	2	44249003	3.62e-12
rs571546412	10	25402237	3.62e-12
rs368560236	11	82720404	3.62e-12
rs79942281	19	36965873	3.62e-12
rs150796338	5	43440140	3.65e-12
rs553816708	2	44899783	3.66e-12
rs557934514	16	19629358	3.67e-12
rs575293261	22	45844729	3.68e-12
rs76419992	20	49150303	3.69e-12
rs140782469	4	189199580	3.7e-12
rs4391281	6	141784576	3.7e-12
rs75691788	19	52334460	3.7e-12
rs186399184	2	203728984	3.74e-12
rs139040295	8	39385894	3.74e-12
rs552589844	6	159745906	3.75e-12
rs557062962	3	88530905	3.76e-12
rs548586749	1	212927300	3.78e-12
rs150912610	5	146029638	3.8e-12
rs369091175	16	2429998	3.82e-12
rs184888016	13	59961203	3.83e-12
rs56214813	12	110232048	3.87e-12
rs73862919	3	135371971	3.88e-12
rs542973972	18	45456699	3.89e-12
rs548436567	4	66732013	3.9e-12
rs558941056	5	89015413	3.92e-12
rs548569650	8	4314074	3.95e-12
rs199805492	10	8688981	3.95e-12
rs183448471	12	78478302	3.95e-12
rs57384366	17	75411365	3.96e-12
rs565029240	1	56856834	3.97e-12
rs139689471	22	19685204	3.98e-12
rs573976878	17	36266856	3.99e-12
rs543192206	9	84531816	4.02e-12
rs577851280	7	53764384	4.05e-12
rs185641873	7	155481125	4.06e-12
rs147728989	3	118376804	4.07e-12
rs194676	6	32896330	4.07e-12
rs192430290	11	67163720	4.11e-12
rs150598868	13	67815117	4.16e-12
rs566843315	16	52221039	4.18e-12
rs74723801	19	36970148	4.19e-12
rs72923904	6	90642493	4.21e-12
rs3181359	9	117691658	4.22e-12
rs541801071	9	76314149	4.23e-12
rs549215859	8	136619038	4.27e-12
rs73084574	7	20344126	4.28e-12
rs58065796	1	21118200	4.29e-12
rs564454649	4	8983255	4.3e-12
rs558112429	4	142563616	4.3e-12
rs587649570	1	120339254	4.31e-12
rs181545710	8	52930070	4.35e-12
rs576583403	3	112756720	4.36e-12
rs539752422	8	2224109	4.36e-12
rs139092610	9	8371599	4.36e-12
rs79786110	3	27994047	4.38e-12
rs10589076	5	139931779	4.43e-12
rs55861950	10	9089574	4.47e-12
rs73513868	11	79897305	4.5e-12
rs562034677	1	177052847	4.59e-12
rs118142553	3	136465030	4.59e-12
rs73368514	5	166682313	4.59e-12
rs188847018	10	63840582	4.59e-12
rs7075570	10	130232441	4.59e-12
rs559827258	14	27128921	4.59e-12
rs150273268	17	66773464	4.66e-12
rs57108712	4	79542877	4.71e-12
rs113201977	17	47298215	4.75e-12
rs11663959	18	67598537	4.77e-12
rs28514280	16	86177285	4.81e-12
rs185759455	18	10600969	4.86e-12
rs571619361	13	66423342	4.88e-12
rs139385097	20	36403834	4.92e-12
rs78873949	19	36969981	4.94e-12
rs78067793	19	36970426	4.94e-12
rs543645152	11	41927265	4.95e-12
rs192780996	12	21097454	4.95e-12
rs541145839	2	41687614	4.99e-12
rs548074031	10	15591136	4.99e-12
rs371869544	14	37079251	5.04e-12
rs146671564	14	63557315	5.06e-12
rs143628759	2	242742022	5.08e-12
rs189354078	2	88710417	5.09e-12
rs472497	21	44848203	5.1e-12
rs190699805	12	39954351	5.11e-12
rs549064453	18	32252433	5.11e-12
rs531446433	11	61683025	5.17e-12
rs571082137	20	43931411	5.18e-12
rs567087806	8	123707259	5.19e-12
rs186660315	8	117317946	5.25e-12
rs543164828	13	28781853	5.25e-12
rs189822204	4	59196120	5.3e-12
rs538803949	4	79691217	5.3e-12
rs567583030	5	128614295	5.3e-12
rs192746719	2	45550894	5.32e-12
rs67538026	19	1031438	5.34e-12
rs28841346	15	55804405	5.35e-12
rs138231566	3	195909052	5.38e-12
rs111345928	9	139885682	5.38e-12
rs568301789	1	88022128	5.4e-12
rs11647383	16	27245815	5.4e-12
rs572645824	6	11645264	5.41e-12
rs188808683	12	76595890	5.42e-12
rs201437622	1	17314791	5.43e-12
rs7770794	6	154627823	5.43e-12
rs565341238	11	1861614	5.43e-12
rs35032841	10	35312687	5.44e-12
rs564565860	1	59846921	5.45e-12
rs181040327	10	115859377	5.45e-12
rs150899393	14	84964146	5.46e-12
rs574752929	6	38392763	5.47e-12
rs139766411	1	40339268	5.48e-12
rs564262275	7	124948983	5.53e-12
rs190779225	10	129782795	5.58e-12
rs183327576	10	129782796	5.58e-12
rs541145568	11	69676320	5.6e-12
rs2418550	10	43733547	5.61e-12
rs574995940	2	118536863	5.62e-12
rs537958662	2	194241493	5.62e-12
rs553512551	12	77012088	5.62e-12
rs72832017	5	167211990	5.65e-12
rs560056146	17	69315032	5.68e-12
rs80322140	2	119829573	5.72e-12
rs78918506	9	114690979	5.74e-12
rs146751941	1	106241358	5.75e-12
rs138404061	17	5516095	5.8e-12
rs145720705	4	47395077	5.88e-12
rs17057868	5	159914665	5.92e-12
rs562913762	3	141929018	5.95e-12
rs540821943	15	44795395	5.97e-12
rs578251496	11	45989328	6.01e-12
rs185039053	5	80534578	6.1e-12
rs73541049	11	72914552	6.14e-12
rs547809443	21	35461394	6.16e-12
rs16954203	17	4748582	6.18e-12
rs143572639	5	131975484	6.19e-12
rs185493021	3	119285590	6.2e-12
rs11802525	1	92410485	6.25e-12
rs562017624	21	29518576	6.3e-12
rs193033840	3	40786537	6.32e-12
rs76876264	7	57664718	6.32e-12
rs535336538	7	116193812	6.34e-12
rs554896109	17	38923441	6.35e-12
rs534137960	10	131684271	6.43e-12
rs528341009	20	22974038	6.43e-12
rs567673063	10	112790827	6.52e-12
rs532702420	14	93530960	6.59e-12
rs192607506	20	18553658	6.64e-12
rs114423624	5	91358501	6.75e-12
rs147138404	11	117192053	6.75e-12
rs530013214	8	23358189	6.76e-12
rs144362513	1	37309893	6.77e-12
rs181615352	10	80118262	6.78e-12
rs113913022	4	6357533	6.81e-12
rs146539245	19	13689736	6.81e-12
rs142746813	2	60519502	6.87e-12
rs559952862	16	55911096	6.87e-12
rs545224314	19	4661579	7.01e-12
rs571480360	20	40130080	7.01e-12
rs117010001	4	52831708	7.06e-12
rs182056692	10	10271858	7.1e-12
rs531164024	11	113739559	7.1e-12
rs530653408	5	179783594	7.12e-12
rs573110798	4	96392243	7.19e-12
rs9961717	18	5450635	7.2e-12
rs138489960	5	16063662	7.21e-12
rs552730236	14	45321005	7.21e-12
rs562813171	8	29350961	7.24e-12
rs193247757	20	23519367	7.25e-12
rs549947629	4	186400038	7.29e-12
rs549494814	7	48415958	7.29e-12
rs587633238	1	145742346	7.34e-12
rs192443610	2	116383147	7.35e-12
rs550058023	8	144343805	7.38e-12
rs7269057	20	32048102	7.38e-12
rs545302246	6	98945776	7.39e-12
rs187312074	11	24291715	7.39e-12
rs62207015	20	62279040	7.43e-12
rs142480226	3	132444968	7.44e-12
rs548973791	9	37336810	7.46e-12
rs548252708	18	56483639	7.46e-12
rs76183189	3	63434447	7.47e-12
rs544550806	9	10191623	7.48e-12
rs72837826	2	111933001	7.49e-12
rs188723257	13	78809196	7.52e-12
rs78126657	10	30857015	7.64e-12
rs114520165	2	119830792	7.7e-12
rs1050486	6	31324702	7.78e-12
rs61073994	12	20641580	7.78e-12
rs530159535	3	63074726	7.82e-12
rs17014879	3	24627794	7.83e-12
rs534488661	4	112187614	7.83e-12
rs113461829	5	172231601	7.85e-12
rs568530062	2	61266217	7.86e-12
rs537079905	3	68867697	7.86e-12
rs572172701	6	5460090	7.87e-12
rs554066873	14	64279591	7.87e-12
rs58677531	11	3942227	7.89e-12
rs143457474	9	16818398	7.92e-12
rs530085657	9	37339295	8.1e-12
rs75175115	11	19598454	8.1e-12
rs542097485	4	131538641	8.16e-12
rs73944499	2	103701435	8.18e-12
rs16929775	9	130090945	8.18e-12
rs540100927	7	157169081	8.2e-12
rs542334574	10	108437195	8.2e-12
rs564897468	20	5464252	8.2e-12
rs554870125	2	208997112	8.27e-12
rs558110778	2	7629485	8.29e-12
rs529684025	9	6102197	8.4e-12
rs544279557	6	85194179	8.41e-12
rs569234592	15	42907158	8.45e-12
rs576143248	3	139458843	8.46e-12
rs147506631	4	109495221	8.64e-12
rs540114272	1	161952130	8.66e-12
rs144734245	19	13689519	8.66e-12
rs531660643	19	45251806	8.68e-12
rs35449774	6	33031612	8.73e-12
rs143584808	7	128435933	8.76e-12
rs529109689	1	37680255	8.82e-12
rs111614136	4	79516199	8.82e-12
rs2288125	12	29460548	8.85e-12
rs115813305	13	98976332	8.9e-12
rs186397538	1	154492064	8.92e-12
rs572226393	1	85522193	8.94e-12
rs139824127	14	91833732	8.94e-12
rs114258797	10	80118943	8.95e-12
rs658648	10	6444296	8.98e-12
rs536586561	7	9902920	9e-12
rs74912979	15	38084087	9e-12
rs140076024	11	64688949	9.03e-12
rs370989612	5	957871	9.18e-12
rs575579674	16	24401726	9.24e-12
rs554250747	15	96942619	9.27e-12
rs574015566	1	192694335	9.41e-12
rs547455143	2	113735511	9.46e-12
rs551235185	5	88915006	9.47e-12
rs557904605	13	32109181	9.56e-12
rs552411684	3	19737879	9.67e-12
rs577052584	15	38150246	9.7e-12
rs569015540	10	72055449	9.72e-12
rs144185987	11	21393427	9.72e-12
rs537365970	1	2195815	9.73e-12
rs561841142	6	160436464	9.76e-12
rs138600429	9	120889307	9.76e-12
rs186176069	1	240766414	9.77e-12
rs368306746	2	117958416	9.79e-12
rs73002427	4	138076816	9.8e-12
rs575309159	9	92336431	9.9e-12
rs62275576	3	156343653	9.93e-12
rs558267494	4	115009465	1e-11
rs539854893	5	81653713	1.01e-11
rs147955638	8	68540624	1.01e-11
rs570133889	11	73131649	1.03e-11
rs558766956	2	25714627	1.05e-11
rs187599881	7	11401893	1.05e-11
rs575290799	12	6144072	1.05e-11
rs554917545	19	35155525	1.05e-11
rs557414462	22	45226919	1.05e-11
rs185601488	14	97405152	1.07e-11
rs373648228	1	162990627	1.08e-11
rs144303653	17	1079285	1.08e-11
rs531288571	8	27506141	1.09e-11
rs150267740	10	62852673	1.09e-11
rs565086195	2	205239489	1.1e-11
rs546067283	6	86404682	1.1e-11
rs185975956	16	77484545	1.11e-11
rs59457388	3	187775940	1.12e-11
rs571013696	5	3176848	1.12e-11
rs150724203	16	29132424	1.12e-11
rs55840990	3	71425520	1.13e-11
rs559106990	2	176264384	1.14e-11
rs182536413	4	12766813	1.14e-11
rs548101432	8	40065594	1.14e-11
rs113626350	9	6490491	1.14e-11
rs77797274	11	72914447	1.14e-11
rs79756965	6	55700522	1.15e-11
rs59224164	8	8149673	1.15e-11
rs562005509	3	9748764	1.16e-11
rs557888519	21	23834535	1.16e-11
rs6591221	11	66441694	1.17e-11
rs550926777	13	75977392	1.17e-11
rs7219572	17	27566241	1.17e-11
rs55745041	5	156957239	1.18e-11
rs61104107	8	108173201	1.18e-11
rs55809613	20	5235752	1.19e-11
rs2315649	20	62393107	1.2e-11
rs6900218	6	26050295	1.21e-11
rs189085219	12	41351952	1.21e-11
rs548253506	19	41323715	1.21e-11
rs564360987	5	40681860	1.22e-11
rs11600467	11	45216184	1.22e-11
rs140275227	13	48101840	1.22e-11
rs576046760	8	4883724	1.23e-11
rs117457845	10	83306624	1.23e-11
rs192764934	1	215170201	1.24e-11
rs1800440	2	38298139	1.24e-11
rs566094262	4	25018056	1.24e-11
rs1962698	5	1921128	1.24e-11
rs190814715	2	219793196	1.25e-11
rs190650164	5	112815945	1.25e-11
rs540369218	17	13997278	1.25e-11
rs180882859	4	79508213	1.28e-11
rs78248764	5	11608925	1.28e-11
rs587658334	10	5149857	1.28e-11
rs557003513	8	127427968	1.29e-11
rs560575778	2	36074002	1.3e-11
rs563420305	6	5590856	1.3e-11
rs143469459	14	97893675	1.3e-11
rs571187007	4	38264941	1.31e-11
rs74655554	7	57667820	1.31e-11
rs574091722	8	145675606	1.31e-11
rs577679339	10	58790520	1.31e-11
rs559042953	10	58797575	1.31e-11
rs563917294	12	5924399	1.32e-11
rs538410519	12	91219421	1.33e-11
rs141199741	18	32744097	1.33e-11
rs6927172	6	138002175	1.34e-11
rs114076858	1	240503546	1.35e-11
rs542525051	13	68988922	1.36e-11
rs150387370	15	95220472	1.36e-11
rs114294453	16	6657642	1.36e-11
rs570418617	6	123586117	1.37e-11
rs184278329	8	135955728	1.37e-11
rs201466402	9	17342406	1.37e-11
rs372099660	13	22355838	1.37e-11
rs551312454	12	113658698	1.38e-11
rs557962916	16	77954188	1.38e-11
rs567959785	1	20482306	1.4e-11
rs537593889	2	2793231	1.4e-11
rs569645093	8	11454678	1.4e-11
rs7851584	9	6778979	1.4e-11
rs145058373	17	54340951	1.4e-11
rs183878582	16	27969305	1.41e-11
rs114563141	4	75530323	1.42e-11
rs552727789	16	8034416	1.44e-11
rs35215822	19	58059273	1.44e-11
rs573627681	10	99483571	1.45e-11
rs144984431	3	86473615	1.46e-11
rs74377106	4	181893783	1.46e-11
rs192396111	7	134562278	1.46e-11
rs116696808	17	76696995	1.46e-11
rs574584309	18	63413626	1.46e-11
rs114645604	7	105026000	1.47e-11
rs188027665	21	32687963	1.47e-11
rs370900577	3	16791972	1.48e-11
rs146977197	9	9260351	1.48e-11
rs545570408	2	199946923	1.49e-11
rs2596470	6	31392607	1.5e-11
rs114137525	3	100986979	1.51e-11
rs189176616	13	48372409	1.52e-11
rs532472635	18	1724894	1.52e-11
rs139393473	20	22249120	1.52e-11
rs553949410	12	10928316	1.53e-11
rs536877192	10	119119831	1.54e-11
rs115667151	10	129416934	1.54e-11
rs17125579	14	53064455	1.54e-11
rs529993686	1	39372842	1.55e-11
rs187748788	1	107299352	1.55e-11
rs560872210	13	49813143	1.55e-11
rs116176819	5	51335951	1.56e-11
rs10981149	9	114666081	1.56e-11
rs149065316	1	76510636	1.58e-11
rs76512792	5	146030595	1.58e-11
rs150572693	7	110215284	1.58e-11
rs577667536	10	29587594	1.58e-11
rs76905924	12	66361453	1.58e-11
rs56099921	4	147131547	1.6e-11
rs180980584	15	98118805	1.6e-11
rs564602852	20	1903936	1.6e-11
rs558176599	1	163615005	1.61e-11
rs7542867	1	93076518	1.64e-11
rs142901299	8	136008234	1.64e-11
rs112163836	10	45411597	1.64e-11
rs191252351	5	63221063	1.65e-11
rs147156118	2	63370060	1.66e-11
rs150059260	5	159873433	1.66e-11
rs114651631	5	121641071	1.67e-11
rs7125695	11	75908131	1.68e-11
rs80275468	11	19164037	1.7e-11
rs528575117	12	10678212	1.7e-11
rs553485756	19	23342121	1.7e-11
rs143231932	8	141803007	1.71e-11
rs527576714	5	65494909	1.72e-11
rs185088878	13	74409531	1.72e-11
rs575221625	13	79143444	1.73e-11
rs73340542	5	164004052	1.74e-11
rs3094135	6	30117454	1.74e-11
rs200881487	6	152589161	1.74e-11
rs144051026	8	144341782	1.74e-11
rs115826979	14	83887113	1.74e-11
rs559371392	6	21385174	1.75e-11
rs183962544	19	10165262	1.75e-11
rs187689605	19	10165266	1.75e-11
rs572284208	1	64304622	1.76e-11
rs532523615	3	13681518	1.76e-11
rs570252777	20	60684831	1.76e-11
rs542331196	3	172506926	1.77e-11
rs113082986	1	22991746	1.78e-11
rs62636122	5	147837533	1.78e-11
rs201519354	3	108468402	1.79e-11
rs146610797	9	79142404	1.79e-11
rs200019629	19	3547417	1.79e-11
rs577070915	20	52975838	1.79e-11
rs534875364	7	11800701	1.8e-11
rs78034733	18	75799395	1.81e-11
rs552604503	16	83391230	1.82e-11
rs555507857	8	53864564	1.83e-11
rs139514376	9	11589166	1.83e-11
rs114677683	2	43208407	1.85e-11
rs567634044	9	112575525	1.85e-11
rs548461827	10	106561675	1.85e-11
rs113085991	4	79630631	1.86e-11
rs548955743	1	43814772	1.87e-11
rs557377677	7	141087201	1.87e-11
rs540921704	11	108422648	1.87e-11
rs545238609	3	182804908	1.88e-11
rs147374001	11	4145389	1.88e-11
rs188902837	12	6195742	1.89e-11
rs560183954	14	96482234	1.89e-11
rs114811312	1	40475472	1.9e-11
rs115349110	1	177669229	1.9e-11
rs137926256	12	131757672	1.9e-11
rs115440744	16	6657526	1.9e-11
rs181399344	8	89004170	1.91e-11
rs530211156	15	101656217	1.92e-11
rs540823191	7	73129768	1.93e-11
rs571831015	4	98454743	1.94e-11
rs531250307	8	91679427	1.94e-11
rs548207948	17	2731929	1.94e-11
rs570119312	2	125421385	1.95e-11
rs562209864	2	210191431	1.95e-11
rs114843672	3	84631640	1.97e-11
rs114409442	15	95313531	1.98e-11
rs540366384	1	72279232	1.99e-11
rs531334851	8	103573475	1.99e-11
rs574991105	13	75985652	1.99e-11
rs183464318	4	85755935	2e-11
rs2245214	6	106662741	2e-11
rs559937998	9	31181624	2e-11
rs571258597	16	2381359	2.02e-11
rs548726063	5	162172225	2.03e-11
rs191033730	19	6689186	2.03e-11
rs541567167	2	61694758	2.04e-11
rs537785159	4	152386832	2.04e-11
rs571018817	2	136277419	2.05e-11
rs188729292	2	59238789	2.06e-11
rs111913142	1	91784619	2.07e-11
rs78127122	1	177668245	2.07e-11
rs184491866	5	96368906	2.07e-11
rs556701112	5	138770187	2.07e-11
rs560515170	7	4473597	2.09e-11
rs149025139	1	236893176	2.1e-11
rs530329428	9	109367460	2.1e-11
rs79147807	5	33964165	2.12e-11
rs539576136	11	69621349	2.12e-11
rs140119892	11	105690826	2.12e-11
rs554809135	15	61992230	2.12e-11
rs546040608	4	25171619	2.14e-11
rs193208190	5	155984811	2.14e-11
rs184289015	9	125507527	2.15e-11
rs532000873	4	180415176	2.16e-11
rs114233862	5	117314699	2.16e-11
rs547252721	7	106052689	2.17e-11
rs10981148	9	114665986	2.17e-11
rs537907532	15	102122911	2.17e-11
rs189129717	6	10172259	2.18e-11
rs73400022	18	25575754	2.18e-11
rs114788171	20	24658940	2.19e-11
rs140869069	3	86473796	2.2e-11
rs115178243	14	50697007	2.2e-11
rs529054265	1	28211661	2.21e-11
rs144989638	5	6016680	2.21e-11
rs568140444	1	192251831	2.22e-11
rs551348440	2	52320903	2.22e-11
rs139392565	9	130514533	2.22e-11
rs551782124	3	94113683	2.24e-11
rs145177216	5	2245489	2.24e-11
rs188558249	5	91350361	2.24e-11
rs148957187	14	105320853	2.24e-11
rs557009968	13	83655139	2.25e-11
rs572614448	2	79565285	2.26e-11
rs182114551	2	61267968	2.28e-11
rs555222609	15	55211306	2.28e-11
rs77253023	1	177682476	2.29e-11
rs571635410	4	4087644	2.29e-11
rs573365748	17	30356783	2.29e-11
rs56137679	17	45862112	2.29e-11
rs115402016	11	105700875	2.3e-11
rs11809494	1	206623866	2.31e-11
rs559443699	2	180528397	2.33e-11
rs11716980	3	55591995	2.33e-11
rs534306200	12	3250423	2.33e-11
rs371011318	2	141670065	2.34e-11
rs1893380	18	48647640	2.34e-11
rs542200968	8	96483280	2.35e-11
rs564516598	8	134242564	2.35e-11
rs139824811	10	57079383	2.35e-11
rs12416173	10	89361685	2.35e-11
rs34775669	3	156307443	2.36e-11
rs575444622	4	4595919	2.38e-11
rs192721048	17	43255046	2.39e-11
rs74719286	6	133995871	2.41e-11
rs115029414	1	214248468	2.43e-11
rs570600821	12	125078277	2.43e-11
rs201313737	10	9347118	2.44e-11
rs533266785	5	29739953	2.45e-11
rs555800179	12	42892734	2.45e-11
rs541338877	13	94209508	2.45e-11
rs7592973	2	166261699	2.46e-11
rs56089125	18	52375987	2.46e-11
rs183556664	10	68058374	2.47e-11
rs186998730	5	96298877	2.48e-11
rs147249045	15	26823018	2.49e-11
rs145142913	9	123323793	2.5e-11
rs139180032	11	105706583	2.5e-11
rs538226327	18	44944473	2.5e-11
rs113714783	9	105926455	2.51e-11
rs118044798	6	88768097	2.52e-11
rs186098815	2	49662302	2.53e-11
rs60739516	14	103230154	2.54e-11
rs563044107	4	188761760	2.55e-11
rs147816964	9	112903022	2.55e-11
rs8107241	19	53933503	2.56e-11
rs72797984	5	141478134	2.58e-11
rs376117881	11	40198636	2.58e-11
rs114298312	13	24529045	2.59e-11
rs12446418	16	68290200	2.66e-11
rs138026135	2	8651366	2.67e-11
rs73194495	3	188328476	2.7e-11
rs576976619	1	2180466	2.71e-11
rs139243355	1	151332763	2.71e-11
rs545224162	1	155094137	2.71e-11
rs573322566	1	156981113	2.71e-11
rs552274500	2	22419601	2.71e-11
rs556450435	2	64060787	2.71e-11
rs571452929	5	67736244	2.71e-11
rs528397514	5	73708191	2.71e-11
rs141749028	6	164536319	2.71e-11
rs543176203	7	18934855	2.71e-11
rs189609599	7	62687056	2.71e-11
rs117870738	7	153155234	2.71e-11
rs7875825	9	130067722	2.71e-11
rs146987453	11	105688537	2.71e-11
rs111858894	13	24527912	2.71e-11
rs148670360	13	28411176	2.71e-11
rs149919659	13	78318183	2.71e-11
rs188710021	13	91518164	2.71e-11
rs182687474	13	109044971	2.71e-11
rs185990932	14	52195455	2.71e-11
rs79855315	19	32005429	2.71e-11
rs569560791	21	21440443	2.71e-11
rs200305098	2	224664934	2.72e-11
rs3826620	18	60021504	2.79e-11
rs140500652	22	29776847	2.81e-11
rs10908706	1	159294684	2.86e-11
rs76937386	1	215170948	2.87e-11
rs9949875	18	72334889	2.88e-11
rs148071402	20	35925733	2.89e-11
rs377533813	20	35927446	2.89e-11
rs140237456	20	35929927	2.89e-11
rs111883689	20	35930182	2.89e-11
rs35330847	10	8476531	2.9e-11
rs189194296	10	115962118	2.9e-11
rs566399644	5	83813356	2.92e-11
rs554620260	4	15574633	2.93e-11
rs571845502	9	112589714	2.93e-11
rs142063429	2	21720960	2.94e-11
rs377715254	3	14150765	2.96e-11
rs182759942	11	92029928	2.96e-11
rs564854337	8	99006617	2.97e-11
rs7485502	12	123849096	2.97e-11
rs576097033	1	112757525	2.98e-11
rs191845828	6	1084576	2.98e-11
rs77850408	6	55715617	2.98e-11
rs73770529	6	115726842	2.99e-11
rs368766808	3	123285351	3.01e-11
rs138574119	8	101469732	3.01e-11
rs12352616	9	117803594	3.02e-11
rs538258404	17	50413828	3.02e-11
rs559641342	2	70030146	3.03e-11
rs562449532	8	4676388	3.03e-11
rs569493833	7	82444630	3.05e-11
rs547627463	19	23351504	3.05e-11
rs771018	2	198650259	3.08e-11
rs6558369	8	144604786	3.08e-11
rs61811905	1	153067326	3.09e-11
rs564329734	5	95989716	3.09e-11
rs139049689	7	109376168	3.09e-11
rs551485704	18	77539527	3.09e-11
rs375698640	20	35920829	3.09e-11
rs151201321	2	5864070	3.1e-11
rs182309186	14	85240635	3.1e-11
rs6498126	16	11004363	3.11e-11
rs146981266	21	32654142	3.12e-11
rs534715591	5	167805828	3.13e-11
rs528134522	18	13370087	3.14e-11
rs149576755	1	241641322	3.15e-11
rs145237994	12	57305456	3.15e-11
rs547169676	6	47904750	3.16e-11
rs570283761	6	47905166	3.16e-11
rs553190992	7	17581482	3.19e-11
rs114249546	1	79417323	3.2e-11
rs7750922	6	91601691	3.2e-11
rs144532877	7	121162046	3.21e-11
rs192579912	18	6766839	3.22e-11
rs183849650	4	64512012	3.23e-11
rs542313507	13	44525544	3.23e-11
rs542749610	17	64493270	3.23e-11
rs554864386	18	28328673	3.24e-11
rs60220346	6	55663495	3.25e-11
rs577406275	20	61409393	3.28e-11
rs75790645	6	115736496	3.29e-11
rs12606349	18	46396550	3.3e-11
rs77388011	5	24073440	3.31e-11
rs549096282	5	86366594	3.31e-11
rs181130752	10	115962397	3.32e-11
rs8047736	16	3100918	3.32e-11
rs537483031	2	137247656	3.4e-11
rs13149287	4	123060476	3.41e-11
rs373914987	17	49157412	3.41e-11
rs543035180	4	189110016	3.42e-11
rs370540870	11	105634521	3.45e-11
rs544337363	8	3737762	3.46e-11
rs562623682	22	21292242	3.48e-11
rs115926208	6	20534759	3.49e-11
rs546030643	9	37326799	3.49e-11
rs541543972	9	37326918	3.49e-11
rs4897221	6	127914889	3.5e-11
rs557950960	8	97845053	3.54e-11
rs529590192	8	97845684	3.54e-11
rs538617068	10	83374714	3.54e-11
rs2297674	1	32163950	3.55e-11
rs7569613	2	22568648	3.55e-11
rs144392473	20	53678634	3.55e-11
rs142466694	9	7340921	3.57e-11
rs75557865	3	121652141	3.58e-11
rs553865812	14	34591291	3.6e-11
rs139290062	18	37602053	3.61e-11
rs547038633	6	20959932	3.62e-11
rs535855359	22	37190916	3.62e-11
rs77527654	3	151878664	3.63e-11
rs563706169	4	167007024	3.66e-11
rs12695883	3	148432720	3.67e-11
rs184361834	10	116000250	3.67e-11
rs7628922	3	56737257	3.69e-11
rs575289354	13	20100819	3.69e-11
rs542081440	17	35649106	3.69e-11
rs536449391	20	9952216	3.69e-11
rs565341288	17	75540864	3.71e-11
rs552536747	4	109423634	3.74e-11
rs553554269	18	69383026	3.74e-11
rs190437539	7	143098436	3.77e-11
rs181780965	13	59909022	3.77e-11
rs74948252	8	17086642	3.78e-11
rs564898283	7	14779292	3.79e-11
rs116508994	9	130090204	3.8e-11
rs115804565	2	205003585	3.81e-11
rs115032842	2	105515342	3.85e-11
rs184228126	4	64756977	3.85e-11
rs528215384	20	20421131	3.85e-11
rs529565341	1	156295220	3.86e-11
rs563064644	8	75572941	3.88e-11
rs560228392	1	70429860	3.9e-11
rs534620289	4	2351920	3.9e-11
rs138653296	4	125611492	3.9e-11
rs185762867	17	12871120	3.91e-11
rs143296497	19	31042853	3.94e-11
rs548260095	22	49738652	3.94e-11
rs189344957	1	22668829	3.95e-11
rs183068060	17	8672713	4e-11
rs138983198	12	82502224	4.03e-11
rs116842534	17	65122616	4.03e-11
rs62379371	5	133439274	4.06e-11
rs79182842	1	65401763	4.08e-11
rs566301377	4	116531773	4.1e-11
rs561410691	2	236129005	4.18e-11
rs185831190	6	32615015	4.19e-11
rs190085328	4	65057098	4.21e-11
rs572260563	9	130388994	4.21e-11
rs566787305	8	2757611	4.22e-11
rs557728017	3	62578119	4.26e-11
rs145695455	4	60673561	4.26e-11
rs112784277	4	60676164	4.26e-11
rs201847429	6	108166147	4.29e-11
rs7091048	10	6714175	4.29e-11
rs533858210	3	83186015	4.32e-11
rs115491714	4	110800210	4.32e-11
rs139240497	20	12248557	4.32e-11
rs562403232	21	39443382	4.32e-11
rs529196106	19	23594429	4.34e-11
rs1012177	7	22610713	4.35e-11
rs145076088	12	114948622	4.35e-11
rs9944895	18	60859974	4.37e-11
rs374817227	1	179120200	4.38e-11
rs113206908	6	32818030	4.39e-11
rs143857279	7	154997385	4.41e-11
rs534234679	8	20754656	4.41e-11
rs187489107	10	115741226	4.41e-11
rs185102603	1	34005699	4.42e-11
rs115091021	8	120621111	4.43e-11
rs535852797	12	71649458	4.43e-11
rs558230749	4	158392765	4.45e-11
rs553325309	17	34834126	4.47e-11
rs116493016	5	1918800	4.5e-11
rs184722103	7	155667549	4.52e-11
rs553025440	12	13393930	4.52e-11
rs551279379	14	25760014	4.52e-11
rs113693415	17	58483908	4.52e-11
rs541866642	8	50863623	4.55e-11
rs529473528	17	64500441	4.58e-11
rs567866195	12	122225394	4.6e-11
rs117961753	9	126168995	4.61e-11
rs146083689	2	235746779	4.64e-11
rs559200520	20	41059818	4.64e-11
rs375563889	8	51076839	4.66e-11
rs181827891	11	126455007	4.67e-11
rs549077668	13	75979119	4.67e-11
rs146422992	6	32646113	4.68e-11
rs34712979	4	106819053	4.69e-11
rs553309260	15	64658188	4.7e-11
rs568019490	1	48612102	4.72e-11
rs554601719	4	185996491	4.73e-11
rs373081692	10	67680275	4.73e-11
rs575535252	1	24582557	4.78e-11
rs72622788	4	33326874	4.78e-11
rs577415262	3	29027857	4.79e-11
rs544627357	10	107090516	4.79e-11
rs533097743	20	43757587	4.8e-11
rs549056792	2	48800914	4.81e-11
rs61192126	3	72394852	4.82e-11
rs117185005	15	67473790	4.84e-11
rs567271764	12	12266910	4.85e-11
rs73028255	5	1399079	4.86e-11
rs566807455	2	150918726	4.87e-11
rs547322319	6	25982593	4.9e-11
rs111714182	18	72963220	4.92e-11
rs562021059	4	66849185	4.93e-11
rs577152560	17	12941332	4.93e-11
rs200096716	6	44119607	4.95e-11
rs575346502	8	29050437	4.95e-11
rs527992885	1	179193053	4.96e-11
rs555565174	1	222351533	4.96e-11
rs6707822	2	85615287	4.96e-11
rs111996470	9	105927038	4.96e-11
rs187096219	15	87105951	4.97e-11
rs145349409	20	5364762	4.98e-11
rs550932620	10	12906820	5e-11
rs191854042	3	3235955	5.01e-11
rs369502485	7	158248670	5.01e-11
rs555897430	4	95373709	5.02e-11
rs189197867	5	99051500	5.02e-11
rs559425123	17	2301036	5.04e-11
rs113621650	2	242709568	5.05e-11
rs574883588	18	9691951	5.06e-11
rs547038435	4	94603980	5.07e-11
rs78026082	4	176906678	5.08e-11
rs5008056	4	32668457	5.1e-11
rs570833102	10	35949110	5.13e-11
rs570225060	2	160431316	5.16e-11
rs145559928	5	156881189	5.16e-11
rs148053011	6	55678446	5.16e-11
rs537859261	7	155440641	5.16e-11
rs148861962	15	97733353	5.18e-11
rs117971857	6	100230079	5.19e-11
rs28588688	8	81098279	5.19e-11
rs562719474	18	72885662	5.19e-11
rs556000708	6	132947575	5.22e-11
rs189068173	10	85498138	5.24e-11
rs113983410	12	112933920	5.24e-11
rs533013728	1	13048249	5.25e-11
rs533988744	9	116999165	5.27e-11
rs554814201	15	94851190	5.28e-11
rs571483336	19	28871850	5.28e-11
rs573198802	2	102982048	5.29e-11
rs575733192	15	98772162	5.31e-11
rs183308530	4	30143235	5.35e-11
rs187901482	11	29303846	5.37e-11
rs538188442	4	112495937	5.42e-11
rs531957917	4	187342248	5.42e-11
rs537265184	13	67146797	5.44e-11
rs114854208	1	175390334	5.47e-11
rs112225252	3	6247043	5.47e-11
rs570339786	6	97558242	5.47e-11
rs143856547	16	26998971	5.47e-11
rs538166099	17	20256010	5.47e-11
rs577237685	20	44612469	5.47e-11
rs1723168	2	30674485	5.49e-11
rs553138674	9	140313843	5.51e-11
rs10197437	2	63600088	5.54e-11
rs142025235	5	64353599	5.55e-11
rs557391918	9	99687194	5.57e-11
rs10044693	5	141599556	5.58e-11
rs558277806	6	79611512	5.6e-11
rs144131654	7	54707146	5.6e-11
rs572463169	9	23070396	5.6e-11
rs181018324	5	9723242	5.64e-11
rs6813322	4	103555619	5.65e-11
rs149849572	5	132244521	5.66e-11
rs562662780	6	56261982	5.67e-11
rs113108794	16	27310996	5.69e-11
rs7911076	10	44641318	5.7e-11
rs566547661	12	6608593	5.71e-11
rs541441782	12	105309848	5.71e-11
rs112743107	12	58061516	5.73e-11
rs536149197	12	99762635	5.74e-11
rs1448591	9	105915984	5.75e-11
rs139109781	1	22669453	5.77e-11
rs5013614	7	78706916	5.77e-11
rs530232231	4	47172416	5.79e-11
rs77804044	20	40272921	5.81e-11
rs189967125	3	144499310	5.82e-11
rs181310975	7	17176910	5.84e-11
rs112471150	13	27361497	5.84e-11
rs11808232	1	79419787	5.88e-11
rs536394089	2	174270523	5.88e-11
rs181935927	3	114641617	5.88e-11
rs572638767	9	14224365	5.88e-11
rs8089099	18	10078071	5.91e-11
rs569438466	19	14144200	5.95e-11
rs145122997	7	62687757	5.98e-11
rs140664049	6	125545794	5.99e-11
rs115776898	4	122551598	6.01e-11
rs184809889	5	28414686	6.01e-11
rs140282049	3	144414164	6.02e-11
rs542081685	7	12756921	6.02e-11
rs571472229	11	69678052	6.03e-11
rs2856236	3	50161717	6.04e-11
rs187521970	1	233797291	6.05e-11
rs189222200	2	11462460	6.05e-11
rs533225253	2	222556135	6.05e-11
rs556911133	3	145117924	6.05e-11
rs117532282	5	27450475	6.05e-11
rs1009727	17	38609187	6.08e-11
rs571299038	1	180099840	6.1e-11
rs550058668	8	117811539	6.12e-11
rs376285439	8	133097469	6.14e-11
rs77110521	16	80973153	6.14e-11
rs115585186	22	27164319	6.14e-11
rs536700216	4	66843729	6.16e-11
rs139725873	13	40794129	6.16e-11
rs112246630	1	246234870	6.21e-11
rs76650456	1	246257268	6.21e-11
rs118187224	13	95685614	6.23e-11
rs539509085	1	91092386	6.24e-11
rs555041476	13	29116515	6.25e-11
rs571625284	7	52292269	6.29e-11
rs12202710	6	233500	6.32e-11
rs114669871	7	13782940	6.33e-11
rs77042341	20	50143470	6.36e-11
rs76596981	20	54909510	6.37e-11
rs7310556	12	109049366	6.38e-11
rs571371488	7	36532139	6.43e-11
rs369594093	15	77763953	6.48e-11
rs188706150	15	77768043	6.48e-11
rs568568997	5	170972314	6.5e-11
rs554576516	2	4585524	6.52e-11
rs16824551	3	154804933	6.52e-11
rs562020394	17	45020477	6.54e-11
rs185515205	13	77700321	6.56e-11
rs141449068	13	40948934	6.58e-11
rs821429	1	153275443	6.61e-11
rs142647433	7	68731143	6.62e-11
rs78921182	13	101568296	6.62e-11
rs74599819	13	39478499	6.63e-11
rs562599601	16	2926302	6.63e-11
rs552226477	1	179210225	6.68e-11
rs529591001	18	13415522	6.73e-11
rs115758311	13	83266984	6.74e-11
rs148403019	3	123295573	6.75e-11
rs569621472	1	173766171	6.8e-11
rs116548940	7	80742524	6.81e-11
rs11647496	16	88620037	6.85e-11
rs148677882	3	144786558	6.86e-11
rs548114474	10	109039347	6.86e-11
rs140002949	13	108918373	6.89e-11
rs1888072	9	92205987	6.92e-11
rs145739536	13	113088118	6.92e-11
rs530284220	16	89172764	6.93e-11
rs192802663	19	38438725	6.93e-11
rs9797329	18	56218354	6.97e-11
rs529672137	12	100378879	6.99e-11
rs114986764	12	121120358	7.01e-11
rs186733257	13	84757324	7.03e-11
rs554317421	1	179170237	7.05e-11
rs191685069	3	52651343	7.09e-11
rs527421075	2	21720153	7.11e-11
rs558876399	14	74059272	7.11e-11
rs117663320	7	6742580	7.14e-11
rs181331932	8	127675888	7.19e-11
rs114662603	9	92475968	7.19e-11
rs41315407	6	32946390	7.25e-11
rs577489324	19	8965818	7.29e-11
rs143597991	3	8900700	7.31e-11
rs145994231	12	2822625	7.31e-11
rs111572801	5	109685663	7.33e-11
rs184094797	2	234589189	7.34e-11
rs559620273	9	139326792	7.34e-11
rs114148143	3	193989047	7.36e-11
rs146527965	3	183631261	7.37e-11
rs182211323	3	96989728	7.38e-11
rs530600681	8	144509059	7.38e-11
rs548845470	4	146342986	7.4e-11
rs57768981	4	31210979	7.41e-11
rs549364678	5	99998334	7.43e-11
rs7372960	3	71254751	7.47e-11
rs536383078	19	51259432	7.48e-11
rs11692304	2	103095404	7.51e-11
rs140586325	8	739877	7.51e-11
rs531578185	17	47357237	7.51e-11
rs545458743	11	87041892	7.53e-11
rs139911305	15	91028010	7.53e-11
rs541312224	13	27124035	7.54e-11
rs75032480	9	5037393	7.55e-11
rs574237466	3	73903626	7.56e-11
rs537621333	22	22864830	7.6e-11
rs570355583	7	78427328	7.64e-11
rs552655623	6	132852244	7.69e-11
rs191080776	10	115825883	7.69e-11
rs532089794	3	32302040	7.71e-11
rs536092436	3	197290445	7.72e-11
rs147786953	7	154824989	7.73e-11
rs189368320	12	41896800	7.74e-11
rs12906125	15	91427612	7.77e-11
rs534121337	17	25626079	7.77e-11
rs138494684	8	41117051	7.81e-11
rs142918251	8	41117287	7.81e-11
rs193138021	5	41993110	7.83e-11
rs529469801	7	141090080	7.86e-11
rs532391969	10	76304128	7.9e-11
rs547896687	4	175867255	7.96e-11
rs185522477	6	44082739	7.98e-11
rs147763238	6	108186870	7.98e-11
rs560848049	6	128393452	7.98e-11
rs145429944	7	114374272	7.98e-11
rs545649630	9	104332992	7.98e-11
rs548028950	6	47902642	8.02e-11
rs565944935	11	112578107	8.06e-11
rs557379490	2	19286431	8.1e-11
rs151202599	5	13852417	8.1e-11
rs112722564	15	54229640	8.1e-11
rs541812899	11	92747743	8.14e-11
rs182801508	16	86051642	8.14e-11
rs113678448	8	123449845	8.15e-11
rs149474984	4	65343510	8.16e-11
rs114294986	3	38886612	8.18e-11
rs74775122	8	20541857	8.18e-11
rs552999091	12	105200533	8.23e-11
rs191623974	8	2999388	8.31e-11
rs141252836	9	137496304	8.31e-11
rs114610876	10	27513294	8.31e-11
rs148808394	19	16990163	8.31e-11
rs532306264	19	28838527	8.31e-11
rs564123018	7	132971913	8.4e-11
rs192482979	6	32643386	8.45e-11
rs116949310	2	150297623	8.46e-11
rs530261142	1	173754882	8.48e-11
rs11069349	13	99774647	8.48e-11
rs111848954	7	973910	8.51e-11
rs577494050	4	112449693	8.59e-11
rs561547665	14	73531722	8.59e-11
rs543302716	13	113580177	8.67e-11
rs561537870	3	60053952	8.69e-11
rs147435057	18	33748917	8.69e-11
rs139991613	6	159485195	8.7e-11
rs62407901	6	33366272	8.73e-11
rs76819709	3	88961563	8.74e-11
rs114325440	14	83888190	8.76e-11
rs192400535	9	93924150	8.77e-11
rs558894628	13	24457699	8.77e-11
rs151328686	15	67546588	8.78e-11
rs140317111	2	13068624	8.85e-11
rs114086274	5	12390472	8.89e-11
rs10135145	14	71104910	8.9e-11
rs532172205	6	6353525	8.96e-11
rs147576695	1	42636956	9e-11
rs539261764	3	10638646	9e-11
rs192592072	5	142803700	9e-11
rs150194077	13	30649852	9.03e-11
rs35165419	14	74205353	9.03e-11
rs543989586	6	32646998	9.05e-11
rs112266986	1	246204894	9.08e-11
rs180967780	1	246209953	9.08e-11
rs537912205	5	121795134	9.13e-11
rs151101341	3	60580829	9.14e-11
rs373853821	8	43434289	9.14e-11
rs563210492	1	248012614	9.15e-11
rs546141311	8	10262308	9.17e-11
rs2032006	1	112039922	9.2e-11
rs182177196	7	95011229	9.21e-11
rs551622898	5	163589514	9.23e-11
rs371046835	1	233620921	9.24e-11
rs553829766	1	221568757	9.26e-11
rs535045781	6	16177466	9.26e-11
rs57251462	10	33289212	9.31e-11
rs112474393	8	123449822	9.32e-11
rs184031726	17	43252846	9.32e-11
rs150988871	6	117195348	9.33e-11
rs138417339	21	25123255	9.33e-11
rs577530773	3	81630121	9.34e-11
rs528753815	13	48406496	9.44e-11
rs114921561	16	89312154	9.52e-11
rs115620380	6	103598836	9.55e-11
rs576343017	10	15107879	9.55e-11
rs371007687	11	126453759	9.55e-11
rs181128747	7	20714994	9.58e-11
rs534783507	8	25307203	9.61e-11
rs189018515	7	84959770	9.65e-11
rs574389631	13	64944879	9.65e-11
rs148014596	14	60210297	9.65e-11
rs111164030	21	43856122	9.66e-11
rs116624610	11	119819253	9.7e-11
rs556769711	6	166978137	9.72e-11
rs7609911	3	57713360	9.74e-11
rs542972006	12	59640359	9.75e-11
rs7943688	11	45446724	9.77e-11
rs191010783	14	28132926	9.81e-11
rs550243586	2	25202948	9.83e-11
rs565787923	12	55599804	9.83e-11
rs191336046	5	19696232	9.84e-11
rs187076654	6	64603777	9.84e-11
rs28607030	6	33716716	9.88e-11
rs1737605	6	163887640	9.9e-11
rs67140765	6	31380787	9.91e-11
rs557338952	9	125380687	9.96e-11
rs13433989	3	188342508	1e-10
rs72862508	4	79738091	1e-10
rs4833938	4	124645120	1e-10
rs137935979	17	51358912	1e-10
rs141781073	13	24915403	1.01e-10
rs574415878	1	6247120	1.02e-10
rs561425912	2	102969050	1.02e-10
rs576130907	3	193841881	1.02e-10
rs190438685	4	39390445	1.02e-10
rs190812749	3	194317725	1.03e-10
rs114310640	9	32724077	1.03e-10
rs574233640	11	7345843	1.03e-10
rs565532823	8	54924591	1.04e-10
rs116219628	13	39479352	1.04e-10
rs11870777	17	43285691	1.04e-10
rs533339141	4	31931943	1.05e-10
rs150415328	7	51235328	1.05e-10
rs138287356	7	51235329	1.05e-10
rs148673593	10	9052152	1.05e-10
rs539378828	10	30193671	1.05e-10
rs112350514	4	116896474	1.07e-10
rs549632108	6	57961271	1.07e-10
rs74386320	7	131627826	1.07e-10
rs116367409	9	130084562	1.07e-10
rs116773106	9	130084955	1.07e-10
rs569284134	10	79199275	1.07e-10
rs184682894	16	78647519	1.07e-10
rs543140237	6	106418682	1.08e-10
rs538485002	8	142943620	1.08e-10
rs578100733	17	4319697	1.08e-10
rs535730894	18	67372584	1.08e-10
rs545571397	2	5254368	1.09e-10
rs7683458	4	4114763	1.09e-10
rs557607860	7	136726437	1.09e-10
rs566033844	11	12715924	1.09e-10
rs113519025	16	50016934	1.09e-10
rs9379084	6	7231843	1.1e-10
rs565522064	7	157777620	1.1e-10
rs202073623	16	5430175	1.1e-10
rs62212899	21	43820020	1.1e-10
rs113484502	3	12348529	1.11e-10
rs1963840	7	133607556	1.11e-10
rs1190978	14	58803289	1.11e-10
rs9950097	18	9277525	1.11e-10
rs554005245	3	136503453	1.12e-10
rs565708711	6	24974955	1.12e-10
rs190263045	10	9048905	1.12e-10
rs140640855	10	27552483	1.12e-10
rs570624146	2	25570581	1.13e-10
rs138477298	2	172205587	1.13e-10
rs368473455	5	90478206	1.13e-10
rs533068980	10	78126619	1.13e-10
rs142934028	1	212607300	1.14e-10
rs572311470	3	13543521	1.14e-10
rs190785504	6	79462083	1.14e-10
rs573037278	7	14978981	1.14e-10
rs532724847	15	63614255	1.14e-10
rs112019323	6	32469653	1.15e-10
rs6673550	1	173199129	1.16e-10
rs142793714	2	238774290	1.16e-10
rs1644507	5	110662856	1.16e-10
rs186340615	5	169051384	1.16e-10
rs529381678	7	85540994	1.16e-10
rs2111574	8	140576414	1.16e-10
rs116338787	10	79198371	1.16e-10
rs75122536	2	171285313	1.17e-10
rs75803518	3	74137300	1.17e-10
rs546293530	3	81449586	1.17e-10
rs550624943	4	42914528	1.17e-10
rs6906362	6	57610897	1.17e-10
rs528786672	11	125896933	1.17e-10
rs74871310	18	1179070	1.17e-10
rs182105731	1	18923714	1.18e-10
rs574539746	3	16379523	1.18e-10
rs117675359	11	76291263	1.18e-10
rs560419109	13	20419369	1.18e-10
rs576132946	1	168083512	1.19e-10
rs533737392	6	47889838	1.19e-10
rs138959512	8	41120132	1.19e-10
rs57719838	11	118724723	1.19e-10
rs139488978	14	82461488	1.19e-10
rs139947908	4	96107048	1.21e-10
rs10040192	5	71695880	1.21e-10
rs549384127	7	12949744	1.21e-10
rs566599251	13	109044977	1.21e-10
rs111966309	1	154266654	1.22e-10
rs554676343	5	87074537	1.22e-10
rs202162912	11	73647283	1.22e-10
rs2057562	13	48429939	1.22e-10
rs539522600	19	45619974	1.22e-10
rs61582720	2	116324183	1.23e-10
rs561344959	2	167890162	1.23e-10
rs573044193	6	32560527	1.23e-10
rs112206203	12	68598471	1.23e-10
rs563486044	2	109358088	1.24e-10
rs543412630	7	62177053	1.24e-10
rs559034165	7	84959912	1.24e-10
rs486363	19	7627953	1.24e-10
rs9883633	3	16971248	1.25e-10
rs148834049	4	16546337	1.26e-10
rs575298852	5	172931660	1.26e-10
rs556442663	5	102022217	1.28e-10
rs549884727	5	104247242	1.28e-10
rs16999465	20	17584333	1.28e-10
rs373624457	4	58380135	1.29e-10
rs191699831	7	31631892	1.29e-10
rs149706240	13	105882819	1.29e-10
rs34607223	18	67567579	1.29e-10
rs369265196	19	46467130	1.29e-10
rs138327512	22	27278778	1.29e-10
rs34660307	2	8461986	1.3e-10
rs193290038	2	145578207	1.3e-10
rs145085999	2	224126190	1.3e-10
rs565165450	6	46367944	1.3e-10
rs538402878	6	140221175	1.3e-10
rs564789932	15	29405228	1.3e-10
rs8098767	18	33401562	1.3e-10
rs529575731	1	91182216	1.31e-10
rs188612735	2	99465513	1.31e-10
rs147460501	5	89667124	1.31e-10
rs189805799	11	60639583	1.31e-10
rs147613969	21	35810012	1.31e-10
rs538163362	2	55686093	1.33e-10
rs555321309	3	19316765	1.33e-10
rs189488647	6	52025882	1.33e-10
rs12254434	10	31896397	1.33e-10
rs560664602	21	38139386	1.33e-10
rs4749997	10	6161781	1.34e-10
rs368949734	1	48072184	1.35e-10
rs551234343	1	230195301	1.35e-10
rs528168927	2	80937247	1.35e-10
rs181576820	2	216391256	1.35e-10
rs541612525	9	6047426	1.35e-10
rs528245576	17	35036991	1.35e-10
rs561885421	20	50472783	1.35e-10
rs55814334	6	115969334	1.36e-10
rs578217743	13	34930374	1.36e-10
rs544512837	13	92971750	1.36e-10
rs561835974	2	149376697	1.38e-10
rs569951371	6	11913289	1.38e-10
rs140739263	10	43275742	1.39e-10
rs369372428	11	48969972	1.39e-10
rs542653352	12	94614716	1.39e-10
rs550957041	4	58401980	1.4e-10
rs182050872	6	119546416	1.41e-10
rs12296430	12	6503500	1.42e-10
rs148389283	21	41411059	1.44e-10
rs74138935	1	189019426	1.45e-10
rs141951988	2	145580502	1.45e-10
rs542288480	3	74370303	1.45e-10
rs78210149	20	53172522	1.45e-10
rs575046472	19	28966005	1.47e-10
rs138980351	6	117821454	1.48e-10
rs188120790	7	33930491	1.48e-10
rs34240248	21	40685239	1.48e-10
rs547482300	5	12142692	1.49e-10
rs553821331	7	39937004	1.49e-10
rs557447413	11	78608048	1.49e-10
rs537272985	2	62296440	1.5e-10
rs550034800	1	37506594	1.51e-10
rs566029405	4	104855590	1.51e-10
rs575898126	6	14313088	1.51e-10
rs540153126	6	53489246	1.51e-10
rs193121062	7	76226855	1.51e-10
rs549956721	19	10636964	1.51e-10
rs185025304	20	16520129	1.51e-10
rs114463181	1	45457962	1.53e-10
rs537089533	15	101668189	1.53e-10
rs188020813	4	66826452	1.54e-10
rs531328435	8	84570920	1.55e-10
rs529629482	3	125690120	1.56e-10
rs73731764	6	39260031	1.56e-10
rs572005462	12	71579724	1.56e-10
rs530107494	13	71746266	1.56e-10
rs67598120	19	52180000	1.56e-10
rs557273926	12	45482312	1.57e-10
rs543435012	12	116206761	1.57e-10
rs554432808	19	32029078	1.57e-10
rs536580531	6	105497220	1.58e-10
rs7800265	7	20502963	1.58e-10
rs577313153	7	62681053	1.58e-10
rs558646905	19	38937946	1.59e-10
rs149331153	1	212424073	1.6e-10
rs78162869	8	31246947	1.6e-10
rs369811392	11	48976882	1.6e-10
rs116697060	11	82393824	1.6e-10
rs55792918	13	29856755	1.6e-10
rs577838181	22	49280898	1.6e-10
rs536738310	13	28245953	1.62e-10
rs568698107	8	15225925	1.63e-10
rs181724216	6	56360709	1.64e-10
rs148959325	1	94667305	1.65e-10
rs7734143	5	35570684	1.65e-10
rs372984428	7	76241286	1.65e-10
rs367599251	14	70600853	1.65e-10
rs35960329	2	102851496	1.67e-10
rs545239531	3	10152894	1.67e-10
rs533591327	4	149768072	1.67e-10
rs185293834	8	108181981	1.67e-10
rs554104916	9	10641923	1.67e-10
rs79774420	8	121100455	1.68e-10
rs181197671	5	19752053	1.69e-10
rs364359	1	153051795	1.7e-10
rs541468793	6	113920449	1.7e-10
rs187353536	17	55044436	1.7e-10
rs554455682	16	88308223	1.71e-10
rs146205338	6	91369586	1.72e-10
rs60344150	16	63085629	1.72e-10
rs149816407	2	165885527	1.73e-10
rs146376184	5	4333292	1.73e-10
rs186910602	7	40699571	1.73e-10
rs144568277	7	88294173	1.73e-10
rs562280642	12	99811902	1.73e-10
rs142075331	13	67029563	1.73e-10
rs192444076	14	92980794	1.73e-10
rs146886158	16	6656820	1.73e-10
rs35646041	4	85195486	1.74e-10
rs13104716	4	122952570	1.74e-10
rs1265764	6	32313659	1.74e-10
rs74741462	6	56123443	1.74e-10
rs139629759	7	91672714	1.75e-10
rs116949439	10	101200633	1.75e-10
rs9907005	17	45829083	1.75e-10
rs561706803	20	43484334	1.75e-10
rs79870788	2	33361626	1.76e-10
rs539422612	6	57946051	1.76e-10
rs187868032	13	55581034	1.76e-10
rs560358888	16	74098414	1.76e-10
rs11709566	3	33206420	1.77e-10
rs551423592	13	75759775	1.77e-10
rs11164756	1	103728926	1.78e-10
rs78867455	2	225782301	1.78e-10
rs116266286	5	112561448	1.78e-10
rs148288640	1	33989365	1.79e-10
rs183077506	1	215455048	1.79e-10
rs535397817	7	113672730	1.79e-10
rs192487861	9	73259396	1.79e-10
rs74498131	13	101409574	1.79e-10
rs565990481	19	23330527	1.79e-10
rs572804491	9	74594372	1.81e-10
rs576783299	15	27271612	1.81e-10
rs192345834	22	49710480	1.81e-10
rs563609193	6	121921363	1.82e-10
rs113155917	19	10727685	1.82e-10
rs558054988	4	69071305	1.83e-10
rs554229635	7	62681041	1.83e-10
rs146028995	3	32844263	1.84e-10
rs139060304	4	10311808	1.84e-10
rs13049055	21	16841301	1.84e-10
rs143938447	8	73229256	1.85e-10
rs148835079	8	118944141	1.85e-10
rs147997944	9	99564989	1.85e-10
rs142027666	13	29010921	1.85e-10
rs146466110	5	7794480	1.86e-10
rs566595060	12	71544656	1.86e-10
rs577299455	1	170759065	1.87e-10
rs548606796	7	42356904	1.87e-10
rs76616306	7	69489440	1.88e-10
rs542122852	7	126551342	1.88e-10
rs139387329	3	23802584	1.89e-10
rs545223741	4	8640513	1.9e-10
rs575280670	4	147982909	1.9e-10
rs183748540	6	64310895	1.9e-10
rs542841240	7	120901526	1.9e-10
rs4787938	16	27206340	1.9e-10
rs186069103	10	50072027	1.91e-10
rs559010329	13	92973262	1.91e-10
rs529941338	16	60820345	1.91e-10
rs149056382	3	84636685	1.92e-10
rs115868458	3	84636735	1.92e-10
rs558566842	5	81970797	1.92e-10
rs563322326	18	33569288	1.92e-10
rs529113681	18	33569289	1.92e-10
rs189588532	8	104325196	1.93e-10
rs557408917	10	45428160	1.93e-10
rs534188121	13	47074110	1.93e-10
rs538317826	16	2787577	1.93e-10
rs193278003	4	64857030	1.94e-10
rs112061353	6	32615243	1.94e-10
rs529174873	11	79627141	1.94e-10
rs116627189	13	39477871	1.94e-10
rs577661784	1	179220271	1.96e-10
rs562414743	6	160326019	1.98e-10
rs541550476	7	78036147	1.99e-10
rs113030358	19	31984043	1.99e-10
rs561397549	6	62272160	2e-10
rs565151249	6	62273965	2e-10
rs567012332	22	31512665	2e-10
rs574287568	15	36608191	2.01e-10
rs191334319	8	133705933	2.02e-10
rs7852683	9	8407327	2.02e-10
rs542951611	2	63741668	2.03e-10
rs576017653	3	187785523	2.03e-10
rs143559160	6	169231538	2.03e-10
rs560917350	10	352606	2.03e-10
rs547987708	11	8851170	2.03e-10
rs549790183	11	110313893	2.03e-10
rs114679131	13	27473687	2.03e-10
rs568255349	17	55204638	2.03e-10
rs377072337	20	58050239	2.03e-10
rs74584830	5	110529502	2.05e-10
rs530055165	10	22054099	2.06e-10
rs572519035	16	85907841	2.06e-10
rs141334698	7	51234551	2.07e-10
rs113856569	8	123449961	2.07e-10
rs556020688	10	79195016	2.07e-10
rs567944436	1	94009128	2.08e-10
rs549398408	10	92519269	2.08e-10
rs184127270	5	71983859	2.1e-10
rs79819726	5	109332913	2.1e-10
rs556426103	13	21035091	2.1e-10
rs587724128	14	106079000	2.1e-10
rs532742895	2	182682575	2.12e-10
rs189532633	4	21129639	2.12e-10
rs138958864	3	24625677	2.14e-10
rs183897354	5	41175846	2.14e-10
rs75165489	8	31246737	2.14e-10
rs193289302	6	62287030	2.15e-10
rs538158924	6	62290753	2.15e-10
rs559381759	10	54420909	2.15e-10
rs554280377	2	169617852	2.16e-10
rs182393642	13	87467893	2.16e-10
rs374058682	14	50751834	2.16e-10
rs577623683	19	51912924	2.16e-10
rs114781935	1	151240714	2.17e-10
rs116553786	9	36140704	2.17e-10
rs181416179	7	93396051	2.19e-10
rs561591748	9	8035801	2.19e-10
rs551486098	14	46296523	2.19e-10
rs543412717	18	39577152	2.19e-10
rs567164099	7	129692480	2.2e-10
rs373386331	21	32585989	2.2e-10
rs143472831	2	145587655	2.21e-10
rs539834573	5	113497432	2.23e-10
rs146631222	10	36463897	2.23e-10
rs147039923	4	145530045	2.24e-10
rs141682977	12	114945632	2.24e-10
rs561226516	9	4785585	2.25e-10
rs545551655	13	73364818	2.25e-10
rs1946131	2	102961929	2.26e-10
rs527465702	3	55149826	2.26e-10
rs532703055	6	154286768	2.26e-10
rs576132210	9	14223164	2.26e-10
rs76133480	1	107615440	2.27e-10
rs115026096	5	131535856	2.27e-10
rs532602476	5	163776896	2.27e-10
rs200934276	8	82554313	2.27e-10
rs556018613	11	127969889	2.27e-10
rs528136631	21	41516253	2.27e-10
rs548258989	1	197919461	2.28e-10
rs9943374	10	31897654	2.28e-10
rs62569046	9	6611373	2.29e-10
ss1388061703	12	8237897	2.29e-10
rs534410461	17	4650777	2.29e-10
rs556079571	2	84574143	2.3e-10
rs537407187	4	161380435	2.3e-10
rs140784476	3	89020671	2.31e-10
rs564596019	4	41245293	2.31e-10
rs555606532	18	56781307	2.31e-10
rs144015045	10	21159346	2.32e-10
rs528498619	10	50116701	2.32e-10
rs567021728	17	71598008	2.32e-10
rs112923147	6	32461871	2.33e-10
rs565867670	9	4114925	2.33e-10
rs113604048	17	47353994	2.33e-10
rs151159790	6	31033431	2.34e-10
rs113203810	21	22058458	2.34e-10
rs558505388	2	138846415	2.35e-10
rs181720543	8	18316142	2.35e-10
rs73973691	17	4946895	2.36e-10
rs558724179	7	113677829	2.37e-10
rs76245582	3	188323661	2.38e-10
rs568759799	1	2082979	2.39e-10
rs117916111	3	173548759	2.39e-10
rs117425016	13	87430710	2.39e-10
rs547155678	21	32611696	2.39e-10
rs142349078	5	26133880	2.41e-10
rs78026634	5	29258352	2.41e-10
rs72939516	2	109889322	2.42e-10
rs547158143	6	75770515	2.43e-10
rs540654092	8	114067495	2.43e-10
rs187258564	15	76401037	2.43e-10
rs149546885	3	38898813	2.45e-10
rs575637849	4	11397504	2.45e-10
rs573986914	13	92977552	2.45e-10
rs540886260	17	80928773	2.45e-10
rs150016044	10	15691016	2.46e-10
rs538595219	20	38539063	2.46e-10
rs187909364	3	4365544	2.48e-10
rs147288337	4	61679547	2.48e-10
rs536191443	4	94607717	2.48e-10
rs569849846	6	159344419	2.48e-10
rs9658633	14	93388854	2.48e-10
rs192181406	15	57938372	2.48e-10
rs181994714	10	97118232	2.49e-10
rs7424226	2	187646522	2.5e-10
rs536407189	2	218668097	2.5e-10
rs138121471	4	99345641	2.5e-10
rs551104732	17	72618035	2.5e-10
rs564048245	20	42773045	2.5e-10
rs547198553	11	94858468	2.51e-10
rs145896591	17	40951205	2.51e-10
rs577017271	1	2058118	2.52e-10
rs553197989	15	51365627	2.52e-10
rs11905781	20	48910982	2.52e-10
rs545648988	4	6560134	2.53e-10
rs574711547	4	97117223	2.53e-10
rs533498783	6	35019084	2.55e-10
rs150877314	9	7711231	2.55e-10
rs77812656	10	9012260	2.55e-10
rs73375359	21	36858550	2.55e-10
rs144725342	2	224121714	2.56e-10
rs62250892	3	33043914	2.57e-10
rs111641596	17	42896713	2.57e-10
rs542410678	12	77421829	2.58e-10
rs537311843	13	44282947	2.58e-10
rs559185108	20	54392109	2.58e-10
rs531211197	3	192962248	2.59e-10
rs185047231	3	3323406	2.6e-10
rs146639098	3	61423278	2.61e-10
rs2002155	4	57746040	2.61e-10
rs370011848	6	38878967	2.61e-10
rs2963007	5	108743013	2.62e-10
rs73508141	11	85754357	2.62e-10
rs553530547	12	55737535	2.62e-10
rs530098876	6	32571645	2.63e-10
rs556193032	6	123944519	2.63e-10
rs550343113	13	44262857	2.63e-10
rs367570197	4	161043710	2.64e-10
rs113396459	9	6135481	2.64e-10
rs141460571	3	24611695	2.65e-10
rs143863289	3	24612451	2.65e-10
rs138404842	3	24614878	2.65e-10
rs145418048	5	173014778	2.65e-10
rs570616805	1	43909154	2.67e-10
rs530654631	10	50679623	2.67e-10
rs139374966	12	100086736	2.68e-10
rs191870210	3	177376059	2.69e-10
rs148162322	8	18812672	2.69e-10
rs78541448	9	130087297	2.69e-10
rs150198997	10	34360567	2.69e-10
rs559369964	15	46170005	2.69e-10
rs191612834	1	235355310	2.7e-10
rs551225127	8	91712720	2.7e-10
rs17122517	12	59819828	2.71e-10
rs553633309	5	13700071	2.72e-10
rs558926584	5	101616009	2.73e-10
rs75197639	18	63468074	2.73e-10
rs551069229	8	55356746	2.74e-10
rs112884031	20	38875858	2.74e-10
rs575056898	3	101550320	2.75e-10
rs574150418	10	28650707	2.75e-10
rs7333749	13	25130305	2.75e-10
rs561698300	2	63747123	2.77e-10
rs186150115	10	117486509	2.77e-10
rs577707987	11	36067451	2.77e-10
rs188505269	13	33781747	2.77e-10
rs571597104	13	58816213	2.77e-10
rs150786584	13	100062935	2.77e-10
rs570166861	7	109440949	2.8e-10
rs550999098	17	12938024	2.8e-10
rs374034436	2	71481629	2.83e-10
rs572681800	7	57381237	2.83e-10
rs114135707	1	189825874	2.85e-10
rs532656838	10	20581750	2.85e-10
rs538366538	2	175116717	2.86e-10
rs78572975	6	115716527	2.86e-10
rs12303798	12	51971378	2.86e-10
rs543682708	2	37004138	2.87e-10
rs528744879	7	127923787	2.88e-10
rs147498429	10	93781102	2.88e-10
rs140701665	4	83146359	2.89e-10
rs11570470	17	45247872	2.89e-10
rs553104058	3	83190548	2.9e-10
rs570565227	7	88017218	2.9e-10
rs11699259	20	21502454	2.9e-10
rs11975684	7	90584519	2.94e-10
rs10732225	12	20612026	2.94e-10
rs531118518	11	112548667	2.95e-10
rs116581033	2	103098681	2.96e-10
rs536680183	4	152240255	2.96e-10
rs75042128	18	74511564	2.96e-10
rs532716636	19	6475686	2.96e-10
rs535725171	4	189828240	2.97e-10
rs548880236	6	163719946	2.97e-10
rs138382079	7	62679616	2.99e-10
rs552358545	10	66237044	2.99e-10
rs148587911	6	117823346	3e-10
rs312897	17	75425374	3e-10
rs6734942	2	111910694	3.02e-10
rs75650974	5	146031708	3.02e-10
rs150891183	2	158518110	3.03e-10
rs548692213	5	147801814	3.03e-10
rs540186546	16	23288213	3.03e-10
rs553356452	7	78624533	3.04e-10
rs551813687	6	43298285	3.05e-10
rs116457980	9	130088606	3.05e-10
rs190649072	2	38046610	3.06e-10
rs138753450	13	63477042	3.06e-10
rs192191566	6	164642359	3.08e-10
rs542130563	6	169166778	3.08e-10
rs17143436	7	20904185	3.09e-10
rs532473382	13	54380686	3.1e-10
rs574084990	20	50145571	3.1e-10
rs35668054	2	72054837	3.11e-10
rs144298873	7	57226354	3.11e-10
rs560019197	9	7891690	3.12e-10
rs114158337	9	130088195	3.12e-10
rs556037235	12	15785330	3.12e-10
rs118138622	20	18295551	3.12e-10
rs567394653	2	88600007	3.15e-10
rs567463732	10	44638879	3.15e-10
rs538874946	16	79085012	3.15e-10
rs571085709	18	41859234	3.15e-10
rs138250938	22	25221581	3.15e-10
rs554083803	1	239699177	3.17e-10
rs9663656	10	42622153	3.17e-10
rs535353593	13	63304332	3.17e-10
rs550010577	19	4884435	3.17e-10
rs17014833	3	24614589	3.18e-10
rs79296001	17	1070402	3.18e-10
rs146054809	4	19861101	3.19e-10
rs116605306	6	20610886	3.19e-10
rs12661996	6	154650791	3.19e-10
rs544172542	4	117535789	3.2e-10
rs548657385	10	60888092	3.2e-10
rs551142124	14	89911963	3.2e-10
rs558783896	7	38099944	3.22e-10
rs199858634	7	45987827	3.22e-10
rs567293248	6	95206873	3.23e-10
rs150144406	7	12132041	3.23e-10
rs576982725	8	60663493	3.23e-10
rs148902354	17	7086368	3.23e-10
rs529208501	7	113380574	3.24e-10
rs563603847	18	27236708	3.24e-10
rs10107677	8	59906982	3.25e-10
rs550288482	18	62076018	3.25e-10
rs4548024	6	138165744	3.26e-10
rs4785704	16	89772370	3.26e-10
rs574152063	5	101624560	3.28e-10
rs566838602	2	215807834	3.29e-10
rs186523639	12	19642049	3.29e-10
rs181550758	8	4074133	3.32e-10
rs185394096	6	103042227	3.33e-10
rs532275540	11	65496380	3.33e-10
rs555235288	2	86194836	3.34e-10
rs542290423	3	88926383	3.34e-10
rs9386512	6	106599710	3.34e-10
rs141872610	7	141828634	3.34e-10
rs116781492	7	45216784	3.35e-10
rs74025158	15	87050636	3.35e-10
rs561196623	12	111484662	3.37e-10
rs558418140	14	34682528	3.37e-10
rs537840968	16	5677582	3.37e-10
rs552986905	17	10262745	3.37e-10
rs59111282	17	45902414	3.37e-10
rs186434141	21	38134782	3.37e-10
rs115972618	1	12197936	3.41e-10
rs74857385	6	15500232	3.41e-10
rs75570139	13	83282427	3.41e-10
rs555577985	18	2820314	3.41e-10
rs73489635	9	93239303	3.42e-10
rs68018114	15	67332467	3.42e-10
rs141730370	22	33045324	3.42e-10
rs181689097	8	116898623	3.43e-10
rs576525620	12	61728636	3.46e-10
rs567238850	16	2471261	3.46e-10
rs149527104	5	26133166	3.47e-10
rs568119044	16	25969841	3.47e-10
rs561040813	2	63783051	3.48e-10
rs138697092	20	35934670	3.48e-10
rs565141439	7	38976473	3.49e-10
rs4973659	2	242790571	3.51e-10
rs558358484	12	43053168	3.51e-10
rs115144897	20	53172691	3.51e-10
rs564780688	20	60000986	3.51e-10
rs539512823	17	61157734	3.53e-10
rs114467466	1	18138876	3.54e-10
rs373266084	7	62679281	3.55e-10
rs8122098	20	19948178	3.55e-10
rs536275521	1	61649851	3.56e-10
rs74502455	10	65316437	3.56e-10
rs554722118	6	9654601	3.57e-10
rs570400711	6	47891319	3.57e-10
rs565730434	10	96218435	3.57e-10
rs550016137	8	29039097	3.58e-10
rs1030347	15	61007130	3.58e-10
rs193181377	10	120851073	3.6e-10
rs556281829	13	39844182	3.6e-10
rs111440447	22	45126988	3.6e-10
rs553761536	8	126634467	3.62e-10
rs636176	1	153527773	3.63e-10
rs559406063	12	81710206	3.64e-10
rs577105574	17	28331383	3.64e-10
rs565233379	17	28339448	3.64e-10
rs190018300	18	33464991	3.66e-10
rs182612162	1	62210500	3.68e-10
rs552216316	7	126927641	3.68e-10
rs543992860	3	124888642	3.7e-10
rs7760511	6	91419919	3.7e-10
rs143902033	17	37980074	3.7e-10
rs533528856	3	129707500	3.73e-10
rs142757787	10	17181586	3.73e-10
rs547037912	9	94178704	3.74e-10
rs547545831	17	1371337	3.74e-10
rs12098541	10	103097456	3.75e-10
rs550094639	2	140291503	3.76e-10
rs183886834	6	39809629	3.76e-10
rs562881217	5	67388502	3.77e-10
rs550613412	17	30079142	3.78e-10
rs55828438	2	21830720	3.79e-10
rs189454866	6	110793377	3.79e-10
rs553571067	21	19910487	3.81e-10
rs570815176	3	5660363	3.83e-10
rs572556275	8	96928053	3.83e-10
rs547223994	7	138796597	3.84e-10
rs8143138	22	27436253	3.84e-10
rs190038029	12	3548370	3.85e-10
rs561949956	14	107046239	3.86e-10
rs574535150	2	176717696	3.88e-10
rs114216802	4	14080946	3.88e-10
rs11801423	1	244421151	3.89e-10
rs571662952	4	126687992	3.9e-10
rs546154681	15	34255585	3.92e-10
rs552353151	18	11554493	3.92e-10
rs190490973	21	19584897	3.92e-10
rs534668005	1	181259528	3.93e-10
rs60658094	2	216264393	3.93e-10
rs112676565	17	3409788	3.93e-10
rs149574460	18	24949301	3.93e-10
rs139357154	14	101226240	3.94e-10
rs3774190	3	10393091	3.95e-10
rs553295299	10	64466863	3.95e-10
rs56137626	11	78965574	3.95e-10
rs537448939	10	97866967	3.97e-10
rs9938050	16	30947904	3.97e-10
rs12077197	1	172937733	3.98e-10
rs189996511	7	125124714	3.99e-10
rs76217306	10	33773647	4e-10
rs555883885	10	26322973	4.02e-10
rs565379335	3	13283209	4.03e-10
rs73787390	6	148045268	4.03e-10
rs576194324	8	82450169	4.03e-10
rs568251299	9	13725603	4.03e-10
rs564784114	5	112587044	4.05e-10
rs8113513	19	1185546	4.05e-10
rs561575493	6	32615452	4.06e-10
rs116803665	8	57258607	4.07e-10
rs116718010	8	57260772	4.07e-10
rs141471765	8	57265921	4.07e-10
rs148681826	8	57266761	4.07e-10
rs147750673	8	57271242	4.07e-10
rs114691767	8	57276822	4.07e-10
rs75820466	8	57277408	4.07e-10
rs530833295	8	123231126	4.07e-10
rs7922522	10	83828102	4.09e-10
rs576353070	1	236336308	4.1e-10
rs574449178	2	120006552	4.1e-10
rs551160693	3	29486564	4.1e-10
rs12660253	6	30783704	4.1e-10
rs570412811	12	20524740	4.1e-10
rs562657671	9	80294009	4.11e-10
rs143270880	6	137990703	4.12e-10
rs78352814	10	122701011	4.12e-10
rs115333748	2	102232935	4.13e-10
rs554273358	5	111855232	4.14e-10
rs2439042	6	51446615	4.15e-10
rs112999155	10	6255727	4.15e-10
rs551189625	16	82828575	4.15e-10
rs12611017	19	11065021	4.16e-10
rs6836078	4	4774134	4.22e-10
rs7823221	8	71334489	4.22e-10
rs558175317	2	160768632	4.23e-10
rs535142829	2	226713965	4.23e-10
rs527580089	2	241230759	4.23e-10
rs541477018	3	127459244	4.23e-10
rs141079610	3	176866189	4.23e-10
rs531482823	5	33428757	4.23e-10
rs538678196	6	47891521	4.23e-10
rs143341589	8	146068752	4.23e-10
rs115747233	9	32956790	4.23e-10
rs113361954	9	105916045	4.23e-10
rs143641411	10	120882178	4.23e-10
rs182387019	12	113988341	4.23e-10
rs577972389	13	28475012	4.23e-10
rs571021188	13	96717028	4.23e-10
rs558667468	14	89902940	4.23e-10
rs570674436	16	82625709	4.23e-10
rs77850808	17	42186950	4.23e-10
rs74744316	17	53294508	4.23e-10
rs547277370	18	39621520	4.23e-10
rs140644906	20	35945620	4.23e-10
rs10175070	2	228670575	4.24e-10
rs117320438	4	186296044	4.29e-10
rs78646940	13	105257083	4.31e-10
rs7803406	7	20469685	4.32e-10
rs551888958	16	87811834	4.32e-10
rs577212322	9	93926025	4.33e-10
rs116251007	2	111723220	4.34e-10
rs561698647	13	20247806	4.34e-10
rs115869367	6	100884953	4.36e-10
rs559805192	10	3889418	4.36e-10
rs113120648	12	102150677	4.36e-10
rs573833940	6	131122567	4.4e-10
rs184432334	19	42133239	4.4e-10
rs543278692	5	168031947	4.42e-10
rs567952794	8	112547017	4.42e-10
rs1029751	5	129866031	4.45e-10
rs565818131	3	151990775	4.48e-10
rs559479607	6	132538172	4.48e-10
rs80021310	6	137986719	4.48e-10
rs187432111	8	18804308	4.54e-10
rs187614995	1	77563917	4.56e-10
rs142800734	2	224113487	4.56e-10
rs529926541	8	60691929	4.56e-10
rs117136939	10	1851858	4.56e-10
rs570761349	3	4597163	4.58e-10
rs189864272	1	246842300	4.59e-10
rs554895356	4	133291982	4.59e-10
rs555844627	22	17667444	4.59e-10
rs370943675	9	105918764	4.6e-10
rs7397189	12	57728776	4.6e-10
rs531288548	6	47900610	4.61e-10
rs113546396	1	40476974	4.63e-10
rs537520017	5	40777520	4.63e-10
rs534819991	10	32106265	4.64e-10
rs563581636	10	32107363	4.64e-10
rs554748527	14	29037202	4.64e-10
rs10002654	4	26956764	4.66e-10
rs558054138	8	57283839	4.66e-10
rs117378200	16	11266124	4.66e-10
rs185871965	2	58655189	4.67e-10
rs146831892	19	1086897	4.68e-10
rs571827850	10	117301131	4.69e-10
rs137977771	2	37048019	4.7e-10
rs531661347	3	144107740	4.7e-10
rs535823715	18	36592884	4.7e-10
rs530369848	17	18761924	4.72e-10
rs532909439	17	18776680	4.72e-10
rs75953736	18	13055401	4.72e-10
rs535082041	1	247484625	4.73e-10
rs78111064	5	133577863	4.75e-10
rs577777116	2	85495744	4.76e-10
rs564924844	8	71112145	4.76e-10
rs141405998	1	177690120	4.77e-10
rs186892913	6	16987359	4.77e-10
rs535284474	10	1737496	4.77e-10
rs541156495	14	38752833	4.77e-10
rs565867542	2	49867749	4.82e-10
rs143692439	2	224110075	4.82e-10
rs146643457	2	224111352	4.82e-10
rs556713761	9	85598905	4.82e-10
rs191722703	6	66091238	4.84e-10
rs80342054	7	3624953	4.84e-10
rs542193909	17	1911191	4.84e-10
rs562019009	21	41095266	4.84e-10
rs528239798	11	67755665	4.87e-10
rs530126318	3	175787461	4.88e-10
rs548147450	3	46520388	4.89e-10
rs558670311	5	13748857	4.89e-10
rs530929576	8	101920883	4.89e-10
rs571977927	20	57229245	4.89e-10
rs13298668	9	16707203	4.92e-10
rs11672343	19	4484915	4.94e-10
rs371891784	3	169135046	4.95e-10
rs7767732	6	32853277	4.95e-10
rs528586928	20	12865928	4.95e-10
rs527809599	14	91156946	4.96e-10
rs76613419	17	38527560	4.98e-10
rs533020384	10	75672171	5e-10
rs554401871	21	18762862	5.02e-10
rs568825328	18	64172712	5.03e-10
rs139115259	5	161836269	5.04e-10
rs573397334	3	95511976	5.05e-10
rs569344246	5	33429979	5.05e-10
rs527578790	7	119252154	5.05e-10
rs561256741	11	3836135	5.05e-10
rs149916406	4	138463291	5.09e-10
rs531717994	10	127111342	5.09e-10
rs186807296	15	70997660	5.09e-10
rs199590759	2	78934264	5.1e-10
rs556854395	17	7553811	5.1e-10
rs181903045	22	38957345	5.1e-10
rs528460847	12	66799082	5.14e-10
rs143923420	6	137988489	5.16e-10
rs141441459	6	137989203	5.16e-10
rs146983365	6	137991929	5.16e-10
rs77409392	6	137992302	5.16e-10
rs80118353	6	137994704	5.16e-10
rs200706434	6	137994968	5.16e-10
rs76537075	6	137995518	5.16e-10
rs201782376	6	137995757	5.16e-10
rs75551175	6	137996213	5.16e-10
rs76300334	6	137996370	5.16e-10
rs114366452	8	57290543	5.16e-10
rs115295549	8	57293621	5.16e-10
rs803305	1	25458670	5.17e-10
rs191870404	1	219286204	5.18e-10
rs149704912	4	60644332	5.18e-10
rs568971457	4	153892151	5.19e-10
rs188153957	2	104992787	5.2e-10
rs79534829	8	20345674	5.2e-10
rs571933560	17	41076931	5.2e-10
rs547318480	9	104068726	5.21e-10
rs541959695	13	93135520	5.23e-10
rs566846013	3	43699428	5.27e-10
rs73987905	17	48842191	5.27e-10
rs368931559	2	151031139	5.29e-10
rs557709752	9	84774431	5.3e-10
rs545001670	10	85164847	5.3e-10
rs560364381	3	120266152	5.31e-10
rs543523249	1	170754386	5.32e-10
rs532600469	5	163208553	5.32e-10
rs563477947	9	4242678	5.34e-10
rs149992788	6	20613173	5.36e-10
rs189186978	6	20613537	5.36e-10
rs532330865	10	132937149	5.36e-10
rs560047976	16	72518744	5.36e-10
rs527740019	2	125030246	5.37e-10
rs150279975	2	62174491	5.38e-10
rs570730654	1	230405271	5.39e-10
rs544771374	3	5513700	5.39e-10
rs113120413	4	18662990	5.39e-10
rs559776519	3	117244079	5.4e-10
rs188986911	5	113420075	5.41e-10
rs77780486	6	91418823	5.41e-10
rs68112369	6	26365759	5.43e-10
rs528993963	13	63278063	5.44e-10
rs146291413	3	24604373	5.46e-10
rs534871960	1	224128733	5.5e-10
rs4713678	6	33742097	5.5e-10
rs529247580	6	153649748	5.5e-10
rs112950294	1	65480648	5.51e-10
rs143078709	5	140589614	5.51e-10
rs150052779	7	68059251	5.51e-10
rs367794544	2	25045540	5.52e-10
rs35167234	1	8393871	5.53e-10
rs552221456	5	97414576	5.53e-10
rs553889121	21	32597022	5.53e-10
rs2528840	7	22475825	5.55e-10
rs188693706	1	210966278	5.57e-10
rs549739773	2	37157790	5.57e-10
rs115570957	8	57286853	5.57e-10
rs61056520	11	76734914	5.57e-10
rs114578019	12	102144129	5.57e-10
rs3777755	6	12159699	5.59e-10
rs142335867	4	90188833	5.61e-10
rs75395290	6	137986150	5.61e-10
rs118023715	6	137987075	5.61e-10
rs74899631	6	137989596	5.61e-10
rs556431851	9	11051753	5.61e-10
rs116518950	11	26516129	5.61e-10
rs12580072	12	29502852	5.61e-10
rs549680647	9	29794346	5.65e-10
rs73433190	11	17507640	5.66e-10
rs573596870	19	35635589	5.66e-10
rs149016516	2	173044235	5.71e-10
rs541389277	16	6437166	5.73e-10
rs9549000	13	40510280	5.78e-10
rs74755173	1	175036183	5.79e-10
rs537637768	11	94857677	5.8e-10
rs34108746	11	57146225	5.83e-10
rs536280424	1	2138476	5.84e-10
rs142414367	5	12123930	5.84e-10
rs143790542	13	21484913	5.84e-10
rs149124144	6	20618303	5.86e-10
rs200734249	10	5691108	5.86e-10
rs117815533	15	75254044	5.89e-10
rs567511967	6	115967599	5.93e-10
rs552101757	7	98717657	5.93e-10
rs558670559	14	27124511	5.93e-10
rs146267981	15	77401354	5.93e-10
rs556273955	20	41475198	5.93e-10
rs182185835	10	111025204	5.96e-10
rs187528027	19	9842302	5.96e-10
rs73777333	5	104226915	5.97e-10
rs564932780	9	18144094	5.98e-10
rs551268482	8	91759012	5.99e-10
rs75107906	2	242721179	6e-10
rs576981975	7	140081976	6e-10
rs527378862	2	42072889	6.02e-10
rs548785166	4	16201596	6.02e-10
rs17098678	14	61988183	6.02e-10
rs546861664	20	2678032	6.02e-10
rs11812069	1	79418177	6.03e-10
rs561811554	2	194122073	6.05e-10
rs563632490	7	127147798	6.05e-10
rs530765901	1	18199774	6.06e-10
rs535944293	7	155054654	6.07e-10
rs556143792	8	47871710	6.07e-10
rs556223710	5	7018056	6.08e-10
rs554552544	13	29233378	6.08e-10
rs13379438	14	99397469	6.11e-10
rs190487785	16	65583321	6.17e-10
rs368675697	3	169962858	6.18e-10
rs555804754	5	115700096	6.18e-10
rs561475815	6	167187407	6.18e-10
rs557035143	7	84961204	6.18e-10
rs149174362	7	154870151	6.18e-10
rs560835870	12	106230908	6.18e-10
rs558971213	14	68253344	6.18e-10
rs557191133	18	13414368	6.23e-10
rs538045936	4	124020077	6.24e-10
rs182853183	8	117508281	6.25e-10
rs73251988	12	5189988	6.25e-10
rs1474011	2	146118069	6.26e-10
rs142076167	2	232683528	6.27e-10
rs149108885	7	25387811	6.27e-10
rs75749866	15	87523177	6.29e-10
rs181521773	16	27235986	6.29e-10
rs537880376	17	80888251	6.29e-10
rs549770124	16	23831837	6.33e-10
rs566200554	3	140756028	6.34e-10
rs563676524	8	56914935	6.36e-10
rs80060416	6	91418313	6.38e-10
rs539934470	5	116451417	6.39e-10
rs371444414	20	35946359	6.39e-10
rs571270426	3	102399284	6.4e-10
rs188911032	20	48385235	6.41e-10
rs528319986	7	71026030	6.43e-10
rs551465323	3	144734825	6.45e-10
rs578211287	5	50621473	6.45e-10
rs563029998	13	112961739	6.49e-10
rs547735802	9	127639609	6.5e-10
rs189143482	10	127365867	6.5e-10
rs560030577	12	5007989	6.53e-10
rs75263151	12	112123248	6.53e-10
rs556757088	2	154615763	6.56e-10
rs556937275	6	33580461	6.56e-10
rs575358254	3	189850338	6.57e-10
rs139170956	12	57064707	6.57e-10
rs74908975	5	146031932	6.6e-10
rs182603663	11	109844970	6.6e-10
rs28492915	14	95567166	6.6e-10
rs553095678	14	57040684	6.62e-10
rs150170336	7	8447656	6.63e-10
rs114508714	12	26054147	6.63e-10
rs530090271	2	37173156	6.64e-10
rs151122716	19	793427	6.64e-10
rs551541796	5	78139379	6.65e-10
rs566681238	8	57267750	6.65e-10
rs113681240	20	4633375	6.65e-10
rs528120541	2	63760691	6.67e-10
rs117856230	6	137985446	6.67e-10
rs6973239	7	109100249	6.67e-10
rs544924587	11	76818326	6.71e-10
rs567381205	1	28949123	6.73e-10
rs3112439	19	45367972	6.73e-10
rs190941167	1	219294579	6.76e-10
rs554308894	3	153184421	6.76e-10
rs377087002	6	9603706	6.76e-10
rs557849251	7	37531820	6.76e-10
rs187228722	8	57357714	6.76e-10
rs368280641	13	73067643	6.76e-10
rs560979380	16	74503743	6.76e-10
rs139152173	18	67085943	6.81e-10
rs11146290	10	134081028	6.83e-10
rs543386825	11	120399987	6.84e-10
rs144486209	4	11542327	6.85e-10
rs115300380	6	69673239	6.85e-10
rs182835971	6	50185831	6.89e-10
rs538499515	6	35486543	6.91e-10
rs189643682	6	103461443	6.91e-10
rs530249046	6	91573442	6.93e-10
rs564551535	4	21523705	6.94e-10
rs116776222	1	22990086	6.97e-10
rs531181339	9	28743269	6.97e-10
rs542798288	9	113770533	6.97e-10
rs185904232	12	79487278	6.97e-10
rs570245353	17	34831376	6.99e-10
rs189382831	17	80359272	6.99e-10
rs111357483	20	40302594	6.99e-10
rs73063696	4	1521787	7e-10
rs538914865	6	23136822	7.02e-10
rs185178864	1	238828112	7.03e-10
rs189107657	6	39922211	7.03e-10
rs568793399	18	41603620	7.04e-10
rs185866232	9	104245554	7.05e-10
rs12256573	10	34293549	7.05e-10
rs367913565	21	32596290	7.06e-10
rs141843584	10	89396986	7.07e-10
rs138102154	8	57299981	7.08e-10
rs560311069	2	154626789	7.09e-10
rs552357399	8	115922462	7.09e-10
rs562984009	1	102333796	7.1e-10
rs185707838	3	5114114	7.1e-10
rs577158331	10	30312125	7.1e-10
rs561195858	13	50275743	7.14e-10
rs143288612	9	105896551	7.16e-10
rs551391386	5	84324055	7.19e-10
rs143797499	9	11891504	7.19e-10
rs546336700	16	27289822	7.19e-10
rs76002484	20	24636877	7.19e-10
rs376573492	11	63053614	7.22e-10
rs539732254	3	136442998	7.23e-10
rs146951553	18	20468189	7.23e-10
rs338341	15	68203476	7.24e-10
rs7537027	1	197332226	7.25e-10
rs562597709	4	105098624	7.25e-10
rs61576945	8	35137944	7.26e-10
rs9965254	18	63916790	7.26e-10
rs560600582	8	57405152	7.27e-10
rs568657285	8	74090867	7.29e-10
rs189236185	18	62175595	7.29e-10
rs7027767	9	130572123	7.31e-10
rs565160041	3	38818230	7.32e-10
rs535625749	6	91058341	7.32e-10
rs12434251	14	93956584	7.33e-10
rs528169176	20	43313483	7.33e-10
rs553506552	1	24396203	7.37e-10
rs117788085	9	133983104	7.39e-10
rs138649593	10	19351510	7.4e-10
rs4615468	7	9613477	7.41e-10
rs560011984	4	54272110	7.44e-10
rs539630720	6	40078717	7.44e-10
rs75781300	10	652341	7.44e-10
rs73987906	17	48842826	7.45e-10
rs189774015	2	115767123	7.46e-10
rs113244627	13	75873002	7.46e-10
rs534646504	1	200100194	7.47e-10
rs183040411	1	247337414	7.48e-10
rs1799595	19	929753	7.48e-10
rs6816094	4	8495303	7.5e-10
rs573023333	8	8902662	7.52e-10
rs532064692	12	25361059	7.53e-10
rs56120008	5	22879101	7.54e-10
rs57619363	3	118470253	7.57e-10
rs184232851	7	5696424	7.58e-10
rs116589735	6	30268123	7.6e-10
rs534614280	10	95748356	7.65e-10
rs559534959	16	87052573	7.67e-10
rs188100559	7	80117680	7.68e-10
rs553502219	11	23888798	7.68e-10
rs543238328	19	29698445	7.68e-10
rs529307920	4	38747330	7.7e-10
rs113481061	6	39408373	7.73e-10
rs567384794	1	42003145	7.75e-10
rs567111531	1	8234346	7.79e-10
rs149312832	1	161089011	7.79e-10
rs10172597	2	11763015	7.79e-10
rs78792612	2	158098074	7.79e-10
rs550555324	4	105111587	7.79e-10
rs567363650	4	114218626	7.79e-10
rs534100325	6	97750935	7.79e-10
rs546292024	9	3292032	7.79e-10
rs145716146	9	105898628	7.79e-10
rs142764583	10	21173658	7.79e-10
rs149625265	11	18462262	7.79e-10
rs529378292	12	12654091	7.79e-10
rs566801348	19	35663819	7.79e-10
rs143343061	18	74525557	7.84e-10
rs544242012	5	111509077	7.9e-10
rs199498440	6	16888833	7.9e-10
rs527571519	15	63748571	7.91e-10
rs534670873	9	74483021	7.92e-10
rs571430547	17	61384456	7.92e-10
rs560553037	19	38804307	7.92e-10
rs6072731	20	41039198	7.92e-10
rs190923670	2	139425880	7.94e-10
rs55709953	5	104228152	7.94e-10
rs575463479	22	45186706	7.95e-10
rs147573568	17	13662698	7.96e-10
rs182616350	6	4538857	8e-10
rs543544803	16	66669742	8.02e-10
rs56699544	1	154306334	8.03e-10
rs567057772	14	29856329	8.04e-10
rs578037481	18	39665347	8.04e-10
rs569705242	4	38122801	8.05e-10
rs566609775	13	55279090	8.06e-10
rs114073084	16	17643499	8.06e-10
rs146440377	6	133996793	8.08e-10
rs557964509	1	180400879	8.13e-10
rs74317236	4	105045766	8.15e-10
rs569482077	5	120565636	8.16e-10
rs560282807	3	119014579	8.18e-10
rs140172436	4	94953303	8.19e-10
rs140539897	7	111714283	8.2e-10
rs564918356	3	40080882	8.21e-10
rs183861049	1	25968504	8.22e-10
rs117316086	22	27011108	8.24e-10
rs2274468	20	58453146	8.28e-10
rs2961297	7	22706369	8.29e-10
rs538381165	5	73575800	8.32e-10
rs117703045	22	25897957	8.32e-10
rs376876216	2	52931570	8.35e-10
rs557450849	2	110360473	8.35e-10
rs558635058	4	158996928	8.35e-10
rs41280874	16	55725781	8.35e-10
rs537299953	3	188469380	8.39e-10
rs137942124	20	247689	8.39e-10
rs569257196	20	50795060	8.42e-10
rs557112483	2	169577451	8.43e-10
rs566502778	8	72040387	8.43e-10
rs139450603	15	75134249	8.43e-10
rs550200579	19	23523347	8.44e-10
rs193119949	8	103055487	8.45e-10
rs559716731	14	83476203	8.46e-10
rs145734683	1	190555383	8.51e-10
rs541734861	8	91648904	8.53e-10
rs561569262	13	52304128	8.54e-10
rs116471854	2	115123918	8.58e-10
rs4673685	2	213651418	8.58e-10
rs566834245	4	184884742	8.58e-10
rs148025625	9	38151036	8.58e-10
rs551858245	10	82177763	8.58e-10
rs147806884	1	117991777	8.6e-10
rs187564106	9	73517607	8.65e-10
rs557152970	2	64211977	8.66e-10
rs8101561	19	17183405	8.67e-10
rs546981979	1	28171773	8.7e-10
rs138250318	9	128455687	8.71e-10
rs138223412	2	64632726	8.79e-10
rs4737077	8	40019389	8.8e-10
rs193120711	10	95413308	8.82e-10
rs572533702	13	58986687	8.83e-10
rs180897363	19	38416528	8.84e-10
rs372331553	20	35948229	8.84e-10
rs117264035	12	123090518	8.87e-10
rs531447499	3	71968581	8.89e-10
rs542373235	5	173756125	8.89e-10
rs188280123	6	124276560	8.89e-10
rs3131024	6	29385237	8.9e-10
rs35462600	5	71406967	8.91e-10
rs559566561	1	26618029	8.92e-10
rs543336930	11	14163688	8.92e-10
rs182138568	1	77598553	8.94e-10
rs548376645	2	230711273	8.94e-10
rs147200296	7	106071548	8.94e-10
rs560323916	3	70949567	8.95e-10
rs557758672	3	70997041	8.95e-10
rs549320385	3	71018225	8.95e-10
rs545895100	14	58433530	8.97e-10
rs140617161	3	60909174	8.99e-10
rs577661775	14	28555459	8.99e-10
rs568104116	5	31227335	9.02e-10
rs561485789	17	32002689	9.02e-10
rs112068732	17	38360465	9.04e-10
rs574456579	4	65560581	9.11e-10
rs140316478	9	117938700	9.11e-10
rs573181457	16	6986960	9.11e-10
rs111717210	17	80291977	9.11e-10
rs10797291	9	127016044	9.16e-10
rs560210826	8	76257005	9.17e-10
rs575359973	9	101926715	9.17e-10
rs193138071	12	109897707	9.17e-10
rs568803527	16	84465965	9.17e-10
rs7712120	5	117306135	9.18e-10
rs536153589	1	4793437	9.19e-10
rs368053588	3	177383854	9.19e-10
rs547070985	8	70460898	9.19e-10
rs543779643	5	107182389	9.2e-10
rs140507543	1	167755095	9.22e-10
rs560022920	16	15186277	9.24e-10
rs540121244	14	106330198	9.28e-10
rs17168863	7	97259244	9.34e-10
rs562620695	17	28381293	9.38e-10
rs9693836	8	60450503	9.39e-10
rs538787576	1	218457161	9.4e-10
rs541364958	5	142343565	9.4e-10
rs531303640	16	56616463	9.44e-10
rs545056946	4	170289588	9.45e-10
rs11236723	11	76055444	9.45e-10
rs12595715	15	67254835	9.45e-10
rs77534869	6	91056758	9.46e-10
rs143893007	5	92015522	9.49e-10
rs137893894	3	188083918	9.51e-10
rs536751959	15	98996630	9.53e-10
rs535097052	3	128736859	9.57e-10
rs147058531	5	98776934	9.62e-10
rs77628126	8	129291508	9.63e-10
rs552541954	8	142920902	9.67e-10
rs181492472	10	23110528	9.67e-10
rs568222311	10	52463396	9.67e-10
rs368001488	9	82708601	9.7e-10
rs145985552	9	105902799	9.71e-10
rs113970992	9	105912776	9.71e-10
rs190853870	5	1051700	9.73e-10
rs76399690	12	105250226	9.73e-10
rs183094552	18	50298564	9.73e-10
rs113037937	4	60641394	9.75e-10
rs553685930	1	236158689	9.76e-10
rs36131496	7	89613325	9.81e-10
rs150599431	12	112124969	9.81e-10
rs544255139	4	60453158	9.82e-10
rs78601722	7	94645460	9.83e-10
rs370887151	2	241620433	9.86e-10
rs565399667	5	93696646	9.87e-10
rs537958362	11	2793407	9.88e-10
rs114692292	5	90786953	9.95e-10
rs138118377	4	64314321	9.97e-10
rs531839574	1	187334911	9.98e-10
rs541884262	3	12859857	9.98e-10
rs557208905	8	55383821	9.98e-10
rs557616740	2	138617390	9.99e-10
rs527443273	4	54294500	1e-09
rs185172035	20	55320020	1e-09
rs577715139	7	52513495	1.01e-09
rs565154218	7	156309517	1.01e-09
rs147235361	8	86190334	1.01e-09
rs141136569	8	103184619	1.01e-09
rs181104005	8	144780776	1.01e-09
rs74597638	1	245675718	1.02e-09
rs202023552	2	144525600	1.02e-09
rs13359524	5	35711686	1.02e-09
rs57814223	6	115967456	1.02e-09
rs556962806	7	63646371	1.02e-09
rs534324585	9	34653307	1.02e-09
rs184739995	13	90323419	1.02e-09
rs184074426	15	100022389	1.02e-09
rs181474862	1	175013577	1.03e-09
rs181924346	4	64473400	1.03e-09
rs567896264	5	41796134	1.03e-09
rs9276987	6	32980290	1.03e-09
rs534598069	6	75235122	1.03e-09
rs529790212	7	63520291	1.03e-09
rs113973315	13	81902009	1.03e-09
rs192196057	2	83434474	1.04e-09
rs538887264	4	28570230	1.04e-09
rs150174205	7	78581774	1.04e-09
rs138453626	12	39591752	1.04e-09
rs533984372	13	112965068	1.04e-09
rs192258066	17	856524	1.04e-09
rs61762336	3	154805153	1.05e-09
rs535221841	17	28290083	1.05e-09
rs180802298	19	20954427	1.05e-09
rs550540139	3	1327137	1.06e-09
rs4916532	3	196373561	1.06e-09
rs7733690	5	117310253	1.06e-09
rs186638461	13	56167013	1.06e-09
rs150388425	15	40017385	1.06e-09
rs116805456	17	31886864	1.06e-09
rs116031076	1	77584631	1.07e-09
rs9859117	3	127397553	1.07e-09
rs542350576	4	184111251	1.07e-09
rs570442697	9	23504809	1.07e-09
rs12267266	10	8125166	1.07e-09
rs143373449	1	59767174	1.08e-09
rs73131426	5	91291720	1.08e-09
rs11158543	14	64965537	1.08e-09
rs368336452	2	77670313	1.09e-09
rs568877166	2	202524997	1.09e-09
rs546241577	3	10703208	1.09e-09
rs113214835	5	110266458	1.09e-09
rs111335995	8	19235726	1.09e-09
rs192920351	11	6318913	1.09e-09
rs117855613	18	62637449	1.09e-09
rs533276019	1	26198812	1.1e-09
rs17102521	1	79418420	1.1e-09
rs4989956	4	140899775	1.1e-09
rs545731069	8	87007925	1.1e-09
rs372911770	11	82713795	1.1e-09
rs550823828	12	80643107	1.1e-09
rs574230609	18	29978079	1.1e-09
rs533037605	19	43205869	1.1e-09
rs112197334	19	46206220	1.1e-09
rs374381259	21	36277740	1.1e-09
rs574891651	1	156157212	1.11e-09
rs573572124	2	231434394	1.11e-09
rs562229527	3	76340067	1.11e-09
rs553742938	9	82734970	1.11e-09
rs556185884	12	30440756	1.11e-09
rs144044386	18	54940524	1.11e-09
rs189786237	20	61776811	1.11e-09
rs74662473	7	21132616	1.12e-09
rs34112776	11	103482572	1.12e-09
rs148131059	11	103483507	1.12e-09
rs138005320	20	31639633	1.12e-09
rs571104755	3	21621723	1.13e-09
rs144138047	3	67312693	1.13e-09
rs6794576	3	67313570	1.13e-09
rs151220143	5	13600463	1.13e-09
rs535259740	6	24451860	1.13e-09
rs185879548	8	48505029	1.13e-09
rs553904087	10	122752110	1.13e-09
rs12953110	17	40338997	1.13e-09
rs72901616	4	116615267	1.14e-09
rs373322054	5	61968295	1.14e-09
rs531466994	9	109877504	1.14e-09
rs1445439	12	65387182	1.14e-09
rs146408447	3	48028777	1.15e-09
rs144459594	4	64717196	1.15e-09
rs539209648	6	14698243	1.15e-09
rs59944138	7	57642993	1.15e-09
rs571571754	8	116523511	1.15e-09
rs1971814	10	9259019	1.15e-09
rs115225939	10	131291344	1.15e-09
rs571653944	1	116486009	1.16e-09
rs12721204	3	148429731	1.16e-09
rs574927129	6	46780144	1.16e-09
rs529708091	7	98079902	1.16e-09
rs530060660	8	22193142	1.16e-09
rs527593518	9	8230244	1.16e-09
rs556463162	12	130948681	1.16e-09
rs575870092	2	211354019	1.17e-09
rs180822090	6	63519351	1.17e-09
rs148859241	14	90904060	1.17e-09
rs146898775	18	76577578	1.17e-09
rs568955628	21	15432647	1.17e-09
rs577411841	1	79218138	1.18e-09
rs564994385	1	194531956	1.18e-09
rs116598359	6	46377780	1.18e-09
rs151030115	9	117938550	1.18e-09
rs540192578	15	38720903	1.18e-09
rs188259259	16	1076114	1.18e-09
rs556306301	20	62066368	1.18e-09
rs191021597	3	16007808	1.19e-09
rs4855569	3	108491353	1.19e-09
rs74527968	1	2806088	1.2e-09
rs184149773	3	136310213	1.2e-09
rs182074033	3	190525750	1.2e-09
rs391783	4	123637725	1.2e-09
rs62380883	5	137649066	1.2e-09
rs534820243	6	49068292	1.2e-09
rs149444490	7	97809736	1.2e-09
rs183349498	20	19785388	1.2e-09
rs74052928	1	12080122	1.21e-09
rs4665699	2	24695970	1.21e-09
rs567561496	4	145062854	1.21e-09
rs150181088	7	96923097	1.21e-09
rs540603333	14	38638113	1.21e-09
rs543930697	15	66540900	1.21e-09
rs576075006	1	26236970	1.22e-09
rs139671408	1	82832766	1.22e-09
rs573050349	3	31535917	1.22e-09
rs553215161	11	37351791	1.22e-09
rs151119143	15	67645705	1.22e-09
rs1363105	5	103917790	1.23e-09
rs115347536	6	20603340	1.23e-09
rs2428493	6	31329135	1.23e-09
rs368191668	15	49694472	1.23e-09
rs114814225	16	77756433	1.23e-09
rs376635155	2	121763719	1.24e-09
rs536808721	3	11824263	1.24e-09
rs529670342	11	119927759	1.24e-09
rs562102879	17	66641108	1.24e-09
rs184037573	1	204664810	1.25e-09
rs542240591	6	33863091	1.25e-09
rs551141218	6	73511932	1.25e-09
rs576576444	7	145279179	1.25e-09
rs142686455	9	105892890	1.25e-09
rs117477281	12	29508082	1.25e-09
rs59867744	16	18099381	1.25e-09
rs141156383	21	36839053	1.25e-09
rs557064164	6	122207648	1.26e-09
rs545578896	7	106122340	1.26e-09
rs146598271	10	118524832	1.26e-09
rs539457939	13	57404814	1.26e-09
rs60423320	13	100501677	1.26e-09
rs78634826	20	13530156	1.26e-09
rs189539537	4	165826049	1.27e-09
rs61177966	6	115931352	1.27e-09
rs575101185	12	67912660	1.27e-09
rs370662911	18	33101135	1.27e-09
rs377186492	19	1006986	1.27e-09
rs565088672	2	88569550	1.28e-09
rs543264410	2	132682319	1.28e-09
rs113560750	5	110403035	1.28e-09
rs138465835	10	80613923	1.28e-09
rs73011051	1	117431593	1.29e-09
rs528524180	5	134503812	1.29e-09
rs559886066	7	53398634	1.29e-09
rs545706791	12	92136647	1.29e-09
rs576877158	17	68762765	1.29e-09
rs550464341	2	236616610	1.3e-09
rs60194537	11	8088064	1.3e-09
rs542230162	1	32867886	1.31e-09
rs557334934	1	95524789	1.31e-09
rs368295496	6	95089072	1.31e-09
rs138912978	16	799315	1.31e-09
rs114760676	20	20961930	1.31e-09
rs555805184	1	157900657	1.32e-09
rs573161144	2	36230918	1.32e-09
rs538136402	13	87024987	1.32e-09
rs187977540	19	19129097	1.32e-09
rs185528917	20	9106170	1.32e-09
rs760517	22	37258986	1.32e-09
rs369376569	2	227614122	1.33e-09
rs61867574	11	1643228	1.33e-09
rs566972076	11	22488942	1.33e-09
rs562913212	11	45111548	1.33e-09
rs117823566	3	151878792	1.34e-09
rs143191807	1	77606280	1.35e-09
rs148940011	1	175644503	1.35e-09
rs10928554	2	136799609	1.35e-09
rs61859945	10	55376967	1.35e-09
rs554314198	13	59045306	1.35e-09
rs10136247	14	91588970	1.35e-09
rs568618547	16	28106524	1.35e-09
rs185093135	16	51004529	1.35e-09
rs149981761	3	135252033	1.36e-09
rs6444748	3	193541025	1.36e-09
rs149130738	7	70355829	1.36e-09
rs369517668	11	121946468	1.36e-09
rs530927143	1	98866857	1.38e-09
rs541522191	2	232504255	1.38e-09
rs115870534	4	97052118	1.38e-09
rs571112348	8	18237265	1.38e-09
rs565793549	16	10034479	1.38e-09
rs556925836	1	245926234	1.39e-09
rs560015310	3	48051785	1.39e-09
rs73063828	19	56673838	1.39e-09
rs552303689	1	179107540	1.4e-09
rs144430598	5	76312593	1.4e-09
rs181536566	8	86182336	1.4e-09
rs116483949	10	18875254	1.4e-09
rs557094572	16	843022	1.4e-09
rs186160041	18	62845089	1.4e-09
rs368992036	1	13866240	1.41e-09
rs149634603	1	34126894	1.41e-09
rs551026681	2	29885042	1.41e-09
rs57039572	5	136197951	1.41e-09
rs535898454	6	2765001	1.42e-09
rs141296072	16	57006718	1.42e-09
rs705653	2	217077578	1.43e-09
rs114356790	6	20602496	1.43e-09
rs148897233	15	63065874	1.43e-09
rs8057047	16	49543056	1.43e-09
rs563563860	2	241143353	1.44e-09
rs75642104	4	117598161	1.44e-09
rs570448550	7	148313212	1.44e-09
rs139393213	11	103483089	1.44e-09
rs146205558	13	92907377	1.44e-09
rs140004542	5	99991498	1.45e-09
rs180773699	11	77995817	1.45e-09
rs185113764	21	41076003	1.45e-09
rs11207023	1	57850250	1.46e-09
rs78037977	1	172715702	1.46e-09
rs556773429	15	42545128	1.46e-09
rs558065576	22	42001022	1.46e-09
rs571387134	1	193244346	1.47e-09
rs540769548	3	84624995	1.47e-09
rs142849353	5	176315994	1.47e-09
rs115240483	6	105641982	1.47e-09
rs184352734	17	15743932	1.47e-09
rs74514233	2	6840151	1.48e-09
rs545056950	7	55123928	1.48e-09
rs147113497	8	11092197	1.48e-09
rs138532192	1	79418530	1.49e-09
rs145875150	6	20597522	1.49e-09
rs559029292	7	28002178	1.49e-09
rs537582054	1	117988215	1.5e-09
rs13000664	2	72043943	1.5e-09
rs190634009	3	169286886	1.5e-09
rs549479504	12	25166412	1.5e-09
rs571187241	14	49580850	1.5e-09
rs143373439	1	77608081	1.51e-09
rs540963177	2	136325694	1.51e-09
rs73777336	5	104229438	1.51e-09
rs80074882	6	32184329	1.51e-09
rs150396609	8	71348274	1.51e-09
rs188038190	12	71695170	1.51e-09
rs138194634	2	36020147	1.52e-09
rs190481484	5	104158077	1.52e-09
rs531552933	7	135745815	1.52e-09
rs373498808	11	105695797	1.52e-09
rs543515586	14	52228650	1.52e-09
rs144938023	5	67573360	1.53e-09
rs534670472	8	86187971	1.53e-09
rs540411725	14	32002998	1.53e-09
rs180799666	18	11703744	1.53e-09
rs75957773	1	152127455	1.54e-09
rs554562919	1	219274572	1.54e-09
rs1644005	5	78417629	1.54e-09
rs556950334	8	22086395	1.54e-09
rs538520834	9	88101828	1.54e-09
rs148224890	3	190513008	1.56e-09
rs530021313	11	7135048	1.56e-09
rs189782794	12	57177406	1.56e-09
rs544324850	13	103345475	1.56e-09
rs549428671	3	46173355	1.57e-09
rs74097328	13	79142242	1.58e-09
rs188766651	16	16709906	1.58e-09
rs149248303	20	9616525	1.58e-09
rs148716019	4	23931474	1.59e-09
rs186916283	5	37843329	1.59e-09
rs74935284	15	87040057	1.6e-09
rs193162519	4	17435133	1.61e-09
rs532391686	9	95759274	1.61e-09
rs369423363	15	30967459	1.61e-09
rs560230874	17	69760718	1.61e-09
rs552402302	3	168759585	1.62e-09
rs186464904	5	115948675	1.62e-09
rs544693594	10	109582901	1.62e-09
rs565176082	15	96013028	1.62e-09
rs564145447	20	44296887	1.62e-09
rs559252294	4	137112663	1.63e-09
rs547645047	6	162341780	1.63e-09
rs543044236	10	93001808	1.63e-09
rs17181428	4	3312606	1.64e-09
rs111739415	4	60644047	1.64e-09
rs561077149	10	101657628	1.64e-09
rs184195997	10	127369431	1.64e-09
rs151234120	2	47658954	1.65e-09
rs548411287	2	77395830	1.65e-09
rs73011052	1	117432104	1.66e-09
rs575202382	1	157580846	1.66e-09
rs193117554	3	39560839	1.66e-09
rs528585723	4	7747750	1.66e-09
rs73777337	5	104229612	1.66e-09
rs115946966	7	89276598	1.66e-09
rs115397073	7	89282249	1.66e-09
rs376544659	7	138134152	1.66e-09
rs571708735	9	28457425	1.66e-09
rs532182288	9	28458864	1.66e-09
rs58540510	17	7222722	1.66e-09
rs140791297	18	4669936	1.66e-09
rs551599729	1	25766338	1.67e-09
rs547555676	2	37144898	1.67e-09
rs553207974	2	61422605	1.67e-09
rs576824842	11	862475	1.67e-09
rs562182670	16	2323939	1.67e-09
rs535234575	16	25540501	1.67e-09
rs71554596	6	17010141	1.68e-09
rs184282700	10	10655279	1.68e-09
rs554495916	10	131631583	1.68e-09
rs185982438	17	80686764	1.68e-09
rs181802363	1	210944532	1.69e-09
rs567671248	10	120525468	1.69e-09
rs539351407	13	73616806	1.69e-09
rs2084961	16	81013799	1.69e-09
rs111164440	16	89046625	1.69e-09
rs76700098	2	182962474	1.7e-09
rs149293867	8	123182753	1.7e-09
rs569140241	9	74166211	1.7e-09
rs566256314	12	13252808	1.7e-09
rs115380612	18	50237139	1.7e-09
rs144837568	4	152173271	1.71e-09
rs77751480	5	106621612	1.71e-09
rs377618546	6	19222802	1.71e-09
rs182408598	6	63425479	1.71e-09
rs546909459	6	85311209	1.71e-09
rs17126453	11	122263897	1.71e-09
rs568818684	17	8767753	1.71e-09
rs555523243	19	44742659	1.71e-09
rs116193105	1	221204160	1.72e-09
rs76082198	2	65819691	1.72e-09
rs6727898	2	65820753	1.72e-09
rs114988103	2	65820832	1.72e-09
rs116055661	2	236354891	1.72e-09
rs113013718	4	79758980	1.73e-09
rs72862515	4	79773221	1.73e-09
rs112442092	4	79810357	1.73e-09
rs371623510	8	42783028	1.73e-09
rs542386663	13	98844940	1.73e-09
rs200035833	6	8428333	1.74e-09
rs6905736	6	19843767	1.74e-09
rs565606835	8	108798433	1.74e-09
rs183534606	13	50059078	1.74e-09
rs545377435	16	74499355	1.74e-09
rs80237580	7	92497544	1.75e-09
rs566019075	4	94651069	1.76e-09
rs34215892	8	21767240	1.76e-09
rs146796420	19	52788390	1.76e-09
rs191053509	20	59860518	1.76e-09
rs550203708	20	19314781	1.77e-09
rs535624436	20	55138136	1.77e-09
rs188507366	1	216077913	1.78e-09
rs557442046	2	124824138	1.78e-09
rs533740720	2	167806169	1.78e-09
rs558894547	9	100617694	1.78e-09
rs575122791	10	53969478	1.78e-09
rs189259095	20	18014033	1.78e-09
rs180735870	5	4240692	1.79e-09
rs536034636	10	53772380	1.79e-09
rs573019519	17	61000978	1.79e-09
rs147640451	2	158624380	1.8e-09
rs575519465	3	6712036	1.8e-09
rs77279071	3	134195258	1.8e-09
rs537582791	3	156948570	1.8e-09
rs558178550	5	131683592	1.8e-09
rs547468500	13	112777165	1.8e-09
rs575357250	1	182528904	1.81e-09
rs554983525	3	131346223	1.81e-09
rs563194446	4	22069621	1.81e-09
rs550954448	4	78131130	1.81e-09
rs141850299	4	104358024	1.81e-09
rs577647722	9	80716756	1.81e-09
rs186752243	17	2012911	1.81e-09
rs138154061	19	41221738	1.81e-09
rs531697205	5	169465408	1.82e-09
rs62436761	6	167428587	1.82e-09
rs547525840	12	2150592	1.82e-09
rs376778257	3	15248228	1.83e-09
rs530047003	9	108369617	1.83e-09
rs114422741	10	95526056	1.83e-09
rs552610710	3	150487850	1.84e-09
rs10788639	10	82233225	1.84e-09
rs544615023	11	25845101	1.84e-09
rs147131697	20	20962067	1.84e-09
rs575155365	22	22338265	1.84e-09
rs187831091	4	47176959	1.85e-09
rs76353574	10	33300271	1.85e-09
rs530735121	13	93175985	1.85e-09
rs575920201	1	14307839	1.86e-09
rs547706414	9	15065249	1.86e-09
rs183923134	12	119511359	1.86e-09
rs28627441	2	183360743	1.87e-09
rs192586704	8	86173947	1.87e-09
rs373810484	11	105689921	1.87e-09
rs369198665	11	105695089	1.87e-09
rs35407628	13	99806693	1.87e-09
rs149132223	1	220108666	1.88e-09
rs575749725	3	31739635	1.88e-09
rs115933136	3	72501295	1.88e-09
rs76616588	3	191934186	1.88e-09
rs547125898	6	107898732	1.88e-09
rs549772307	21	32609247	1.89e-09
rs540982813	3	1887569	1.9e-09
rs535758981	3	139864962	1.9e-09
rs192182287	7	51752736	1.9e-09
rs150451811	9	5602493	1.9e-09
rs564723521	13	28714139	1.9e-09
rs181831583	1	185450792	1.91e-09
rs554622425	13	71697753	1.91e-09
rs9601661	13	82207797	1.91e-09
rs78635481	2	69189967	1.92e-09
rs536908089	2	120250458	1.92e-09
rs372106988	5	59024183	1.92e-09
rs531503449	5	80454767	1.92e-09
rs565963683	9	23631284	1.92e-09
rs531445303	10	7613582	1.92e-09
rs2239349	16	27358888	1.92e-09
rs150814287	17	55585135	1.92e-09
rs534620455	1	241582972	1.93e-09
rs112861794	2	68422843	1.93e-09
rs541281330	3	94616724	1.93e-09
rs149642352	4	60638108	1.93e-09
rs146518271	10	30092751	1.93e-09
rs186253985	11	93526232	1.93e-09
rs539694566	14	29053352	1.93e-09
rs201591875	1	25328668	1.94e-09
rs186597308	8	98416986	1.94e-09
rs578028496	8	103333069	1.94e-09
rs545157168	18	13304127	1.94e-09
rs534487025	5	22038309	1.95e-09
rs535847131	8	2532894	1.95e-09
rs143509029	2	163903625	1.96e-09
rs75875537	8	129291095	1.96e-09
rs58452854	8	130431353	1.96e-09
rs531775237	17	80581153	1.96e-09
rs587627674	1	119697613	1.97e-09
rs149064226	10	32600054	1.97e-09
rs185684413	18	53466886	1.97e-09
rs539556134	19	650955	1.97e-09
rs543172220	20	24385059	1.97e-09
rs113359448	14	35851278	1.99e-09
rs536965598	18	45279413	2e-09
rs76116009	2	241114199	2.01e-09
rs35453239	7	117291132	2.01e-09
rs34368225	9	5611728	2.01e-09
rs34345136	7	26287568	2.02e-09
rs139272636	1	107927155	2.03e-09
rs185941079	2	3841285	2.03e-09
rs184455217	2	41116545	2.03e-09
rs564576073	2	70043520	2.03e-09
rs191336417	2	80700820	2.03e-09
rs140056413	3	12087397	2.03e-09
rs563633705	3	133455708	2.03e-09
rs540460107	4	1845362	2.03e-09
rs567394673	4	46722915	2.03e-09
rs368611164	4	102622977	2.03e-09
rs532295410	4	141710392	2.03e-09
rs566586814	4	146417167	2.03e-09
rs79632289	4	189167250	2.03e-09
rs139494380	5	44188965	2.03e-09
rs543492975	5	100666069	2.03e-09
rs145745202	6	117821323	2.03e-09
rs555014159	6	170919205	2.03e-09
rs186276499	9	114093714	2.03e-09
rs149405463	10	45304039	2.03e-09
rs555207078	10	82827966	2.03e-09
rs11188006	10	96287257	2.03e-09
rs575734354	11	74394716	2.03e-09
rs374924056	11	105699139	2.03e-09
rs11830342	12	81589358	2.03e-09
rs116627818	12	104194646	2.03e-09
rs60038102	12	106145356	2.03e-09
rs531132421	12	123059274	2.03e-09
rs184270621	15	70127285	2.03e-09
rs145440695	18	23039658	2.03e-09
rs576885080	19	3817054	2.03e-09
rs7246144	19	12000024	2.03e-09
rs567748579	19	17581378	2.03e-09
rs545360615	20	38881834	2.03e-09
rs12653071	5	2401520	2.04e-09
rs4510515	4	53332354	2.07e-09
rs192730519	1	157540465	2.09e-09
rs78218185	6	32432500	2.09e-09
rs551898740	17	45235776	2.09e-09
rs553001968	20	44313306	2.09e-09
rs77254662	2	119659306	2.1e-09
rs189814697	3	147381198	2.1e-09
rs372720538	11	25770948	2.1e-09
rs535275686	2	133154515	2.11e-09
rs537590003	8	77291140	2.11e-09
rs533850457	8	31775950	2.12e-09
rs576287095	10	58179359	2.12e-09
rs555578962	11	118257972	2.12e-09
rs528077558	12	112279680	2.12e-09
rs577187913	15	41338361	2.12e-09
rs559587146	3	161022741	2.13e-09
rs531173266	15	89285898	2.13e-09
rs150146337	4	60633322	2.14e-09
rs537879154	6	70623924	2.14e-09
rs552388739	6	70626186	2.14e-09
rs193263011	12	31612680	2.14e-09
rs114045542	15	95525661	2.14e-09
rs535580276	1	82476043	2.15e-09
rs143638886	2	53502688	2.15e-09
rs73858891	3	99394467	2.15e-09
rs537877390	4	161549962	2.15e-09
rs373892086	5	59034856	2.15e-09
rs150902709	15	95413859	2.15e-09
rs534000516	16	27761934	2.15e-09
rs62066986	17	37979986	2.15e-09
rs188964071	2	113587877	2.16e-09
rs7166997	15	63846178	2.16e-09
rs115951339	20	12258277	2.16e-09
rs1627507	3	168970191	2.17e-09
rs186629147	16	74622870	2.17e-09
rs149146661	5	18251128	2.18e-09
rs551116405	6	48149409	2.18e-09
rs151158980	7	42904196	2.18e-09
rs567088466	8	5050022	2.18e-09
rs12257440	10	77774208	2.18e-09
rs532158083	11	71390690	2.18e-09
rs190252268	16	49405418	2.18e-09
rs532363559	19	9235014	2.18e-09
rs530042384	19	58585217	2.18e-09
rs146525873	10	82704667	2.19e-09
rs575488485	1	95776607	2.2e-09
rs41265154	1	153411822	2.2e-09
rs538500920	4	123945405	2.2e-09
rs376677468	11	105702610	2.2e-09
rs559032114	12	17897774	2.2e-09
rs4365903	6	88282653	2.21e-09
rs568578721	12	132277943	2.21e-09
rs532739591	3	60023350	2.22e-09
rs145340271	5	127158896	2.22e-09
rs9380655	6	11942247	2.22e-09
rs113563496	9	105899331	2.22e-09
rs111598915	9	105899868	2.22e-09
rs111502210	9	105901296	2.22e-09
rs1578446	9	105910176	2.22e-09
rs553215765	22	36603128	2.22e-09
rs163093	2	38310528	2.23e-09
rs114033732	8	108176700	2.23e-09
rs183076675	11	98286085	2.23e-09
rs145818426	1	55256829	2.24e-09
rs114024023	5	121947463	2.24e-09
rs184309213	9	112171900	2.24e-09
rs58597452	12	14218954	2.24e-09
rs17102524	1	79418706	2.25e-09
rs184258811	3	87269206	2.25e-09
rs76638802	13	58721766	2.25e-09
rs113224083	14	76459610	2.25e-09
rs560895244	16	62738173	2.26e-09
rs145214047	20	19862065	2.26e-09
rs181802426	1	243747177	2.27e-09
rs61346113	4	60747965	2.27e-09
rs115074357	4	86952292	2.27e-09
rs568729019	3	123353175	2.29e-09
rs571310781	4	123529626	2.29e-09
rs116310786	5	63970939	2.29e-09
rs544901033	20	12902464	2.29e-09
rs533391655	20	60097991	2.29e-09
rs4719622	7	20719354	2.3e-09
rs187476774	11	19068685	2.3e-09
rs369687991	17	51791579	2.3e-09
rs528645525	1	172366492	2.31e-09
rs191488417	2	38609165	2.31e-09
rs551201351	1	60100913	2.33e-09
rs550740268	3	139855982	2.33e-09
rs537062879	4	161348502	2.33e-09
rs547773337	19	7144115	2.33e-09
rs552227424	3	115041557	2.34e-09
rs181086859	8	54027520	2.34e-09
rs148761085	9	134033757	2.34e-09
rs550401181	12	10293717	2.34e-09
rs182209161	19	1015784	2.34e-09
rs11697947	20	32613494	2.34e-09
rs531539385	1	88095585	2.35e-09
rs147050420	4	87670216	2.35e-09
rs12817660	12	39532726	2.35e-09
rs11684846	2	213800832	2.37e-09
rs113928696	10	89393412	2.37e-09
rs112616737	10	89393420	2.37e-09
rs374697264	17	30089569	2.37e-09
rs145705815	2	115275029	2.39e-09
rs540255916	10	73791130	2.39e-09
rs73377090	10	118476620	2.39e-09
rs571406608	16	23916288	2.39e-09
rs538484559	17	896304	2.39e-09
rs144074828	17	8715759	2.39e-09
rs571582315	4	115231174	2.4e-09
rs145626507	5	51886823	2.4e-09
rs572830663	7	90945600	2.4e-09
rs543240371	8	86179361	2.4e-09
rs76089129	1	216081820	2.41e-09
rs137877152	3	147384033	2.41e-09
rs149764353	3	147385627	2.41e-09
rs532712778	8	124578208	2.41e-09
rs149626607	12	91419514	2.41e-09
rs371601488	2	112304671	2.42e-09
rs191251309	6	32610888	2.42e-09
rs552512325	10	2441502	2.42e-09
rs543374088	10	746108	2.43e-09
rs143866551	15	26299728	2.44e-09
rs115739663	16	82291153	2.44e-09
rs188013426	8	28687046	2.45e-09
rs187192053	1	91834121	2.46e-09
rs571606827	1	100032179	2.46e-09
rs554484818	2	52209884	2.46e-09
rs573584440	9	18287790	2.46e-09
rs532325931	11	113771842	2.46e-09
rs114233038	13	109197529	2.46e-09
rs541718823	1	152894685	2.47e-09
rs182861061	4	67710459	2.47e-09
rs202002553	13	110827555	2.47e-09
rs567481355	19	30158601	2.47e-09
rs143183611	2	216937274	2.48e-09
rs74864895	3	113240441	2.48e-09
rs533637891	5	75547317	2.48e-09
rs76099083	7	89297930	2.48e-09
rs183682833	1	163497287	2.49e-09
rs138186092	4	36125365	2.49e-09
rs192859775	10	72401437	2.49e-09
rs535102991	13	78336412	2.49e-09
rs55881121	15	45366618	2.49e-09
rs554589072	22	46817567	2.49e-09
rs150260588	10	67005168	2.5e-09
rs182624603	10	91559136	2.5e-09
rs565145516	11	124560120	2.5e-09
rs73858894	3	99408453	2.51e-09
rs541901128	10	49990879	2.51e-09
rs200044816	19	32735077	2.51e-09
rs569407894	20	31512091	2.51e-09
rs536910344	21	23146534	2.51e-09
rs553485961	2	63100491	2.52e-09
rs547300230	2	63102206	2.52e-09
rs534848996	12	60902736	2.52e-09
rs857229	14	98670924	2.52e-09
rs181640607	15	79278979	2.52e-09
rs73149170	4	53880485	2.53e-09
rs28373140	7	12492824	2.53e-09
rs141846002	8	126821496	2.53e-09
rs113429428	9	105905903	2.53e-09
rs112395147	9	105912721	2.53e-09
rs564877317	16	74843253	2.53e-09
rs62126619	19	33752455	2.53e-09
rs117693843	20	23758438	2.53e-09
rs562285973	20	59271185	2.53e-09
rs368589587	6	95081683	2.54e-09
rs150727517	3	174067268	2.56e-09
rs17445108	12	57082058	2.56e-09
rs575277587	15	25857478	2.56e-09
rs4550510	17	42645017	2.56e-09
rs150348618	6	99724586	2.57e-09
rs148705878	10	7424934	2.57e-09
rs148378392	18	8988765	2.57e-09
rs4692544	4	26549078	2.58e-09
rs189932800	2	45470587	2.59e-09
rs191849532	2	53391747	2.6e-09
rs73513033	7	157328293	2.6e-09
rs527394841	17	79943100	2.6e-09
rs12482736	21	41062268	2.6e-09
rs562612807	2	234171402	2.61e-09
rs554955544	8	5050020	2.61e-09
rs538887854	1	64915371	2.63e-09
rs370203563	3	70120509	2.63e-09
rs191633573	3	84620095	2.63e-09
rs112011768	4	176183025	2.63e-09
rs559861371	12	90717630	2.63e-09
rs541301175	12	129498088	2.63e-09
rs552717286	12	130143238	2.63e-09
rs566098205	15	36937091	2.63e-09
rs553771966	18	22484730	2.63e-09
rs185450972	22	38139415	2.63e-09
rs576930377	2	101596673	2.64e-09
rs568890810	4	190326222	2.64e-09
rs146893379	9	104080505	2.65e-09
rs149949795	4	64270765	2.66e-09
rs185222955	4	90485367	2.66e-09
rs564945281	3	67044720	2.67e-09
rs530194341	6	69156328	2.67e-09
rs187378278	17	14829439	2.67e-09
rs546869213	1	159535299	2.68e-09
rs531879891	12	777048	2.68e-09
rs180812360	4	17509441	2.69e-09
rs368669457	11	105687062	2.7e-09
rs575397602	12	131236841	2.7e-09
rs551444882	14	81969512	2.7e-09
rs147127744	17	29435942	2.7e-09
rs180890258	14	35615068	2.71e-09
rs187875490	16	84842475	2.71e-09
rs58685997	4	95113373	2.72e-09
rs528706447	6	79506309	2.72e-09
rs185352690	8	22928005	2.72e-09
rs571826380	16	52844311	2.72e-09
rs61676736	16	86598603	2.72e-09
rs541576433	18	42347171	2.72e-09
rs533043855	19	2018492	2.72e-09
rs569770079	10	103544533	2.73e-09
rs533973787	16	24890615	2.73e-09
rs374225937	6	70991329	2.74e-09
rs545652063	8	135745440	2.74e-09
rs11693702	2	162802184	2.75e-09
rs189129791	6	138825421	2.75e-09
rs566849191	12	112058739	2.75e-09
rs140350158	18	154553	2.75e-09
rs181104715	7	152376910	2.76e-09
rs78515650	6	33800340	2.77e-09
rs75917293	6	161639706	2.77e-09
rs12799546	11	111244833	2.77e-09
rs143906073	17	53572032	2.77e-09
rs8087436	18	10014552	2.77e-09
rs562603665	1	197922261	2.79e-09
rs558130402	13	83164592	2.79e-09
rs533959313	18	45398469	2.79e-09
rs138776210	18	77430219	2.79e-09
rs114460171	20	14672303	2.79e-09
rs185724875	3	40425963	2.81e-09
rs116326491	5	156874750	2.81e-09
rs530326584	7	7906072	2.81e-09
rs559704440	11	67371279	2.81e-09
rs533125361	11	67371282	2.81e-09
rs188270621	5	149100190	2.83e-09
rs547760011	14	48731860	2.83e-09
rs571036524	14	48731865	2.83e-09
rs552660556	15	25962794	2.83e-09
rs17001721	19	11999474	2.83e-09
rs540597081	20	55317118	2.83e-09
rs371596893	1	80282637	2.84e-09
rs192706539	2	108231954	2.84e-09
rs533482615	21	40658008	2.84e-09
rs192058822	13	29052839	2.85e-09
rs17130280	1	68250907	2.86e-09
rs554320677	2	86392890	2.86e-09
rs540741241	4	96677727	2.86e-09
rs560335706	14	38151775	2.86e-09
rs537456083	18	76158358	2.86e-09
rs193116364	1	15133992	2.87e-09
rs189321018	1	178354759	2.87e-09
rs144329831	2	118043625	2.87e-09
rs145781990	6	11283412	2.87e-09
rs570622271	16	86496879	2.87e-09
rs534974926	1	195833894	2.88e-09
rs147317999	6	75728983	2.88e-09
rs531200248	8	62923592	2.88e-09
rs557462845	12	17879572	2.88e-09
rs543537645	16	79397996	2.88e-09
rs568403791	1	164881718	2.89e-09
rs574307759	6	122861240	2.89e-09
rs9801498	7	76790771	2.89e-09
rs373138683	11	75101475	2.89e-09
rs61261797	13	44390689	2.89e-09
rs74631780	16	79311279	2.89e-09
rs542687655	16	87795701	2.89e-09
rs193173415	20	35935451	2.89e-09
rs60641425	6	115884402	2.9e-09
rs536523812	6	136394258	2.91e-09
rs187215358	1	76271309	2.92e-09
rs566146972	8	89999161	2.92e-09
rs146578004	11	109150198	2.92e-09
rs568578032	13	93147765	2.92e-09
rs79319675	21	25968522	2.92e-09
rs527706212	5	34376864	2.93e-09
rs189739278	7	152212164	2.93e-09
rs77798824	12	56539610	2.93e-09
rs556876869	15	72332166	2.93e-09
rs2989872	6	83426795	2.94e-09
rs546864118	7	47780698	2.95e-09
rs559001889	8	4064718	2.95e-09
rs190956069	13	104505744	2.95e-09
rs189415898	2	228239284	2.96e-09
rs148295831	1	82698910	2.98e-09
rs555047307	2	234566118	2.98e-09
rs375875617	4	88040033	2.98e-09
rs184831594	8	82282753	2.98e-09
rs572510190	12	87703740	2.98e-09
rs137929121	10	75483709	2.99e-09
rs540197415	1	67366806	3e-09
rs573204658	15	33587375	3e-09
rs76515013	16	59659974	3e-09
rs11808770	1	18135081	3.01e-09
rs542584979	5	119980635	3.01e-09
rs528990782	6	13894804	3.01e-09
rs114593513	4	54363664	3.02e-09
rs114356062	4	54364698	3.02e-09
rs557937118	10	17294664	3.02e-09
rs571673264	12	107879647	3.02e-09
rs555105173	15	44786313	3.02e-09
rs111065633	19	8788177	3.02e-09
rs556289247	2	37434798	3.03e-09
rs549613935	4	94929544	3.03e-09
rs566964063	10	92278289	3.03e-09
rs573589801	22	40753823	3.03e-09
rs150005600	5	103660666	3.04e-09
rs10498730	6	25812069	3.04e-09
rs148889372	6	32614569	3.04e-09
rs556243178	14	85871370	3.04e-09
rs137948973	18	33570350	3.04e-09
rs559205189	4	82681777	3.05e-09
rs533899147	20	1783044	3.05e-09
rs569524280	20	17569494	3.05e-09
rs192807579	1	192304039	3.06e-09
rs114596113	4	168638436	3.06e-09
rs12327237	18	13538626	3.06e-09
rs561837122	6	167671853	3.07e-09
rs549390172	8	16178920	3.07e-09
rs11819352	10	71069024	3.07e-09
rs530288938	14	38665441	3.07e-09
rs180940521	15	25918062	3.07e-09
rs111336720	16	15908442	3.07e-09
rs542170664	17	6867559	3.07e-09
rs576474300	20	19681813	3.08e-09
rs187870767	4	54334347	3.09e-09
rs2046788	15	68363644	3.09e-09
rs142828423	20	1653218	3.09e-09
rs569188825	2	222308492	3.1e-09
rs59719828	6	112721801	3.11e-09
rs551128285	1	176146321	3.12e-09
rs535098450	6	159024087	3.12e-09
rs566858968	7	7014838	3.13e-09
rs539342854	3	40411536	3.14e-09
rs537196325	14	76101752	3.14e-09
rs145767002	3	48030002	3.15e-09
rs552516566	2	58789802	3.16e-09
rs370552132	5	58955677	3.16e-09
rs74935568	5	67678289	3.16e-09
rs565101569	7	104591769	3.16e-09
rs542000946	12	482058	3.16e-09
rs373986395	16	62069155	3.16e-09
rs1238556	11	75435554	3.17e-09
rs550810834	4	142364938	3.19e-09
rs181971715	7	97836330	3.19e-09
rs370542813	8	58171241	3.19e-09
rs542569679	10	68146687	3.19e-09
rs557414148	13	92045117	3.19e-09
rs556077143	17	67782901	3.19e-09
rs567554462	6	92230873	3.2e-09
rs190915926	6	32464521	3.21e-09
rs138350087	7	107472538	3.22e-09
rs559219392	19	13803614	3.22e-09
rs547052804	21	37400707	3.22e-09
rs370205530	2	143885067	3.25e-09
rs571607843	9	28204342	3.25e-09
rs578155468	4	163690360	3.26e-09
rs76989971	11	6132454	3.26e-09
rs74042187	13	27975602	3.26e-09
rs140338566	15	79336152	3.26e-09
rs9979428	21	41791058	3.26e-09
rs546396839	1	2857599	3.27e-09
rs147534803	1	161261779	3.27e-09
rs181661157	10	108334212	3.27e-09
rs187058867	11	95270680	3.27e-09
rs151145698	21	32021404	3.27e-09
rs536761922	12	116778806	3.28e-09
rs183085617	13	68104860	3.3e-09
rs76857338	13	109042642	3.3e-09
rs75233914	2	8065909	3.31e-09
rs149254127	4	189504129	3.31e-09
rs534422548	14	29059404	3.31e-09
rs148690002	15	95674750	3.31e-09
rs567829830	2	160768450	3.32e-09
rs578014391	3	110636207	3.32e-09
rs139656710	4	94402251	3.32e-09
rs527337531	6	134810842	3.32e-09
rs11963526	6	79803827	3.33e-09
rs568542441	6	31609502	3.34e-09
rs540050823	18	23617627	3.34e-09
rs566777629	10	53620276	3.36e-09
rs139904071	13	63475304	3.36e-09
rs574490661	16	20741764	3.36e-09
rs2205759	6	96786689	3.37e-09
rs377393355	8	3850534	3.38e-09
rs187881229	11	113590321	3.38e-09
rs13421997	2	64946639	3.39e-09
rs190381235	4	76080363	3.39e-09
rs545325890	20	38887388	3.39e-09
rs548304617	1	10129891	3.4e-09
rs528685246	8	134642417	3.4e-09
rs188823772	9	115737686	3.4e-09
rs189217153	11	26536520	3.41e-09
rs373664056	15	74243735	3.41e-09
rs547869092	11	37616292	3.42e-09
rs7179656	15	64188320	3.42e-09
rs574761504	17	35693102	3.42e-09
rs553996958	20	19899850	3.42e-09
rs578077949	8	28345035	3.43e-09
rs12892262	14	71369462	3.43e-09
rs552650287	20	11189332	3.43e-09
rs141284447	19	51046022	3.44e-09
rs192545817	14	40388949	3.45e-09
rs376872565	1	213134466	3.47e-09
rs541062711	4	98518598	3.47e-09
rs559048974	16	72660328	3.47e-09
rs540355368	1	170969025	3.49e-09
rs138582234	3	7652424	3.49e-09
rs557041458	5	134119910	3.49e-09
rs553226930	7	128094460	3.49e-09
rs74795823	13	105273338	3.49e-09
rs141812590	17	45893957	3.49e-09
rs545393002	14	52156241	3.5e-09
rs3760904	19	4055506	3.5e-09
rs570875313	19	41602362	3.51e-09
rs538313772	17	6707154	3.52e-09
rs182861425	1	49114537	3.54e-09
rs576871947	3	6553739	3.54e-09
rs1510644	4	36115091	3.54e-09
rs540213691	5	57622367	3.54e-09
rs557814971	5	67772078	3.54e-09
rs150594850	5	176148148	3.54e-09
rs180859440	8	48285851	3.54e-09
rs542117062	10	64262431	3.54e-09
rs568659584	15	51229185	3.54e-09
rs114131582	17	53291663	3.54e-09
rs140148250	22	17620663	3.54e-09
rs45473596	22	28194749	3.54e-09
rs540241342	8	86865268	3.55e-09
rs192726608	13	95926020	3.55e-09
rs79254101	7	28185642	3.57e-09
rs115958724	7	89283706	3.57e-09
rs187304231	10	71069228	3.58e-09
rs546116100	3	155144641	3.59e-09
rs107860	6	33220360	3.59e-09
rs74526772	6	106515218	3.59e-09
rs566851365	6	131616881	3.59e-09
rs146374437	18	50367707	3.59e-09
rs560880787	1	41465777	3.6e-09
rs576951800	10	123753397	3.6e-09
rs372331614	11	105681044	3.6e-09
rs150200421	21	28730203	3.6e-09
rs150009997	22	28034232	3.6e-09
rs182724326	8	131570092	3.61e-09
rs7395289	11	45315518	3.61e-09
rs200410144	20	34415199	3.61e-09
rs112809838	2	68402314	3.62e-09
rs111396174	8	130341286	3.62e-09
rs151324278	2	40875475	3.63e-09
rs7194752	16	11469430	3.63e-09
rs544290245	3	98484703	3.64e-09
rs189749960	5	6592329	3.64e-09
rs56078635	18	56287143	3.64e-09
rs148026915	8	24033821	3.65e-09
rs201773894	10	45141717	3.65e-09
rs187083833	16	17207910	3.66e-09
rs535773155	12	109895072	3.67e-09
rs567568330	8	26506213	3.68e-09
rs149558029	14	31645361	3.68e-09
rs557415721	20	62059278	3.69e-09
rs73395698	7	90402155	3.7e-09
rs556599756	9	117860412	3.7e-09
rs190818888	6	11651986	3.71e-09
rs188169395	8	106752326	3.71e-09
rs146325553	9	115737828	3.71e-09
rs185255329	10	16065038	3.71e-09
rs575398232	10	26946325	3.71e-09
rs552882851	2	193408036	3.72e-09
rs530770579	1	241146983	3.73e-09
rs6548662	3	79868261	3.73e-09
rs4141168	6	31243828	3.73e-09
rs1787663	11	65294830	3.73e-09
rs77228852	2	40509474	3.74e-09
rs181249328	3	76146479	3.74e-09
rs534976228	8	119149356	3.74e-09
rs529160919	16	72288040	3.74e-09
rs7226923	18	1972514	3.74e-09
rs539368329	20	43595277	3.76e-09
rs7611041	3	119199868	3.77e-09
rs73145499	4	54397803	3.77e-09
rs565681406	6	18412026	3.77e-09
rs79929503	12	33449722	3.77e-09
rs185811819	15	62501579	3.77e-09
rs543478283	11	6052982	3.78e-09
rs185281308	3	184723559	3.79e-09
rs147010971	4	90160365	3.79e-09
rs543125844	5	106185028	3.79e-09
rs183357919	10	12577812	3.79e-09
rs144193881	14	92137085	3.79e-09
rs567948905	7	141411222	3.8e-09
rs75007171	9	5759880	3.8e-09
rs146952590	13	91648234	3.8e-09
rs145081654	8	94595194	3.81e-09
rs541974425	14	63702135	3.81e-09
rs554128369	10	20608185	3.82e-09
rs79549449	13	31313039	3.82e-09
rs530875609	10	130806219	3.83e-09
rs150133918	13	32495521	3.84e-09
rs539953138	14	29419392	3.84e-09
rs558624666	1	187156271	3.85e-09
rs55696992	5	29253116	3.85e-09
rs17130279	1	68250572	3.86e-09
rs551213436	4	188951259	3.86e-09
rs56118007	6	32229603	3.86e-09
rs7857692	9	6770078	3.86e-09
rs577450810	16	80177135	3.86e-09
rs227136	20	8427005	3.87e-09
rs150430008	8	48441131	3.88e-09
rs574336931	10	13058305	3.88e-09
rs368839973	14	106330842	3.88e-09
rs58348887	18	67257422	3.89e-09
rs555738319	9	27932226	3.9e-09
rs185783614	4	190698594	3.91e-09
rs527290612	7	150148398	3.91e-09
rs116002593	17	1201531	3.91e-09
rs531295501	15	51232568	3.92e-09
rs115257047	2	134918533	3.93e-09
rs55999116	10	33305272	3.93e-09
rs183388904	11	128493340	3.93e-09
rs542197057	12	34350094	3.93e-09
rs223819	16	57394862	3.93e-09
rs113183020	4	170064733	3.94e-09
rs9392504	6	412802	3.94e-09
rs370363575	6	32625246	3.94e-09
rs571542790	17	20846306	3.94e-09
rs9909541	17	76863862	3.94e-09
rs148534326	20	40370555	3.94e-09
rs555431911	14	107170157	3.95e-09
rs551734175	5	170842127	3.96e-09
rs543627816	3	138864050	3.97e-09
rs563405847	3	138864057	3.97e-09
rs145618037	6	145697381	3.97e-09
rs149635091	13	109506365	3.98e-09
rs574662636	3	60717572	4e-09
rs533905741	5	34702727	4e-09
rs143386320	5	103647570	4e-09
rs560766521	9	134300192	4e-09
rs532515289	13	78295341	4e-09
rs4296246	16	17643282	4e-09
rs185791931	6	99748214	4.01e-09
rs115316322	1	219479661	4.02e-09
rs117402700	2	104894350	4.02e-09
rs552465910	5	171337008	4.02e-09
rs4245080	11	128421586	4.02e-09
rs12596491	16	88928417	4.02e-09
rs557657244	20	61159294	4.02e-09
rs561809156	9	104371326	4.03e-09
rs547362515	11	110308804	4.03e-09
rs62045456	16	60947206	4.03e-09
rs546317140	1	881488	4.04e-09
rs147374839	12	12673967	4.05e-09
rs115949026	13	88389585	4.05e-09
rs542280475	5	118121100	4.06e-09
rs563447432	6	36222705	4.06e-09
rs115285331	1	190611582	4.07e-09
rs541740211	10	53785061	4.07e-09
rs191449430	7	76026705	4.09e-09
rs116986872	17	57443918	4.09e-09
rs13070706	3	21108966	4.1e-09
rs2055456	3	79870907	4.1e-09
rs1354210	3	79871987	4.1e-09
rs192499816	8	23475373	4.1e-09
rs567582625	12	119346056	4.1e-09
rs541387922	7	147483193	4.11e-09
rs541185488	10	59275805	4.11e-09
rs542666398	13	65781618	4.11e-09
rs180812848	15	62501575	4.11e-09
rs192233196	5	19675945	4.13e-09
rs558257892	6	32528514	4.13e-09
rs563585761	15	30935445	4.13e-09
rs7240215	18	46490181	4.15e-09
rs533486760	1	174432957	4.16e-09
rs73770148	6	105760009	4.16e-09
rs560529213	7	93318084	4.16e-09
rs7088667	10	71069856	4.16e-09
rs79270113	18	4555026	4.16e-09
rs376960085	18	76821840	4.16e-09
rs185901688	21	39467378	4.16e-09
rs114594488	12	104177345	4.18e-09
rs146599849	12	85320319	4.19e-09
rs116628557	2	210113727	4.21e-09
rs559868929	2	190578504	4.22e-09
rs572170457	3	162428808	4.22e-09
rs541543170	12	102817437	4.22e-09
rs116358071	13	27060043	4.22e-09
rs76512413	15	64554894	4.22e-09
rs1220820	9	132199326	4.25e-09
rs550584094	10	4923336	4.27e-09
rs571334871	12	77970378	4.28e-09
rs148279592	4	30406415	4.29e-09
rs186658965	1	207232706	4.3e-09
rs8185754	8	43666559	4.3e-09
rs1755610	9	6649344	4.3e-09
rs75421962	15	39481846	4.3e-09
rs147586196	18	50234083	4.3e-09
rs145662680	14	96368105	4.31e-09
rs528345317	15	81489779	4.31e-09
rs34630948	18	5252068	4.32e-09
rs6681786	1	103665997	4.33e-09
rs72798679	2	40676206	4.34e-09
rs79213408	7	45692754	4.34e-09
rs76498226	7	45692756	4.34e-09
rs546060222	10	80860368	4.35e-09
rs116602554	18	7165577	4.35e-09
rs188588106	16	6434170	4.36e-09
rs534743336	3	124559562	4.37e-09
rs543162918	4	164569990	4.37e-09
rs577687984	16	84460313	4.37e-09
rs56119701	19	16452777	4.37e-09
rs555355292	6	162258707	4.38e-09
rs566335149	15	95121290	4.38e-09
rs533832134	15	95121305	4.38e-09
rs185491808	1	106070011	4.4e-09
rs146806896	14	85912645	4.4e-09
rs555377415	18	64691720	4.4e-09
rs571180050	6	111637584	4.41e-09
rs185400420	11	63579909	4.41e-09
rs182875432	12	106568071	4.41e-09
rs189970624	20	55289735	4.41e-09
rs185358567	1	244074528	4.43e-09
rs6852554	4	107373278	4.44e-09
rs139280197	13	98833216	4.44e-09
rs561469392	15	53489030	4.44e-09
rs114434639	7	13907554	4.45e-09
rs184552384	20	35935622	4.45e-09
rs57607301	10	125185426	4.46e-09
rs368180176	22	41690655	4.46e-09
rs145958137	6	74163012	4.47e-09
rs570002184	10	128323363	4.47e-09
rs12148282	15	67492947	4.47e-09
rs111429768	1	117427010	4.48e-09
rs529683986	6	42189344	4.49e-09
rs149700650	12	113317781	4.49e-09
rs569262871	17	20408783	4.49e-09
rs571008579	9	80375814	4.51e-09
rs189324776	3	57360344	4.52e-09
rs73811305	4	30452825	4.53e-09
rs6856032	4	38763994	4.53e-09
rs55726323	6	47677446	4.55e-09
rs116411087	12	76041167	4.55e-09
rs562338160	2	158362204	4.57e-09
rs578115783	9	95122803	4.57e-09
rs146141739	7	95248931	4.58e-09
rs116863868	9	6170847	4.58e-09
rs192044882	6	89043135	4.59e-09
rs79986344	17	71251800	4.59e-09
rs137957345	5	127189795	4.6e-09
rs7071726	10	21086507	4.6e-09
rs74148573	10	92115060	4.6e-09
rs563148503	12	107354052	4.61e-09
rs183277674	17	37949713	4.61e-09
rs141449667	10	71069600	4.62e-09
rs142878550	3	174380560	4.63e-09
rs543244881	6	162138450	4.63e-09
rs527604762	10	30646297	4.63e-09
rs571578150	6	85343731	4.64e-09
rs553198986	6	85345689	4.64e-09
rs558768156	15	92975513	4.64e-09
rs556107774	2	88780447	4.65e-09
rs146182896	4	76395928	4.65e-09
rs561358834	15	46642300	4.65e-09
rs557192265	1	22730737	4.66e-09
rs141788643	3	39901246	4.66e-09
rs547539565	6	132929579	4.66e-09
rs77569927	12	101680886	4.66e-09
rs542167906	14	96503838	4.66e-09
rs550557109	17	80357989	4.66e-09
rs142586739	1	165613257	4.67e-09
rs187909745	14	93608975	4.69e-09
rs117881980	1	242356808	4.7e-09
rs150165768	3	147322496	4.7e-09
rs557108129	7	90689896	4.7e-09
rs562892280	9	34303396	4.7e-09
rs537054698	9	34336003	4.7e-09
rs529418944	13	23742258	4.7e-09
rs560443322	20	1112036	4.7e-09
rs9299219	9	117495971	4.71e-09
rs58965274	1	2281347	4.74e-09
rs560612591	3	69270337	4.74e-09
rs539433562	6	33315767	4.74e-09
rs11008539	10	31888266	4.75e-09
rs12098443	10	31888608	4.75e-09
rs560898308	3	107698621	4.77e-09
rs77924261	5	117307775	4.77e-09
rs11652371	17	1209700	4.77e-09
rs570016910	19	12990954	4.77e-09
rs147637138	4	60678220	4.78e-09
rs544909457	10	58438561	4.78e-09
rs532656832	10	58438826	4.78e-09
rs573858437	11	88980737	4.78e-09
rs567799359	1	22242404	4.8e-09
rs150020515	9	90167551	4.8e-09
rs567983878	10	123752299	4.8e-09
rs541992472	8	30876425	4.84e-09
rs147864869	12	112407565	4.84e-09
rs74736288	15	39482182	4.84e-09
rs9836924	3	115039577	4.85e-09
rs185709135	8	38305944	4.86e-09
rs536166857	15	79337977	4.86e-09
rs547002637	5	98035358	4.87e-09
rs564179596	10	78652949	4.87e-09
rs148129035	12	50530228	4.88e-09
rs567066517	6	155992731	4.89e-09
rs574819651	9	20325560	4.89e-09
rs186770664	13	26068920	4.89e-09
rs116819050	7	7306096	4.91e-09
rs573216240	7	73423908	4.92e-09
rs531396150	19	12307137	4.92e-09
rs554898914	6	23157277	4.93e-09
rs6721008	2	38082614	4.94e-09
rs539455831	5	67514805	4.94e-09
rs183981138	5	103918774	4.94e-09
rs528144526	7	35996574	4.94e-09
rs140112672	7	141320957	4.94e-09
rs559704737	8	143942705	4.94e-09
rs534475300	10	71523213	4.94e-09
rs563053220	15	94786956	4.94e-09
rs546100599	4	137647313	4.96e-09
rs531355832	6	147120626	4.96e-09
rs149921709	8	91412345	4.96e-09
rs77715068	10	91136162	4.96e-09
rs532095981	13	90847347	4.96e-09
rs527290878	19	8216658	4.96e-09
rs572068391	8	77356401	4.97e-09
rs539138146	8	77357167	4.97e-09
rs372329320	10	12538945	4.97e-09
rs546564802	19	19424720	4.97e-09
rs149692427	3	41547569	4.98e-09
rs560508495	7	154491318	4.98e-09
rs538670930	5	169145425	4.99e-09
rs376791038	15	38821038	5e-09
