exposure	outcome	outcome_id	outcome_type	SNP	beta	SE	p_value	id.exposure	id.outcome	samplesize
Asthma	Allergic rhinitis	ALLERG_RHINITIS	binary	rs10035217	0.000620504506581891	0.000974530643387758	0.524306337698964	asthma_gwama	ALLERG_RHINITIS	489568
Asthma	Allergic rhinitis	ALLERG_RHINITIS	binary	rs10040192	0.0006206184218581	0.000974341856494255	0.524149807080619	asthma_gwama	ALLERG_RHINITIS	489568
Asthma	Allergic rhinitis	ALLERG_RHINITIS	binary	rs10057913	0.000620069369236605	0.000970497973623322	0.522875778239995	asthma_gwama	ALLERG_RHINITIS	489568
Asthma	Allergic rhinitis	ALLERG_RHINITIS	binary	rs1009727	0.000620594336612593	0.000974223803234813	0.524115634304437	asthma_gwama	ALLERG_RHINITIS	489568
Asthma	Allergic rhinitis	ALLERG_RHINITIS	binary	rs1012177	0.000620564311035344	0.000974061016814976	0.524066370443824	asthma_gwama	ALLERG_RHINITIS	489568
Asthma	Allergic rhinitis	ALLERG_RHINITIS	binary	rs10158467	0.000620366661401537	0.000972834761994902	0.523675722572398	asthma_gwama	ALLERG_RHINITIS	489568
Asthma	Allergic rhinitis	ALLERG_RHINITIS	binary	rs10175070	0.000620637280543876	0.000974413407937905	0.524167667214194	asthma_gwama	ALLERG_RHINITIS	489568
Asthma	Allergic rhinitis	ALLERG_RHINITIS	binary	rs10185424	0.00062057183515378	0.000974127312835118	0.524089580566224	asthma_gwama	ALLERG_RHINITIS	489568
Asthma	Allergic rhinitis	ALLERG_RHINITIS	binary	rs10186746	0.000620467194086629	0.00097386230483256	0.524046653682903	asthma_gwama	ALLERG_RHINITIS	489568
Asthma	Allergic rhinitis	ALLERG_RHINITIS	binary	rs10197437	0.000619879028061045	0.000974116737618458	0.524548428048759	asthma_gwama	ALLERG_RHINITIS	489568
Asthma	Allergic rhinitis	ALLERG_RHINITIS	binary	rs1021621	0.000620424977232087	0.000973119263820409	0.523758093776217	asthma_gwama	ALLERG_RHINITIS	489568
Asthma	Allergic rhinitis	ALLERG_RHINITIS	binary	rs1029751	0.000619387496430539	0.000973601506749341	0.524657976143015	asthma_gwama	ALLERG_RHINITIS	489568
Asthma	Allergic rhinitis	ALLERG_RHINITIS	binary	rs1030347	0.000620545971967306	0.000973789220035589	0.523962822048276	asthma_gwama	ALLERG_RHINITIS	489568
Asthma	Allergic rhinitis	ALLERG_RHINITIS	binary	rs10498730	0.000620731946438137	0.000974532076705487	0.524154912678937	asthma_gwama	ALLERG_RHINITIS	489568
Asthma	Allergic rhinitis	ALLERG_RHINITIS	binary	rs10751640	0.000621022821807668	0.000974538224411861	0.523963124292148	asthma_gwama	ALLERG_RHINITIS	489568
Asthma	Allergic rhinitis	ALLERG_RHINITIS	binary	rs10791824	0.000620230662980581	0.000971594811026546	0.523237085836075	asthma_gwama	ALLERG_RHINITIS	489568
Asthma	Allergic rhinitis	ALLERG_RHINITIS	binary	rs10795633	0.000620271624528119	0.000972426592429338	0.523565086927662	asthma_gwama	ALLERG_RHINITIS	489568
Asthma	Allergic rhinitis	ALLERG_RHINITIS	binary	rs10797291	0.00061908469483215	0.000972882121553824	0.524554245648891	asthma_gwama	ALLERG_RHINITIS	489568
Asthma	Allergic rhinitis	ALLERG_RHINITIS	binary	rs10905469	0.000618601907203174	0.000973880345476137	0.525302595687895	asthma_gwama	ALLERG_RHINITIS	489568
Asthma	Allergic rhinitis	ALLERG_RHINITIS	binary	rs10916031	0.00061967912501322	0.000974068215449847	0.524661510773852	asthma_gwama	ALLERG_RHINITIS	489568
Asthma	Allergic rhinitis	ALLERG_RHINITIS	binary	rs10928554	0.000620667493603829	0.000974510871297873	0.524188966949182	asthma_gwama	ALLERG_RHINITIS	489568
Asthma	Allergic rhinitis	ALLERG_RHINITIS	binary	rs10988207	0.000619665689504011	0.000974010422810233	0.524645900200074	asthma_gwama	ALLERG_RHINITIS	489568
Asthma	Allergic rhinitis	ALLERG_RHINITIS	binary	rs11069349	0.000620524071598915	0.000973754788077111	0.523962794389566	asthma_gwama	ALLERG_RHINITIS	489568
Asthma	Allergic rhinitis	ALLERG_RHINITIS	binary	rs11074853	0.000620600149816157	0.000974364389175493	0.524171617604051	asthma_gwama	ALLERG_RHINITIS	489568
Asthma	Allergic rhinitis	ALLERG_RHINITIS	binary	rs111164030	0.000620779197643896	0.00097425534391226	0.524005479282113	asthma_gwama	ALLERG_RHINITIS	489568
Asthma	Allergic rhinitis	ALLERG_RHINITIS	binary	rs111261380	0.000619945568376501	0.000974362904225002	0.524608692675187	asthma_gwama	ALLERG_RHINITIS	489568
Asthma	Allergic rhinitis	ALLERG_RHINITIS	binary	rs11146290	0.00062047862746137	0.000974512009176275	0.524315706678884	asthma_gwama	ALLERG_RHINITIS	489568
Asthma	Allergic rhinitis	ALLERG_RHINITIS	binary	rs111572801	0.000620572313860825	0.000974479947426885	0.524239427269637	asthma_gwama	ALLERG_RHINITIS	489568
Asthma	Allergic rhinitis	ALLERG_RHINITIS	binary	rs11158543	0.00062066718281959	0.000974549910613226	0.524205794634498	asthma_gwama	ALLERG_RHINITIS	489568
Asthma	Allergic rhinitis	ALLERG_RHINITIS	binary	rs111597890	0.000620153383521079	0.000974412831135111	0.524490959506095	asthma_gwama	ALLERG_RHINITIS	489568
Asthma	Allergic rhinitis	ALLERG_RHINITIS	binary	rs111641596	0.000620666624719958	0.000974478875142984	0.524175925465713	asthma_gwama	ALLERG_RHINITIS	489568
Asthma	Allergic rhinitis	ALLERG_RHINITIS	binary	rs11188006	0.00062094711477368	0.000974518470467898	0.524005307326898	asthma_gwama	ALLERG_RHINITIS	489568
Asthma	Allergic rhinitis	ALLERG_RHINITIS	binary	rs111966309	0.000618836647463968	0.000972986621907461	0.524764929653552	asthma_gwama	ALLERG_RHINITIS	489568
Asthma	Allergic rhinitis	ALLERG_RHINITIS	binary	rs112068732	0.000620549767815818	0.000973997021474515	0.524048831634893	asthma_gwama	ALLERG_RHINITIS	489568
Asthma	Allergic rhinitis	ALLERG_RHINITIS	binary	rs11207023	0.000620690077123713	0.000974534714637785	0.524184022115962	asthma_gwama	ALLERG_RHINITIS	489568
Asthma	Allergic rhinitis	ALLERG_RHINITIS	binary	rs11236723	0.00062072333113916	0.000974537913926379	0.524163156430595	asthma_gwama	ALLERG_RHINITIS	489568
Asthma	Allergic rhinitis	ALLERG_RHINITIS	binary	rs112502960	0.000615043603765263	0.000970943999808639	0.526440409343479	asthma_gwama	ALLERG_RHINITIS	489568
Asthma	Allergic rhinitis	ALLERG_RHINITIS	binary	rs11253578	0.000620666368526444	0.000974511910106771	0.524190161265969	asthma_gwama	ALLERG_RHINITIS	489568
Asthma	Allergic rhinitis	ALLERG_RHINITIS	binary	rs11255686	0.000620443656006045	0.000973347437682054	0.523842919952686	asthma_gwama	ALLERG_RHINITIS	489568
Asthma	Allergic rhinitis	ALLERG_RHINITIS	binary	rs11256016	0.000616217910003164	0.000972413333217031	0.526276906376422	asthma_gwama	ALLERG_RHINITIS	489568
Asthma	Allergic rhinitis	ALLERG_RHINITIS	binary	rs112715785	0.00062005208849655	0.000974198322319559	0.524467398084035	asthma_gwama	ALLERG_RHINITIS	489568
Asthma	Allergic rhinitis	ALLERG_RHINITIS	binary	rs112743107	0.00062070499992939	0.000974548723139065	0.524180011155278	asthma_gwama	ALLERG_RHINITIS	489568
Asthma	Allergic rhinitis	ALLERG_RHINITIS	binary	rs112842054	0.000619260062538138	0.000974041046120775	0.52493036819044	asthma_gwama	ALLERG_RHINITIS	489568
Asthma	Allergic rhinitis	ALLERG_RHINITIS	binary	rs113030358	0.000631109112657185	0.000977839724166057	0.518660480344087	asthma_gwama	ALLERG_RHINITIS	489568
Asthma	Allergic rhinitis	ALLERG_RHINITIS	binary	rs113108794	0.000620532535430098	0.000973173481215199	0.523709257521666	asthma_gwama	ALLERG_RHINITIS	489568
Asthma	Allergic rhinitis	ALLERG_RHINITIS	binary	rs113206908	0.000620609222963137	0.000974358252157024	0.524162938618442	asthma_gwama	ALLERG_RHINITIS	489568
Asthma	Allergic rhinitis	ALLERG_RHINITIS	binary	rs113214835	0.000620554082767504	0.000973639475982606	0.52389356978675	asthma_gwama	ALLERG_RHINITIS	489568
Asthma	Allergic rhinitis	ALLERG_RHINITIS	binary	rs113359448	0.000619243673917981	0.000973292889981775	0.524622813830915	asthma_gwama	ALLERG_RHINITIS	489568
Asthma	Allergic rhinitis	ALLERG_RHINITIS	binary	rs113396459	0.000620679031282881	0.000974286955002264	0.524085906667667	asthma_gwama	ALLERG_RHINITIS	489568
Asthma	Allergic rhinitis	ALLERG_RHINITIS	binary	rs113481061	0.000620433452949128	0.00097452975924043	0.524353462776722	asthma_gwama	ALLERG_RHINITIS	489568
Asthma	Allergic rhinitis	ALLERG_RHINITIS	binary	rs113484502	0.000619586387526902	0.000973875456695147	0.524641508013712	asthma_gwama	ALLERG_RHINITIS	489568
Asthma	Allergic rhinitis	ALLERG_RHINITIS	binary	rs113560750	0.000620442678188634	0.000972742102979556	0.523585297188646	asthma_gwama	ALLERG_RHINITIS	489568
Asthma	Allergic rhinitis	ALLERG_RHINITIS	binary	rs113604048	0.000620534447720674	0.000974071721795719	0.52409089983962	asthma_gwama	ALLERG_RHINITIS	489568
Asthma	Allergic rhinitis	ALLERG_RHINITIS	binary	rs113626350	0.000620482558553861	0.000973899414719208	0.524052190490296	asthma_gwama	ALLERG_RHINITIS	489568
Asthma	Allergic rhinitis	ALLERG_RHINITIS	binary	rs113973315	0.000624196168544318	0.000974179818246455	0.521691493244498	asthma_gwama	ALLERG_RHINITIS	489568
Asthma	Allergic rhinitis	ALLERG_RHINITIS	binary	rs113981909	0.000619892727351762	0.000974302385381831	0.524618281245009	asthma_gwama	ALLERG_RHINITIS	489568
Asthma	Allergic rhinitis	ALLERG_RHINITIS	binary	rs114045542	0.00060123894905713	0.000974596136958357	0.537293517798931	asthma_gwama	ALLERG_RHINITIS	489568
Asthma	Allergic rhinitis	ALLERG_RHINITIS	binary	rs114137525	0.000620653135619054	0.000974400460831105	0.524151555180587	asthma_gwama	ALLERG_RHINITIS	489568
Asthma	Allergic rhinitis	ALLERG_RHINITIS	binary	rs1143869	0.000620405729157173	0.000973242031853246	0.52382334088692	asthma_gwama	ALLERG_RHINITIS	489568
Asthma	Allergic rhinitis	ALLERG_RHINITIS	binary	rs114677569	0.00062039275527009	0.000974447237462901	0.524345546747334	asthma_gwama	ALLERG_RHINITIS	489568
Asthma	Allergic rhinitis	ALLERG_RHINITIS	binary	rs1149915	0.000620259027409994	0.00097354587844128	0.524051045859483	asthma_gwama	ALLERG_RHINITIS	489568
Asthma	Allergic rhinitis	ALLERG_RHINITIS	binary	rs115026096	0.000620651786136424	0.000974444088415165	0.524171033597687	asthma_gwama	ALLERG_RHINITIS	489568
Asthma	Allergic rhinitis	ALLERG_RHINITIS	binary	rs115222658	0.000620405089853464	0.0009716287558741	0.523134772593297	asthma_gwama	ALLERG_RHINITIS	489568
Asthma	Allergic rhinitis	ALLERG_RHINITIS	binary	rs115285331	0.000619803285289515	0.000974022671615329	0.524559054742291	asthma_gwama	ALLERG_RHINITIS	489568
Asthma	Allergic rhinitis	ALLERG_RHINITIS	binary	rs115804565	0.000620673265599611	0.000974466734446066	0.524166317196399	asthma_gwama	ALLERG_RHINITIS	489568
Asthma	Allergic rhinitis	ALLERG_RHINITIS	binary	rs11597580	0.00062109515578759	0.000974479869489972	0.523889931730311	asthma_gwama	ALLERG_RHINITIS	489568
Asthma	Allergic rhinitis	ALLERG_RHINITIS	binary	rs116018601	0.000620696069422934	0.000974542505326895	0.524183333412326	asthma_gwama	ALLERG_RHINITIS	489568
Asthma	Allergic rhinitis	ALLERG_RHINITIS	binary	rs11603178	0.000619608102526264	0.000974110406771956	0.524726986915108	asthma_gwama	ALLERG_RHINITIS	489568
Asthma	Allergic rhinitis	ALLERG_RHINITIS	binary	rs11629680	0.000620574889189563	0.000974544949910978	0.52426537708332	asthma_gwama	ALLERG_RHINITIS	489568
Asthma	Allergic rhinitis	ALLERG_RHINITIS	binary	rs11643304	0.000619696600406446	0.00097409863548045	0.52466276663938	asthma_gwama	ALLERG_RHINITIS	489568
Asthma	Allergic rhinitis	ALLERG_RHINITIS	binary	rs11647496	0.000619263017404096	0.000973408142107664	0.524658956294023	asthma_gwama	ALLERG_RHINITIS	489568
Asthma	Allergic rhinitis	ALLERG_RHINITIS	binary	rs11652371	0.000620691578652506	0.000974550866770312	0.524189894807203	asthma_gwama	ALLERG_RHINITIS	489568
Asthma	Allergic rhinitis	ALLERG_RHINITIS	binary	rs116581033	0.000620726248865686	0.000974480326876779	0.524136687799468	asthma_gwama	ALLERG_RHINITIS	489568
Asthma	Allergic rhinitis	ALLERG_RHINITIS	binary	rs116589735	0.000620394398166756	0.00097197942089977	0.52329184828966	asthma_gwama	ALLERG_RHINITIS	489568
Asthma	Allergic rhinitis	ALLERG_RHINITIS	binary	rs11663959	0.000620125655145135	0.000974307266921921	0.524464571710828	asthma_gwama	ALLERG_RHINITIS	489568
Asthma	Allergic rhinitis	ALLERG_RHINITIS	binary	rs11666329	0.000620583900656323	0.00097419184904117	0.524109002061975	asthma_gwama	ALLERG_RHINITIS	489568
Asthma	Allergic rhinitis	ALLERG_RHINITIS	binary	rs11672343	0.000620223639052581	0.00097440507181376	0.524440677104618	asthma_gwama	ALLERG_RHINITIS	489568
Asthma	Allergic rhinitis	ALLERG_RHINITIS	binary	rs11684846	0.000620568686265342	0.000973652131370855	0.523889197198635	asthma_gwama	ALLERG_RHINITIS	489568
Asthma	Allergic rhinitis	ALLERG_RHINITIS	binary	rs116863868	0.000620723427784986	0.000974545380054886	0.524166270447746	asthma_gwama	ALLERG_RHINITIS	489568
Asthma	Allergic rhinitis	ALLERG_RHINITIS	binary	rs11688802	0.000620571111637543	0.000974348874474887	0.524184424712246	asthma_gwama	ALLERG_RHINITIS	489568
Asthma	Allergic rhinitis	ALLERG_RHINITIS	binary	rs11692304	0.000620583382815201	0.000974146745806581	0.524090137000014	asthma_gwama	ALLERG_RHINITIS	489568
Asthma	Allergic rhinitis	ALLERG_RHINITIS	binary	rs116949439	0.000617026844633013	0.000975124680197397	0.526885725168339	asthma_gwama	ALLERG_RHINITIS	489568
Asthma	Allergic rhinitis	ALLERG_RHINITIS	binary	rs11699259	0.000620532952419533	0.000973715122163403	0.523939948204245	asthma_gwama	ALLERG_RHINITIS	489568
Asthma	Allergic rhinitis	ALLERG_RHINITIS	binary	rs117010001	0.000610720710899644	0.000974775251651309	0.530970882248199	asthma_gwama	ALLERG_RHINITIS	489568
Asthma	Allergic rhinitis	ALLERG_RHINITIS	binary	rs117051189	0.000619965158089305	0.000974072763816817	0.524472091099961	asthma_gwama	ALLERG_RHINITIS	489568
Asthma	Allergic rhinitis	ALLERG_RHINITIS	binary	rs11709566	0.000620479137995914	0.000973184376711661	0.52374963184486	asthma_gwama	ALLERG_RHINITIS	489568
Asthma	Allergic rhinitis	ALLERG_RHINITIS	binary	rs117097909	0.000619609797315649	0.000970730346878689	0.523283362052661	asthma_gwama	ALLERG_RHINITIS	489568
Asthma	Allergic rhinitis	ALLERG_RHINITIS	binary	rs11716980	0.000620648872138631	0.000974459745873625	0.52417964804297	asthma_gwama	ALLERG_RHINITIS	489568
Asthma	Allergic rhinitis	ALLERG_RHINITIS	binary	rs117185005	0.000620656799751363	0.000974475289691065	0.524180966591869	asthma_gwama	ALLERG_RHINITIS	489568
Asthma	Allergic rhinitis	ALLERG_RHINITIS	binary	rs117320438	0.000621089422007792	0.000976687100508597	0.524832196055247	asthma_gwama	ALLERG_RHINITIS	489568
Asthma	Allergic rhinitis	ALLERG_RHINITIS	binary	rs117378200	0.000620620028353655	0.000974215711174633	0.524095010400112	asthma_gwama	ALLERG_RHINITIS	489568
Asthma	Allergic rhinitis	ALLERG_RHINITIS	binary	rs117402700	0.00060483700566197	0.000974639644570369	0.534879287315309	asthma_gwama	ALLERG_RHINITIS	489568
Asthma	Allergic rhinitis	ALLERG_RHINITIS	binary	rs117552144	0.000620732424004006	0.000974536674457263	0.524156550946649	asthma_gwama	ALLERG_RHINITIS	489568
Asthma	Allergic rhinitis	ALLERG_RHINITIS	binary	rs117675359	0.000620674009002571	0.000974517454894054	0.524187414621835	asthma_gwama	ALLERG_RHINITIS	489568
Asthma	Allergic rhinitis	ALLERG_RHINITIS	binary	rs117683492	0.000620664769721211	0.000974523173440491	0.524196025140124	asthma_gwama	ALLERG_RHINITIS	489568
Asthma	Allergic rhinitis	ALLERG_RHINITIS	binary	rs117710327	0.000619781730134671	0.000971254075011568	0.523392164049205	asthma_gwama	ALLERG_RHINITIS	489568
Asthma	Allergic rhinitis	ALLERG_RHINITIS	binary	rs117856230	0.00061457121242751	0.000974502334447	0.528268515805122	asthma_gwama	ALLERG_RHINITIS	489568
Asthma	Allergic rhinitis	ALLERG_RHINITIS	binary	rs117971857	0.000621097332245414	0.000978866625401962	0.525750262327775	asthma_gwama	ALLERG_RHINITIS	489568
Asthma	Allergic rhinitis	ALLERG_RHINITIS	binary	rs118023715	0.000614501660550442	0.000974504698116229	0.52831619407319	asthma_gwama	ALLERG_RHINITIS	489568
Asthma	Allergic rhinitis	ALLERG_RHINITIS	binary	rs11802525	0.000619650722333697	0.000973856429159973	0.524590355845299	asthma_gwama	ALLERG_RHINITIS	489568
Asthma	Allergic rhinitis	ALLERG_RHINITIS	binary	rs11804609	0.000620479793163413	0.000973739576831477	0.52398592625038	asthma_gwama	ALLERG_RHINITIS	489568
Asthma	Allergic rhinitis	ALLERG_RHINITIS	binary	rs11809494	0.000620443561572291	0.000972928555517444	0.523664286652068	asthma_gwama	ALLERG_RHINITIS	489568
Asthma	Allergic rhinitis	ALLERG_RHINITIS	binary	rs11870777	0.000619355540869929	0.000973274797031408	0.524540205154533	asthma_gwama	ALLERG_RHINITIS	489568
Asthma	Allergic rhinitis	ALLERG_RHINITIS	binary	rs1190978	0.00061975928360609	0.00097393138475351	0.524549629179778	asthma_gwama	ALLERG_RHINITIS	489568
Asthma	Allergic rhinitis	ALLERG_RHINITIS	binary	rs11964507	0.000620777158742563	0.000974477197523857	0.524101325836032	asthma_gwama	ALLERG_RHINITIS	489568
Asthma	Allergic rhinitis	ALLERG_RHINITIS	binary	rs12077197	0.000620491744843994	0.000973378698308208	0.523824079526252	asthma_gwama	ALLERG_RHINITIS	489568
Asthma	Allergic rhinitis	ALLERG_RHINITIS	binary	rs12098541	0.000621199092238973	0.000974415454629551	0.52379303530233	asthma_gwama	ALLERG_RHINITIS	489568
Asthma	Allergic rhinitis	ALLERG_RHINITIS	binary	rs12123821	0.000620221999369647	0.000973216727003235	0.523935487385197	asthma_gwama	ALLERG_RHINITIS	489568
Asthma	Allergic rhinitis	ALLERG_RHINITIS	binary	rs12148282	0.000620641411165879	0.000973931950092674	0.523959823171588	asthma_gwama	ALLERG_RHINITIS	489568
Asthma	Allergic rhinitis	ALLERG_RHINITIS	binary	rs12212737	0.000616199204625211	0.000971744831869613	0.52600494785849	asthma_gwama	ALLERG_RHINITIS	489568
Asthma	Allergic rhinitis	ALLERG_RHINITIS	binary	rs12253380	0.00062041985692614	0.000973489188659605	0.523919284499455	asthma_gwama	ALLERG_RHINITIS	489568
Asthma	Allergic rhinitis	ALLERG_RHINITIS	binary	rs12303699	0.000620680010061055	0.000974529634215427	0.524188588396025	asthma_gwama	ALLERG_RHINITIS	489568
Asthma	Allergic rhinitis	ALLERG_RHINITIS	binary	rs1238556	0.00062065736220153	0.00097448379102825	0.524184210094675	asthma_gwama	ALLERG_RHINITIS	489568
Asthma	Allergic rhinitis	ALLERG_RHINITIS	binary	rs12419600	0.00062042526819096	0.000974408325194083	0.524307244170361	asthma_gwama	ALLERG_RHINITIS	489568
Asthma	Allergic rhinitis	ALLERG_RHINITIS	binary	rs12434251	0.000620586353467674	0.000974541707181914	0.524256333140996	asthma_gwama	ALLERG_RHINITIS	489568
Asthma	Allergic rhinitis	ALLERG_RHINITIS	binary	rs12446418	0.000620681189814027	0.000974534787405304	0.524189993661109	asthma_gwama	ALLERG_RHINITIS	489568
Asthma	Allergic rhinitis	ALLERG_RHINITIS	binary	rs12462901	0.000619416273662688	0.00097371154775551	0.524685571205117	asthma_gwama	ALLERG_RHINITIS	489568
Asthma	Allergic rhinitis	ALLERG_RHINITIS	binary	rs12467817	0.000620972265837796	0.00097451870798309	0.523988599531963	asthma_gwama	ALLERG_RHINITIS	489568
Asthma	Allergic rhinitis	ALLERG_RHINITIS	binary	rs12470864	0.00061976228785289	0.000972338990466544	0.523868738345792	asthma_gwama	ALLERG_RHINITIS	489568
Asthma	Allergic rhinitis	ALLERG_RHINITIS	binary	rs12482736	0.000619533151295361	0.000973567997394902	0.52454620989215	asthma_gwama	ALLERG_RHINITIS	489568
Asthma	Allergic rhinitis	ALLERG_RHINITIS	binary	rs12539003	0.000620560558352605	0.000974154565979103	0.524108729313752	asthma_gwama	ALLERG_RHINITIS	489568
Asthma	Allergic rhinitis	ALLERG_RHINITIS	binary	rs12595715	0.000620432375929246	0.000972962400225174	0.52368621469839	asthma_gwama	ALLERG_RHINITIS	489568
Asthma	Allergic rhinitis	ALLERG_RHINITIS	binary	rs12596491	0.00062069362841122	0.000974540589624929	0.524184149481669	asthma_gwama	ALLERG_RHINITIS	489568
Asthma	Allergic rhinitis	ALLERG_RHINITIS	binary	rs12611017	0.000620720410079111	0.000974548615363633	0.524169664898017	asthma_gwama	ALLERG_RHINITIS	489568
Asthma	Allergic rhinitis	ALLERG_RHINITIS	binary	rs12638043	0.00061916820065554	0.000973540875219935	0.52477896344551	asthma_gwama	ALLERG_RHINITIS	489568
Asthma	Allergic rhinitis	ALLERG_RHINITIS	binary	rs12653071	0.000621185538832387	0.000974396603603548	0.523794061563575	asthma_gwama	ALLERG_RHINITIS	489568
Asthma	Allergic rhinitis	ALLERG_RHINITIS	binary	rs1265764	0.000620473962612386	0.000973155184974473	0.523740641560231	asthma_gwama	ALLERG_RHINITIS	489568
Asthma	Allergic rhinitis	ALLERG_RHINITIS	binary	rs12661996	0.000619965610106484	0.000974178431027705	0.524516773259093	asthma_gwama	ALLERG_RHINITIS	489568
Asthma	Allergic rhinitis	ALLERG_RHINITIS	binary	rs12718488	0.000620082755946254	0.000969689790301765	0.522520425786666	asthma_gwama	ALLERG_RHINITIS	489568
Asthma	Allergic rhinitis	ALLERG_RHINITIS	binary	rs12722502	0.000620789635757705	0.000974348880723147	0.524038341703607	asthma_gwama	ALLERG_RHINITIS	489568
Asthma	Allergic rhinitis	ALLERG_RHINITIS	binary	rs12817660	0.000620265036746915	0.000974420165697573	0.52441941995132	asthma_gwama	ALLERG_RHINITIS	489568
Asthma	Allergic rhinitis	ALLERG_RHINITIS	binary	rs12906125	0.000620464574788637	0.000974512786212056	0.524325432132895	asthma_gwama	ALLERG_RHINITIS	489568
Asthma	Allergic rhinitis	ALLERG_RHINITIS	binary	rs12936466	0.000619157577936212	0.000973953331219227	0.524961638253988	asthma_gwama	ALLERG_RHINITIS	489568
Asthma	Allergic rhinitis	ALLERG_RHINITIS	binary	rs12953110	0.000620576587550753	0.00097411828189148	0.524082555975669	asthma_gwama	ALLERG_RHINITIS	489568
Asthma	Allergic rhinitis	ALLERG_RHINITIS	binary	rs12964116	0.000620705704773281	0.000974549281643194	0.524179777794536	asthma_gwama	ALLERG_RHINITIS	489568
Asthma	Allergic rhinitis	ALLERG_RHINITIS	binary	rs12965763	0.000619174236925199	0.000973465694869489	0.524742908167919	asthma_gwama	ALLERG_RHINITIS	489568
Asthma	Allergic rhinitis	ALLERG_RHINITIS	binary	rs13000664	0.000620364817453201	0.000974492760682489	0.524383602622841	asthma_gwama	ALLERG_RHINITIS	489568
Asthma	Allergic rhinitis	ALLERG_RHINITIS	binary	rs13049055	0.000619840258929549	0.000974104902286709	0.524569325159591	asthma_gwama	ALLERG_RHINITIS	489568
Asthma	Allergic rhinitis	ALLERG_RHINITIS	binary	rs13087727	0.000617989264615883	0.000972549327651682	0.525146501909047	asthma_gwama	ALLERG_RHINITIS	489568
Asthma	Allergic rhinitis	ALLERG_RHINITIS	binary	rs13104716	0.000620559395868556	0.000974538290918705	0.524272899516381	asthma_gwama	ALLERG_RHINITIS	489568
Asthma	Allergic rhinitis	ALLERG_RHINITIS	binary	rs13149287	0.000620594964899586	0.000974112148549189	0.524067655337215	asthma_gwama	ALLERG_RHINITIS	489568
Asthma	Allergic rhinitis	ALLERG_RHINITIS	binary	rs13290954	0.000620384397080174	0.000974485399581482	0.524367378815671	asthma_gwama	ALLERG_RHINITIS	489568
Asthma	Allergic rhinitis	ALLERG_RHINITIS	binary	rs13382528	0.000619874772876373	0.000974239331268488	0.524603455985834	asthma_gwama	ALLERG_RHINITIS	489568
Asthma	Allergic rhinitis	ALLERG_RHINITIS	binary	rs13421997	0.000620587498021594	0.000974176827944684	0.524100198843566	asthma_gwama	ALLERG_RHINITIS	489568
Asthma	Allergic rhinitis	ALLERG_RHINITIS	binary	rs1363105	0.000618960007288749	0.000972609956010365	0.524521749683737	asthma_gwama	ALLERG_RHINITIS	489568
Asthma	Allergic rhinitis	ALLERG_RHINITIS	binary	rs137926256	0.000601131803516846	0.000974914164755445	0.53749877757365	asthma_gwama	ALLERG_RHINITIS	489568
Asthma	Allergic rhinitis	ALLERG_RHINITIS	binary	rs138012443	0.000618399823666459	0.000972929667124552	0.525033331727908	asthma_gwama	ALLERG_RHINITIS	489568
Asthma	Allergic rhinitis	ALLERG_RHINITIS	binary	rs138026135	0.000621302408346049	0.000974332550686066	0.523688671348518	asthma_gwama	ALLERG_RHINITIS	489568
Asthma	Allergic rhinitis	ALLERG_RHINITIS	binary	rs138121471	0.000609233916431926	0.000975871548488457	0.532432394748363	asthma_gwama	ALLERG_RHINITIS	489568
Asthma	Allergic rhinitis	ALLERG_RHINITIS	binary	rs138327512	0.000622406721225548	0.000974553091076886	0.523045044966939	asthma_gwama	ALLERG_RHINITIS	489568
Asthma	Allergic rhinitis	ALLERG_RHINITIS	binary	rs138417339	0.000532921885755848	0.000980007878470425	0.586583602271091	asthma_gwama	ALLERG_RHINITIS	489568
Asthma	Allergic rhinitis	ALLERG_RHINITIS	binary	rs138450506	0.00061114282357961	0.000974550922457715	0.530592382271291	asthma_gwama	ALLERG_RHINITIS	489568
Asthma	Allergic rhinitis	ALLERG_RHINITIS	binary	rs138453626	0.000660218757648083	0.000984212837693298	0.502342259773026	asthma_gwama	ALLERG_RHINITIS	489568
Asthma	Allergic rhinitis	ALLERG_RHINITIS	binary	rs138542223	0.000567430973313342	0.000990473764430277	0.566720229766328	asthma_gwama	ALLERG_RHINITIS	489568
Asthma	Allergic rhinitis	ALLERG_RHINITIS	binary	rs138700582	0.000620512000546335	0.000976410676289175	0.525100352962931	asthma_gwama	ALLERG_RHINITIS	489568
Asthma	Allergic rhinitis	ALLERG_RHINITIS	binary	rs139170956	0.00062063561383363	0.000973820333726689	0.523916132705473	asthma_gwama	ALLERG_RHINITIS	489568
Asthma	Allergic rhinitis	ALLERG_RHINITIS	binary	rs139450603	0.000552776958358183	0.000980371812997887	0.572860169599972	asthma_gwama	ALLERG_RHINITIS	489568
Asthma	Allergic rhinitis	ALLERG_RHINITIS	binary	rs139671781	0.000616995930395988	0.000971451135820936	0.525344860647721	asthma_gwama	ALLERG_RHINITIS	489568
Asthma	Allergic rhinitis	ALLERG_RHINITIS	binary	rs139689471	0.000622775812996869	0.000975942931620481	0.523390826711436	asthma_gwama	ALLERG_RHINITIS	489568
Asthma	Allergic rhinitis	ALLERG_RHINITIS	binary	rs141267412	0.000518133421542966	0.000978190505435197	0.596329935910801	asthma_gwama	ALLERG_RHINITIS	489568
Asthma	Allergic rhinitis	ALLERG_RHINITIS	binary	rs141343442	0.000620288370661986	0.000972909257701289	0.523759910445397	asthma_gwama	ALLERG_RHINITIS	489568
Asthma	Allergic rhinitis	ALLERG_RHINITIS	binary	rs141405779	0.000616469892154325	0.000970134765192796	0.525136475310474	asthma_gwama	ALLERG_RHINITIS	489568
Asthma	Allergic rhinitis	ALLERG_RHINITIS	binary	rs141441459	0.000614466896840116	0.000974505889839526	0.528340029920222	asthma_gwama	ALLERG_RHINITIS	489568
Asthma	Allergic rhinitis	ALLERG_RHINITIS	binary	rs1420466	0.000620636705387089	0.000974443598863076	0.52418090645261	asthma_gwama	ALLERG_RHINITIS	489568
Asthma	Allergic rhinitis	ALLERG_RHINITIS	binary	rs142102013	0.000620397117979489	0.000974495883431173	0.524363336212816	asthma_gwama	ALLERG_RHINITIS	489568
Asthma	Allergic rhinitis	ALLERG_RHINITIS	binary	rs142757787	0.000624554079450037	0.000974478347199497	0.52158038364893	asthma_gwama	ALLERG_RHINITIS	489568
Asthma	Allergic rhinitis	ALLERG_RHINITIS	binary	rs142828423	0.000612418801227768	0.000974197031595721	0.529585049746117	asthma_gwama	ALLERG_RHINITIS	489568
Asthma	Allergic rhinitis	ALLERG_RHINITIS	binary	rs142833331	0.00073126612155232	0.000982571090682955	0.456732885341112	asthma_gwama	ALLERG_RHINITIS	489568
Asthma	Allergic rhinitis	ALLERG_RHINITIS	binary	rs142849353	0.000602244684815237	0.000975096390927703	0.536822036102146	asthma_gwama	ALLERG_RHINITIS	489568
Asthma	Allergic rhinitis	ALLERG_RHINITIS	binary	rs142974104	0.000624166109509014	0.000974958606637709	0.522044176612678	asthma_gwama	ALLERG_RHINITIS	489568
Asthma	Allergic rhinitis	ALLERG_RHINITIS	binary	rs143122977	0.000586545757922077	0.00097590031337194	0.5478197370794	asthma_gwama	ALLERG_RHINITIS	489568
Asthma	Allergic rhinitis	ALLERG_RHINITIS	binary	rs143253231	0.000620505267111854	0.000974539883540578	0.52430976238056	asthma_gwama	ALLERG_RHINITIS	489568
Asthma	Allergic rhinitis	ALLERG_RHINITIS	binary	rs143628759	0.000620373381336211	0.000974451760461475	0.524360425423413	asthma_gwama	ALLERG_RHINITIS	489568
Asthma	Allergic rhinitis	ALLERG_RHINITIS	binary	rs143857279	0.000636381161240215	0.000976502280446359	0.514598274122629	asthma_gwama	ALLERG_RHINITIS	489568
Asthma	Allergic rhinitis	ALLERG_RHINITIS	binary	rs144044754	0.000617593832772658	0.000975593133176492	0.526704606705984	asthma_gwama	ALLERG_RHINITIS	489568
Asthma	Allergic rhinitis	ALLERG_RHINITIS	binary	rs144301783	0.000619205016220249	0.00097365499012682	0.524802903020986	asthma_gwama	ALLERG_RHINITIS	489568
Asthma	Allergic rhinitis	ALLERG_RHINITIS	binary	rs144532877	0.000616040247814835	0.000975497543485857	0.527704570486299	asthma_gwama	ALLERG_RHINITIS	489568
Asthma	Allergic rhinitis	ALLERG_RHINITIS	binary	rs144666843	0.00062052404983818	0.000973919370174884	0.524032945285159	asthma_gwama	ALLERG_RHINITIS	489568
Asthma	Allergic rhinitis	ALLERG_RHINITIS	binary	rs144989638	0.000627579572943745	0.000974789694323528	0.519698502126836	asthma_gwama	ALLERG_RHINITIS	489568
Asthma	Allergic rhinitis	ALLERG_RHINITIS	binary	rs145081654	0.000670992939485216	0.000977809925367334	0.492574250659387	asthma_gwama	ALLERG_RHINITIS	489568
Asthma	Allergic rhinitis	ALLERG_RHINITIS	binary	rs145167319	0.000620050926732386	0.000974349115537852	0.524532360339272	asthma_gwama	ALLERG_RHINITIS	489568
Asthma	Allergic rhinitis	ALLERG_RHINITIS	binary	rs145237994	0.000620689681508979	0.000974497176269087	0.524168304881195	asthma_gwama	ALLERG_RHINITIS	489568
Asthma	Allergic rhinitis	ALLERG_RHINITIS	binary	rs145781990	0.000620802015257417	0.000975012454834149	0.524312532426881	asthma_gwama	ALLERG_RHINITIS	489568
Asthma	Allergic rhinitis	ALLERG_RHINITIS	binary	rs146763133	0.000642861145693285	0.0009749190197573	0.509639242363252	asthma_gwama	ALLERG_RHINITIS	489568
Asthma	Allergic rhinitis	ALLERG_RHINITIS	binary	rs146806896	0.00056130682834085	0.000980405302006983	0.566966158584869	asthma_gwama	ALLERG_RHINITIS	489568
Asthma	Allergic rhinitis	ALLERG_RHINITIS	binary	rs146983365	0.000614466896840116	0.000974505889839526	0.528340029920222	asthma_gwama	ALLERG_RHINITIS	489568
Asthma	Allergic rhinitis	ALLERG_RHINITIS	binary	rs147200296	0.000644854850025739	0.00097549590409894	0.508578090936377	asthma_gwama	ALLERG_RHINITIS	489568
Asthma	Allergic rhinitis	ALLERG_RHINITIS	binary	rs1474011	0.000620593035007779	0.000974172319899274	0.524094576542826	asthma_gwama	ALLERG_RHINITIS	489568
Asthma	Allergic rhinitis	ALLERG_RHINITIS	binary	rs147471705	0.00062025620607317	0.000974493034424127	0.524456338147275	asthma_gwama	ALLERG_RHINITIS	489568
Asthma	Allergic rhinitis	ALLERG_RHINITIS	binary	rs147739507	0.000614990543431012	0.000969705625000274	0.525948129982724	asthma_gwama	ALLERG_RHINITIS	489568
Asthma	Allergic rhinitis	ALLERG_RHINITIS	binary	rs147793459	0.000620484204769674	0.000972950737550152	0.523646555217839	asthma_gwama	ALLERG_RHINITIS	489568
Asthma	Allergic rhinitis	ALLERG_RHINITIS	binary	rs148083049	0.000620658476819457	0.000974529144064901	0.524202773445065	asthma_gwama	ALLERG_RHINITIS	489568
Asthma	Allergic rhinitis	ALLERG_RHINITIS	binary	rs148238614	0.000579029742766236	0.000978387433323111	0.553970792254009	asthma_gwama	ALLERG_RHINITIS	489568
Asthma	Allergic rhinitis	ALLERG_RHINITIS	binary	rs148673593	0.000620324011069557	0.000974488631522509	0.524409128298588	asthma_gwama	ALLERG_RHINITIS	489568
Asthma	Allergic rhinitis	ALLERG_RHINITIS	binary	rs149064226	0.000620418260204914	0.000974498338955089	0.524350246342783	asthma_gwama	ALLERG_RHINITIS	489568
Asthma	Allergic rhinitis	ALLERG_RHINITIS	binary	rs149096812	0.000620605640274173	0.000974046551763715	0.524032572289732	asthma_gwama	ALLERG_RHINITIS	489568
Asthma	Allergic rhinitis	ALLERG_RHINITIS	binary	rs150059260	0.000578869497777591	0.000973687231917002	0.552169200731831	asthma_gwama	ALLERG_RHINITIS	489568
Asthma	Allergic rhinitis	ALLERG_RHINITIS	binary	rs150597587	0.000620512902390708	0.000973757809274855	0.523971552253518	asthma_gwama	ALLERG_RHINITIS	489568
Asthma	Allergic rhinitis	ALLERG_RHINITIS	binary	rs150786584	0.000620595172443181	0.000974096630632748	0.524060906076845	asthma_gwama	ALLERG_RHINITIS	489568
Asthma	Allergic rhinitis	ALLERG_RHINITIS	binary	rs150788669	0.000620178962307062	0.000974445851181527	0.524487907886099	asthma_gwama	ALLERG_RHINITIS	489568
Asthma	Allergic rhinitis	ALLERG_RHINITIS	binary	rs151158980	0.000620726578540186	0.000974538236968557	0.524161123355046	asthma_gwama	ALLERG_RHINITIS	489568
Asthma	Allergic rhinitis	ALLERG_RHINITIS	binary	rs151220143	0.000604552670575021	0.000975947231190294	0.53561849460884	asthma_gwama	ALLERG_RHINITIS	489568
Asthma	Allergic rhinitis	ALLERG_RHINITIS	binary	rs151288460	0.000620576229499724	0.000973823284779013	0.523957104167993	asthma_gwama	ALLERG_RHINITIS	489568
Asthma	Allergic rhinitis	ALLERG_RHINITIS	binary	rs151328686	0.000620558924111008	0.000974096244967813	0.524084979547381	asthma_gwama	ALLERG_RHINITIS	489568
Asthma	Allergic rhinitis	ALLERG_RHINITIS	binary	rs1553754	0.000620442742106744	0.000973187516712271	0.52377532308974	asthma_gwama	ALLERG_RHINITIS	489568
Asthma	Allergic rhinitis	ALLERG_RHINITIS	binary	rs1617988	0.000617051810523753	0.000972321206995594	0.525678074905231	asthma_gwama	ALLERG_RHINITIS	489568
Asthma	Allergic rhinitis	ALLERG_RHINITIS	binary	rs1627507	0.000620443141298694	0.000974505166319004	0.524336517952075	asthma_gwama	ALLERG_RHINITIS	489568
Asthma	Allergic rhinitis	ALLERG_RHINITIS	binary	rs163093	0.000621155849780493	0.000974431307773582	0.523828686159526	asthma_gwama	ALLERG_RHINITIS	489568
Asthma	Allergic rhinitis	ALLERG_RHINITIS	binary	rs1644005	0.0006205094692478	0.000974525720445695	0.524300924595033	asthma_gwama	ALLERG_RHINITIS	489568
Asthma	Allergic rhinitis	ALLERG_RHINITIS	binary	rs1663671	0.000620233526276289	0.000971336963955524	0.523124889916806	asthma_gwama	ALLERG_RHINITIS	489568
Asthma	Allergic rhinitis	ALLERG_RHINITIS	binary	rs1684466	0.000620274831642087	0.000972571637845484	0.523624871477022	asthma_gwama	ALLERG_RHINITIS	489568
Asthma	Allergic rhinitis	ALLERG_RHINITIS	binary	rs16924144	0.000620465162422835	0.000973904231792641	0.524065877199611	asthma_gwama	ALLERG_RHINITIS	489568
Asthma	Allergic rhinitis	ALLERG_RHINITIS	binary	rs1705333	0.000620461406349028	0.000973819528579672	0.524032296732305	asthma_gwama	ALLERG_RHINITIS	489568
Asthma	Allergic rhinitis	ALLERG_RHINITIS	binary	rs17057868	0.000620415080415738	0.000972578300525349	0.523533836269361	asthma_gwama	ALLERG_RHINITIS	489568
Asthma	Allergic rhinitis	ALLERG_RHINITIS	binary	rs17098678	0.000620768365510964	0.000974453624850461	0.524097165916022	asthma_gwama	ALLERG_RHINITIS	489568
Asthma	Allergic rhinitis	ALLERG_RHINITIS	binary	rs17168863	0.000619274829646316	0.000974947544095309	0.525305909693217	asthma_gwama	ALLERG_RHINITIS	489568
Asthma	Allergic rhinitis	ALLERG_RHINITIS	binary	rs17181428	0.000620678665137036	0.000974513996290961	0.524182829799793	asthma_gwama	ALLERG_RHINITIS	489568
Asthma	Allergic rhinitis	ALLERG_RHINITIS	binary	rs17204454	0.000620519338236444	0.000973835216905146	0.524000236962294	asthma_gwama	ALLERG_RHINITIS	489568
Asthma	Allergic rhinitis	ALLERG_RHINITIS	binary	rs17445108	0.000620507651690755	0.00097329646373822	0.52377836586159	asthma_gwama	ALLERG_RHINITIS	489568
Asthma	Allergic rhinitis	ALLERG_RHINITIS	binary	rs174551	0.000616600802870975	0.000971508238339932	0.525634485161619	asthma_gwama	ALLERG_RHINITIS	489568
Asthma	Allergic rhinitis	ALLERG_RHINITIS	binary	rs17547610	0.000620039873441502	0.000971093895198622	0.523150652169931	asthma_gwama	ALLERG_RHINITIS	489568
Asthma	Allergic rhinitis	ALLERG_RHINITIS	binary	rs17772583	0.000620379580061511	0.000972917691213148	0.52370246746862	asthma_gwama	ALLERG_RHINITIS	489568
Asthma	Allergic rhinitis	ALLERG_RHINITIS	binary	rs1779773	0.00062081798585366	0.000974547276028843	0.524103875947761	asthma_gwama	ALLERG_RHINITIS	489568
Asthma	Allergic rhinitis	ALLERG_RHINITIS	binary	rs1787663	0.000620659804263495	0.000974414872092368	0.524153233588958	asthma_gwama	ALLERG_RHINITIS	489568
Asthma	Allergic rhinitis	ALLERG_RHINITIS	binary	rs179768	0.000620313282668123	0.000972242145496947	0.523458418793357	asthma_gwama	ALLERG_RHINITIS	489568
Asthma	Allergic rhinitis	ALLERG_RHINITIS	binary	rs1799595	0.000620796093432531	0.000974359316138385	0.524038469425798	asthma_gwama	ALLERG_RHINITIS	489568
Asthma	Allergic rhinitis	ALLERG_RHINITIS	binary	rs1800440	0.000620571555747954	0.000974028892048617	0.524047840198537	asthma_gwama	ALLERG_RHINITIS	489568
Asthma	Allergic rhinitis	ALLERG_RHINITIS	binary	rs181104005	0.000636177906831703	0.0009870064270003	0.519216931731543	asthma_gwama	ALLERG_RHINITIS	489568
Asthma	Allergic rhinitis	ALLERG_RHINITIS	binary	rs182417546	0.000603862490854278	0.000975370172305835	0.535843177767619	asthma_gwama	ALLERG_RHINITIS	489568
Asthma	Allergic rhinitis	ALLERG_RHINITIS	binary	rs183861049	0.000597996485346778	0.000988755406150342	0.545313764923095	asthma_gwama	ALLERG_RHINITIS	489568
Asthma	Allergic rhinitis	ALLERG_RHINITIS	binary	rs183886834	0.000642985881702883	0.000975190741960853	0.509675079989048	asthma_gwama	ALLERG_RHINITIS	489568
Asthma	Allergic rhinitis	ALLERG_RHINITIS	binary	rs184163934	0.000620667766060374	0.000974348663959411	0.524119717993149	asthma_gwama	ALLERG_RHINITIS	489568
Asthma	Allergic rhinitis	ALLERG_RHINITIS	binary	rs184289015	0.000636261472260344	0.000974719831672479	0.51390879535512	asthma_gwama	ALLERG_RHINITIS	489568
Asthma	Allergic rhinitis	ALLERG_RHINITIS	binary	rs184482331	0.000618739917014935	0.000972759557468986	0.524732978722847	asthma_gwama	ALLERG_RHINITIS	489568
Asthma	Allergic rhinitis	ALLERG_RHINITIS	binary	rs184739995	0.000623276632584267	0.000975131229132445	0.522711008667999	asthma_gwama	ALLERG_RHINITIS	489568
Asthma	Allergic rhinitis	ALLERG_RHINITIS	binary	rs186399184	0.000620308344001809	0.000974468867821862	0.524411191814199	asthma_gwama	ALLERG_RHINITIS	489568
Asthma	Allergic rhinitis	ALLERG_RHINITIS	binary	rs186520974	0.000619668882404979	0.000974254511116538	0.524747646093971	asthma_gwama	ALLERG_RHINITIS	489568
Asthma	Allergic rhinitis	ALLERG_RHINITIS	binary	rs187228722	0.000614310511753693	0.000974327318972966	0.52836942460689	asthma_gwama	ALLERG_RHINITIS	489568
Asthma	Allergic rhinitis	ALLERG_RHINITIS	binary	rs187528027	0.000627927036161036	0.000974342337845762	0.519275608976987	asthma_gwama	ALLERG_RHINITIS	489568
Asthma	Allergic rhinitis	ALLERG_RHINITIS	binary	rs187875490	0.000648943058440596	0.000973902283667154	0.50519838992618	asthma_gwama	ALLERG_RHINITIS	489568
Asthma	Allergic rhinitis	ALLERG_RHINITIS	binary	rs187909364	0.000722042715040037	0.000995090261901142	0.468080803719538	asthma_gwama	ALLERG_RHINITIS	489568
Asthma	Allergic rhinitis	ALLERG_RHINITIS	binary	rs188248983	0.000615998756329986	0.000976540025395838	0.52817310588249	asthma_gwama	ALLERG_RHINITIS	489568
Asthma	Allergic rhinitis	ALLERG_RHINITIS	binary	rs188388762	0.000637958645932571	0.000974458246634391	0.512673592540204	asthma_gwama	ALLERG_RHINITIS	489568
Asthma	Allergic rhinitis	ALLERG_RHINITIS	binary	rs188573597	0.000619706782266605	0.000974290013073561	0.524737398212956	asthma_gwama	ALLERG_RHINITIS	489568
Asthma	Allergic rhinitis	ALLERG_RHINITIS	binary	rs188575117	0.00062080360572548	0.000972901519368183	0.52341183397583	asthma_gwama	ALLERG_RHINITIS	489568
Asthma	Allergic rhinitis	ALLERG_RHINITIS	binary	rs1888072	0.00062053663358999	0.00097383332034629	0.52398786183292	asthma_gwama	ALLERG_RHINITIS	489568
Asthma	Allergic rhinitis	ALLERG_RHINITIS	binary	rs189099472	0.00062037698473713	0.00097442501747387	0.52434663252447	asthma_gwama	ALLERG_RHINITIS	489568
Asthma	Allergic rhinitis	ALLERG_RHINITIS	binary	rs189321018	0.000602637997006432	0.000974526278745636	0.53631782041883	asthma_gwama	ALLERG_RHINITIS	489568
Asthma	Allergic rhinitis	ALLERG_RHINITIS	binary	rs189324776	0.000620393815705619	0.000974473734065969	0.524356116298707	asthma_gwama	ALLERG_RHINITIS	489568
Asthma	Allergic rhinitis	ALLERG_RHINITIS	binary	rs189488647	0.000765798172193996	0.000985167428485167	0.436965312186689	asthma_gwama	ALLERG_RHINITIS	489568
Asthma	Allergic rhinitis	ALLERG_RHINITIS	binary	rs189539537	0.000626154943078405	0.0009748736152543	0.520682662717546	asthma_gwama	ALLERG_RHINITIS	489568
Asthma	Allergic rhinitis	ALLERG_RHINITIS	binary	rs190438685	0.000620689988157092	0.000974457465211591	0.524151192148627	asthma_gwama	ALLERG_RHINITIS	489568
Asthma	Allergic rhinitis	ALLERG_RHINITIS	binary	rs191699156	0.000619288471401206	0.000973522043119092	0.52469042535674	asthma_gwama	ALLERG_RHINITIS	489568
Asthma	Allergic rhinitis	ALLERG_RHINITIS	binary	rs192258066	0.000620234774044531	0.000974315040950528	0.524394908278869	asthma_gwama	ALLERG_RHINITIS	489568
Asthma	Allergic rhinitis	ALLERG_RHINITIS	binary	rs192487861	0.000717809335108198	0.0010349639002307	0.48795832397255	asthma_gwama	ALLERG_RHINITIS	489568
Asthma	Allergic rhinitis	ALLERG_RHINITIS	binary	rs192730519	0.000620869562024865	0.000974551729928903	0.524071301025541	asthma_gwama	ALLERG_RHINITIS	489568
Asthma	Allergic rhinitis	ALLERG_RHINITIS	binary	rs193117554	0.000594662500743526	0.000975238057249605	0.54201988991527	asthma_gwama	ALLERG_RHINITIS	489568
Asthma	Allergic rhinitis	ALLERG_RHINITIS	binary	rs193138021	0.000603394629781943	0.000980449011655637	0.538272875559825	asthma_gwama	ALLERG_RHINITIS	489568
Asthma	Allergic rhinitis	ALLERG_RHINITIS	binary	rs1946131	0.000620640436176405	0.000974440845344465	0.524177240080904	asthma_gwama	ALLERG_RHINITIS	489568
Asthma	Allergic rhinitis	ALLERG_RHINITIS	binary	rs194676	0.000618647179823706	0.000972566573456474	0.524712865597603	asthma_gwama	ALLERG_RHINITIS	489568
Asthma	Allergic rhinitis	ALLERG_RHINITIS	binary	rs1963840	0.000620817351398033	0.00097454478490253	0.524103239343079	asthma_gwama	ALLERG_RHINITIS	489568
Asthma	Allergic rhinitis	ALLERG_RHINITIS	binary	rs1971814	0.000621368333478745	0.000974301049988015	0.523631193884986	asthma_gwama	ALLERG_RHINITIS	489568
Asthma	Allergic rhinitis	ALLERG_RHINITIS	binary	rs1981551	0.000616537670415587	0.000971801159045693	0.525801672326707	asthma_gwama	ALLERG_RHINITIS	489568
Asthma	Allergic rhinitis	ALLERG_RHINITIS	binary	rs199805492	0.000618911421327945	0.000973161372863242	0.524789289438731	asthma_gwama	ALLERG_RHINITIS	489568
Asthma	Allergic rhinitis	ALLERG_RHINITIS	binary	rs200009375	0.000624322610816028	0.000975229233104488	0.522055343504881	asthma_gwama	ALLERG_RHINITIS	489568
Asthma	Allergic rhinitis	ALLERG_RHINITIS	binary	rs200305098	0.000620133707898811	0.000974370995112386	0.524486311473558	asthma_gwama	ALLERG_RHINITIS	489568
Asthma	Allergic rhinitis	ALLERG_RHINITIS	binary	rs200410144	0.000620701093909758	0.000974551100008448	0.524183633902447	asthma_gwama	ALLERG_RHINITIS	489568
Asthma	Allergic rhinitis	ALLERG_RHINITIS	binary	rs200706434	0.000614466896840116	0.000974505889839526	0.528340029920222	asthma_gwama	ALLERG_RHINITIS	489568
Asthma	Allergic rhinitis	ALLERG_RHINITIS	binary	rs201011002	0.000620596390901269	0.000973661610669243	0.523874708357465	asthma_gwama	ALLERG_RHINITIS	489568
Asthma	Allergic rhinitis	ALLERG_RHINITIS	binary	rs201519354	0.000620325840920693	0.000974485057560661	0.524406383714809	asthma_gwama	ALLERG_RHINITIS	489568
Asthma	Allergic rhinitis	ALLERG_RHINITIS	binary	rs201782376	0.000614466896840116	0.000974505889839526	0.528340029920222	asthma_gwama	ALLERG_RHINITIS	489568
Asthma	Allergic rhinitis	ALLERG_RHINITIS	binary	rs202204907	0.000618250335697034	0.00097326454399803	0.525276075261317	asthma_gwama	ALLERG_RHINITIS	489568
Asthma	Allergic rhinitis	ALLERG_RHINITIS	binary	rs2029745	0.000620392619700537	0.000972582673587397	0.523550737612435	asthma_gwama	ALLERG_RHINITIS	489568
Asthma	Allergic rhinitis	ALLERG_RHINITIS	binary	rs2032006	0.000621430351071816	0.00097424948288596	0.523567774256493	asthma_gwama	ALLERG_RHINITIS	489568
Asthma	Allergic rhinitis	ALLERG_RHINITIS	binary	rs204992	0.00062016874363549	0.000972333058577521	0.523594024400881	asthma_gwama	ALLERG_RHINITIS	489568
Asthma	Allergic rhinitis	ALLERG_RHINITIS	binary	rs2055456	0.000653793184014188	0.00097642996300679	0.503128695550947	asthma_gwama	ALLERG_RHINITIS	489568
Asthma	Allergic rhinitis	ALLERG_RHINITIS	binary	rs2066844	0.000620677036105706	0.000974491242422074	0.524174231335483	asthma_gwama	ALLERG_RHINITIS	489568
Asthma	Allergic rhinitis	ALLERG_RHINITIS	binary	rs2070901	0.00062029632730319	0.000971424118716854	0.523120100597258	asthma_gwama	ALLERG_RHINITIS	489568
Asthma	Allergic rhinitis	ALLERG_RHINITIS	binary	rs2087630	0.000631683231822855	0.000975129453252986	0.51711804882817	asthma_gwama	ALLERG_RHINITIS	489568
Asthma	Allergic rhinitis	ALLERG_RHINITIS	binary	rs2111574	0.00062045617000341	0.000974514320168733	0.524331703993103	asthma_gwama	ALLERG_RHINITIS	489568
Asthma	Allergic rhinitis	ALLERG_RHINITIS	binary	rs2143793	0.000618368094695505	0.000972898232146071	0.525041204691898	asthma_gwama	ALLERG_RHINITIS	489568
Asthma	Allergic rhinitis	ALLERG_RHINITIS	binary	rs2205759	0.000620857609815858	0.000974532800802035	0.524071229377003	asthma_gwama	ALLERG_RHINITIS	489568
Asthma	Allergic rhinitis	ALLERG_RHINITIS	binary	rs2230624	0.000620740966011213	0.000974500863723839	0.524135594562921	asthma_gwama	ALLERG_RHINITIS	489568
Asthma	Allergic rhinitis	ALLERG_RHINITIS	binary	rs223819	0.000620671359895736	0.000974501246152557	0.524182284702274	asthma_gwama	ALLERG_RHINITIS	489568
Asthma	Allergic rhinitis	ALLERG_RHINITIS	binary	rs2239349	0.000620642857104827	0.000974376541479988	0.524148241255335	asthma_gwama	ALLERG_RHINITIS	489568
Asthma	Allergic rhinitis	ALLERG_RHINITIS	binary	rs2243284	0.000613976495424651	0.000971316950075571	0.527316791862523	asthma_gwama	ALLERG_RHINITIS	489568
Asthma	Allergic rhinitis	ALLERG_RHINITIS	binary	rs2262046	0.000618432373241961	0.000972564094765742	0.524855767520014	asthma_gwama	ALLERG_RHINITIS	489568
Asthma	Allergic rhinitis	ALLERG_RHINITIS	binary	rs227136	0.000620767662330075	0.000974465366490175	0.524102635691848	asthma_gwama	ALLERG_RHINITIS	489568
Asthma	Allergic rhinitis	ALLERG_RHINITIS	binary	rs2274468	0.000627451495712898	0.000978696682087708	0.52145170489795	asthma_gwama	ALLERG_RHINITIS	489568
Asthma	Allergic rhinitis	ALLERG_RHINITIS	binary	rs2282160	0.000620651095359127	0.000974486255345969	0.524189448450434	asthma_gwama	ALLERG_RHINITIS	489568
Asthma	Allergic rhinitis	ALLERG_RHINITIS	binary	rs2315649	0.000620547828140778	0.000973998008553464	0.524050549258837	asthma_gwama	ALLERG_RHINITIS	489568
Asthma	Allergic rhinitis	ALLERG_RHINITIS	binary	rs2381384	0.000620464283107173	0.000973495820581977	0.523892392534878	asthma_gwama	ALLERG_RHINITIS	489568
Asthma	Allergic rhinitis	ALLERG_RHINITIS	binary	rs2428493	0.000620644034110586	0.00097445830345253	0.524182268038378	asthma_gwama	ALLERG_RHINITIS	489568
Asthma	Allergic rhinitis	ALLERG_RHINITIS	binary	rs2439042	0.000619648092348193	0.000973959294117542	0.524635909554748	asthma_gwama	ALLERG_RHINITIS	489568
Asthma	Allergic rhinitis	ALLERG_RHINITIS	binary	rs252872	0.000617795320274502	0.000971786301799337	0.524951336162083	asthma_gwama	ALLERG_RHINITIS	489568
Asthma	Allergic rhinitis	ALLERG_RHINITIS	binary	rs2621348	0.00061994835853516	0.000974424599310164	0.524633079347806	asthma_gwama	ALLERG_RHINITIS	489568
Asthma	Allergic rhinitis	ALLERG_RHINITIS	binary	rs2647074	0.000608963558240546	0.000966462436224636	0.528632153631645	asthma_gwama	ALLERG_RHINITIS	489568
Asthma	Allergic rhinitis	ALLERG_RHINITIS	binary	rs2652696	0.000618389113995999	0.000973566087657728	0.525311423275719	asthma_gwama	ALLERG_RHINITIS	489568
Asthma	Allergic rhinitis	ALLERG_RHINITIS	binary	rs274945	0.000620773982970794	0.000974492396841119	0.524109920420683	asthma_gwama	ALLERG_RHINITIS	489568
Asthma	Allergic rhinitis	ALLERG_RHINITIS	binary	rs2766678	0.000618265696219018	0.000972468022207481	0.52492654365441	asthma_gwama	ALLERG_RHINITIS	489568
Asthma	Allergic rhinitis	ALLERG_RHINITIS	binary	rs28373140	0.000623538355348045	0.000974907449320462	0.522440986507693	asthma_gwama	ALLERG_RHINITIS	489568
Asthma	Allergic rhinitis	ALLERG_RHINITIS	binary	rs28514280	0.000621033577997971	0.000974490705065064	0.523935698421743	asthma_gwama	ALLERG_RHINITIS	489568
Asthma	Allergic rhinitis	ALLERG_RHINITIS	binary	rs2852714	0.00062051589551149	0.000973871352217216	0.524017937890701	asthma_gwama	ALLERG_RHINITIS	489568
Asthma	Allergic rhinitis	ALLERG_RHINITIS	binary	rs28588688	0.00062157771434106	0.000974253285343399	0.523470928419595	asthma_gwama	ALLERG_RHINITIS	489568
Asthma	Allergic rhinitis	ALLERG_RHINITIS	binary	rs28607030	0.000620715919406535	0.00097455028081795	0.524173375553491	asthma_gwama	ALLERG_RHINITIS	489568
Asthma	Allergic rhinitis	ALLERG_RHINITIS	binary	rs28617673	0.000620350893195982	0.000972994984331025	0.523754646025074	asthma_gwama	ALLERG_RHINITIS	489568
Asthma	Allergic rhinitis	ALLERG_RHINITIS	binary	rs28635831	0.000619322124426565	0.000974009573933438	0.52487544146298	asthma_gwama	ALLERG_RHINITIS	489568
Asthma	Allergic rhinitis	ALLERG_RHINITIS	binary	rs28893537	0.000617122650870476	0.000973229731697863	0.52601711973055	asthma_gwama	ALLERG_RHINITIS	489568
Asthma	Allergic rhinitis	ALLERG_RHINITIS	binary	rs3024664	0.000620284202800484	0.00097348304884706	0.524007420394168	asthma_gwama	ALLERG_RHINITIS	489568
Asthma	Allergic rhinitis	ALLERG_RHINITIS	binary	rs3024971	0.000620187237725321	0.00097148406668641	0.523218817683387	asthma_gwama	ALLERG_RHINITIS	489568
Asthma	Allergic rhinitis	ALLERG_RHINITIS	binary	rs3091308	0.000616212128966363	0.000973367400274274	0.526686302617426	asthma_gwama	ALLERG_RHINITIS	489568
Asthma	Allergic rhinitis	ALLERG_RHINITIS	binary	rs3116990	0.000620706719490146	0.000974552540560637	0.524180486942662	asthma_gwama	ALLERG_RHINITIS	489568
Asthma	Allergic rhinitis	ALLERG_RHINITIS	binary	rs3122929	0.000619668272975774	0.000970174350150656	0.523006097410156	asthma_gwama	ALLERG_RHINITIS	489568
Asthma	Allergic rhinitis	ALLERG_RHINITIS	binary	rs3131024	0.000620849094071	0.000974017098659369	0.523857244579702	asthma_gwama	ALLERG_RHINITIS	489568
Asthma	Allergic rhinitis	ALLERG_RHINITIS	binary	rs3135911	0.000618658935110535	0.000972863843706004	0.524831675277286	asthma_gwama	ALLERG_RHINITIS	489568
Asthma	Allergic rhinitis	ALLERG_RHINITIS	binary	rs322355	0.000619741227020927	0.000974157656603911	0.524658030860033	asthma_gwama	ALLERG_RHINITIS	489568
Asthma	Allergic rhinitis	ALLERG_RHINITIS	binary	rs34108746	0.000620671773720656	0.000974516803138701	0.524188631310356	asthma_gwama	ALLERG_RHINITIS	489568
Asthma	Allergic rhinitis	ALLERG_RHINITIS	binary	rs34111295	0.000621108369923247	0.000974459155559836	0.523872278078797	asthma_gwama	ALLERG_RHINITIS	489568
Asthma	Allergic rhinitis	ALLERG_RHINITIS	binary	rs34173062	0.00062069097338818	0.000974541885952368	0.524186476050537	asthma_gwama	ALLERG_RHINITIS	489568
Asthma	Allergic rhinitis	ALLERG_RHINITIS	binary	rs34215892	0.000620412065596352	0.000971794219908852	0.523200851160531	asthma_gwama	ALLERG_RHINITIS	489568
Asthma	Allergic rhinitis	ALLERG_RHINITIS	binary	rs34240248	0.000619771819856069	0.000974003693792621	0.52457202698155	asthma_gwama	ALLERG_RHINITIS	489568
Asthma	Allergic rhinitis	ALLERG_RHINITIS	binary	rs34368225	0.000619877437153225	0.00097407402291601	0.524531308478561	asthma_gwama	ALLERG_RHINITIS	489568
Asthma	Allergic rhinitis	ALLERG_RHINITIS	binary	rs34607223	0.000620375622861388	0.000974480514853551	0.524371166013594	asthma_gwama	ALLERG_RHINITIS	489568
Asthma	Allergic rhinitis	ALLERG_RHINITIS	binary	rs34630948	0.000620545188073987	0.00097454115805351	0.524283617718553	asthma_gwama	ALLERG_RHINITIS	489568
Asthma	Allergic rhinitis	ALLERG_RHINITIS	binary	rs34660307	0.000620775767621247	0.00097446813283133	0.524098395868616	asthma_gwama	ALLERG_RHINITIS	489568
Asthma	Allergic rhinitis	ALLERG_RHINITIS	binary	rs34712979	0.000620793747634154	0.000974393308329353	0.524054514155131	asthma_gwama	ALLERG_RHINITIS	489568
Asthma	Allergic rhinitis	ALLERG_RHINITIS	binary	rs35032841	0.000620334512810028	0.000974482039308254	0.524399300991595	asthma_gwama	ALLERG_RHINITIS	489568
Asthma	Allergic rhinitis	ALLERG_RHINITIS	binary	rs35167234	0.000620627621273665	0.000974382644596148	0.524161025477897	asthma_gwama	ALLERG_RHINITIS	489568
Asthma	Allergic rhinitis	ALLERG_RHINITIS	binary	rs35177143	0.000618805185511052	0.000973548308934477	0.525025195712797	asthma_gwama	ALLERG_RHINITIS	489568
Asthma	Allergic rhinitis	ALLERG_RHINITIS	binary	rs35330847	0.000620487815288815	0.000973397199303456	0.523834598046193	asthma_gwama	ALLERG_RHINITIS	489568
Asthma	Allergic rhinitis	ALLERG_RHINITIS	binary	rs35407628	0.000620052269539177	0.000974154206899593	0.524448496222234	asthma_gwama	ALLERG_RHINITIS	489568
Asthma	Allergic rhinitis	ALLERG_RHINITIS	binary	rs35449774	0.000620456594955776	0.00097275935668701	0.523583348404452	asthma_gwama	ALLERG_RHINITIS	489568
Asthma	Allergic rhinitis	ALLERG_RHINITIS	binary	rs35453239	0.000620735449101825	0.000974526970505309	0.5241503974817	asthma_gwama	ALLERG_RHINITIS	489568
Asthma	Allergic rhinitis	ALLERG_RHINITIS	binary	rs35462600	0.000620738620236833	0.0009745094643885	0.524140824435396	asthma_gwama	ALLERG_RHINITIS	489568
Asthma	Allergic rhinitis	ALLERG_RHINITIS	binary	rs35586997	0.000621082022863476	0.00097451665290992	0.52391437477903	asthma_gwama	ALLERG_RHINITIS	489568
Asthma	Allergic rhinitis	ALLERG_RHINITIS	binary	rs35668054	0.00062045107098168	0.000973119448834013	0.523740712905544	asthma_gwama	ALLERG_RHINITIS	489568
Asthma	Allergic rhinitis	ALLERG_RHINITIS	binary	rs35960329	0.000620510025785682	0.000972672828535143	0.523510649033702	asthma_gwama	ALLERG_RHINITIS	489568
Asthma	Allergic rhinitis	ALLERG_RHINITIS	binary	rs36198584	0.00061978319055829	0.00097423459148767	0.52466270079969	asthma_gwama	ALLERG_RHINITIS	489568
Asthma	Allergic rhinitis	ALLERG_RHINITIS	binary	rs364359	0.000620008311302294	0.000974269118004953	0.524526813688351	asthma_gwama	ALLERG_RHINITIS	489568
Asthma	Allergic rhinitis	ALLERG_RHINITIS	binary	rs368560236	0.00061819497715518	0.000974750608412422	0.525944857527625	asthma_gwama	ALLERG_RHINITIS	489568
Asthma	Allergic rhinitis	ALLERG_RHINITIS	binary	rs369028166	0.000620029270269204	0.000974445384474789	0.524587811755415	asthma_gwama	ALLERG_RHINITIS	489568
Asthma	Allergic rhinitis	ALLERG_RHINITIS	binary	rs371235274	0.000618174910256806	0.000974754424784494	0.525959911246783	asthma_gwama	ALLERG_RHINITIS	489568
Asthma	Allergic rhinitis	ALLERG_RHINITIS	binary	rs371891784	0.000619545956712657	0.000973436610044068	0.5244816702071	asthma_gwama	ALLERG_RHINITIS	489568
Asthma	Allergic rhinitis	ALLERG_RHINITIS	binary	rs372911770	0.000618731633133586	0.000974663226003091	0.525548545512943	asthma_gwama	ALLERG_RHINITIS	489568
Asthma	Allergic rhinitis	ALLERG_RHINITIS	binary	rs374381259	0.000595753579203367	0.000974031741594428	0.540778137997479	asthma_gwama	ALLERG_RHINITIS	489568
Asthma	Allergic rhinitis	ALLERG_RHINITIS	binary	rs3749833	0.00061982936153433	0.000971666758250226	0.523536676402527	asthma_gwama	ALLERG_RHINITIS	489568
Asthma	Allergic rhinitis	ALLERG_RHINITIS	binary	rs376573492	0.000625698592809078	0.000974435681673662	0.520799300049872	asthma_gwama	ALLERG_RHINITIS	489568
Asthma	Allergic rhinitis	ALLERG_RHINITIS	binary	rs3774190	0.000619811248070682	0.000974542853895217	0.524775089093669	asthma_gwama	ALLERG_RHINITIS	489568
Asthma	Allergic rhinitis	ALLERG_RHINITIS	binary	rs377618546	0.000620026437914726	0.000974297988140226	0.52452697811772	asthma_gwama	ALLERG_RHINITIS	489568
Asthma	Allergic rhinitis	ALLERG_RHINITIS	binary	rs3777755	0.000620620357017615	0.000974319720888246	0.524139087053024	asthma_gwama	ALLERG_RHINITIS	489568
Asthma	Allergic rhinitis	ALLERG_RHINITIS	binary	rs3825729	0.000616784039624256	0.000971449838904075	0.525486562516956	asthma_gwama	ALLERG_RHINITIS	489568
Asthma	Allergic rhinitis	ALLERG_RHINITIS	binary	rs3826620	0.000620690640505263	0.000974539710283679	0.524185772320922	asthma_gwama	ALLERG_RHINITIS	489568
Asthma	Allergic rhinitis	ALLERG_RHINITIS	binary	rs3828058	0.00062048924229497	0.000973977839115521	0.524081134281919	asthma_gwama	ALLERG_RHINITIS	489568
Asthma	Allergic rhinitis	ALLERG_RHINITIS	binary	rs3867128	0.000616130837657401	0.00096919059029406	0.524960959132244	asthma_gwama	ALLERG_RHINITIS	489568
Asthma	Allergic rhinitis	ALLERG_RHINITIS	binary	rs4097694	0.000620876820515518	0.000974539682109039	0.524061319922926	asthma_gwama	ALLERG_RHINITIS	489568
Asthma	Allergic rhinitis	ALLERG_RHINITIS	binary	rs41265154	0.000620720786478606	0.000974538831367056	0.524165247911169	asthma_gwama	ALLERG_RHINITIS	489568
Asthma	Allergic rhinitis	ALLERG_RHINITIS	binary	rs41283642	0.000620477850783271	0.000973853050611962	0.524035583125141	asthma_gwama	ALLERG_RHINITIS	489568
Asthma	Allergic rhinitis	ALLERG_RHINITIS	binary	rs41285280	0.000620366570920648	0.000973293358131396	0.523871430993965	asthma_gwama	ALLERG_RHINITIS	489568
Asthma	Allergic rhinitis	ALLERG_RHINITIS	binary	rs4141168	0.000619320687179805	0.000973642734469754	0.52472025298964	asthma_gwama	ALLERG_RHINITIS	489568
Asthma	Allergic rhinitis	ALLERG_RHINITIS	binary	rs4245080	0.000620439990841564	0.000972441631717828	0.523458799485827	asthma_gwama	ALLERG_RHINITIS	489568
Asthma	Allergic rhinitis	ALLERG_RHINITIS	binary	rs4365903	0.000619687397777757	0.000973928227835522	0.524596383904126	asthma_gwama	ALLERG_RHINITIS	489568
Asthma	Allergic rhinitis	ALLERG_RHINITIS	binary	rs4385322	0.000619044826365509	0.000973600078979168	0.524886770863002	asthma_gwama	ALLERG_RHINITIS	489568
Asthma	Allergic rhinitis	ALLERG_RHINITIS	binary	rs4393428	0.000620338586734556	0.000972251305900748	0.523445390252889	asthma_gwama	ALLERG_RHINITIS	489568
Asthma	Allergic rhinitis	ALLERG_RHINITIS	binary	rs4510515	0.000619913996352091	0.000974139927166948	0.524534907782344	asthma_gwama	ALLERG_RHINITIS	489568
Asthma	Allergic rhinitis	ALLERG_RHINITIS	binary	rs45473596	0.000638072286280513	0.000992149084408421	0.520145343902795	asthma_gwama	ALLERG_RHINITIS	489568
Asthma	Allergic rhinitis	ALLERG_RHINITIS	binary	rs4548024	0.000620130388344116	0.000974341147322212	0.524475827412584	asthma_gwama	ALLERG_RHINITIS	489568
Asthma	Allergic rhinitis	ALLERG_RHINITIS	binary	rs4550510	0.000621076194672145	0.000974457600182057	0.523893117835967	asthma_gwama	ALLERG_RHINITIS	489568
Asthma	Allergic rhinitis	ALLERG_RHINITIS	binary	rs4665699	0.000620734726072143	0.000974536394751192	0.524154893135808	asthma_gwama	ALLERG_RHINITIS	489568
Asthma	Allergic rhinitis	ALLERG_RHINITIS	binary	rs4673685	0.000619206616210057	0.000972970007325726	0.524510045889657	asthma_gwama	ALLERG_RHINITIS	489568
Asthma	Allergic rhinitis	ALLERG_RHINITIS	binary	rs4713678	0.000620599252992629	0.000974228715884817	0.524114439556289	asthma_gwama	ALLERG_RHINITIS	489568
Asthma	Allergic rhinitis	ALLERG_RHINITIS	binary	rs4719622	0.000620621925766491	0.000974299163749524	0.524129283833191	asthma_gwama	ALLERG_RHINITIS	489568
Asthma	Allergic rhinitis	ALLERG_RHINITIS	binary	rs4749997	0.000620653759750686	0.000974472466081843	0.524181796569317	asthma_gwama	ALLERG_RHINITIS	489568
Asthma	Allergic rhinitis	ALLERG_RHINITIS	binary	rs4785704	0.000620913616290645	0.000974531584171181	0.524033279613177	asthma_gwama	ALLERG_RHINITIS	489568
Asthma	Allergic rhinitis	ALLERG_RHINITIS	binary	rs4787938	0.000620457095356892	0.000972979723152045	0.523677065103689	asthma_gwama	ALLERG_RHINITIS	489568
Asthma	Allergic rhinitis	ALLERG_RHINITIS	binary	rs4833096	0.000611794040743053	0.000961546749231376	0.524606764303418	asthma_gwama	ALLERG_RHINITIS	489568
Asthma	Allergic rhinitis	ALLERG_RHINITIS	binary	rs4833938	0.000619377394687886	0.000973643636247533	0.524682678050413	asthma_gwama	ALLERG_RHINITIS	489568
Asthma	Allergic rhinitis	ALLERG_RHINITIS	binary	rs4845604	0.000620441402587617	0.00097358927099413	0.523947538406441	asthma_gwama	ALLERG_RHINITIS	489568
Asthma	Allergic rhinitis	ALLERG_RHINITIS	binary	rs4855569	0.000620719577293348	0.000974549268477864	0.5241704995932	asthma_gwama	ALLERG_RHINITIS	489568
Asthma	Allergic rhinitis	ALLERG_RHINITIS	binary	rs4897221	0.000620029624001883	0.000974321594067096	0.524534894287124	asthma_gwama	ALLERG_RHINITIS	489568
Asthma	Allergic rhinitis	ALLERG_RHINITIS	binary	rs4900299	0.000494578180191323	0.000992795652859086	0.618366234646613	asthma_gwama	ALLERG_RHINITIS	489568
Asthma	Allergic rhinitis	ALLERG_RHINITIS	binary	rs4916532	0.000620656710139261	0.000974458577748209	0.524173911165994	asthma_gwama	ALLERG_RHINITIS	489568
Asthma	Allergic rhinitis	ALLERG_RHINITIS	binary	rs5008056	0.000620279042853176	0.00097445353341449	0.524424256932183	asthma_gwama	ALLERG_RHINITIS	489568
Asthma	Allergic rhinitis	ALLERG_RHINITIS	binary	rs509399	0.000620585463857591	0.000974168474180167	0.524098000734652	asthma_gwama	ALLERG_RHINITIS	489568
Asthma	Allergic rhinitis	ALLERG_RHINITIS	binary	rs528498619	0.000625571937335338	0.000975486022958092	0.521332616525644	asthma_gwama	ALLERG_RHINITIS	489568
Asthma	Allergic rhinitis	ALLERG_RHINITIS	binary	rs529670342	0.000610543261647922	0.000974374455667445	0.530921315089047	asthma_gwama	ALLERG_RHINITIS	489568
Asthma	Allergic rhinitis	ALLERG_RHINITIS	binary	rs530232231	0.000613384003816851	0.000974984575076738	0.529269351069889	asthma_gwama	ALLERG_RHINITIS	489568
Asthma	Allergic rhinitis	ALLERG_RHINITIS	binary	rs531660643	0.000620439179555567	0.000974514310929939	0.524343058934624	asthma_gwama	ALLERG_RHINITIS	489568
Asthma	Allergic rhinitis	ALLERG_RHINITIS	binary	rs532600469	0.000616996208092745	0.000974377496955457	0.526589390873054	asthma_gwama	ALLERG_RHINITIS	489568
Asthma	Allergic rhinitis	ALLERG_RHINITIS	binary	rs533283473	0.000692323037605401	0.000983121085047049	0.481302423456066	asthma_gwama	ALLERG_RHINITIS	489568
Asthma	Allergic rhinitis	ALLERG_RHINITIS	binary	rs533588713	0.000608597585942407	0.000974371235151472	0.532230040397309	asthma_gwama	ALLERG_RHINITIS	489568
Asthma	Allergic rhinitis	ALLERG_RHINITIS	binary	rs533591327	0.000664605643937907	0.00097464134239319	0.495303669557441	asthma_gwama	ALLERG_RHINITIS	489568
Asthma	Allergic rhinitis	ALLERG_RHINITIS	binary	rs533959313	0.000598237071470085	0.000975040088168953	0.539511901955661	asthma_gwama	ALLERG_RHINITIS	489568
Asthma	Allergic rhinitis	ALLERG_RHINITIS	binary	rs534188121	0.000597152146785509	0.0009760287513519	0.540658051592193	asthma_gwama	ALLERG_RHINITIS	489568
Asthma	Allergic rhinitis	ALLERG_RHINITIS	binary	rs534820243	0.00069278479918045	0.000983165116913087	0.481029657492836	asthma_gwama	ALLERG_RHINITIS	489568
Asthma	Allergic rhinitis	ALLERG_RHINITIS	binary	rs535852797	0.000626026200863947	0.000975054078395238	0.520845560026026	asthma_gwama	ALLERG_RHINITIS	489568
Asthma	Allergic rhinitis	ALLERG_RHINITIS	binary	rs537880376	0.000635492234570714	0.000974185837367162	0.514187260032705	asthma_gwama	ALLERG_RHINITIS	489568
Asthma	Allergic rhinitis	ALLERG_RHINITIS	binary	rs538313772	0.000620593546650152	0.000974541472589924	0.52425142484193	asthma_gwama	ALLERG_RHINITIS	489568
Asthma	Allergic rhinitis	ALLERG_RHINITIS	binary	rs538590173	0.00061376751416158	0.000975275042677848	0.529134597621575	asthma_gwama	ALLERG_RHINITIS	489568
Asthma	Allergic rhinitis	ALLERG_RHINITIS	binary	rs541612525	0.000620553511966364	0.000974032212607054	0.524061320581517	asthma_gwama	ALLERG_RHINITIS	489568
Asthma	Allergic rhinitis	ALLERG_RHINITIS	binary	rs542000946	0.000617716349420452	0.000974610863080161	0.526206006061257	asthma_gwama	ALLERG_RHINITIS	489568
Asthma	Allergic rhinitis	ALLERG_RHINITIS	binary	rs544253	0.000620579060708053	0.000974270194569648	0.524145605170954	asthma_gwama	ALLERG_RHINITIS	489568
Asthma	Allergic rhinitis	ALLERG_RHINITIS	binary	rs545072519	0.000620713193280694	0.00097445442451248	0.52413438581135	asthma_gwama	ALLERG_RHINITIS	489568
Asthma	Allergic rhinitis	ALLERG_RHINITIS	binary	rs545239531	0.000653613107884885	0.000974950867833215	0.502598882468004	asthma_gwama	ALLERG_RHINITIS	489568
Asthma	Allergic rhinitis	ALLERG_RHINITIS	binary	rs545377435	0.000621230792734237	0.00097455489224999	0.523831249689207	asthma_gwama	ALLERG_RHINITIS	489568
Asthma	Allergic rhinitis	ALLERG_RHINITIS	binary	rs545989971	0.000652166593283184	0.000975664752557008	0.503857186999556	asthma_gwama	ALLERG_RHINITIS	489568
Asthma	Allergic rhinitis	ALLERG_RHINITIS	binary	rs546250872	0.000633010270541764	0.000976107266903619	0.516658492280295	asthma_gwama	ALLERG_RHINITIS	489568
Asthma	Allergic rhinitis	ALLERG_RHINITIS	binary	rs548208154	0.000567480869704836	0.000990102676530054	0.566540727922083	asthma_gwama	ALLERG_RHINITIS	489568
Asthma	Allergic rhinitis	ALLERG_RHINITIS	binary	rs548299021	0.000623843263206192	0.000976560441863803	0.522942086737493	asthma_gwama	ALLERG_RHINITIS	489568
Asthma	Allergic rhinitis	ALLERG_RHINITIS	binary	rs548785166	0.000651411857004236	0.00097674061235424	0.504820614001318	asthma_gwama	ALLERG_RHINITIS	489568
Asthma	Allergic rhinitis	ALLERG_RHINITIS	binary	rs549479504	0.000629940060575348	0.000974653210364167	0.518070678099377	asthma_gwama	ALLERG_RHINITIS	489568
Asthma	Allergic rhinitis	ALLERG_RHINITIS	binary	rs549956721	0.000619944250501804	0.000974037283688967	0.524470971032072	asthma_gwama	ALLERG_RHINITIS	489568
Asthma	Allergic rhinitis	ALLERG_RHINITIS	binary	rs550188093	0.000618625357352661	0.000975541107540937	0.525992323559302	asthma_gwama	ALLERG_RHINITIS	489568
Asthma	Allergic rhinitis	ALLERG_RHINITIS	binary	rs551235185	0.00062213056814515	0.000975581044677202	0.52366729311503	asthma_gwama	ALLERG_RHINITIS	489568
Asthma	Allergic rhinitis	ALLERG_RHINITIS	binary	rs551258059	0.00077595380387566	0.00100296165406817	0.439130411431477	asthma_gwama	ALLERG_RHINITIS	489568
Asthma	Allergic rhinitis	ALLERG_RHINITIS	binary	rs551599729	0.000799650090752247	0.00100727207969047	0.427267067189512	asthma_gwama	ALLERG_RHINITIS	489568
Asthma	Allergic rhinitis	ALLERG_RHINITIS	binary	rs554005245	0.000617536584295126	0.000981383404946914	0.529184681425187	asthma_gwama	ALLERG_RHINITIS	489568
Asthma	Allergic rhinitis	ALLERG_RHINITIS	binary	rs554870125	0.000611210192439709	0.000975263239013492	0.530847352474325	asthma_gwama	ALLERG_RHINITIS	489568
Asthma	Allergic rhinitis	ALLERG_RHINITIS	binary	rs554911459	0.000526808239472344	0.000980833026371282	0.591196554222396	asthma_gwama	ALLERG_RHINITIS	489568
Asthma	Allergic rhinitis	ALLERG_RHINITIS	binary	rs554917545	0.000625583995594041	0.000976090755377728	0.521582709672462	asthma_gwama	ALLERG_RHINITIS	489568
Asthma	Allergic rhinitis	ALLERG_RHINITIS	binary	rs555284836	0.000944864660169237	0.00103769396621792	0.362536376304687	asthma_gwama	ALLERG_RHINITIS	489568
Asthma	Allergic rhinitis	ALLERG_RHINITIS	binary	rs555738319	0.000556185667744145	0.000976045412964308	0.568789037667604	asthma_gwama	ALLERG_RHINITIS	489568
Asthma	Allergic rhinitis	ALLERG_RHINITIS	binary	rs555805184	0.00061827233536719	0.000974466493169238	0.525772412236444	asthma_gwama	ALLERG_RHINITIS	489568
Asthma	Allergic rhinitis	ALLERG_RHINITIS	binary	rs55646091	0.000619256982217054	0.000966976297332762	0.521908979175419	asthma_gwama	ALLERG_RHINITIS	489568
Asthma	Allergic rhinitis	ALLERG_RHINITIS	binary	rs55661102	0.000620301658574844	0.000973056123844208	0.5238136782867	asthma_gwama	ALLERG_RHINITIS	489568
Asthma	Allergic rhinitis	ALLERG_RHINITIS	binary	rs55745041	0.000620365341261772	0.000974491395991656	0.524382671560958	asthma_gwama	ALLERG_RHINITIS	489568
Asthma	Allergic rhinitis	ALLERG_RHINITIS	binary	rs55786261	0.000620069405409713	0.000974341824527386	0.524516899030653	asthma_gwama	ALLERG_RHINITIS	489568
Asthma	Allergic rhinitis	ALLERG_RHINITIS	binary	rs55861950	0.000620548202089552	0.000973731104467876	0.523936561022065	asthma_gwama	ALLERG_RHINITIS	489568
Asthma	Allergic rhinitis	ALLERG_RHINITIS	binary	rs55864359	0.000620862447756491	0.000974540570064165	0.524071304044606	asthma_gwama	ALLERG_RHINITIS	489568
Asthma	Allergic rhinitis	ALLERG_RHINITIS	binary	rs559369964	0.000609747799142555	0.000974437554432005	0.53148330836882	asthma_gwama	ALLERG_RHINITIS	489568
Asthma	Allergic rhinitis	ALLERG_RHINITIS	binary	rs559712054	0.000577898477910278	0.00097699615061106	0.5541818524265	asthma_gwama	ALLERG_RHINITIS	489568
Asthma	Allergic rhinitis	ALLERG_RHINITIS	binary	rs55978515	0.000620519430493025	0.000973612534562771	0.52390526244772	asthma_gwama	ALLERG_RHINITIS	489568
Asthma	Allergic rhinitis	ALLERG_RHINITIS	binary	rs56078635	0.000620518194972961	0.000972992825337156	0.52364177131496	asthma_gwama	ALLERG_RHINITIS	489568
Asthma	Allergic rhinitis	ALLERG_RHINITIS	binary	rs56089125	0.000619500741422531	0.000973790884783514	0.524662817418055	asthma_gwama	ALLERG_RHINITIS	489568
Asthma	Allergic rhinitis	ALLERG_RHINITIS	binary	rs560979380	0.000621267732536169	0.000974556936727709	0.523807438173709	asthma_gwama	ALLERG_RHINITIS	489568
Asthma	Allergic rhinitis	ALLERG_RHINITIS	binary	rs56118007	0.000620574829207804	0.000973287953119349	0.523729793866511	asthma_gwama	ALLERG_RHINITIS	489568
Asthma	Allergic rhinitis	ALLERG_RHINITIS	binary	rs561226516	0.000496968103360185	0.000982030600790288	0.612813316332699	asthma_gwama	ALLERG_RHINITIS	489568
Asthma	Allergic rhinitis	ALLERG_RHINITIS	binary	rs56179589	0.000620465530280792	0.000974394379573089	0.524274388301591	asthma_gwama	ALLERG_RHINITIS	489568
Asthma	Allergic rhinitis	ALLERG_RHINITIS	binary	rs56188488	0.000620616699676306	0.000973062171950615	0.523605454279842	asthma_gwama	ALLERG_RHINITIS	489568
Asthma	Allergic rhinitis	ALLERG_RHINITIS	binary	rs562623682	0.000616491206312754	0.000974762227045271	0.527090970213343	asthma_gwama	ALLERG_RHINITIS	489568
Asthma	Allergic rhinitis	ALLERG_RHINITIS	binary	rs565606835	0.000620508810200376	0.000974541909911684	0.524308256323764	asthma_gwama	ALLERG_RHINITIS	489568
Asthma	Allergic rhinitis	ALLERG_RHINITIS	binary	rs566801348	0.000546211070868285	0.000984380869217843	0.578978261577101	asthma_gwama	ALLERG_RHINITIS	489568
Asthma	Allergic rhinitis	ALLERG_RHINITIS	binary	rs56699544	0.000619533438469087	0.000973667416874319	0.524588360078952	asthma_gwama	ALLERG_RHINITIS	489568
Asthma	Allergic rhinitis	ALLERG_RHINITIS	binary	rs567582625	0.000616166992572021	0.000976248099939249	0.527937090594173	asthma_gwama	ALLERG_RHINITIS	489568
Asthma	Allergic rhinitis	ALLERG_RHINITIS	binary	rs568257090	0.000684681872743971	0.000975678179685336	0.482835270656472	asthma_gwama	ALLERG_RHINITIS	489568
Asthma	Allergic rhinitis	ALLERG_RHINITIS	binary	rs570002184	0.000623274199708522	0.000974819280339294	0.522579594026198	asthma_gwama	ALLERG_RHINITIS	489568
Asthma	Allergic rhinitis	ALLERG_RHINITIS	binary	rs570424956	0.000618520842496001	0.00097455201016311	0.525642379590934	asthma_gwama	ALLERG_RHINITIS	489568
Asthma	Allergic rhinitis	ALLERG_RHINITIS	binary	rs571013696	0.000613995083301273	0.00097469542659157	0.52873689774672	asthma_gwama	ALLERG_RHINITIS	489568
Asthma	Allergic rhinitis	ALLERG_RHINITIS	binary	rs571708735	0.000670643680744721	0.000976852003304432	0.492375420133904	asthma_gwama	ALLERG_RHINITIS	489568
Asthma	Allergic rhinitis	ALLERG_RHINITIS	binary	rs575330204	0.000606422227825168	0.000975636888896816	0.534227614322293	asthma_gwama	ALLERG_RHINITIS	489568
Asthma	Allergic rhinitis	ALLERG_RHINITIS	binary	rs576824842	0.000614499374327854	0.000974675173719161	0.528389864364208	asthma_gwama	ALLERG_RHINITIS	489568
Asthma	Allergic rhinitis	ALLERG_RHINITIS	binary	rs57719838	0.000620448522026576	0.000972875698812801	0.523638409495538	asthma_gwama	ALLERG_RHINITIS	489568
Asthma	Allergic rhinitis	ALLERG_RHINITIS	binary	rs58452854	0.000619891557964302	0.000973990278737351	0.524486207670395	asthma_gwama	ALLERG_RHINITIS	489568
Asthma	Allergic rhinitis	ALLERG_RHINITIS	binary	rs58939053	0.000615299930049823	0.000971371810926547	0.52645026903056	asthma_gwama	ALLERG_RHINITIS	489568
Asthma	Allergic rhinitis	ALLERG_RHINITIS	binary	rs59111282	0.000619846664121473	0.000974016413722755	0.524527369281272	asthma_gwama	ALLERG_RHINITIS	489568
Asthma	Allergic rhinitis	ALLERG_RHINITIS	binary	rs6072731	0.000620584295256146	0.000974130815231793	0.524082741086409	asthma_gwama	ALLERG_RHINITIS	489568
Asthma	Allergic rhinitis	ALLERG_RHINITIS	binary	rs60739516	0.000619475357121805	0.000973847571158197	0.52470393931362	asthma_gwama	ALLERG_RHINITIS	489568
Asthma	Allergic rhinitis	ALLERG_RHINITIS	binary	rs60946542	0.000620628129135295	0.000974430749533654	0.524181168728407	asthma_gwama	ALLERG_RHINITIS	489568
Asthma	Allergic rhinitis	ALLERG_RHINITIS	binary	rs610265	0.000615775348889141	0.000969412146639622	0.525294785721909	asthma_gwama	ALLERG_RHINITIS	489568
Asthma	Allergic rhinitis	ALLERG_RHINITIS	binary	rs61192126	0.000620661048185043	0.000974487133027868	0.524183169007564	asthma_gwama	ALLERG_RHINITIS	489568
Asthma	Allergic rhinitis	ALLERG_RHINITIS	binary	rs61811905	0.000620757571911723	0.00097450315885963	0.524125472095233	asthma_gwama	ALLERG_RHINITIS	489568
Asthma	Allergic rhinitis	ALLERG_RHINITIS	binary	rs61816761	0.000620417908614364	0.000972272185707332	0.523401204328899	asthma_gwama	ALLERG_RHINITIS	489568
Asthma	Allergic rhinitis	ALLERG_RHINITIS	binary	rs61840192	0.000609629204194576	0.000968795938813965	0.529175697394899	asthma_gwama	ALLERG_RHINITIS	489568
Asthma	Allergic rhinitis	ALLERG_RHINITIS	binary	rs61841332	0.000620407858722892	0.000973475858436903	0.523921627716121	asthma_gwama	ALLERG_RHINITIS	489568
Asthma	Allergic rhinitis	ALLERG_RHINITIS	binary	rs61859945	0.000620613176347238	0.000974265142741843	0.524120644663273	asthma_gwama	ALLERG_RHINITIS	489568
Asthma	Allergic rhinitis	ALLERG_RHINITIS	binary	rs61896951	0.000617267831641164	0.000971597132603268	0.525224603673012	asthma_gwama	ALLERG_RHINITIS	489568
Asthma	Allergic rhinitis	ALLERG_RHINITIS	binary	rs61907677	0.000620553642724186	0.000974048360962395	0.524068112641188	asthma_gwama	ALLERG_RHINITIS	489568
Asthma	Allergic rhinitis	ALLERG_RHINITIS	binary	rs62045456	0.000620710560165974	0.000974550600302596	0.524177093758326	asthma_gwama	ALLERG_RHINITIS	489568
Asthma	Allergic rhinitis	ALLERG_RHINITIS	binary	rs62066986	0.000620645438407928	0.000974395824618989	0.524154726660792	asthma_gwama	ALLERG_RHINITIS	489568
Asthma	Allergic rhinitis	ALLERG_RHINITIS	binary	rs62126619	0.000620625146779018	0.000974317155337682	0.524134792320442	asthma_gwama	ALLERG_RHINITIS	489568
Asthma	Allergic rhinitis	ALLERG_RHINITIS	binary	rs62162265	0.000619278837166283	0.00097359312561194	0.524727144437633	asthma_gwama	ALLERG_RHINITIS	489568
Asthma	Allergic rhinitis	ALLERG_RHINITIS	binary	rs62169918	0.000619738791666207	0.00097407466872446	0.524624337748582	asthma_gwama	ALLERG_RHINITIS	489568
Asthma	Allergic rhinitis	ALLERG_RHINITIS	binary	rs62212899	0.000620583989104244	0.000974101970509443	0.524070658582773	asthma_gwama	ALLERG_RHINITIS	489568
Asthma	Allergic rhinitis	ALLERG_RHINITIS	binary	rs62275576	0.000620757727490786	0.000974522822877168	0.524133740496245	asthma_gwama	ALLERG_RHINITIS	489568
Asthma	Allergic rhinitis	ALLERG_RHINITIS	binary	rs62351976	0.000616206597273605	0.000971019428460307	0.525690894909245	asthma_gwama	ALLERG_RHINITIS	489568
Asthma	Allergic rhinitis	ALLERG_RHINITIS	binary	rs62379371	0.000620666510724957	0.000974457916634263	0.524167078244902	asthma_gwama	ALLERG_RHINITIS	489568
Asthma	Allergic rhinitis	ALLERG_RHINITIS	binary	rs62407901	0.000620729792945237	0.000974544302370495	0.524161557097852	asthma_gwama	ALLERG_RHINITIS	489568
Asthma	Allergic rhinitis	ALLERG_RHINITIS	binary	rs62436761	0.000620602211581953	0.000973974173808874	0.52400402765818	asthma_gwama	ALLERG_RHINITIS	489568
Asthma	Allergic rhinitis	ALLERG_RHINITIS	binary	rs62449487	0.00062072199407584	0.000974551446901608	0.524169811612691	asthma_gwama	ALLERG_RHINITIS	489568
Asthma	Allergic rhinitis	ALLERG_RHINITIS	binary	rs62569046	0.000620750042397584	0.000974517192895088	0.524136480225218	asthma_gwama	ALLERG_RHINITIS	489568
Asthma	Allergic rhinitis	ALLERG_RHINITIS	binary	rs62623446	0.000620416041916535	0.000972055069745773	0.523309686170787	asthma_gwama	ALLERG_RHINITIS	489568
Asthma	Allergic rhinitis	ALLERG_RHINITIS	binary	rs636176	0.000619373128489517	0.000973071606405702	0.524441841922281	asthma_gwama	ALLERG_RHINITIS	489568
Asthma	Allergic rhinitis	ALLERG_RHINITIS	binary	rs6457809	0.000620704361276876	0.00097455150068301	0.52418162051117	asthma_gwama	ALLERG_RHINITIS	489568
Asthma	Allergic rhinitis	ALLERG_RHINITIS	binary	rs6462	0.00062099610609523	0.000974534727706513	0.523979489040574	asthma_gwama	ALLERG_RHINITIS	489568
Asthma	Allergic rhinitis	ALLERG_RHINITIS	binary	rs6498021	0.000620506491306029	0.000973557982866842	0.523890660970249	asthma_gwama	ALLERG_RHINITIS	489568
Asthma	Allergic rhinitis	ALLERG_RHINITIS	binary	rs658648	0.000620628604175279	0.000974403201050493	0.524169121393234	asthma_gwama	ALLERG_RHINITIS	489568
Asthma	Allergic rhinitis	ALLERG_RHINITIS	binary	rs6591221	0.000620754861783101	0.000974550458101364	0.524147421776657	asthma_gwama	ALLERG_RHINITIS	489568
Asthma	Allergic rhinitis	ALLERG_RHINITIS	binary	rs6602347	0.000620509041418802	0.000973909822379401	0.524038914075317	asthma_gwama	ALLERG_RHINITIS	489568
Asthma	Allergic rhinitis	ALLERG_RHINITIS	binary	rs66555610	0.000619196807897522	0.000973664551837085	0.524812468707138	asthma_gwama	ALLERG_RHINITIS	489568
Asthma	Allergic rhinitis	ALLERG_RHINITIS	binary	rs6658216	0.000619053519466618	0.00097338769600518	0.524790520800276	asthma_gwama	ALLERG_RHINITIS	489568
Asthma	Allergic rhinitis	ALLERG_RHINITIS	binary	rs6673550	0.000619389046332461	0.000973561382394201	0.524639851204437	asthma_gwama	ALLERG_RHINITIS	489568
Asthma	Allergic rhinitis	ALLERG_RHINITIS	binary	rs67140765	0.000620594563873981	0.000974324548996692	0.524158387164283	asthma_gwama	ALLERG_RHINITIS	489568
Asthma	Allergic rhinitis	ALLERG_RHINITIS	binary	rs6721008	0.000620676394906845	0.000974515921172296	0.524185166817044	asthma_gwama	ALLERG_RHINITIS	489568
Asthma	Allergic rhinitis	ALLERG_RHINITIS	binary	rs6734942	0.000620682296212355	0.000974528120922045	0.524186415994122	asthma_gwama	ALLERG_RHINITIS	489568
Asthma	Allergic rhinitis	ALLERG_RHINITIS	binary	rs6742122	0.000620483223474896	0.000973292495505951	0.523793016351655	asthma_gwama	ALLERG_RHINITIS	489568
Asthma	Allergic rhinitis	ALLERG_RHINITIS	binary	rs67538026	0.00062008658585133	0.000974357126573186	0.524511921892527	asthma_gwama	ALLERG_RHINITIS	489568
Asthma	Allergic rhinitis	ALLERG_RHINITIS	binary	rs67551275	0.000617114207794213	0.000970736866678584	0.5249607065558	asthma_gwama	ALLERG_RHINITIS	489568
Asthma	Allergic rhinitis	ALLERG_RHINITIS	binary	rs67598120	0.000620512873611954	0.000974520933556053	0.524296611123423	asthma_gwama	ALLERG_RHINITIS	489568
Asthma	Allergic rhinitis	ALLERG_RHINITIS	binary	rs68002741	0.00062052323848887	0.00097378291390494	0.523975338687543	asthma_gwama	ALLERG_RHINITIS	489568
Asthma	Allergic rhinitis	ALLERG_RHINITIS	binary	rs68018114	0.00062054552001881	0.000973901070020763	0.524010789314643	asthma_gwama	ALLERG_RHINITIS	489568
Asthma	Allergic rhinitis	ALLERG_RHINITIS	binary	rs68112369	0.000620659007828787	0.000974549026988183	0.524210882928443	asthma_gwama	ALLERG_RHINITIS	489568
Asthma	Allergic rhinitis	ALLERG_RHINITIS	binary	rs6835650	0.000619922274934567	0.000974304723403691	0.524599512845628	asthma_gwama	ALLERG_RHINITIS	489568
Asthma	Allergic rhinitis	ALLERG_RHINITIS	binary	rs6852559	0.000620383949492924	0.000974480309212675	0.524365511396935	asthma_gwama	ALLERG_RHINITIS	489568
Asthma	Allergic rhinitis	ALLERG_RHINITIS	binary	rs6905736	0.000620728321424849	0.000974543700094288	0.524162284263911	asthma_gwama	ALLERG_RHINITIS	489568
Asthma	Allergic rhinitis	ALLERG_RHINITIS	binary	rs6910879	0.000620640137198148	0.000973996029895893	0.523987979916811	asthma_gwama	ALLERG_RHINITIS	489568
Asthma	Allergic rhinitis	ALLERG_RHINITIS	binary	rs6922431	0.000620538676399492	0.000974307920965581	0.524188671313208	asthma_gwama	ALLERG_RHINITIS	489568
Asthma	Allergic rhinitis	ALLERG_RHINITIS	binary	rs6993477	0.000620729597210632	0.000974544954259688	0.524161965463143	asthma_gwama	ALLERG_RHINITIS	489568
Asthma	Allergic rhinitis	ALLERG_RHINITIS	binary	rs7026596	0.000620581113759516	0.000974254330235383	0.524137476306994	asthma_gwama	ALLERG_RHINITIS	489568
Asthma	Allergic rhinitis	ALLERG_RHINITIS	binary	rs7030351	0.000620728531737457	0.000974546050006113	0.524163144135844	asthma_gwama	ALLERG_RHINITIS	489568
Asthma	Allergic rhinitis	ALLERG_RHINITIS	binary	rs707958	0.000621319021294616	0.000974421181246501	0.523715334981053	asthma_gwama	ALLERG_RHINITIS	489568
Asthma	Allergic rhinitis	ALLERG_RHINITIS	binary	rs7091048	0.000620571583436375	0.000974119442581881	0.524086396402145	asthma_gwama	ALLERG_RHINITIS	489568
Asthma	Allergic rhinitis	ALLERG_RHINITIS	binary	rs7095431	0.000620683038319426	0.000974534385653685	0.52418858702094	asthma_gwama	ALLERG_RHINITIS	489568
Asthma	Allergic rhinitis	ALLERG_RHINITIS	binary	rs7114362	0.000602933198114625	0.000961220663447015	0.530490233831266	asthma_gwama	ALLERG_RHINITIS	489568
Asthma	Allergic rhinitis	ALLERG_RHINITIS	binary	rs7125695	0.000620701452929566	0.000974548206658697	0.524182162159144	asthma_gwama	ALLERG_RHINITIS	489568
Asthma	Allergic rhinitis	ALLERG_RHINITIS	binary	rs7135586	0.000620625631912318	0.000974416294180382	0.524176683313023	asthma_gwama	ALLERG_RHINITIS	489568
Asthma	Allergic rhinitis	ALLERG_RHINITIS	binary	rs71368508	0.000620526220569668	0.000971948244964153	0.52319025708591	asthma_gwama	ALLERG_RHINITIS	489568
Asthma	Allergic rhinitis	ALLERG_RHINITIS	binary	rs71526323	0.00061888218147666	0.000973827136121579	0.525092299610663	asthma_gwama	ALLERG_RHINITIS	489568
Asthma	Allergic rhinitis	ALLERG_RHINITIS	binary	rs71554596	0.000619915169582603	0.000974089315208409	0.524512577160877	asthma_gwama	ALLERG_RHINITIS	489568
Asthma	Allergic rhinitis	ALLERG_RHINITIS	binary	rs7166997	0.000620790273108974	0.000974391737137302	0.524056167556642	asthma_gwama	ALLERG_RHINITIS	489568
Asthma	Allergic rhinitis	ALLERG_RHINITIS	binary	rs7179656	0.000620704703512007	0.000974549066769886	0.524180355578527	asthma_gwama	ALLERG_RHINITIS	489568
Asthma	Allergic rhinitis	ALLERG_RHINITIS	binary	rs7189678	0.000619826705811775	0.000974341824995331	0.524679224813335	asthma_gwama	ALLERG_RHINITIS	489568
Asthma	Allergic rhinitis	ALLERG_RHINITIS	binary	rs7210983	0.000617767741003066	0.000973063118546649	0.525513768288302	asthma_gwama	ALLERG_RHINITIS	489568
Asthma	Allergic rhinitis	ALLERG_RHINITIS	binary	rs7219572	0.000620534746482378	0.000974535054097681	0.524287999621047	asthma_gwama	ALLERG_RHINITIS	489568
Asthma	Allergic rhinitis	ALLERG_RHINITIS	binary	rs7240215	0.000620564034229517	0.000973931052146783	0.524011183634719	asthma_gwama	ALLERG_RHINITIS	489568
Asthma	Allergic rhinitis	ALLERG_RHINITIS	binary	rs72502575	0.000613547518578554	0.000970481345790645	0.527249995694661	asthma_gwama	ALLERG_RHINITIS	489568
Asthma	Allergic rhinitis	ALLERG_RHINITIS	binary	rs72743461	0.000619164663702818	0.000968967527264701	0.522826682343721	asthma_gwama	ALLERG_RHINITIS	489568
Asthma	Allergic rhinitis	ALLERG_RHINITIS	binary	rs72797984	0.000620441395138719	0.000973253284233595	0.523804277122385	asthma_gwama	ALLERG_RHINITIS	489568
Asthma	Allergic rhinitis	ALLERG_RHINITIS	binary	rs72798679	0.000620490637826412	0.000973803437459324	0.524005888991897	asthma_gwama	ALLERG_RHINITIS	489568
Asthma	Allergic rhinitis	ALLERG_RHINITIS	binary	rs72832017	0.000621523287861693	0.000974308815220079	0.523530963862106	asthma_gwama	ALLERG_RHINITIS	489568
Asthma	Allergic rhinitis	ALLERG_RHINITIS	binary	rs72837826	0.000620617627923029	0.000974366536179669	0.524160847103255	asthma_gwama	ALLERG_RHINITIS	489568
Asthma	Allergic rhinitis	ALLERG_RHINITIS	binary	rs72923904	0.000620656316203815	0.000974291573871501	0.524103059751333	asthma_gwama	ALLERG_RHINITIS	489568
Asthma	Allergic rhinitis	ALLERG_RHINITIS	binary	rs72975913	0.000620581699912973	0.000974198862086354	0.524113460525351	asthma_gwama	ALLERG_RHINITIS	489568
Asthma	Allergic rhinitis	ALLERG_RHINITIS	binary	rs73012738	0.000620785886634638	0.00097445744896746	0.524087082749455	asthma_gwama	ALLERG_RHINITIS	489568
Asthma	Allergic rhinitis	ALLERG_RHINITIS	binary	rs73028255	0.000622436043563904	0.000974619349669059	0.523053720338879	asthma_gwama	ALLERG_RHINITIS	489568
Asthma	Allergic rhinitis	ALLERG_RHINITIS	binary	rs73063828	0.000620104754639412	0.000974038603751495	0.524364168037629	asthma_gwama	ALLERG_RHINITIS	489568
Asthma	Allergic rhinitis	ALLERG_RHINITIS	binary	rs73078636	0.000620552686848735	0.000974049277467754	0.52406914226662	asthma_gwama	ALLERG_RHINITIS	489568
Asthma	Allergic rhinitis	ALLERG_RHINITIS	binary	rs73084574	0.000620769513215327	0.000974451219563766	0.524095374539759	asthma_gwama	ALLERG_RHINITIS	489568
Asthma	Allergic rhinitis	ALLERG_RHINITIS	binary	rs73156090	0.000660923806366339	0.00097528411570199	0.497978988315239	asthma_gwama	ALLERG_RHINITIS	489568
Asthma	Allergic rhinitis	ALLERG_RHINITIS	binary	rs73251988	0.000625405417624972	0.000974742941602889	0.521126039410198	asthma_gwama	ALLERG_RHINITIS	489568
Asthma	Allergic rhinitis	ALLERG_RHINITIS	binary	rs73351149	0.000618734156395974	0.000973243822100758	0.524943134720393	asthma_gwama	ALLERG_RHINITIS	489568
Asthma	Allergic rhinitis	ALLERG_RHINITIS	binary	rs7372960	0.000620724084275434	0.00097454770736985	0.524166822461751	asthma_gwama	ALLERG_RHINITIS	489568
Asthma	Allergic rhinitis	ALLERG_RHINITIS	binary	rs7397189	0.000619771112155479	0.000974015492220756	0.524577523297956	asthma_gwama	ALLERG_RHINITIS	489568
Asthma	Allergic rhinitis	ALLERG_RHINITIS	binary	rs74466521	0.000620255909660692	0.000973398710594566	0.523990395057553	asthma_gwama	ALLERG_RHINITIS	489568
Asthma	Allergic rhinitis	ALLERG_RHINITIS	binary	rs74527968	0.000636389243508896	0.000975529387351362	0.514173661209466	asthma_gwama	ALLERG_RHINITIS	489568
Asthma	Allergic rhinitis	ALLERG_RHINITIS	binary	rs74584830	0.000620538179998515	0.00097326353966185	0.523743898638431	asthma_gwama	ALLERG_RHINITIS	489568
Asthma	Allergic rhinitis	ALLERG_RHINITIS	binary	rs74655554	0.0006446613528882	0.000976051009176756	0.508946386304401	asthma_gwama	ALLERG_RHINITIS	489568
Asthma	Allergic rhinitis	ALLERG_RHINITIS	binary	rs74775122	0.00062035924905764	0.000974489335293643	0.52438586767039	asthma_gwama	ALLERG_RHINITIS	489568
Asthma	Allergic rhinitis	ALLERG_RHINITIS	binary	rs74948252	0.000619553722578888	0.00097485326998595	0.525079313383985	asthma_gwama	ALLERG_RHINITIS	489568
Asthma	Allergic rhinitis	ALLERG_RHINITIS	binary	rs75007171	0.000620737462754001	0.000974542581859666	0.524155698044626	asthma_gwama	ALLERG_RHINITIS	489568
Asthma	Allergic rhinitis	ALLERG_RHINITIS	binary	rs75032480	0.000619473540314611	0.000973823288263557	0.52469481748307	asthma_gwama	ALLERG_RHINITIS	489568
Asthma	Allergic rhinitis	ALLERG_RHINITIS	binary	rs75395290	0.000614501660550442	0.000974504698116229	0.52831619407319	asthma_gwama	ALLERG_RHINITIS	489568
Asthma	Allergic rhinitis	ALLERG_RHINITIS	binary	rs75507056	0.000620702168478374	0.000974549795029609	0.524182360080482	asthma_gwama	ALLERG_RHINITIS	489568
Asthma	Allergic rhinitis	ALLERG_RHINITIS	binary	rs7555556	0.000620558924824428	0.000974245741742026	0.524148654149774	asthma_gwama	ALLERG_RHINITIS	489568
Asthma	Allergic rhinitis	ALLERG_RHINITIS	binary	rs75557865	0.000618282608838502	0.000971228021445489	0.524386196406995	asthma_gwama	ALLERG_RHINITIS	489568
Asthma	Allergic rhinitis	ALLERG_RHINITIS	binary	rs75565607	0.000621056731243673	0.000974498654216838	0.523923610860839	asthma_gwama	ALLERG_RHINITIS	489568
Asthma	Allergic rhinitis	ALLERG_RHINITIS	binary	rs7569613	0.00062081814845056	0.000974545622953396	0.524103063437189	asthma_gwama	ALLERG_RHINITIS	489568
Asthma	Allergic rhinitis	ALLERG_RHINITIS	binary	rs7592973	0.000621113208513261	0.000974406164954662	0.523846471991922	asthma_gwama	ALLERG_RHINITIS	489568
Asthma	Allergic rhinitis	ALLERG_RHINITIS	binary	rs75957773	0.000620750694610448	0.000974492034818589	0.524125332594247	asthma_gwama	ALLERG_RHINITIS	489568
Asthma	Allergic rhinitis	ALLERG_RHINITIS	binary	rs760517	0.000620323343193242	0.000970917204140051	0.522885078928565	asthma_gwama	ALLERG_RHINITIS	489568
Asthma	Allergic rhinitis	ALLERG_RHINITIS	binary	rs7608337	0.000618400113794931	0.000973453743648752	0.525256252093804	asthma_gwama	ALLERG_RHINITIS	489568
Asthma	Allergic rhinitis	ALLERG_RHINITIS	binary	rs7609911	0.000620584408612018	0.000974159453193664	0.524094863857248	asthma_gwama	ALLERG_RHINITIS	489568
Asthma	Allergic rhinitis	ALLERG_RHINITIS	binary	rs7611041	0.000620631460119712	0.000974365690448919	0.524151239764911	asthma_gwama	ALLERG_RHINITIS	489568
Asthma	Allergic rhinitis	ALLERG_RHINITIS	binary	rs76111267	0.000621711412523051	0.000974240485788786	0.523376143916242	asthma_gwama	ALLERG_RHINITIS	489568
Asthma	Allergic rhinitis	ALLERG_RHINITIS	binary	rs76181804	0.00062038346175463	0.000972080867967208	0.523342525123678	asthma_gwama	ALLERG_RHINITIS	489568
Asthma	Allergic rhinitis	ALLERG_RHINITIS	binary	rs76245582	0.000620636304997196	0.000974380572926597	0.524154338106946	asthma_gwama	ALLERG_RHINITIS	489568
Asthma	Allergic rhinitis	ALLERG_RHINITIS	binary	rs7625643	0.000618295076644254	0.000972034569983779	0.524722049485448	asthma_gwama	ALLERG_RHINITIS	489568
Asthma	Allergic rhinitis	ALLERG_RHINITIS	binary	rs7628922	0.000619269229078609	0.000973449695110921	0.524672495752319	asthma_gwama	ALLERG_RHINITIS	489568
Asthma	Allergic rhinitis	ALLERG_RHINITIS	binary	rs76300334	0.000614466896840116	0.000974505889839525	0.528340029920222	asthma_gwama	ALLERG_RHINITIS	489568
Asthma	Allergic rhinitis	ALLERG_RHINITIS	binary	rs7636493	0.000620217136699765	0.00097450251513304	0.524486496342069	asthma_gwama	ALLERG_RHINITIS	489568
Asthma	Allergic rhinitis	ALLERG_RHINITIS	binary	rs7650543	0.000616615233070917	0.000972333683805329	0.525976339264185	asthma_gwama	ALLERG_RHINITIS	489568
Asthma	Allergic rhinitis	ALLERG_RHINITIS	binary	rs76537075	0.000614466896840116	0.000974505889839525	0.528340029920222	asthma_gwama	ALLERG_RHINITIS	489568
Asthma	Allergic rhinitis	ALLERG_RHINITIS	binary	rs76613419	0.000620532302831324	0.000973987019149013	0.52405624930601	asthma_gwama	ALLERG_RHINITIS	489568
Asthma	Allergic rhinitis	ALLERG_RHINITIS	binary	rs76876264	0.000645281231091573	0.000976128467815565	0.508572688938559	asthma_gwama	ALLERG_RHINITIS	489568
Asthma	Allergic rhinitis	ALLERG_RHINITIS	binary	rs76905924	0.000619246447569251	0.00097347712058782	0.524699428115853	asthma_gwama	ALLERG_RHINITIS	489568
Asthma	Allergic rhinitis	ALLERG_RHINITIS	binary	rs77000868	0.000620346014543993	0.000973662437240929	0.524042532953201	asthma_gwama	ALLERG_RHINITIS	489568
Asthma	Allergic rhinitis	ALLERG_RHINITIS	binary	rs77042341	0.000620699753946954	0.000974545550203679	0.524182166874538	asthma_gwama	ALLERG_RHINITIS	489568
Asthma	Allergic rhinitis	ALLERG_RHINITIS	binary	rs7706446	0.000617288178018868	0.000970466477143237	0.524728403216507	asthma_gwama	ALLERG_RHINITIS	489568
Asthma	Allergic rhinitis	ALLERG_RHINITIS	binary	rs771018	0.000620511107196889	0.000973579410146992	0.523896708456473	asthma_gwama	ALLERG_RHINITIS	489568
Asthma	Allergic rhinitis	ALLERG_RHINITIS	binary	rs7712116	0.000618963326452252	0.000973395522867175	0.524854249990538	asthma_gwama	ALLERG_RHINITIS	489568
Asthma	Allergic rhinitis	ALLERG_RHINITIS	binary	rs7714962	0.000620472959005251	0.000973501612738711	0.523889058346699	asthma_gwama	ALLERG_RHINITIS	489568
Asthma	Allergic rhinitis	ALLERG_RHINITIS	binary	rs77409392	0.000614466896840116	0.000974505889839525	0.528340029920222	asthma_gwama	ALLERG_RHINITIS	489568
Asthma	Allergic rhinitis	ALLERG_RHINITIS	binary	rs7750922	0.0006206340785741	0.000974445783696389	0.524183592690001	asthma_gwama	ALLERG_RHINITIS	489568
Asthma	Allergic rhinitis	ALLERG_RHINITIS	binary	rs7757696	0.000627114457804598	0.000972290263833206	0.518935691967329	asthma_gwama	ALLERG_RHINITIS	489568
Asthma	Allergic rhinitis	ALLERG_RHINITIS	binary	rs7770794	0.000620433340762789	0.000973081721578403	0.523736481085842	asthma_gwama	ALLERG_RHINITIS	489568
Asthma	Allergic rhinitis	ALLERG_RHINITIS	binary	rs77798824	0.000620478322365107	0.00097448838939726	0.524305856480515	asthma_gwama	ALLERG_RHINITIS	489568
Asthma	Allergic rhinitis	ALLERG_RHINITIS	binary	rs7781	0.000617566353466306	0.000971380099919539	0.524931694086419	asthma_gwama	ALLERG_RHINITIS	489568
Asthma	Allergic rhinitis	ALLERG_RHINITIS	binary	rs77812656	0.000620389973840714	0.000973522217030092	0.523953356542117	asthma_gwama	ALLERG_RHINITIS	489568
Asthma	Allergic rhinitis	ALLERG_RHINITIS	binary	rs77872759	0.000619727103855424	0.000974125081847741	0.524653615130289	asthma_gwama	ALLERG_RHINITIS	489568
Asthma	Allergic rhinitis	ALLERG_RHINITIS	binary	rs7800265	0.00062000645750264	0.000973851059228469	0.524350051981608	asthma_gwama	ALLERG_RHINITIS	489568
Asthma	Allergic rhinitis	ALLERG_RHINITIS	binary	rs7803406	0.000620396643045931	0.00097150479802888	0.523087415058435	asthma_gwama	ALLERG_RHINITIS	489568
Asthma	Allergic rhinitis	ALLERG_RHINITIS	binary	rs78037977	0.000620611090791042	0.000974226934831395	0.524105766324133	asthma_gwama	ALLERG_RHINITIS	489568
Asthma	Allergic rhinitis	ALLERG_RHINITIS	binary	rs78218185	0.000620633574154708	0.000974473461940181	0.524195714145102	asthma_gwama	ALLERG_RHINITIS	489568
Asthma	Allergic rhinitis	ALLERG_RHINITIS	binary	rs7823221	0.000620569992672792	0.000974017419740758	0.524043997781588	asthma_gwama	ALLERG_RHINITIS	489568
Asthma	Allergic rhinitis	ALLERG_RHINITIS	binary	rs7824394	0.000616130365170835	0.000972712614669614	0.526462937672139	asthma_gwama	ALLERG_RHINITIS	489568
Asthma	Allergic rhinitis	ALLERG_RHINITIS	binary	rs78351402	0.000620513561205901	0.000973873931429671	0.524020598073546	asthma_gwama	ALLERG_RHINITIS	489568
Asthma	Allergic rhinitis	ALLERG_RHINITIS	binary	rs78515650	0.000620859462202936	0.000974537219915243	0.5240718729709	asthma_gwama	ALLERG_RHINITIS	489568
Asthma	Allergic rhinitis	ALLERG_RHINITIS	binary	rs7851584	0.000621528106629806	0.000974189456574348	0.523476865191583	asthma_gwama	ALLERG_RHINITIS	489568
Asthma	Allergic rhinitis	ALLERG_RHINITIS	binary	rs7852683	0.000620615961956813	0.000974316312858322	0.5241405740587	asthma_gwama	ALLERG_RHINITIS	489568
Asthma	Allergic rhinitis	ALLERG_RHINITIS	binary	rs785515	0.000619259402765901	0.000973516298479528	0.524707439368326	asthma_gwama	ALLERG_RHINITIS	489568
Asthma	Allergic rhinitis	ALLERG_RHINITIS	binary	rs7864027	0.000620373654554951	0.000973046658209081	0.523761461074486	asthma_gwama	ALLERG_RHINITIS	489568
Asthma	Allergic rhinitis	ALLERG_RHINITIS	binary	rs78792612	0.000604959877227187	0.000975759131982132	0.535265063590495	asthma_gwama	ALLERG_RHINITIS	489568
Asthma	Allergic rhinitis	ALLERG_RHINITIS	binary	rs78867455	0.000620565290101375	0.000974540065949921	0.524269714898412	asthma_gwama	ALLERG_RHINITIS	489568
Asthma	Allergic rhinitis	ALLERG_RHINITIS	binary	rs78921182	0.000617884921619412	0.000975172889721574	0.526331606407053	asthma_gwama	ALLERG_RHINITIS	489568
Asthma	Allergic rhinitis	ALLERG_RHINITIS	binary	rs7893324	0.00062074790298024	0.000974521554492383	0.524139767247327	asthma_gwama	ALLERG_RHINITIS	489568
Asthma	Allergic rhinitis	ALLERG_RHINITIS	binary	rs7918084	0.000620518767937821	0.00097410370845022	0.524115010156635	asthma_gwama	ALLERG_RHINITIS	489568
Asthma	Allergic rhinitis	ALLERG_RHINITIS	binary	rs79282662	0.000620571664821283	0.000974191339290554	0.524116966065277	asthma_gwama	ALLERG_RHINITIS	489568
Asthma	Allergic rhinitis	ALLERG_RHINITIS	binary	rs7943688	0.00062071150755239	0.00097455066621156	0.524176488570391	asthma_gwama	ALLERG_RHINITIS	489568
Asthma	Allergic rhinitis	ALLERG_RHINITIS	binary	rs79491862	0.000620424553002672	0.000972214110182534	0.523371945009543	asthma_gwama	ALLERG_RHINITIS	489568
Asthma	Allergic rhinitis	ALLERG_RHINITIS	binary	rs79534829	0.000620645563306925	0.000974412226488714	0.52416162712036	asthma_gwama	ALLERG_RHINITIS	489568
Asthma	Allergic rhinitis	ALLERG_RHINITIS	binary	rs80021310	0.000614466896840116	0.000974505889839525	0.528340029920222	asthma_gwama	ALLERG_RHINITIS	489568
Asthma	Allergic rhinitis	ALLERG_RHINITIS	binary	rs80074882	0.00062074783181036	0.00097452521488184	0.524141373268877	asthma_gwama	ALLERG_RHINITIS	489568
Asthma	Allergic rhinitis	ALLERG_RHINITIS	binary	rs803305	0.000620547663540085	0.000973809831866104	0.523970475159244	asthma_gwama	ALLERG_RHINITIS	489568
Asthma	Allergic rhinitis	ALLERG_RHINITIS	binary	rs8057047	0.000620137979556339	0.000974194663386027	0.524408394005989	asthma_gwama	ALLERG_RHINITIS	489568
Asthma	Allergic rhinitis	ALLERG_RHINITIS	binary	rs8087436	0.000620629352834801	0.000974316278084377	0.524131606791787	asthma_gwama	ALLERG_RHINITIS	489568
Asthma	Allergic rhinitis	ALLERG_RHINITIS	binary	rs8089099	0.000620751852143371	0.000974512980825638	0.524133477205248	asthma_gwama	ALLERG_RHINITIS	489568
Asthma	Allergic rhinitis	ALLERG_RHINITIS	binary	rs8100197	0.000620640469793994	0.000974466341948176	0.524188073189342	asthma_gwama	ALLERG_RHINITIS	489568
Asthma	Allergic rhinitis	ALLERG_RHINITIS	binary	rs8111628	0.000619819243382521	0.000974212969989645	0.524629381668695	asthma_gwama	ALLERG_RHINITIS	489568
Asthma	Allergic rhinitis	ALLERG_RHINITIS	binary	rs8113513	0.000620343243722917	0.000974466513738264	0.524386855305623	asthma_gwama	ALLERG_RHINITIS	489568
Asthma	Allergic rhinitis	ALLERG_RHINITIS	binary	rs8185754	0.000634412061699888	0.000975937474959678	0.515657339652093	asthma_gwama	ALLERG_RHINITIS	489568
Asthma	Allergic rhinitis	ALLERG_RHINITIS	binary	rs821429	0.000620561716647925	0.000973833738372338	0.523971264980998	asthma_gwama	ALLERG_RHINITIS	489568
Asthma	Allergic rhinitis	ALLERG_RHINITIS	binary	rs857229	0.000620687028642481	0.000974529731589847	0.524183938382855	asthma_gwama	ALLERG_RHINITIS	489568
Asthma	Allergic rhinitis	ALLERG_RHINITIS	binary	rs9267111	0.000615113829500232	0.000968428754888484	0.525319609385256	asthma_gwama	ALLERG_RHINITIS	489568
Asthma	Allergic rhinitis	ALLERG_RHINITIS	binary	rs9271726	0.000618645153748907	0.00097443707655739	0.525510334978429	asthma_gwama	ALLERG_RHINITIS	489568
Asthma	Allergic rhinitis	ALLERG_RHINITIS	binary	rs9273374	0.000604860783512995	0.00097000201813588	0.532912303270861	asthma_gwama	ALLERG_RHINITIS	489568
Asthma	Allergic rhinitis	ALLERG_RHINITIS	binary	rs9290877	0.000620483925748404	0.000973586774836289	0.523918029877191	asthma_gwama	ALLERG_RHINITIS	489568
Asthma	Allergic rhinitis	ALLERG_RHINITIS	binary	rs9299219	0.000620642907290824	0.000974265705780205	0.524101007316929	asthma_gwama	ALLERG_RHINITIS	489568
Asthma	Allergic rhinitis	ALLERG_RHINITIS	binary	rs9322952	0.00062040714058919	0.000972957242741206	0.523700901175072	asthma_gwama	ALLERG_RHINITIS	489568
Asthma	Allergic rhinitis	ALLERG_RHINITIS	binary	rs9327638	0.000620624387114064	0.000974375400857582	0.524160103115033	asthma_gwama	ALLERG_RHINITIS	489568
Asthma	Allergic rhinitis	ALLERG_RHINITIS	binary	rs9379084	0.000620682344543822	0.000974529806005459	0.524187101078765	asthma_gwama	ALLERG_RHINITIS	489568
Asthma	Allergic rhinitis	ALLERG_RHINITIS	binary	rs9386512	0.000620646566415845	0.000974449936241604	0.524177012750022	asthma_gwama	ALLERG_RHINITIS	489568
Asthma	Allergic rhinitis	ALLERG_RHINITIS	binary	rs9392504	0.000620557156812827	0.000973869203220936	0.52398942787696	asthma_gwama	ALLERG_RHINITIS	489568
Asthma	Allergic rhinitis	ALLERG_RHINITIS	binary	rs9549000	0.000620160531812884	0.000974354161031292	0.524461208250614	asthma_gwama	ALLERG_RHINITIS	489568
Asthma	Allergic rhinitis	ALLERG_RHINITIS	binary	rs961552	0.000620628015925963	0.00097454776364995	0.524231061514852	asthma_gwama	ALLERG_RHINITIS	489568
Asthma	Allergic rhinitis	ALLERG_RHINITIS	binary	rs9663421	0.000620665682088907	0.000974510237302343	0.524189907942243	asthma_gwama	ALLERG_RHINITIS	489568
Asthma	Allergic rhinitis	ALLERG_RHINITIS	binary	rs9663656	0.000604539914981464	0.000974560754209185	0.5350468680888	asthma_gwama	ALLERG_RHINITIS	489568
Asthma	Allergic rhinitis	ALLERG_RHINITIS	binary	rs9688839	0.000620337227159265	0.000973362687025745	0.523920628178257	asthma_gwama	ALLERG_RHINITIS	489568
Asthma	Allergic rhinitis	ALLERG_RHINITIS	binary	rs9693836	0.000620653244022377	0.000974549124253788	0.524214777090717	asthma_gwama	ALLERG_RHINITIS	489568
Asthma	Allergic rhinitis	ALLERG_RHINITIS	binary	rs9695132	0.000619243850213216	0.000974283127462824	0.525044199450431	asthma_gwama	ALLERG_RHINITIS	489568
Asthma	Allergic rhinitis	ALLERG_RHINITIS	binary	rs9713035	0.000618040717156036	0.000971238913955222	0.524553130180545	asthma_gwama	ALLERG_RHINITIS	489568
Asthma	Allergic rhinitis	ALLERG_RHINITIS	binary	rs9775039	0.000606614077770757	0.00096720108963008	0.530537932289767	asthma_gwama	ALLERG_RHINITIS	489568
Asthma	Allergic rhinitis	ALLERG_RHINITIS	binary	rs9797329	0.000620220140691704	0.000974423199949901	0.524450732145964	asthma_gwama	ALLERG_RHINITIS	489568
Asthma	Allergic rhinitis	ALLERG_RHINITIS	binary	rs9801498	0.000620493145062883	0.000974532429604673	0.524314693358602	asthma_gwama	ALLERG_RHINITIS	489568
Asthma	Allergic rhinitis	ALLERG_RHINITIS	binary	rs9836924	0.000620295809281139	0.000974455840224517	0.524414028070847	asthma_gwama	ALLERG_RHINITIS	489568
Asthma	Allergic rhinitis	ALLERG_RHINITIS	binary	rs9852322	0.000619795098559965	0.00097416591610417	0.524625506932103	asthma_gwama	ALLERG_RHINITIS	489568
Asthma	Allergic rhinitis	ALLERG_RHINITIS	binary	rs9878655	0.000617455408485761	0.000972871194407054	0.525641486024882	asthma_gwama	ALLERG_RHINITIS	489568
Asthma	Allergic rhinitis	ALLERG_RHINITIS	binary	rs9883633	0.000620585723542097	0.000974184466637117	0.524104638875141	asthma_gwama	ALLERG_RHINITIS	489568
Asthma	Allergic rhinitis	ALLERG_RHINITIS	binary	rs9909541	0.000620692736494848	0.00097453897435956	0.524184058000258	asthma_gwama	ALLERG_RHINITIS	489568
Asthma	Allergic rhinitis	ALLERG_RHINITIS	binary	rs9920526	0.000614722651071014	0.000970827934420476	0.526606810085171	asthma_gwama	ALLERG_RHINITIS	489568
Asthma	Allergic rhinitis	ALLERG_RHINITIS	binary	rs9938050	0.000620300197506123	0.000974454052886651	0.524410333217156	asthma_gwama	ALLERG_RHINITIS	489568
Asthma	Allergic rhinitis	ALLERG_RHINITIS	binary	rs9949875	0.0006202597713108	0.000974376874316418	0.524404513832789	asthma_gwama	ALLERG_RHINITIS	489568
Asthma	Allergic rhinitis	ALLERG_RHINITIS	binary	rs9950097	0.000620543668044773	0.000974534944356395	0.524281988876354	asthma_gwama	ALLERG_RHINITIS	489568
Asthma	Allergic rhinitis	ALLERG_RHINITIS	binary	rs9979383	0.000620457901582425	0.00097326641559932	0.523798834190353	asthma_gwama	ALLERG_RHINITIS	489568
Asthma	Allergic rhinitis	ALLERG_RHINITIS	binary	rs9979428	0.000621226475803364	0.000974371210491963	0.52375588615784	asthma_gwama	ALLERG_RHINITIS	489568
Asthma	Allergic rhinitis	ALLERG_RHINITIS	binary	All	0.000620712080544741	0.000973801865307224	0.523857125177319	asthma_gwama	ALLERG_RHINITIS	489568
