exposure	outcome	outcome_id	outcome_type	SNP	beta	SE	p_value	id.exposure	id.outcome	samplesize
Asthma	Bronchiectasis	J10_BRONCHIECTASIS	binary	rs10035217	0.000842742241267033	0.00122183553933986	0.49036110590033	asthma_gwama	J10_BRONCHIECTASIS	409082
Asthma	Bronchiectasis	J10_BRONCHIECTASIS	binary	rs10040192	0.00084201201978263	0.00122171528327666	0.490694405728244	asthma_gwama	J10_BRONCHIECTASIS	409082
Asthma	Bronchiectasis	J10_BRONCHIECTASIS	binary	rs10057913	0.000841359041766552	0.00121758755054719	0.489562421409213	asthma_gwama	J10_BRONCHIECTASIS	409082
Asthma	Bronchiectasis	J10_BRONCHIECTASIS	binary	rs1009727	0.000841841776107176	0.0012204312209534	0.490325988060287	asthma_gwama	J10_BRONCHIECTASIS	409082
Asthma	Bronchiectasis	J10_BRONCHIECTASIS	binary	rs1012177	0.000841804918560951	0.00122012039497068	0.49023446964382	asthma_gwama	J10_BRONCHIECTASIS	409082
Asthma	Bronchiectasis	J10_BRONCHIECTASIS	binary	rs10158467	0.000842121272785453	0.00122197579271762	0.490730600205865	asthma_gwama	J10_BRONCHIECTASIS	409082
Asthma	Bronchiectasis	J10_BRONCHIECTASIS	binary	rs10175070	0.0008421797521441	0.00122192937723468	0.490684015639741	asthma_gwama	J10_BRONCHIECTASIS	409082
Asthma	Bronchiectasis	J10_BRONCHIECTASIS	binary	rs10185424	0.000842000696162507	0.00122169392354814	0.490692655862496	asthma_gwama	J10_BRONCHIECTASIS	409082
Asthma	Bronchiectasis	J10_BRONCHIECTASIS	binary	rs10186746	0.000841860585938876	0.00122132198564033	0.490632776714262	asthma_gwama	J10_BRONCHIECTASIS	409082
Asthma	Bronchiectasis	J10_BRONCHIECTASIS	binary	rs10197437	0.000840307932983146	0.00122033703184733	0.491083350084142	asthma_gwama	J10_BRONCHIECTASIS	409082
Asthma	Bronchiectasis	J10_BRONCHIECTASIS	binary	rs1021621	0.000841654583827494	0.00121890293434481	0.489878722916647	asthma_gwama	J10_BRONCHIECTASIS	409082
Asthma	Bronchiectasis	J10_BRONCHIECTASIS	binary	rs1029751	0.000842231537339098	0.00122197322720589	0.490672912865069	asthma_gwama	J10_BRONCHIECTASIS	409082
Asthma	Bronchiectasis	J10_BRONCHIECTASIS	binary	rs1030347	0.000842130240636478	0.00122197668362674	0.490726298545627	asthma_gwama	J10_BRONCHIECTASIS	409082
Asthma	Bronchiectasis	J10_BRONCHIECTASIS	binary	rs10498730	0.000842253726327395	0.00122143445301438	0.490470215960908	asthma_gwama	J10_BRONCHIECTASIS	409082
Asthma	Bronchiectasis	J10_BRONCHIECTASIS	binary	rs10751640	0.000849456005938541	0.00121554435609761	0.484659746522941	asthma_gwama	J10_BRONCHIECTASIS	409082
Asthma	Bronchiectasis	J10_BRONCHIECTASIS	binary	rs10791824	0.000841771578375782	0.00122069716288431	0.490456684358129	asthma_gwama	J10_BRONCHIECTASIS	409082
Asthma	Bronchiectasis	J10_BRONCHIECTASIS	binary	rs10795633	0.000841665687279431	0.00122010423805604	0.490300491735716	asthma_gwama	J10_BRONCHIECTASIS	409082
Asthma	Bronchiectasis	J10_BRONCHIECTASIS	binary	rs10797291	0.00084231208675577	0.00122196114919306	0.490627152350516	asthma_gwama	J10_BRONCHIECTASIS	409082
Asthma	Bronchiectasis	J10_BRONCHIECTASIS	binary	rs10905469	0.000842893986626224	0.00122191064861226	0.490309663293497	asthma_gwama	J10_BRONCHIECTASIS	409082
Asthma	Bronchiectasis	J10_BRONCHIECTASIS	binary	rs10916031	0.000842046475544971	0.00122197525737272	0.490768926470172	asthma_gwama	J10_BRONCHIECTASIS	409082
Asthma	Bronchiectasis	J10_BRONCHIECTASIS	binary	rs10928554	0.000842101494851162	0.00122196356774721	0.490736446361278	asthma_gwama	J10_BRONCHIECTASIS	409082
Asthma	Bronchiectasis	J10_BRONCHIECTASIS	binary	rs10988207	0.00084081256222431	0.00122130545214587	0.491166960098255	asthma_gwama	J10_BRONCHIECTASIS	409082
Asthma	Bronchiectasis	J10_BRONCHIECTASIS	binary	rs11069349	0.000842056849895627	0.00122188130035021	0.490730241648994	asthma_gwama	J10_BRONCHIECTASIS	409082
Asthma	Bronchiectasis	J10_BRONCHIECTASIS	binary	rs11074853	0.000841871074517191	0.00122119807414275	0.490583369441827	asthma_gwama	J10_BRONCHIECTASIS	409082
Asthma	Bronchiectasis	J10_BRONCHIECTASIS	binary	rs111164030	0.000842235394360339	0.00122142148210045	0.490475050820525	asthma_gwama	J10_BRONCHIECTASIS	409082
Asthma	Bronchiectasis	J10_BRONCHIECTASIS	binary	rs111261380	0.000839659430013403	0.00122042904491685	0.491450589899579	asthma_gwama	J10_BRONCHIECTASIS	409082
Asthma	Bronchiectasis	J10_BRONCHIECTASIS	binary	rs11146290	0.000842411079373468	0.00122193282887254	0.490566132553231	asthma_gwama	J10_BRONCHIECTASIS	409082
Asthma	Bronchiectasis	J10_BRONCHIECTASIS	binary	rs111572801	0.000842498197436906	0.0012215811575	0.490396421713192	asthma_gwama	J10_BRONCHIECTASIS	409082
Asthma	Bronchiectasis	J10_BRONCHIECTASIS	binary	rs11158543	0.000841232182591679	0.00122156251455217	0.491041921378331	asthma_gwama	J10_BRONCHIECTASIS	409082
Asthma	Bronchiectasis	J10_BRONCHIECTASIS	binary	rs111597890	0.000841574546114338	0.00122187095462252	0.490974977178011	asthma_gwama	J10_BRONCHIECTASIS	409082
Asthma	Bronchiectasis	J10_BRONCHIECTASIS	binary	rs111641596	0.000842186801989375	0.001221891316973	0.490666877665941	asthma_gwama	J10_BRONCHIECTASIS	409082
Asthma	Bronchiectasis	J10_BRONCHIECTASIS	binary	rs11188006	0.000839956179300723	0.00121978332530261	0.491068115565073	asthma_gwama	J10_BRONCHIECTASIS	409082
Asthma	Bronchiectasis	J10_BRONCHIECTASIS	binary	rs111966309	0.00084157794862365	0.00122187323808344	0.490974034649633	asthma_gwama	J10_BRONCHIECTASIS	409082
Asthma	Bronchiectasis	J10_BRONCHIECTASIS	binary	rs112068732	0.000841720357908989	0.00121922186766085	0.48995836265168	asthma_gwama	J10_BRONCHIECTASIS	409082
Asthma	Bronchiectasis	J10_BRONCHIECTASIS	binary	rs11207023	0.000841778494972065	0.0012187728478309	0.489768484064151	asthma_gwama	J10_BRONCHIECTASIS	409082
Asthma	Bronchiectasis	J10_BRONCHIECTASIS	binary	rs11236723	0.00084200039276358	0.00122070691896306	0.490342247660781	asthma_gwama	J10_BRONCHIECTASIS	409082
Asthma	Bronchiectasis	J10_BRONCHIECTASIS	binary	rs112502960	0.000837537927741226	0.0012200993678382	0.492429013561822	asthma_gwama	J10_BRONCHIECTASIS	409082
Asthma	Bronchiectasis	J10_BRONCHIECTASIS	binary	rs11253578	0.000841869639048835	0.00122098792684579	0.490509464883517	asthma_gwama	J10_BRONCHIECTASIS	409082
Asthma	Bronchiectasis	J10_BRONCHIECTASIS	binary	rs11255686	0.00084206417403921	0.00122191948866562	0.49074002236193	asthma_gwama	J10_BRONCHIECTASIS	409082
Asthma	Bronchiectasis	J10_BRONCHIECTASIS	binary	rs11256016	0.000837062617508176	0.00121968737620904	0.492528512656759	asthma_gwama	J10_BRONCHIECTASIS	409082
Asthma	Bronchiectasis	J10_BRONCHIECTASIS	binary	rs112715785	0.000842049807068477	0.0012219731114895	0.490766449431551	asthma_gwama	J10_BRONCHIECTASIS	409082
Asthma	Bronchiectasis	J10_BRONCHIECTASIS	binary	rs112743107	0.000842199559645944	0.0012218332280584	0.490639690831238	asthma_gwama	J10_BRONCHIECTASIS	409082
Asthma	Bronchiectasis	J10_BRONCHIECTASIS	binary	rs112842054	0.000837690065332921	0.00121819262311999	0.491673261119118	asthma_gwama	J10_BRONCHIECTASIS	409082
Asthma	Bronchiectasis	J10_BRONCHIECTASIS	binary	rs113030358	0.000821325151920385	0.0012264024383436	0.503047263789349	asthma_gwama	J10_BRONCHIECTASIS	409082
Asthma	Bronchiectasis	J10_BRONCHIECTASIS	binary	rs113108794	0.000842062986098934	0.00122183582868783	0.490710943691997	asthma_gwama	J10_BRONCHIECTASIS	409082
Asthma	Bronchiectasis	J10_BRONCHIECTASIS	binary	rs113206908	0.000842418205185303	0.00122078579321043	0.490155034259995	asthma_gwama	J10_BRONCHIECTASIS	409082
Asthma	Bronchiectasis	J10_BRONCHIECTASIS	binary	rs113214835	0.000842194801199405	0.00122185696761912	0.490650567206953	asthma_gwama	J10_BRONCHIECTASIS	409082
Asthma	Bronchiectasis	J10_BRONCHIECTASIS	binary	rs113359448	0.000842146515011756	0.00122197738668075	0.490718167941022	asthma_gwama	J10_BRONCHIECTASIS	409082
Asthma	Bronchiectasis	J10_BRONCHIECTASIS	binary	rs113396459	0.000842117630815942	0.00122194798343557	0.490722606928734	asthma_gwama	J10_BRONCHIECTASIS	409082
Asthma	Bronchiectasis	J10_BRONCHIECTASIS	binary	rs113481061	0.000845043844784071	0.00122007881644134	0.488551731846602	asthma_gwama	J10_BRONCHIECTASIS	409082
Asthma	Bronchiectasis	J10_BRONCHIECTASIS	binary	rs113484502	0.000840296038178878	0.00122056645343567	0.491170961188623	asthma_gwama	J10_BRONCHIECTASIS	409082
Asthma	Bronchiectasis	J10_BRONCHIECTASIS	binary	rs113560750	0.000841751186010547	0.00121884226918977	0.489807295544432	asthma_gwama	J10_BRONCHIECTASIS	409082
Asthma	Bronchiectasis	J10_BRONCHIECTASIS	binary	rs113604048	0.000841862145765476	0.00122112594881165	0.490562352823292	asthma_gwama	J10_BRONCHIECTASIS	409082
Asthma	Bronchiectasis	J10_BRONCHIECTASIS	binary	rs113626350	0.000842024050183107	0.00122186496199057	0.490741334417918	asthma_gwama	J10_BRONCHIECTASIS	409082
Asthma	Bronchiectasis	J10_BRONCHIECTASIS	binary	rs113973315	0.00083998276188263	0.00122186928679089	0.491794702478023	asthma_gwama	J10_BRONCHIECTASIS	409082
Asthma	Bronchiectasis	J10_BRONCHIECTASIS	binary	rs113981909	0.000841740484448308	0.0012219345124653	0.490912055231894	asthma_gwama	J10_BRONCHIECTASIS	409082
Asthma	Bronchiectasis	J10_BRONCHIECTASIS	binary	rs114045542	0.000899266548379763	0.00122021111989929	0.461136825823883	asthma_gwama	J10_BRONCHIECTASIS	409082
Asthma	Bronchiectasis	J10_BRONCHIECTASIS	binary	rs114137525	0.000842283908093702	0.00122119465910068	0.490369499171501	asthma_gwama	J10_BRONCHIECTASIS	409082
Asthma	Bronchiectasis	J10_BRONCHIECTASIS	binary	rs1143869	0.00084185769878394	0.00122115747889104	0.490575842569352	asthma_gwama	J10_BRONCHIECTASIS	409082
Asthma	Bronchiectasis	J10_BRONCHIECTASIS	binary	rs114677569	0.000842346639245726	0.00122194083211537	0.490602151157829	asthma_gwama	J10_BRONCHIECTASIS	409082
Asthma	Bronchiectasis	J10_BRONCHIECTASIS	binary	rs1149915	0.000840869238874672	0.00121601702655096	0.489254756792448	asthma_gwama	J10_BRONCHIECTASIS	409082
Asthma	Bronchiectasis	J10_BRONCHIECTASIS	binary	rs115026096	0.000841956225693717	0.00122129855538474	0.490575188494541	asthma_gwama	J10_BRONCHIECTASIS	409082
Asthma	Bronchiectasis	J10_BRONCHIECTASIS	binary	rs115222658	0.000842088998976014	0.00122193876536402	0.490734079454363	asthma_gwama	J10_BRONCHIECTASIS	409082
Asthma	Bronchiectasis	J10_BRONCHIECTASIS	binary	rs115285331	0.000841494470314236	0.00122177443500159	0.490981981773977	asthma_gwama	J10_BRONCHIECTASIS	409082
Asthma	Bronchiectasis	J10_BRONCHIECTASIS	binary	rs115804565	0.000842027498297907	0.00122153112503521	0.490621058069465	asthma_gwama	J10_BRONCHIECTASIS	409082
Asthma	Bronchiectasis	J10_BRONCHIECTASIS	binary	rs11597580	0.000841269108500006	0.00122169726045701	0.49107070595435	asthma_gwama	J10_BRONCHIECTASIS	409082
Asthma	Bronchiectasis	J10_BRONCHIECTASIS	binary	rs116018601	0.000842426164216792	0.00121965003967881	0.489746935247761	asthma_gwama	J10_BRONCHIECTASIS	409082
Asthma	Bronchiectasis	J10_BRONCHIECTASIS	binary	rs11603178	0.000841193907851629	0.00122172798659406	0.491120354017799	asthma_gwama	J10_BRONCHIECTASIS	409082
Asthma	Bronchiectasis	J10_BRONCHIECTASIS	binary	rs11629680	0.000839815060644678	0.0012204691670011	0.491384534084105	asthma_gwama	J10_BRONCHIECTASIS	409082
Asthma	Bronchiectasis	J10_BRONCHIECTASIS	binary	rs11643304	0.0008398116700355	0.00122014849479045	0.491272415900044	asthma_gwama	J10_BRONCHIECTASIS	409082
Asthma	Bronchiectasis	J10_BRONCHIECTASIS	binary	rs11647496	0.000841930727304995	0.00122196050441416	0.490823298586668	asthma_gwama	J10_BRONCHIECTASIS	409082
Asthma	Bronchiectasis	J10_BRONCHIECTASIS	binary	rs11652371	0.000843273256428344	0.00122121867892131	0.489868609322769	asthma_gwama	J10_BRONCHIECTASIS	409082
Asthma	Bronchiectasis	J10_BRONCHIECTASIS	binary	rs116581033	0.000842039987361007	0.00121968864727542	0.489959714986265	asthma_gwama	J10_BRONCHIECTASIS	409082
Asthma	Bronchiectasis	J10_BRONCHIECTASIS	binary	rs116589735	0.000841986673745367	0.00122161104777022	0.490670458861884	asthma_gwama	J10_BRONCHIECTASIS	409082
Asthma	Bronchiectasis	J10_BRONCHIECTASIS	binary	rs11663959	0.000839814625374474	0.00121897487937835	0.490853761226275	asthma_gwama	J10_BRONCHIECTASIS	409082
Asthma	Bronchiectasis	J10_BRONCHIECTASIS	binary	rs11666329	0.000842262210262019	0.00122167806872304	0.49055234978654	asthma_gwama	J10_BRONCHIECTASIS	409082
Asthma	Bronchiectasis	J10_BRONCHIECTASIS	binary	rs11672343	0.000840471581976268	0.00122065244530601	0.491110960732724	asthma_gwama	J10_BRONCHIECTASIS	409082
Asthma	Bronchiectasis	J10_BRONCHIECTASIS	binary	rs11684846	0.00084195286754816	0.00122089934571594	0.490435113258253	asthma_gwama	J10_BRONCHIECTASIS	409082
Asthma	Bronchiectasis	J10_BRONCHIECTASIS	binary	rs116863868	0.000842144279406192	0.0012219703784718	0.490716832109512	asthma_gwama	J10_BRONCHIECTASIS	409082
Asthma	Bronchiectasis	J10_BRONCHIECTASIS	binary	rs11688802	0.000842074295152653	0.00122195121033581	0.490746067502428	asthma_gwama	J10_BRONCHIECTASIS	409082
Asthma	Bronchiectasis	J10_BRONCHIECTASIS	binary	rs11692304	0.000842362201101922	0.00122094468594754	0.490240354739938	asthma_gwama	J10_BRONCHIECTASIS	409082
Asthma	Bronchiectasis	J10_BRONCHIECTASIS	binary	rs116949439	0.000823279139767004	0.00122275456681463	0.500757238298332	asthma_gwama	J10_BRONCHIECTASIS	409082
Asthma	Bronchiectasis	J10_BRONCHIECTASIS	binary	rs11699259	0.000842252203828383	0.00122167292264918	0.490555675686956	asthma_gwama	J10_BRONCHIECTASIS	409082
Asthma	Bronchiectasis	J10_BRONCHIECTASIS	binary	rs117010001	0.000859630037635481	0.00122224583481868	0.481856300023783	asthma_gwama	J10_BRONCHIECTASIS	409082
Asthma	Bronchiectasis	J10_BRONCHIECTASIS	binary	rs117051189	0.000840039551419653	0.00121913876736423	0.490795940953366	asthma_gwama	J10_BRONCHIECTASIS	409082
Asthma	Bronchiectasis	J10_BRONCHIECTASIS	binary	rs11709566	0.000842563593975837	0.00121828976784796	0.489191454013862	asthma_gwama	J10_BRONCHIECTASIS	409082
Asthma	Bronchiectasis	J10_BRONCHIECTASIS	binary	rs117097909	0.000841509103679764	0.00122097217606582	0.490689645631455	asthma_gwama	J10_BRONCHIECTASIS	409082
Asthma	Bronchiectasis	J10_BRONCHIECTASIS	binary	rs11716980	0.000842154003295663	0.00122196652012994	0.490710455820127	asthma_gwama	J10_BRONCHIECTASIS	409082
Asthma	Bronchiectasis	J10_BRONCHIECTASIS	binary	rs117185005	0.000842027548226211	0.00122177465877878	0.490707483323644	asthma_gwama	J10_BRONCHIECTASIS	409082
Asthma	Bronchiectasis	J10_BRONCHIECTASIS	binary	rs117320438	0.000800154802727911	0.00122431629982567	0.513400247716798	asthma_gwama	J10_BRONCHIECTASIS	409082
Asthma	Bronchiectasis	J10_BRONCHIECTASIS	binary	rs117378200	0.00084202612492018	0.00122164583665421	0.490662489646903	asthma_gwama	J10_BRONCHIECTASIS	409082
Asthma	Bronchiectasis	J10_BRONCHIECTASIS	binary	rs117402700	0.000828781950313772	0.00122224022485516	0.497718222332389	asthma_gwama	J10_BRONCHIECTASIS	409082
Asthma	Bronchiectasis	J10_BRONCHIECTASIS	binary	rs117552144	0.000842354352345308	0.00122065840939215	0.490142644746838	asthma_gwama	J10_BRONCHIECTASIS	409082
Asthma	Bronchiectasis	J10_BRONCHIECTASIS	binary	rs117675359	0.000841901383428886	0.00122103523996952	0.490509917210681	asthma_gwama	J10_BRONCHIECTASIS	409082
Asthma	Bronchiectasis	J10_BRONCHIECTASIS	binary	rs117683492	0.000841801130627928	0.00122088940053814	0.490509760983195	asthma_gwama	J10_BRONCHIECTASIS	409082
Asthma	Bronchiectasis	J10_BRONCHIECTASIS	binary	rs117710327	0.000842143488733041	0.00122197630725698	0.490719343191144	asthma_gwama	J10_BRONCHIECTASIS	409082
Asthma	Bronchiectasis	J10_BRONCHIECTASIS	binary	rs117856230	0.000850099866542666	0.00122180423522422	0.486570247856726	asthma_gwama	J10_BRONCHIECTASIS	409082
Asthma	Bronchiectasis	J10_BRONCHIECTASIS	binary	rs117971857	0.000801648941157632	0.00122685908269424	0.513488343709027	asthma_gwama	J10_BRONCHIECTASIS	409082
Asthma	Bronchiectasis	J10_BRONCHIECTASIS	binary	rs118023715	0.000850193517317195	0.00122180628266173	0.486522969828457	asthma_gwama	J10_BRONCHIECTASIS	409082
Asthma	Bronchiectasis	J10_BRONCHIECTASIS	binary	rs11802525	0.000841819304430286	0.00122193072746115	0.490870116868096	asthma_gwama	J10_BRONCHIECTASIS	409082
Asthma	Bronchiectasis	J10_BRONCHIECTASIS	binary	rs11804609	0.000842550287039389	0.00121988700875344	0.489767316139927	asthma_gwama	J10_BRONCHIECTASIS	409082
Asthma	Bronchiectasis	J10_BRONCHIECTASIS	binary	rs11809494	0.000841374414881251	0.00121188245590052	0.487512496319127	asthma_gwama	J10_BRONCHIECTASIS	409082
Asthma	Bronchiectasis	J10_BRONCHIECTASIS	binary	rs11870777	0.000840130990892797	0.0012198161215546	0.490989564363638	asthma_gwama	J10_BRONCHIECTASIS	409082
Asthma	Bronchiectasis	J10_BRONCHIECTASIS	binary	rs1190978	0.000842518000691374	0.00122189644201122	0.490498168557744	asthma_gwama	J10_BRONCHIECTASIS	409082
Asthma	Bronchiectasis	J10_BRONCHIECTASIS	binary	rs11964507	0.000841947340600341	0.00122152102299946	0.490658758291599	asthma_gwama	J10_BRONCHIECTASIS	409082
Asthma	Bronchiectasis	J10_BRONCHIECTASIS	binary	rs12077197	0.000842502314743644	0.00121934143475106	0.489597813257971	asthma_gwama	J10_BRONCHIECTASIS	409082
Asthma	Bronchiectasis	J10_BRONCHIECTASIS	binary	rs12098541	0.000840637104794531	0.0012209711338522	0.491138754422901	asthma_gwama	J10_BRONCHIECTASIS	409082
Asthma	Bronchiectasis	J10_BRONCHIECTASIS	binary	rs12123821	0.000841844760165998	0.0012215985247202	0.49073910922963	asthma_gwama	J10_BRONCHIECTASIS	409082
Asthma	Bronchiectasis	J10_BRONCHIECTASIS	binary	rs12148282	0.000841975214063784	0.00121971940464136	0.490004048350146	asthma_gwama	J10_BRONCHIECTASIS	409082
Asthma	Bronchiectasis	J10_BRONCHIECTASIS	binary	rs12212737	0.000841118341101245	0.00122187152742102	0.491210207673877	asthma_gwama	J10_BRONCHIECTASIS	409082
Asthma	Bronchiectasis	J10_BRONCHIECTASIS	binary	rs12253380	0.000841579195737451	0.00121909224679861	0.48998501254502	asthma_gwama	J10_BRONCHIECTASIS	409082
Asthma	Bronchiectasis	J10_BRONCHIECTASIS	binary	rs12303699	0.000841989285088455	0.00122165686003574	0.490685376579116	asthma_gwama	J10_BRONCHIECTASIS	409082
Asthma	Bronchiectasis	J10_BRONCHIECTASIS	binary	rs1238556	0.000842130744867617	0.00122197668262679	0.490726038547986	asthma_gwama	J10_BRONCHIECTASIS	409082
Asthma	Bronchiectasis	J10_BRONCHIECTASIS	binary	rs12419600	0.000842603737528322	0.001221682217883	0.490377968621612	asthma_gwama	J10_BRONCHIECTASIS	409082
Asthma	Bronchiectasis	J10_BRONCHIECTASIS	binary	rs12434251	0.000843924103266456	0.00122045377367697	0.489261511421769	asthma_gwama	J10_BRONCHIECTASIS	409082
Asthma	Bronchiectasis	J10_BRONCHIECTASIS	binary	rs12446418	0.000841811085468581	0.00122062942302856	0.490412252806647	asthma_gwama	J10_BRONCHIECTASIS	409082
Asthma	Bronchiectasis	J10_BRONCHIECTASIS	binary	rs12462901	0.000840907737602439	0.00122138985907308	0.491147856054032	asthma_gwama	J10_BRONCHIECTASIS	409082
Asthma	Bronchiectasis	J10_BRONCHIECTASIS	binary	rs12467817	0.000842921642301613	0.0012217412386259	0.490235269853385	asthma_gwama	J10_BRONCHIECTASIS	409082
Asthma	Bronchiectasis	J10_BRONCHIECTASIS	binary	rs12470864	0.000841956078469421	0.00122191740302355	0.490794948862593	asthma_gwama	J10_BRONCHIECTASIS	409082
Asthma	Bronchiectasis	J10_BRONCHIECTASIS	binary	rs12482736	0.000842274086742016	0.0012219658811296	0.490648397338586	asthma_gwama	J10_BRONCHIECTASIS	409082
Asthma	Bronchiectasis	J10_BRONCHIECTASIS	binary	rs12539003	0.00084180781503027	0.0012205831633345	0.490397497381697	asthma_gwama	J10_BRONCHIECTASIS	409082
Asthma	Bronchiectasis	J10_BRONCHIECTASIS	binary	rs12595715	0.000842050555750767	0.00122186669179243	0.490728298483508	asthma_gwama	J10_BRONCHIECTASIS	409082
Asthma	Bronchiectasis	J10_BRONCHIECTASIS	binary	rs12596491	0.000842129597556682	0.00122197667356423	0.490726626114772	asthma_gwama	J10_BRONCHIECTASIS	409082
Asthma	Bronchiectasis	J10_BRONCHIECTASIS	binary	rs12611017	0.000842262078330122	0.00122157367182902	0.490515351665901	asthma_gwama	J10_BRONCHIECTASIS	409082
Asthma	Bronchiectasis	J10_BRONCHIECTASIS	binary	rs12638043	0.000842249682475311	0.00122197305512202	0.490663508919252	asthma_gwama	J10_BRONCHIECTASIS	409082
Asthma	Bronchiectasis	J10_BRONCHIECTASIS	binary	rs12653071	0.00084109112624043	0.00122138982979836	0.491053329600484	asthma_gwama	J10_BRONCHIECTASIS	409082
Asthma	Bronchiectasis	J10_BRONCHIECTASIS	binary	rs1265764	0.000842333210102887	0.00122112548036265	0.490319528959546	asthma_gwama	J10_BRONCHIECTASIS	409082
Asthma	Bronchiectasis	J10_BRONCHIECTASIS	binary	rs12661996	0.000844652565189998	0.00121861437690658	0.488230865197743	asthma_gwama	J10_BRONCHIECTASIS	409082
Asthma	Bronchiectasis	J10_BRONCHIECTASIS	binary	rs12718488	0.000841777418624952	0.00122076852714374	0.490479033238965	asthma_gwama	J10_BRONCHIECTASIS	409082
Asthma	Bronchiectasis	J10_BRONCHIECTASIS	binary	rs12722502	0.000841998650093005	0.00122153642106346	0.490637796909138	asthma_gwama	J10_BRONCHIECTASIS	409082
Asthma	Bronchiectasis	J10_BRONCHIECTASIS	binary	rs12817660	0.000841785598482937	0.00122191638180444	0.490882386549035	asthma_gwama	J10_BRONCHIECTASIS	409082
Asthma	Bronchiectasis	J10_BRONCHIECTASIS	binary	rs12906125	0.00084272920533827	0.00122180031769051	0.490355310514678	asthma_gwama	J10_BRONCHIECTASIS	409082
Asthma	Bronchiectasis	J10_BRONCHIECTASIS	binary	rs12936466	0.000844544739626034	0.00122084502551471	0.48908137989359	asthma_gwama	J10_BRONCHIECTASIS	409082
Asthma	Bronchiectasis	J10_BRONCHIECTASIS	binary	rs12953110	0.000842188688029996	0.00122191360475273	0.490673816657379	asthma_gwama	J10_BRONCHIECTASIS	409082
Asthma	Bronchiectasis	J10_BRONCHIECTASIS	binary	rs12964116	0.000841938183252606	0.00122100120767528	0.490478868149379	asthma_gwama	J10_BRONCHIECTASIS	409082
Asthma	Bronchiectasis	J10_BRONCHIECTASIS	binary	rs12965763	0.000840799170217466	0.00122134086929067	0.491186431273374	asthma_gwama	J10_BRONCHIECTASIS	409082
Asthma	Bronchiectasis	J10_BRONCHIECTASIS	binary	rs13000664	0.000840661767261203	0.00122114627325805	0.49118820398706	asthma_gwama	J10_BRONCHIECTASIS	409082
Asthma	Bronchiectasis	J10_BRONCHIECTASIS	binary	rs13049055	0.000841648123071181	0.00122187096886953	0.490937082574243	asthma_gwama	J10_BRONCHIECTASIS	409082
Asthma	Bronchiectasis	J10_BRONCHIECTASIS	binary	rs13087727	0.000844479814865403	0.00122077694110161	0.489090551467261	asthma_gwama	J10_BRONCHIECTASIS	409082
Asthma	Bronchiectasis	J10_BRONCHIECTASIS	binary	rs13104716	0.000842468373097275	0.00122192708797736	0.49053459720373	asthma_gwama	J10_BRONCHIECTASIS	409082
Asthma	Bronchiectasis	J10_BRONCHIECTASIS	binary	rs13149287	0.000842337718207073	0.00122088771255196	0.490232718445054	asthma_gwama	J10_BRONCHIECTASIS	409082
Asthma	Bronchiectasis	J10_BRONCHIECTASIS	binary	rs13290954	0.000840991868223263	0.00122136175629147	0.491094521954312	asthma_gwama	J10_BRONCHIECTASIS	409082
Asthma	Bronchiectasis	J10_BRONCHIECTASIS	binary	rs13382528	0.000844610579047106	0.0012198178943406	0.488681704040547	asthma_gwama	J10_BRONCHIECTASIS	409082
Asthma	Bronchiectasis	J10_BRONCHIECTASIS	binary	rs13421997	0.000842149586495813	0.00122196956521929	0.49071381075712	asthma_gwama	J10_BRONCHIECTASIS	409082
Asthma	Bronchiectasis	J10_BRONCHIECTASIS	binary	rs1363105	0.000841332104389004	0.00122166108174612	0.491025411591765	asthma_gwama	J10_BRONCHIECTASIS	409082
Asthma	Bronchiectasis	J10_BRONCHIECTASIS	binary	rs137926256	0.000872266259590253	0.00122234172503543	0.475472935959763	asthma_gwama	J10_BRONCHIECTASIS	409082
Asthma	Bronchiectasis	J10_BRONCHIECTASIS	binary	rs138012443	0.000846011539762739	0.00121838919448026	0.487450904969409	asthma_gwama	J10_BRONCHIECTASIS	409082
Asthma	Bronchiectasis	J10_BRONCHIECTASIS	binary	rs138026135	0.000839692843857011	0.00121906466038004	0.490948564749541	asthma_gwama	J10_BRONCHIECTASIS	409082
Asthma	Bronchiectasis	J10_BRONCHIECTASIS	binary	rs138121471	0.000773215891547914	0.00122287941620456	0.527196613834081	asthma_gwama	J10_BRONCHIECTASIS	409082
Asthma	Bronchiectasis	J10_BRONCHIECTASIS	binary	rs138327512	0.000839643441400475	0.00122196555300457	0.492003775317368	asthma_gwama	J10_BRONCHIECTASIS	409082
Asthma	Bronchiectasis	J10_BRONCHIECTASIS	binary	rs138417339	0.00091927312742761	0.0012285746002301	0.454313214406161	asthma_gwama	J10_BRONCHIECTASIS	409082
Asthma	Bronchiectasis	J10_BRONCHIECTASIS	binary	rs138450506	0.000816951960843908	0.00122132328823514	0.503554666682098	asthma_gwama	J10_BRONCHIECTASIS	409082
Asthma	Bronchiectasis	J10_BRONCHIECTASIS	binary	rs138453626	0.000709052748883875	0.00123380237280484	0.565501594969783	asthma_gwama	J10_BRONCHIECTASIS	409082
Asthma	Bronchiectasis	J10_BRONCHIECTASIS	binary	rs138542223	0.000829468845625184	0.00124208706110644	0.504259670030538	asthma_gwama	J10_BRONCHIECTASIS	409082
Asthma	Bronchiectasis	J10_BRONCHIECTASIS	binary	rs138700582	0.000827850886437487	0.00122429850305017	0.498923919209742	asthma_gwama	J10_BRONCHIECTASIS	409082
Asthma	Bronchiectasis	J10_BRONCHIECTASIS	binary	rs139170956	0.000842140975895171	0.00122196573652146	0.490716885879313	asthma_gwama	J10_BRONCHIECTASIS	409082
Asthma	Bronchiectasis	J10_BRONCHIECTASIS	binary	rs139450603	0.000795789035080875	0.0012293674610441	0.517427549587117	asthma_gwama	J10_BRONCHIECTASIS	409082
Asthma	Bronchiectasis	J10_BRONCHIECTASIS	binary	rs139671781	0.000840344890181979	0.00122145115572362	0.49145974399997	asthma_gwama	J10_BRONCHIECTASIS	409082
Asthma	Bronchiectasis	J10_BRONCHIECTASIS	binary	rs139689471	0.00083332539967115	0.00122367278596035	0.495869301864658	asthma_gwama	J10_BRONCHIECTASIS	409082
Asthma	Bronchiectasis	J10_BRONCHIECTASIS	binary	rs141267412	0.000782942737336881	0.0012271766205967	0.523471529966952	asthma_gwama	J10_BRONCHIECTASIS	409082
Asthma	Bronchiectasis	J10_BRONCHIECTASIS	binary	rs141343442	0.000841902666474992	0.00122161881417011	0.490716484776036	asthma_gwama	J10_BRONCHIECTASIS	409082
Asthma	Bronchiectasis	J10_BRONCHIECTASIS	binary	rs141405779	0.000846986365517295	0.0012175866087748	0.486662326419581	asthma_gwama	J10_BRONCHIECTASIS	409082
Asthma	Bronchiectasis	J10_BRONCHIECTASIS	binary	rs141441459	0.00085024035582573	0.001221807315624	0.486499328376221	asthma_gwama	J10_BRONCHIECTASIS	409082
Asthma	Bronchiectasis	J10_BRONCHIECTASIS	binary	rs1420466	0.000842004885090767	0.0012217439623749	0.49070825979506	asthma_gwama	J10_BRONCHIECTASIS	409082
Asthma	Bronchiectasis	J10_BRONCHIECTASIS	binary	rs142102013	0.000843600427480396	0.00122102543274477	0.489631497049256	asthma_gwama	J10_BRONCHIECTASIS	409082
Asthma	Bronchiectasis	J10_BRONCHIECTASIS	binary	rs142757787	0.000839570340730156	0.00122199169487134	0.492050732569404	asthma_gwama	J10_BRONCHIECTASIS	409082
Asthma	Bronchiectasis	J10_BRONCHIECTASIS	binary	rs142828423	0.000859155741564365	0.00122106410335945	0.481674239458947	asthma_gwama	J10_BRONCHIECTASIS	409082
Asthma	Bronchiectasis	J10_BRONCHIECTASIS	binary	rs142833331	0.00062511876455909	0.00123095886279062	0.611572041718282	asthma_gwama	J10_BRONCHIECTASIS	409082
Asthma	Bronchiectasis	J10_BRONCHIECTASIS	binary	rs142849353	0.000881417584566841	0.00122217793009371	0.470795098384044	asthma_gwama	J10_BRONCHIECTASIS	409082
Asthma	Bronchiectasis	J10_BRONCHIECTASIS	binary	rs142974104	0.000838960982900038	0.00122255422811536	0.492564165829757	asthma_gwama	J10_BRONCHIECTASIS	409082
Asthma	Bronchiectasis	J10_BRONCHIECTASIS	binary	rs143122977	0.000872259664462753	0.00122400043969664	0.476074625842337	asthma_gwama	J10_BRONCHIECTASIS	409082
Asthma	Bronchiectasis	J10_BRONCHIECTASIS	binary	rs143253231	0.000841361787956417	0.00122184746085948	0.491076243900713	asthma_gwama	J10_BRONCHIECTASIS	409082
Asthma	Bronchiectasis	J10_BRONCHIECTASIS	binary	rs143628759	0.000841342009895214	0.00122157442998905	0.49098955967701	asthma_gwama	J10_BRONCHIECTASIS	409082
Asthma	Bronchiectasis	J10_BRONCHIECTASIS	binary	rs143857279	0.000793219538201235	0.00122406466659042	0.516971405487068	asthma_gwama	J10_BRONCHIECTASIS	409082
Asthma	Bronchiectasis	J10_BRONCHIECTASIS	binary	rs144044754	0.000925728571618179	0.00122108962307046	0.448381056278487	asthma_gwama	J10_BRONCHIECTASIS	409082
Asthma	Bronchiectasis	J10_BRONCHIECTASIS	binary	rs144301783	0.000843233059890231	0.00122160096255064	0.490025149439257	asthma_gwama	J10_BRONCHIECTASIS	409082
Asthma	Bronchiectasis	J10_BRONCHIECTASIS	binary	rs144532877	0.000847152964640324	0.00122317465517225	0.488569746133863	asthma_gwama	J10_BRONCHIECTASIS	409082
Asthma	Bronchiectasis	J10_BRONCHIECTASIS	binary	rs144666843	0.0008422001414082	0.00122190849689176	0.490666106215754	asthma_gwama	J10_BRONCHIECTASIS	409082
Asthma	Bronchiectasis	J10_BRONCHIECTASIS	binary	rs144989638	0.00083659868968073	0.00122231960588112	0.493700329993608	asthma_gwama	J10_BRONCHIECTASIS	409082
Asthma	Bronchiectasis	J10_BRONCHIECTASIS	binary	rs145081654	0.000880937542509235	0.00122652013531781	0.472608453538681	asthma_gwama	J10_BRONCHIECTASIS	409082
Asthma	Bronchiectasis	J10_BRONCHIECTASIS	binary	rs145167319	0.00084330974810112	0.00122146873217607	0.489938695336098	asthma_gwama	J10_BRONCHIECTASIS	409082
Asthma	Bronchiectasis	J10_BRONCHIECTASIS	binary	rs145237994	0.000842189560497859	0.00122167830111668	0.490589844481121	asthma_gwama	J10_BRONCHIECTASIS	409082
Asthma	Bronchiectasis	J10_BRONCHIECTASIS	binary	rs145781990	0.000874611008937412	0.0012218715849729	0.474117213557492	asthma_gwama	J10_BRONCHIECTASIS	409082
Asthma	Bronchiectasis	J10_BRONCHIECTASIS	binary	rs146763133	0.000815787499960878	0.00122219903329237	0.50446866873088	asthma_gwama	J10_BRONCHIECTASIS	409082
Asthma	Bronchiectasis	J10_BRONCHIECTASIS	binary	rs146806896	0.000969189807066754	0.00122874788034222	0.430251041592583	asthma_gwama	J10_BRONCHIECTASIS	409082
Asthma	Bronchiectasis	J10_BRONCHIECTASIS	binary	rs146983365	0.00085024035582573	0.001221807315624	0.486499328376221	asthma_gwama	J10_BRONCHIECTASIS	409082
Asthma	Bronchiectasis	J10_BRONCHIECTASIS	binary	rs147200296	0.00079387347473737	0.00122274242188808	0.516172592512331	asthma_gwama	J10_BRONCHIECTASIS	409082
Asthma	Bronchiectasis	J10_BRONCHIECTASIS	binary	rs1474011	0.000842364077780001	0.00122082670097383	0.490197456203889	asthma_gwama	J10_BRONCHIECTASIS	409082
Asthma	Bronchiectasis	J10_BRONCHIECTASIS	binary	rs147471705	0.000841746953737898	0.00122194556548888	0.490912644797188	asthma_gwama	J10_BRONCHIECTASIS	409082
Asthma	Bronchiectasis	J10_BRONCHIECTASIS	binary	rs147739507	0.000845063077863753	0.00122100627210195	0.488872146950872	asthma_gwama	J10_BRONCHIECTASIS	409082
Asthma	Bronchiectasis	J10_BRONCHIECTASIS	binary	rs147793459	0.000841881353030851	0.0012205671034603	0.490353893624014	asthma_gwama	J10_BRONCHIECTASIS	409082
Asthma	Bronchiectasis	J10_BRONCHIECTASIS	binary	rs148083049	0.000842205124092901	0.00122194376322946	0.490676056678907	asthma_gwama	J10_BRONCHIECTASIS	409082
Asthma	Bronchiectasis	J10_BRONCHIECTASIS	binary	rs148238614	0.000848769287527648	0.00122726157685881	0.489191028285148	asthma_gwama	J10_BRONCHIECTASIS	409082
Asthma	Bronchiectasis	J10_BRONCHIECTASIS	binary	rs148673593	0.00084193547290459	0.00122196557572487	0.490822654097063	asthma_gwama	J10_BRONCHIECTASIS	409082
Asthma	Bronchiectasis	J10_BRONCHIECTASIS	binary	rs149064226	0.000839678821565818	0.00121906934041202	0.490957468538944	asthma_gwama	J10_BRONCHIECTASIS	409082
Asthma	Bronchiectasis	J10_BRONCHIECTASIS	binary	rs149096812	0.000841763661428043	0.00121735091194134	0.489269181560522	asthma_gwama	J10_BRONCHIECTASIS	409082
Asthma	Bronchiectasis	J10_BRONCHIECTASIS	binary	rs150059260	0.000774852402316243	0.00121865968749961	0.524891503709377	asthma_gwama	J10_BRONCHIECTASIS	409082
Asthma	Bronchiectasis	J10_BRONCHIECTASIS	binary	rs150597587	0.00084177569511361	0.00122003358000683	0.49021865859631	asthma_gwama	J10_BRONCHIECTASIS	409082
Asthma	Bronchiectasis	J10_BRONCHIECTASIS	binary	rs150786584	0.000842416786279856	0.00121986102536656	0.489826860923269	asthma_gwama	J10_BRONCHIECTASIS	409082
Asthma	Bronchiectasis	J10_BRONCHIECTASIS	binary	rs150788669	0.00084438590877914	0.00122048841350647	0.489036164544424	asthma_gwama	J10_BRONCHIECTASIS	409082
Asthma	Bronchiectasis	J10_BRONCHIECTASIS	binary	rs151158980	0.000842008492275538	0.00122131492593458	0.490554078620767	asthma_gwama	J10_BRONCHIECTASIS	409082
Asthma	Bronchiectasis	J10_BRONCHIECTASIS	binary	rs151220143	0.000803922195770677	0.00122367915270557	0.511199311767871	asthma_gwama	J10_BRONCHIECTASIS	409082
Asthma	Bronchiectasis	J10_BRONCHIECTASIS	binary	rs151288460	0.00084198108260082	0.00122127623443507	0.490554457073023	asthma_gwama	J10_BRONCHIECTASIS	409082
Asthma	Bronchiectasis	J10_BRONCHIECTASIS	binary	rs151328686	0.000841977462213198	0.00122161966517333	0.490678262383067	asthma_gwama	J10_BRONCHIECTASIS	409082
Asthma	Bronchiectasis	J10_BRONCHIECTASIS	binary	rs1553754	0.000842002569790493	0.00122173792172673	0.490707308138769	asthma_gwama	J10_BRONCHIECTASIS	409082
Asthma	Bronchiectasis	J10_BRONCHIECTASIS	binary	rs1617988	0.000841898947020761	0.00122197278776343	0.490844023607684	asthma_gwama	J10_BRONCHIECTASIS	409082
Asthma	Bronchiectasis	J10_BRONCHIECTASIS	binary	rs1627507	0.000840160666321218	0.00122002831896842	0.491049654417707	asthma_gwama	J10_BRONCHIECTASIS	409082
Asthma	Bronchiectasis	J10_BRONCHIECTASIS	binary	rs163093	0.000842561693295997	0.00122188835228706	0.490472802594117	asthma_gwama	J10_BRONCHIECTASIS	409082
Asthma	Bronchiectasis	J10_BRONCHIECTASIS	binary	rs1644005	0.000841599164597625	0.00122183887977521	0.490950915770962	asthma_gwama	J10_BRONCHIECTASIS	409082
Asthma	Bronchiectasis	J10_BRONCHIECTASIS	binary	rs1663671	0.000841570112171595	0.00121855080541974	0.489796867317345	asthma_gwama	J10_BRONCHIECTASIS	409082
Asthma	Bronchiectasis	J10_BRONCHIECTASIS	binary	rs1684466	0.000841531450826508	0.00121904556246481	0.489993015522821	asthma_gwama	J10_BRONCHIECTASIS	409082
Asthma	Bronchiectasis	J10_BRONCHIECTASIS	binary	rs16924144	0.000842244945746051	0.0012218672550023	0.490628397757578	asthma_gwama	J10_BRONCHIECTASIS	409082
Asthma	Bronchiectasis	J10_BRONCHIECTASIS	binary	rs1705333	0.000842128584942632	0.00122197668375566	0.490727151155215	asthma_gwama	J10_BRONCHIECTASIS	409082
Asthma	Bronchiectasis	J10_BRONCHIECTASIS	binary	rs17057868	0.000841963050256151	0.00122149685711506	0.490642086826478	asthma_gwama	J10_BRONCHIECTASIS	409082
Asthma	Bronchiectasis	J10_BRONCHIECTASIS	binary	rs17098678	0.000842450437860811	0.00121951441818954	0.48968614476265	asthma_gwama	J10_BRONCHIECTASIS	409082
Asthma	Bronchiectasis	J10_BRONCHIECTASIS	binary	rs17168863	0.000869059874805496	0.00122169023844476	0.476862038142948	asthma_gwama	J10_BRONCHIECTASIS	409082
Asthma	Bronchiectasis	J10_BRONCHIECTASIS	binary	rs17181428	0.000841964779286139	0.00122126402930958	0.490558520836892	asthma_gwama	J10_BRONCHIECTASIS	409082
Asthma	Bronchiectasis	J10_BRONCHIECTASIS	binary	rs17204454	0.000842477403420986	0.00122014614449886	0.489897074863653	asthma_gwama	J10_BRONCHIECTASIS	409082
Asthma	Bronchiectasis	J10_BRONCHIECTASIS	binary	rs17445108	0.00084193537045511	0.00122108489387895	0.490510045617842	asthma_gwama	J10_BRONCHIECTASIS	409082
Asthma	Bronchiectasis	J10_BRONCHIECTASIS	binary	rs174551	0.000841465619819083	0.00122191728192965	0.4910475230575	asthma_gwama	J10_BRONCHIECTASIS	409082
Asthma	Bronchiectasis	J10_BRONCHIECTASIS	binary	rs17547610	0.000841498271501372	0.00121965605935587	0.490227397925042	asthma_gwama	J10_BRONCHIECTASIS	409082
Asthma	Bronchiectasis	J10_BRONCHIECTASIS	binary	rs17772583	0.000841801635180702	0.00122073293490528	0.49045390738691	asthma_gwama	J10_BRONCHIECTASIS	409082
Asthma	Bronchiectasis	J10_BRONCHIECTASIS	binary	rs1779773	0.000843005239372211	0.00122174450093388	0.490193397899801	asthma_gwama	J10_BRONCHIECTASIS	409082
Asthma	Bronchiectasis	J10_BRONCHIECTASIS	binary	rs1787663	0.000842249899387989	0.00122141885883476	0.490466648844054	asthma_gwama	J10_BRONCHIECTASIS	409082
Asthma	Bronchiectasis	J10_BRONCHIECTASIS	binary	rs179768	0.000842300158448671	0.00122164428594731	0.490520814040825	asthma_gwama	J10_BRONCHIECTASIS	409082
Asthma	Bronchiectasis	J10_BRONCHIECTASIS	binary	rs1799595	0.000842025573538631	0.00122174464762522	0.490697848199379	asthma_gwama	J10_BRONCHIECTASIS	409082
Asthma	Bronchiectasis	J10_BRONCHIECTASIS	binary	rs1800440	0.000842193467399431	0.00122189405544221	0.490664417375164	asthma_gwama	J10_BRONCHIECTASIS	409082
Asthma	Bronchiectasis	J10_BRONCHIECTASIS	binary	rs181104005	0.000532036124642002	0.0012348558820681	0.666578343352831	asthma_gwama	J10_BRONCHIECTASIS	409082
Asthma	Bronchiectasis	J10_BRONCHIECTASIS	binary	rs182417546	0.000893130645388018	0.001222469239655	0.465026201505394	asthma_gwama	J10_BRONCHIECTASIS	409082
Asthma	Bronchiectasis	J10_BRONCHIECTASIS	binary	rs183861049	0.000812185081267906	0.00124031679083894	0.512583215986171	asthma_gwama	J10_BRONCHIECTASIS	409082
Asthma	Bronchiectasis	J10_BRONCHIECTASIS	binary	rs183886834	0.000803229968203574	0.00122255233842248	0.511174036134143	asthma_gwama	J10_BRONCHIECTASIS	409082
Asthma	Bronchiectasis	J10_BRONCHIECTASIS	binary	rs184163934	0.000842024979363844	0.00122105099291689	0.490451838748106	asthma_gwama	J10_BRONCHIECTASIS	409082
Asthma	Bronchiectasis	J10_BRONCHIECTASIS	binary	rs184289015	0.000827346987201436	0.00122218356571969	0.498442962431875	asthma_gwama	J10_BRONCHIECTASIS	409082
Asthma	Bronchiectasis	J10_BRONCHIECTASIS	binary	rs184482331	0.000841491352241978	0.00122183819217929	0.491006209048221	asthma_gwama	J10_BRONCHIECTASIS	409082
Asthma	Bronchiectasis	J10_BRONCHIECTASIS	binary	rs184739995	0.0008897654776367	0.00122154651804858	0.466373275153666	asthma_gwama	J10_BRONCHIECTASIS	409082
Asthma	Bronchiectasis	J10_BRONCHIECTASIS	binary	rs186399184	0.000844350686578606	0.00122003460414276	0.488892681689161	asthma_gwama	J10_BRONCHIECTASIS	409082
Asthma	Bronchiectasis	J10_BRONCHIECTASIS	binary	rs186520974	0.000844865952311032	0.00122038603887448	0.488752707048918	asthma_gwama	J10_BRONCHIECTASIS	409082
Asthma	Bronchiectasis	J10_BRONCHIECTASIS	binary	rs187228722	0.000846574156376154	0.00122191967139473	0.488420583095381	asthma_gwama	J10_BRONCHIECTASIS	409082
Asthma	Bronchiectasis	J10_BRONCHIECTASIS	binary	rs187528027	0.000836042127951613	0.00122191965655767	0.493846454297347	asthma_gwama	J10_BRONCHIECTASIS	409082
Asthma	Bronchiectasis	J10_BRONCHIECTASIS	binary	rs187875490	0.000872382626922995	0.00122139090765614	0.475070492657926	asthma_gwama	J10_BRONCHIECTASIS	409082
Asthma	Bronchiectasis	J10_BRONCHIECTASIS	binary	rs187909364	0.000868303775605491	0.0012481348867886	0.486628602120303	asthma_gwama	J10_BRONCHIECTASIS	409082
Asthma	Bronchiectasis	J10_BRONCHIECTASIS	binary	rs188248983	0.000749514208193092	0.0012232064856962	0.540044665370618	asthma_gwama	J10_BRONCHIECTASIS	409082
Asthma	Bronchiectasis	J10_BRONCHIECTASIS	binary	rs188388762	0.000811027010588171	0.00122150362992368	0.50671724332393	asthma_gwama	J10_BRONCHIECTASIS	409082
Asthma	Bronchiectasis	J10_BRONCHIECTASIS	binary	rs188573597	0.000840981433680918	0.00122171347491222	0.491224691354287	asthma_gwama	J10_BRONCHIECTASIS	409082
Asthma	Bronchiectasis	J10_BRONCHIECTASIS	binary	rs188575117	0.000842266746969089	0.00121966055515682	0.489832838389527	asthma_gwama	J10_BRONCHIECTASIS	409082
Asthma	Bronchiectasis	J10_BRONCHIECTASIS	binary	rs1888072	0.000842320030725201	0.0012213143840086	0.490393423668384	asthma_gwama	J10_BRONCHIECTASIS	409082
Asthma	Bronchiectasis	J10_BRONCHIECTASIS	binary	rs189099472	0.000840260382095335	0.00121883242010012	0.490572971059584	asthma_gwama	J10_BRONCHIECTASIS	409082
Asthma	Bronchiectasis	J10_BRONCHIECTASIS	binary	rs189321018	0.000828743386261985	0.00122224222259279	0.497738929461093	asthma_gwama	J10_BRONCHIECTASIS	409082
Asthma	Bronchiectasis	J10_BRONCHIECTASIS	binary	rs189324776	0.000842012191252979	0.00122196910783799	0.49078439932866	asthma_gwama	J10_BRONCHIECTASIS	409082
Asthma	Bronchiectasis	J10_BRONCHIECTASIS	binary	rs189488647	0.000779718204510334	0.00123648242317785	0.528306124885989	asthma_gwama	J10_BRONCHIECTASIS	409082
Asthma	Bronchiectasis	J10_BRONCHIECTASIS	binary	rs189539537	0.000895558203887142	0.00122009139987861	0.462943185180286	asthma_gwama	J10_BRONCHIECTASIS	409082
Asthma	Bronchiectasis	J10_BRONCHIECTASIS	binary	rs190438685	0.000842175795443931	0.00122165615212419	0.490589070035456	asthma_gwama	J10_BRONCHIECTASIS	409082
Asthma	Bronchiectasis	J10_BRONCHIECTASIS	binary	rs191699156	0.000844307795608959	0.00122007627694398	0.488929602100257	asthma_gwama	J10_BRONCHIECTASIS	409082
Asthma	Bronchiectasis	J10_BRONCHIECTASIS	binary	rs192258066	0.000843492624966612	0.00122050058911882	0.489500297025446	asthma_gwama	J10_BRONCHIECTASIS	409082
Asthma	Bronchiectasis	J10_BRONCHIECTASIS	binary	rs192487861	0.000853691287777605	0.00129618502297237	0.510140853273853	asthma_gwama	J10_BRONCHIECTASIS	409082
Asthma	Bronchiectasis	J10_BRONCHIECTASIS	binary	rs192730519	0.000824001000746498	0.00121682208155874	0.498295184330203	asthma_gwama	J10_BRONCHIECTASIS	409082
Asthma	Bronchiectasis	J10_BRONCHIECTASIS	binary	rs193117554	0.000871030145715399	0.00122308553772576	0.476366944061034	asthma_gwama	J10_BRONCHIECTASIS	409082
Asthma	Bronchiectasis	J10_BRONCHIECTASIS	binary	rs193138021	0.000843163944197264	0.00122939476329178	0.492816143521958	asthma_gwama	J10_BRONCHIECTASIS	409082
Asthma	Bronchiectasis	J10_BRONCHIECTASIS	binary	rs1946131	0.0008422105715973	0.00122186823264237	0.490646444829099	asthma_gwama	J10_BRONCHIECTASIS	409082
Asthma	Bronchiectasis	J10_BRONCHIECTASIS	binary	rs194676	0.000842116510793657	0.00122197764966679	0.490733711266694	asthma_gwama	J10_BRONCHIECTASIS	409082
Asthma	Bronchiectasis	J10_BRONCHIECTASIS	binary	rs1963840	0.00084364445838742	0.00122092135833235	0.48957182073226	asthma_gwama	J10_BRONCHIECTASIS	409082
Asthma	Bronchiectasis	J10_BRONCHIECTASIS	binary	rs1971814	0.000843015142815013	0.00122161786013568	0.490143318649297	asthma_gwama	J10_BRONCHIECTASIS	409082
Asthma	Bronchiectasis	J10_BRONCHIECTASIS	binary	rs1981551	0.000843314183860842	0.00122180362978894	0.490055393762402	asthma_gwama	J10_BRONCHIECTASIS	409082
Asthma	Bronchiectasis	J10_BRONCHIECTASIS	binary	rs199805492	0.000840520592792805	0.00122115559387164	0.4912642954557	asthma_gwama	J10_BRONCHIECTASIS	409082
Asthma	Bronchiectasis	J10_BRONCHIECTASIS	binary	rs200009375	0.000856614474470204	0.00122270521392898	0.483559212607539	asthma_gwama	J10_BRONCHIECTASIS	409082
Asthma	Bronchiectasis	J10_BRONCHIECTASIS	binary	rs200305098	0.000839279277188669	0.00121852368356232	0.490969711733448	asthma_gwama	J10_BRONCHIECTASIS	409082
Asthma	Bronchiectasis	J10_BRONCHIECTASIS	binary	rs200410144	0.000841598756026948	0.00122181497373465	0.490942644044338	asthma_gwama	J10_BRONCHIECTASIS	409082
Asthma	Bronchiectasis	J10_BRONCHIECTASIS	binary	rs200706434	0.000850240355825731	0.001221807315624	0.486499328376221	asthma_gwama	J10_BRONCHIECTASIS	409082
Asthma	Bronchiectasis	J10_BRONCHIECTASIS	binary	rs201011002	0.000841936044140254	0.00122013605973086	0.490172456656348	asthma_gwama	J10_BRONCHIECTASIS	409082
Asthma	Bronchiectasis	J10_BRONCHIECTASIS	binary	rs201519354	0.000840483462149565	0.00122103050852502	0.491239047680996	asthma_gwama	J10_BRONCHIECTASIS	409082
Asthma	Bronchiectasis	J10_BRONCHIECTASIS	binary	rs201782376	0.000850240355825731	0.001221807315624	0.486499328376221	asthma_gwama	J10_BRONCHIECTASIS	409082
Asthma	Bronchiectasis	J10_BRONCHIECTASIS	binary	rs202204907	0.000838724293076874	0.00122002788365863	0.491790872733679	asthma_gwama	J10_BRONCHIECTASIS	409082
Asthma	Bronchiectasis	J10_BRONCHIECTASIS	binary	rs2029745	0.000842047713575051	0.00122187268973679	0.490731890770522	asthma_gwama	J10_BRONCHIECTASIS	409082
Asthma	Bronchiectasis	J10_BRONCHIECTASIS	binary	rs2032006	0.00084243956399779	0.00122193365882392	0.490551761775405	asthma_gwama	J10_BRONCHIECTASIS	409082
Asthma	Bronchiectasis	J10_BRONCHIECTASIS	binary	rs204992	0.000842709972943245	0.00121991194371499	0.489693913550466	asthma_gwama	J10_BRONCHIECTASIS	409082
Asthma	Bronchiectasis	J10_BRONCHIECTASIS	binary	rs2055456	0.00081788348364264	0.0012242547146459	0.504091185657507	asthma_gwama	J10_BRONCHIECTASIS	409082
Asthma	Bronchiectasis	J10_BRONCHIECTASIS	binary	rs2066844	0.000842090501549079	0.0012219154289988	0.490725024143211	asthma_gwama	J10_BRONCHIECTASIS	409082
Asthma	Bronchiectasis	J10_BRONCHIECTASIS	binary	rs2070901	0.000841900365523924	0.00122121684412621	0.490574945799289	asthma_gwama	J10_BRONCHIECTASIS	409082
Asthma	Bronchiectasis	J10_BRONCHIECTASIS	binary	rs2087630	0.00085551939673829	0.00122278732847098	0.484147828558356	asthma_gwama	J10_BRONCHIECTASIS	409082
Asthma	Bronchiectasis	J10_BRONCHIECTASIS	binary	rs2111574	0.000842978216003046	0.00122165617233053	0.490175935533184	asthma_gwama	J10_BRONCHIECTASIS	409082
Asthma	Bronchiectasis	J10_BRONCHIECTASIS	binary	rs2143793	0.00083986584266919	0.00122076622469467	0.491463779284332	asthma_gwama	J10_BRONCHIECTASIS	409082
Asthma	Bronchiectasis	J10_BRONCHIECTASIS	binary	rs2205759	0.000841511492883409	0.00122171824523283	0.490953274700047	asthma_gwama	J10_BRONCHIECTASIS	409082
Asthma	Bronchiectasis	J10_BRONCHIECTASIS	binary	rs2230624	0.000841934555744476	0.00122021085010462	0.490199820815806	asthma_gwama	J10_BRONCHIECTASIS	409082
Asthma	Bronchiectasis	J10_BRONCHIECTASIS	binary	rs223819	0.000841929272704777	0.00122104391248148	0.490498629469817	asthma_gwama	J10_BRONCHIECTASIS	409082
Asthma	Bronchiectasis	J10_BRONCHIECTASIS	binary	rs2239349	0.000842028368044105	0.00122168358575534	0.490674734563914	asthma_gwama	J10_BRONCHIECTASIS	409082
Asthma	Bronchiectasis	J10_BRONCHIECTASIS	binary	rs2243284	0.000839355692008308	0.00122154910154272	0.492004598093694	asthma_gwama	J10_BRONCHIECTASIS	409082
Asthma	Bronchiectasis	J10_BRONCHIECTASIS	binary	rs2262046	0.00084175318920979	0.00122193577513477	0.490905959653839	asthma_gwama	J10_BRONCHIECTASIS	409082
Asthma	Bronchiectasis	J10_BRONCHIECTASIS	binary	rs227136	0.000842311236089745	0.0012212691083394	0.490381870789953	asthma_gwama	J10_BRONCHIECTASIS	409082
Asthma	Bronchiectasis	J10_BRONCHIECTASIS	binary	rs2274468	0.000768161149655533	0.00122684244468821	0.531230590574226	asthma_gwama	J10_BRONCHIECTASIS	409082
Asthma	Bronchiectasis	J10_BRONCHIECTASIS	binary	rs2282160	0.000841945890711603	0.00122151525122925	0.490657455968117	asthma_gwama	J10_BRONCHIECTASIS	409082
Asthma	Bronchiectasis	J10_BRONCHIECTASIS	binary	rs2315649	0.000842115522695728	0.00122197323213493	0.490732652455107	asthma_gwama	J10_BRONCHIECTASIS	409082
Asthma	Bronchiectasis	J10_BRONCHIECTASIS	binary	rs2381384	0.00084224824633558	0.00122178718833664	0.490598277984633	asthma_gwama	J10_BRONCHIECTASIS	409082
Asthma	Bronchiectasis	J10_BRONCHIECTASIS	binary	rs2428493	0.000841957883349206	0.0012215080936166	0.49064873758793	asthma_gwama	J10_BRONCHIECTASIS	409082
Asthma	Bronchiectasis	J10_BRONCHIECTASIS	binary	rs2439042	0.000842513233081502	0.00122191674249626	0.490507829364043	asthma_gwama	J10_BRONCHIECTASIS	409082
Asthma	Bronchiectasis	J10_BRONCHIECTASIS	binary	rs252872	0.000843417731113593	0.00122154836518904	0.489911416557652	asthma_gwama	J10_BRONCHIECTASIS	409082
Asthma	Bronchiectasis	J10_BRONCHIECTASIS	binary	rs2621348	0.000844369919570424	0.00122112004401475	0.489269176357397	asthma_gwama	J10_BRONCHIECTASIS	409082
Asthma	Bronchiectasis	J10_BRONCHIECTASIS	binary	rs2647074	0.000838428226376264	0.00122137015879363	0.492419741910389	asthma_gwama	J10_BRONCHIECTASIS	409082
Asthma	Bronchiectasis	J10_BRONCHIECTASIS	binary	rs2652696	0.00083629653835142	0.00121708689356088	0.492001006941201	asthma_gwama	J10_BRONCHIECTASIS	409082
Asthma	Bronchiectasis	J10_BRONCHIECTASIS	binary	rs274945	0.00084253669250292	0.00121999543930427	0.489812906832175	asthma_gwama	J10_BRONCHIECTASIS	409082
Asthma	Bronchiectasis	J10_BRONCHIECTASIS	binary	rs2766678	0.000842100101266043	0.0012219777809902	0.490742207697244	asthma_gwama	J10_BRONCHIECTASIS	409082
Asthma	Bronchiectasis	J10_BRONCHIECTASIS	binary	rs28373140	0.000834864808066251	0.0012223654080853	0.494612407779099	asthma_gwama	J10_BRONCHIECTASIS	409082
Asthma	Bronchiectasis	J10_BRONCHIECTASIS	binary	rs28514280	0.000842662635844525	0.0012218469584733	0.490406140507108	asthma_gwama	J10_BRONCHIECTASIS	409082
Asthma	Bronchiectasis	J10_BRONCHIECTASIS	binary	rs2852714	0.000843062842318331	0.00121051047267175	0.486145599281416	asthma_gwama	J10_BRONCHIECTASIS	409082
Asthma	Bronchiectasis	J10_BRONCHIECTASIS	binary	rs28588688	0.0008449829502274	0.00121940946798716	0.488344450654533	asthma_gwama	J10_BRONCHIECTASIS	409082
Asthma	Bronchiectasis	J10_BRONCHIECTASIS	binary	rs28607030	0.000842286643107497	0.00122146821580817	0.490465253829565	asthma_gwama	J10_BRONCHIECTASIS	409082
Asthma	Bronchiectasis	J10_BRONCHIECTASIS	binary	rs28617673	0.000841834418317285	0.00122111644542504	0.490573262561908	asthma_gwama	J10_BRONCHIECTASIS	409082
Asthma	Bronchiectasis	J10_BRONCHIECTASIS	binary	rs28635831	0.000839330657453201	0.00122025490212016	0.49155843375672	asthma_gwama	J10_BRONCHIECTASIS	409082
Asthma	Bronchiectasis	J10_BRONCHIECTASIS	binary	rs28893537	0.000837777540481194	0.00122051093421222	0.492451175681213	asthma_gwama	J10_BRONCHIECTASIS	409082
Asthma	Bronchiectasis	J10_BRONCHIECTASIS	binary	rs3024664	0.000842088529763362	0.00122196890261256	0.490745015752552	asthma_gwama	J10_BRONCHIECTASIS	409082
Asthma	Bronchiectasis	J10_BRONCHIECTASIS	binary	rs3024971	0.000842665327340737	0.00121967378289473	0.489632142155025	asthma_gwama	J10_BRONCHIECTASIS	409082
Asthma	Bronchiectasis	J10_BRONCHIECTASIS	binary	rs3091308	0.000836682917260665	0.00122061195127021	0.493052531096179	asthma_gwama	J10_BRONCHIECTASIS	409082
Asthma	Bronchiectasis	J10_BRONCHIECTASIS	binary	rs3116990	0.000841784292490746	0.00122195974043876	0.490898443067298	asthma_gwama	J10_BRONCHIECTASIS	409082
Asthma	Bronchiectasis	J10_BRONCHIECTASIS	binary	rs3122929	0.000841941075501088	0.00122186333609532	0.490783489045061	asthma_gwama	J10_BRONCHIECTASIS	409082
Asthma	Bronchiectasis	J10_BRONCHIECTASIS	binary	rs3131024	0.000842211391492083	0.0012218310782444	0.490632835093436	asthma_gwama	J10_BRONCHIECTASIS	409082
Asthma	Bronchiectasis	J10_BRONCHIECTASIS	binary	rs3135911	0.000842838520306614	0.00122181832039339	0.49030543033108	asthma_gwama	J10_BRONCHIECTASIS	409082
Asthma	Bronchiectasis	J10_BRONCHIECTASIS	binary	rs322355	0.000841019005465024	0.00122157068251184	0.491154672048468	asthma_gwama	J10_BRONCHIECTASIS	409082
Asthma	Bronchiectasis	J10_BRONCHIECTASIS	binary	rs34108746	0.000841852337082229	0.00122072556276954	0.490425161386122	asthma_gwama	J10_BRONCHIECTASIS	409082
Asthma	Bronchiectasis	J10_BRONCHIECTASIS	binary	rs34111295	0.000843353163206612	0.00122128571915942	0.489851307028699	asthma_gwama	J10_BRONCHIECTASIS	409082
Asthma	Bronchiectasis	J10_BRONCHIECTASIS	binary	rs34173062	0.000841510733585559	0.00121639649993842	0.489058994388762	asthma_gwama	J10_BRONCHIECTASIS	409082
Asthma	Bronchiectasis	J10_BRONCHIECTASIS	binary	rs34215892	0.000842533643387585	0.00121839877829564	0.489245766730602	asthma_gwama	J10_BRONCHIECTASIS	409082
Asthma	Bronchiectasis	J10_BRONCHIECTASIS	binary	rs34240248	0.000841809097216065	0.00122192745732911	0.490874213599592	asthma_gwama	J10_BRONCHIECTASIS	409082
Asthma	Bronchiectasis	J10_BRONCHIECTASIS	binary	rs34368225	0.000840785858759615	0.00122101084095314	0.491076158505025	asthma_gwama	J10_BRONCHIECTASIS	409082
Asthma	Bronchiectasis	J10_BRONCHIECTASIS	binary	rs34607223	0.000840213992440914	0.00122016841978768	0.491071916168293	asthma_gwama	J10_BRONCHIECTASIS	409082
Asthma	Bronchiectasis	J10_BRONCHIECTASIS	binary	rs34630948	0.000840412800141441	0.0012210999044577	0.491300110685827	asthma_gwama	J10_BRONCHIECTASIS	409082
Asthma	Bronchiectasis	J10_BRONCHIECTASIS	binary	rs34660307	0.000842272766579319	0.00122165914000749	0.49054019344838	asthma_gwama	J10_BRONCHIECTASIS	409082
Asthma	Bronchiectasis	J10_BRONCHIECTASIS	binary	rs34712979	0.000842410420685327	0.00122051611229241	0.490063168628383	asthma_gwama	J10_BRONCHIECTASIS	409082
Asthma	Bronchiectasis	J10_BRONCHIECTASIS	binary	rs35032841	0.000843389397514877	0.00122136687005649	0.489861500061678	asthma_gwama	J10_BRONCHIECTASIS	409082
Asthma	Bronchiectasis	J10_BRONCHIECTASIS	binary	rs35167234	0.000842163582908681	0.00122195590239029	0.490701755051259	asthma_gwama	J10_BRONCHIECTASIS	409082
Asthma	Bronchiectasis	J10_BRONCHIECTASIS	binary	rs35177143	0.000843568147509757	0.0012215292522499	0.489827215976128	asthma_gwama	J10_BRONCHIECTASIS	409082
Asthma	Bronchiectasis	J10_BRONCHIECTASIS	binary	rs35330847	0.000841439527674298	0.00121255884795281	0.487721678110018	asthma_gwama	J10_BRONCHIECTASIS	409082
Asthma	Bronchiectasis	J10_BRONCHIECTASIS	binary	rs35407628	0.000843602558573521	0.00122043230402384	0.489419398720692	asthma_gwama	J10_BRONCHIECTASIS	409082
Asthma	Bronchiectasis	J10_BRONCHIECTASIS	binary	rs35449774	0.000842381757219486	0.00122053588633105	0.490084966226907	asthma_gwama	J10_BRONCHIECTASIS	409082
Asthma	Bronchiectasis	J10_BRONCHIECTASIS	binary	rs35453239	0.000841916754568101	0.00122041915587918	0.490283059219733	asthma_gwama	J10_BRONCHIECTASIS	409082
Asthma	Bronchiectasis	J10_BRONCHIECTASIS	binary	rs35462600	0.000842113860935774	0.00122196410803414	0.490730270328728	asthma_gwama	J10_BRONCHIECTASIS	409082
Asthma	Bronchiectasis	J10_BRONCHIECTASIS	binary	rs35586997	0.000840433195001158	0.00122139106013959	0.491392900425284	asthma_gwama	J10_BRONCHIECTASIS	409082
Asthma	Bronchiectasis	J10_BRONCHIECTASIS	binary	rs35668054	0.000842015701244284	0.00122176743706774	0.490711021365654	asthma_gwama	J10_BRONCHIECTASIS	409082
Asthma	Bronchiectasis	J10_BRONCHIECTASIS	binary	rs35960329	0.000842066833772236	0.00122184759940885	0.490713139777586	asthma_gwama	J10_BRONCHIECTASIS	409082
Asthma	Bronchiectasis	J10_BRONCHIECTASIS	binary	rs36198584	0.000842808728369821	0.00122184519491376	0.49033030865998	asthma_gwama	J10_BRONCHIECTASIS	409082
Asthma	Bronchiectasis	J10_BRONCHIECTASIS	binary	rs364359	0.000839709042734776	0.00121936474127961	0.491046896419351	asthma_gwama	J10_BRONCHIECTASIS	409082
Asthma	Bronchiectasis	J10_BRONCHIECTASIS	binary	rs368560236	0.000865691079267616	0.00122138949275417	0.478463737314976	asthma_gwama	J10_BRONCHIECTASIS	409082
Asthma	Bronchiectasis	J10_BRONCHIECTASIS	binary	rs369028166	0.0008467843857764	0.00121804909705887	0.486931693888348	asthma_gwama	J10_BRONCHIECTASIS	409082
Asthma	Bronchiectasis	J10_BRONCHIECTASIS	binary	rs371235274	0.000865904774832678	0.00122139381657144	0.478356710333815	asthma_gwama	J10_BRONCHIECTASIS	409082
Asthma	Bronchiectasis	J10_BRONCHIECTASIS	binary	rs371891784	0.000841906727470595	0.00122194534925033	0.490830280892989	asthma_gwama	J10_BRONCHIECTASIS	409082
Asthma	Bronchiectasis	J10_BRONCHIECTASIS	binary	rs372911770	0.000860156118462673	0.00122129126228243	0.481245618414227	asthma_gwama	J10_BRONCHIECTASIS	409082
Asthma	Bronchiectasis	J10_BRONCHIECTASIS	binary	rs374381259	0.00086747150348833	0.00122158873704186	0.477631293573486	asthma_gwama	J10_BRONCHIECTASIS	409082
Asthma	Bronchiectasis	J10_BRONCHIECTASIS	binary	rs3749833	0.000842026059423532	0.00122194498603397	0.49076869811127	asthma_gwama	J10_BRONCHIECTASIS	409082
Asthma	Bronchiectasis	J10_BRONCHIECTASIS	binary	rs376573492	0.000853355546429516	0.00122158866604717	0.484825734772033	asthma_gwama	J10_BRONCHIECTASIS	409082
Asthma	Bronchiectasis	J10_BRONCHIECTASIS	binary	rs3774190	0.000839222708978293	0.00122187308937634	0.492187997886681	asthma_gwama	J10_BRONCHIECTASIS	409082
Asthma	Bronchiectasis	J10_BRONCHIECTASIS	binary	rs377618546	0.000840682428694328	0.00122108971611163	0.49115747875848	asthma_gwama	J10_BRONCHIECTASIS	409082
Asthma	Bronchiectasis	J10_BRONCHIECTASIS	binary	rs3777755	0.000841958728074975	0.00122134598405083	0.49059074216761	asthma_gwama	J10_BRONCHIECTASIS	409082
Asthma	Bronchiectasis	J10_BRONCHIECTASIS	binary	rs3825729	0.000842389178765204	0.00122196832392488	0.490590006680183	asthma_gwama	J10_BRONCHIECTASIS	409082
Asthma	Bronchiectasis	J10_BRONCHIECTASIS	binary	rs3826620	0.000841980754349426	0.00122155586016841	0.49065391572664	asthma_gwama	J10_BRONCHIECTASIS	409082
Asthma	Bronchiectasis	J10_BRONCHIECTASIS	binary	rs3828058	0.000842407989879035	0.00122127741113122	0.490334990311752	asthma_gwama	J10_BRONCHIECTASIS	409082
Asthma	Bronchiectasis	J10_BRONCHIECTASIS	binary	rs3867128	0.000840170754174808	0.00122124467635704	0.491476286464034	asthma_gwama	J10_BRONCHIECTASIS	409082
Asthma	Bronchiectasis	J10_BRONCHIECTASIS	binary	rs4097694	0.000843440301453071	0.00122138958598185	0.489843374021827	asthma_gwama	J10_BRONCHIECTASIS	409082
Asthma	Bronchiectasis	J10_BRONCHIECTASIS	binary	rs41265154	0.000842038538855116	0.00122102303980025	0.490434922764651	asthma_gwama	J10_BRONCHIECTASIS	409082
Asthma	Bronchiectasis	J10_BRONCHIECTASIS	binary	rs41283642	0.000841924512796447	0.00122155428684536	0.490682325688139	asthma_gwama	J10_BRONCHIECTASIS	409082
Asthma	Bronchiectasis	J10_BRONCHIECTASIS	binary	rs41285280	0.000841785111221481	0.00122100136769546	0.490557791092973	asthma_gwama	J10_BRONCHIECTASIS	409082
Asthma	Bronchiectasis	J10_BRONCHIECTASIS	binary	rs4141168	0.000839713250449253	0.00121981375872321	0.491204299743573	asthma_gwama	J10_BRONCHIECTASIS	409082
Asthma	Bronchiectasis	J10_BRONCHIECTASIS	binary	rs4245080	0.000842141529891975	0.00122197382215577	0.490719469963699	asthma_gwama	J10_BRONCHIECTASIS	409082
Asthma	Bronchiectasis	J10_BRONCHIECTASIS	binary	rs4365903	0.000840404554635682	0.00122059104282293	0.491123724669303	asthma_gwama	J10_BRONCHIECTASIS	409082
Asthma	Bronchiectasis	J10_BRONCHIECTASIS	binary	rs4385322	0.000841626168213834	0.0012219097890464	0.490962164475491	asthma_gwama	J10_BRONCHIECTASIS	409082
Asthma	Bronchiectasis	J10_BRONCHIECTASIS	binary	rs4393428	0.000842012959115427	0.00122179912831923	0.490723681588831	asthma_gwama	J10_BRONCHIECTASIS	409082
Asthma	Bronchiectasis	J10_BRONCHIECTASIS	binary	rs4510515	0.000842468149116313	0.00122191960055846	0.490532054759922	asthma_gwama	J10_BRONCHIECTASIS	409082
Asthma	Bronchiectasis	J10_BRONCHIECTASIS	binary	rs45473596	0.000970230638420438	0.00124423774389019	0.435520886533688	asthma_gwama	J10_BRONCHIECTASIS	409082
Asthma	Bronchiectasis	J10_BRONCHIECTASIS	binary	rs4548024	0.000840694977385119	0.00122098054241115	0.491112256620157	asthma_gwama	J10_BRONCHIECTASIS	409082
Asthma	Bronchiectasis	J10_BRONCHIECTASIS	binary	rs4550510	0.000842407243506629	0.00122193502966494	0.4905688886361	asthma_gwama	J10_BRONCHIECTASIS	409082
Asthma	Bronchiectasis	J10_BRONCHIECTASIS	binary	rs4665699	0.000842260410458326	0.00122160182159692	0.490526205610077	asthma_gwama	J10_BRONCHIECTASIS	409082
Asthma	Bronchiectasis	J10_BRONCHIECTASIS	binary	rs4673685	0.000839401002716203	0.00121782950588681	0.490659748945384	asthma_gwama	J10_BRONCHIECTASIS	409082
Asthma	Bronchiectasis	J10_BRONCHIECTASIS	binary	rs4713678	0.000842135188306113	0.00122197619070365	0.49072357593291	asthma_gwama	J10_BRONCHIECTASIS	409082
Asthma	Bronchiectasis	J10_BRONCHIECTASIS	binary	rs4719622	0.000842046888501523	0.00122180797961089	0.490709349597715	asthma_gwama	J10_BRONCHIECTASIS	409082
Asthma	Bronchiectasis	J10_BRONCHIECTASIS	binary	rs4749997	0.000842338851947329	0.00122118907300874	0.490339215912948	asthma_gwama	J10_BRONCHIECTASIS	409082
Asthma	Bronchiectasis	J10_BRONCHIECTASIS	binary	rs4785704	0.0008410036487337	0.00122149062158005	0.491134179385923	asthma_gwama	J10_BRONCHIECTASIS	409082
Asthma	Bronchiectasis	J10_BRONCHIECTASIS	binary	rs4787938	0.00084178774247564	0.00121976297770722	0.490116192431499	asthma_gwama	J10_BRONCHIECTASIS	409082
Asthma	Bronchiectasis	J10_BRONCHIECTASIS	binary	rs4833096	0.00084410256435638	0.00122152240709216	0.489549808332865	asthma_gwama	J10_BRONCHIECTASIS	409082
Asthma	Bronchiectasis	J10_BRONCHIECTASIS	binary	rs4833938	0.000841804800864647	0.00122193559189841	0.490879312611848	asthma_gwama	J10_BRONCHIECTASIS	409082
Asthma	Bronchiectasis	J10_BRONCHIECTASIS	binary	rs4845604	0.000841727027606322	0.00122031920759602	0.490345306931833	asthma_gwama	J10_BRONCHIECTASIS	409082
Asthma	Bronchiectasis	J10_BRONCHIECTASIS	binary	rs4855569	0.000842153646215993	0.00122196600179682	0.49071045574558	asthma_gwama	J10_BRONCHIECTASIS	409082
Asthma	Bronchiectasis	J10_BRONCHIECTASIS	binary	rs4897221	0.000842365220879462	0.00122195619351888	0.490598036233972	asthma_gwama	J10_BRONCHIECTASIS	409082
Asthma	Bronchiectasis	J10_BRONCHIECTASIS	binary	rs4900299	0.000758698695722975	0.00124566449048445	0.542477070761842	asthma_gwama	J10_BRONCHIECTASIS	409082
Asthma	Bronchiectasis	J10_BRONCHIECTASIS	binary	rs4916532	0.000841804720056897	0.00121948270422065	0.490007708481852	asthma_gwama	J10_BRONCHIECTASIS	409082
Asthma	Bronchiectasis	J10_BRONCHIECTASIS	binary	rs5008056	0.000840758853541795	0.00122120989379839	0.491160733477094	asthma_gwama	J10_BRONCHIECTASIS	409082
Asthma	Bronchiectasis	J10_BRONCHIECTASIS	binary	rs509399	0.000842417333235959	0.00122044255264554	0.490033450256736	asthma_gwama	J10_BRONCHIECTASIS	409082
Asthma	Bronchiectasis	J10_BRONCHIECTASIS	binary	rs528498619	0.00092562116682478	0.00122068103272668	0.44828183157398	asthma_gwama	J10_BRONCHIECTASIS	409082
Asthma	Bronchiectasis	J10_BRONCHIECTASIS	binary	rs529670342	0.000831985684694768	0.00122188501492198	0.49593260434746	asthma_gwama	J10_BRONCHIECTASIS	409082
Asthma	Bronchiectasis	J10_BRONCHIECTASIS	binary	rs530232231	0.00081755450255801	0.00122210910289227	0.503514523325046	asthma_gwama	J10_BRONCHIECTASIS	409082
Asthma	Bronchiectasis	J10_BRONCHIECTASIS	binary	rs531660643	0.000841272382321808	0.00122169769045901	0.491069171715496	asthma_gwama	J10_BRONCHIECTASIS	409082
Asthma	Bronchiectasis	J10_BRONCHIECTASIS	binary	rs532600469	0.000842996680177841	0.00122200130856741	0.490288996530277	asthma_gwama	J10_BRONCHIECTASIS	409082
Asthma	Bronchiectasis	J10_BRONCHIECTASIS	binary	rs533283473	0.000884260905041093	0.00123263513339612	0.473143103318043	asthma_gwama	J10_BRONCHIECTASIS	409082
Asthma	Bronchiectasis	J10_BRONCHIECTASIS	binary	rs533588713	0.000831659771516356	0.00122200486016157	0.49614365439758	asthma_gwama	J10_BRONCHIECTASIS	409082
Asthma	Bronchiectasis	J10_BRONCHIECTASIS	binary	rs533591327	0.000927256714972867	0.00122063131189963	0.447461796026758	asthma_gwama	J10_BRONCHIECTASIS	409082
Asthma	Bronchiectasis	J10_BRONCHIECTASIS	binary	rs533959313	0.000745286960863657	0.00121900228738155	0.540940795609644	asthma_gwama	J10_BRONCHIECTASIS	409082
Asthma	Bronchiectasis	J10_BRONCHIECTASIS	binary	rs534188121	0.000735514804504619	0.00122082659174145	0.546859469269606	asthma_gwama	J10_BRONCHIECTASIS	409082
Asthma	Bronchiectasis	J10_BRONCHIECTASIS	binary	rs534820243	0.00100177018652526	0.00123235356663212	0.416280060251243	asthma_gwama	J10_BRONCHIECTASIS	409082
Asthma	Bronchiectasis	J10_BRONCHIECTASIS	binary	rs535852797	0.000821324917135814	0.00122245061503569	0.501668011236106	asthma_gwama	J10_BRONCHIECTASIS	409082
Asthma	Bronchiectasis	J10_BRONCHIECTASIS	binary	rs537880376	0.000852873650389541	0.00122187672830289	0.48517530338489	asthma_gwama	J10_BRONCHIECTASIS	409082
Asthma	Bronchiectasis	J10_BRONCHIECTASIS	binary	rs538313772	0.000843383013165392	0.00122113579428064	0.489782647190492	asthma_gwama	J10_BRONCHIECTASIS	409082
Asthma	Bronchiectasis	J10_BRONCHIECTASIS	binary	rs538590173	0.000880951605038394	0.00122222371826209	0.471046295523064	asthma_gwama	J10_BRONCHIECTASIS	409082
Asthma	Bronchiectasis	J10_BRONCHIECTASIS	binary	rs541612525	0.000842121130235792	0.00122197549833876	0.490730569144849	asthma_gwama	J10_BRONCHIECTASIS	409082
Asthma	Bronchiectasis	J10_BRONCHIECTASIS	binary	rs542000946	0.000840193804052262	0.00122207512664406	0.49175885812486	asthma_gwama	J10_BRONCHIECTASIS	409082
Asthma	Bronchiectasis	J10_BRONCHIECTASIS	binary	rs544253	0.000842033801550129	0.00122186097127748	0.490734896356367	asthma_gwama	J10_BRONCHIECTASIS	409082
Asthma	Bronchiectasis	J10_BRONCHIECTASIS	binary	rs545072519	0.000842127710018258	0.00122159674981775	0.49059274471098	asthma_gwama	J10_BRONCHIECTASIS	409082
Asthma	Bronchiectasis	J10_BRONCHIECTASIS	binary	rs545239531	0.000891033672826939	0.00122219564244462	0.465975111983521	asthma_gwama	J10_BRONCHIECTASIS	409082
Asthma	Bronchiectasis	J10_BRONCHIECTASIS	binary	rs545377435	0.000843323114917953	0.00122194674995443	0.490101630117354	asthma_gwama	J10_BRONCHIECTASIS	409082
Asthma	Bronchiectasis	J10_BRONCHIECTASIS	binary	rs545989971	0.000793805931292177	0.00122300796116112	0.51629939214356	asthma_gwama	J10_BRONCHIECTASIS	409082
Asthma	Bronchiectasis	J10_BRONCHIECTASIS	binary	rs546250872	0.000821856574381556	0.00122410365641326	0.501969189463221	asthma_gwama	J10_BRONCHIECTASIS	409082
Asthma	Bronchiectasis	J10_BRONCHIECTASIS	binary	rs548208154	0.000816067782659382	0.00124254574926761	0.511328293642918	asthma_gwama	J10_BRONCHIECTASIS	409082
Asthma	Bronchiectasis	J10_BRONCHIECTASIS	binary	rs548299021	0.000881488916035814	0.00122430328256778	0.47152974667878	asthma_gwama	J10_BRONCHIECTASIS	409082
Asthma	Bronchiectasis	J10_BRONCHIECTASIS	binary	rs548785166	0.000916123481857271	0.00122428032235358	0.454281925459264	asthma_gwama	J10_BRONCHIECTASIS	409082
Asthma	Bronchiectasis	J10_BRONCHIECTASIS	binary	rs549479504	0.000805983672768158	0.00122076363471832	0.509106822290186	asthma_gwama	J10_BRONCHIECTASIS	409082
Asthma	Bronchiectasis	J10_BRONCHIECTASIS	binary	rs549956721	0.000842669596175299	0.00122177774764765	0.490377983538641	asthma_gwama	J10_BRONCHIECTASIS	409082
Asthma	Bronchiectasis	J10_BRONCHIECTASIS	binary	rs550188093	0.000809387693827657	0.00122290542636994	0.508063303160415	asthma_gwama	J10_BRONCHIECTASIS	409082
Asthma	Bronchiectasis	J10_BRONCHIECTASIS	binary	rs551235185	0.000896707957511668	0.00122231980000942	0.463185502380685	asthma_gwama	J10_BRONCHIECTASIS	409082
Asthma	Bronchiectasis	J10_BRONCHIECTASIS	binary	rs551258059	0.00116192951432964	0.00125782103465729	0.355609316576793	asthma_gwama	J10_BRONCHIECTASIS	409082
Asthma	Bronchiectasis	J10_BRONCHIECTASIS	binary	rs551599729	0.00124282374616326	0.00126199149512292	0.32471666731344	asthma_gwama	J10_BRONCHIECTASIS	409082
Asthma	Bronchiectasis	J10_BRONCHIECTASIS	binary	rs554005245	0.00106278867495241	0.00122783003477442	0.386718939627458	asthma_gwama	J10_BRONCHIECTASIS	409082
Asthma	Bronchiectasis	J10_BRONCHIECTASIS	binary	rs554870125	0.000841575939450019	0.00122302180526347	0.491382275387294	asthma_gwama	J10_BRONCHIECTASIS	409082
Asthma	Bronchiectasis	J10_BRONCHIECTASIS	binary	rs554911459	0.00076469588917661	0.00122993389971105	0.534114563384105	asthma_gwama	J10_BRONCHIECTASIS	409082
Asthma	Bronchiectasis	J10_BRONCHIECTASIS	binary	rs554917545	0.000869744544194624	0.00122371134193924	0.477243369425383	asthma_gwama	J10_BRONCHIECTASIS	409082
Asthma	Bronchiectasis	J10_BRONCHIECTASIS	binary	rs555284836	0.000512830516009197	0.00130115404252222	0.693481276802071	asthma_gwama	J10_BRONCHIECTASIS	409082
Asthma	Bronchiectasis	J10_BRONCHIECTASIS	binary	rs555738319	0.000858688702532405	0.00122500761639422	0.483324226882811	asthma_gwama	J10_BRONCHIECTASIS	409082
Asthma	Bronchiectasis	J10_BRONCHIECTASIS	binary	rs555805184	0.000835935396236813	0.0012200068707978	0.493224608176864	asthma_gwama	J10_BRONCHIECTASIS	409082
Asthma	Bronchiectasis	J10_BRONCHIECTASIS	binary	rs55646091	0.000842233562177879	0.00122194324106101	0.490661228317127	asthma_gwama	J10_BRONCHIECTASIS	409082
Asthma	Bronchiectasis	J10_BRONCHIECTASIS	binary	rs55661102	0.000841860011530809	0.00122147682146504	0.490688048761611	asthma_gwama	J10_BRONCHIECTASIS	409082
Asthma	Bronchiectasis	J10_BRONCHIECTASIS	binary	rs55745041	0.000844727884826464	0.00121931810408069	0.488443152677991	asthma_gwama	J10_BRONCHIECTASIS	409082
Asthma	Bronchiectasis	J10_BRONCHIECTASIS	binary	rs55786261	0.000844260382601694	0.00122014727098564	0.48897929189524	asthma_gwama	J10_BRONCHIECTASIS	409082
Asthma	Bronchiectasis	J10_BRONCHIECTASIS	binary	rs55861950	0.000842161936390249	0.00122195205374323	0.490701237066692	asthma_gwama	J10_BRONCHIECTASIS	409082
Asthma	Bronchiectasis	J10_BRONCHIECTASIS	binary	rs55864359	0.0008412986783896	0.00122171594645226	0.491062100283703	asthma_gwama	J10_BRONCHIECTASIS	409082
Asthma	Bronchiectasis	J10_BRONCHIECTASIS	binary	rs559369964	0.000877577560644624	0.00122003880389459	0.471954253490992	asthma_gwama	J10_BRONCHIECTASIS	409082
Asthma	Bronchiectasis	J10_BRONCHIECTASIS	binary	rs559712054	0.00092373086497417	0.00122411635086364	0.450482813163703	asthma_gwama	J10_BRONCHIECTASIS	409082
Asthma	Bronchiectasis	J10_BRONCHIECTASIS	binary	rs55978515	0.000842325544868496	0.00122121666524796	0.490355871810116	asthma_gwama	J10_BRONCHIECTASIS	409082
Asthma	Bronchiectasis	J10_BRONCHIECTASIS	binary	rs56078635	0.000842308607148994	0.00122099425002864	0.490285573446525	asthma_gwama	J10_BRONCHIECTASIS	409082
Asthma	Bronchiectasis	J10_BRONCHIECTASIS	binary	rs56089125	0.000841619866025507	0.00122187143864662	0.490951804333306	asthma_gwama	J10_BRONCHIECTASIS	409082
Asthma	Bronchiectasis	J10_BRONCHIECTASIS	binary	rs560979380	0.000843515601770725	0.00122194169993444	0.490000790336238	asthma_gwama	J10_BRONCHIECTASIS	409082
Asthma	Bronchiectasis	J10_BRONCHIECTASIS	binary	rs56118007	0.000842124247560044	0.00122197487249169	0.490728741848324	asthma_gwama	J10_BRONCHIECTASIS	409082
Asthma	Bronchiectasis	J10_BRONCHIECTASIS	binary	rs561226516	0.000762981220816271	0.00123180891995506	0.535653535696929	asthma_gwama	J10_BRONCHIECTASIS	409082
Asthma	Bronchiectasis	J10_BRONCHIECTASIS	binary	rs56179589	0.000841878308750832	0.00122184865870931	0.490810606554269	asthma_gwama	J10_BRONCHIECTASIS	409082
Asthma	Bronchiectasis	J10_BRONCHIECTASIS	binary	rs56188488	0.000842199231215243	0.00122162590046392	0.49056626081249	asthma_gwama	J10_BRONCHIECTASIS	409082
Asthma	Bronchiectasis	J10_BRONCHIECTASIS	binary	rs562623682	0.000841495317183234	0.00122228804646382	0.491163723548776	asthma_gwama	J10_BRONCHIECTASIS	409082
Asthma	Bronchiectasis	J10_BRONCHIECTASIS	binary	rs565606835	0.000832601821401157	0.00121636441524163	0.493659292599993	asthma_gwama	J10_BRONCHIECTASIS	409082
Asthma	Bronchiectasis	J10_BRONCHIECTASIS	binary	rs566801348	0.000717850156447433	0.00123368093225682	0.560649754031478	asthma_gwama	J10_BRONCHIECTASIS	409082
Asthma	Bronchiectasis	J10_BRONCHIECTASIS	binary	rs56699544	0.00084129537819871	0.0012216290177091	0.491032957036771	asthma_gwama	J10_BRONCHIECTASIS	409082
Asthma	Bronchiectasis	J10_BRONCHIECTASIS	binary	rs567582625	0.000843645129937742	0.00122403409902879	0.490676429122935	asthma_gwama	J10_BRONCHIECTASIS	409082
Asthma	Bronchiectasis	J10_BRONCHIECTASIS	binary	rs568257090	0.000960854685615499	0.00122239573945764	0.431842740997279	asthma_gwama	J10_BRONCHIECTASIS	409082
Asthma	Bronchiectasis	J10_BRONCHIECTASIS	binary	rs570002184	0.000861679106578256	0.00122182605505752	0.480661656570553	asthma_gwama	J10_BRONCHIECTASIS	409082
Asthma	Bronchiectasis	J10_BRONCHIECTASIS	binary	rs570424956	0.000804115892307975	0.00121827069641694	0.509223682334378	asthma_gwama	J10_BRONCHIECTASIS	409082
Asthma	Bronchiectasis	J10_BRONCHIECTASIS	binary	rs571013696	0.000842512016112355	0.00122225635032648	0.490628982938238	asthma_gwama	J10_BRONCHIECTASIS	409082
Asthma	Bronchiectasis	J10_BRONCHIECTASIS	binary	rs571708735	0.000910915820219292	0.00122503077849899	0.45712693415011	asthma_gwama	J10_BRONCHIECTASIS	409082
Asthma	Bronchiectasis	J10_BRONCHIECTASIS	binary	rs575330204	0.000910234050360841	0.00122237406142647	0.456486694116002	asthma_gwama	J10_BRONCHIECTASIS	409082
Asthma	Bronchiectasis	J10_BRONCHIECTASIS	binary	rs576824842	0.000821929481006321	0.0012216966885954	0.501089147274544	asthma_gwama	J10_BRONCHIECTASIS	409082
Asthma	Bronchiectasis	J10_BRONCHIECTASIS	binary	rs57719838	0.000841929857136041	0.0012212111011032	0.49055771325023	asthma_gwama	J10_BRONCHIECTASIS	409082
Asthma	Bronchiectasis	J10_BRONCHIECTASIS	binary	rs58452854	0.000841875387653144	0.0012219350366877	0.490842761891446	asthma_gwama	J10_BRONCHIECTASIS	409082
Asthma	Bronchiectasis	J10_BRONCHIECTASIS	binary	rs58939053	0.000843698346526786	0.00122176967141875	0.489845651250995	asthma_gwama	J10_BRONCHIECTASIS	409082
Asthma	Bronchiectasis	J10_BRONCHIECTASIS	binary	rs59111282	0.000843207725119666	0.00122132295265636	0.489939403581866	asthma_gwama	J10_BRONCHIECTASIS	409082
Asthma	Bronchiectasis	J10_BRONCHIECTASIS	binary	rs6072731	0.00084216963645032	0.00122194439004658	0.490694552386046	asthma_gwama	J10_BRONCHIECTASIS	409082
Asthma	Bronchiectasis	J10_BRONCHIECTASIS	binary	rs60739516	0.000842676536850703	0.0012218696839735	0.490407052684305	asthma_gwama	J10_BRONCHIECTASIS	409082
Asthma	Bronchiectasis	J10_BRONCHIECTASIS	binary	rs60946542	0.000841868090559837	0.00122106802902328	0.490538717184147	asthma_gwama	J10_BRONCHIECTASIS	409082
Asthma	Bronchiectasis	J10_BRONCHIECTASIS	binary	rs610265	0.000844731702350939	0.00122091684155136	0.48901075835307	asthma_gwama	J10_BRONCHIECTASIS	409082
Asthma	Bronchiectasis	J10_BRONCHIECTASIS	binary	rs61192126	0.000842270541741885	0.00122159753803556	0.490519467350653	asthma_gwama	J10_BRONCHIECTASIS	409082
Asthma	Bronchiectasis	J10_BRONCHIECTASIS	binary	rs61811905	0.000842206386102282	0.00122187250821126	0.490650117586371	asthma_gwama	J10_BRONCHIECTASIS	409082
Asthma	Bronchiectasis	J10_BRONCHIECTASIS	binary	rs61816761	0.000841820897134496	0.00121961504899665	0.490046466052058	asthma_gwama	J10_BRONCHIECTASIS	409082
Asthma	Bronchiectasis	J10_BRONCHIECTASIS	binary	rs61840192	0.000830214980556216	0.00121679715912998	0.495052245516364	asthma_gwama	J10_BRONCHIECTASIS	409082
Asthma	Bronchiectasis	J10_BRONCHIECTASIS	binary	rs61841332	0.000841908691335037	0.00122153065022317	0.490682083870517	asthma_gwama	J10_BRONCHIECTASIS	409082
Asthma	Bronchiectasis	J10_BRONCHIECTASIS	binary	rs61859945	0.000842257272022485	0.00122159984326855	0.490527119397923	asthma_gwama	J10_BRONCHIECTASIS	409082
Asthma	Bronchiectasis	J10_BRONCHIECTASIS	binary	rs61896951	0.000844641661619492	0.00122077031856869	0.489004926356702	asthma_gwama	J10_BRONCHIECTASIS	409082
Asthma	Bronchiectasis	J10_BRONCHIECTASIS	binary	rs61907677	0.000841776700983638	0.00122002635487428	0.490215570490005	asthma_gwama	J10_BRONCHIECTASIS	409082
Asthma	Bronchiectasis	J10_BRONCHIECTASIS	binary	rs62045456	0.000842158754726388	0.00122195776660778	0.490704902770731	asthma_gwama	J10_BRONCHIECTASIS	409082
Asthma	Bronchiectasis	J10_BRONCHIECTASIS	binary	rs62066986	0.000841950105821387	0.00122109411303109	0.49050572906199	asthma_gwama	J10_BRONCHIECTASIS	409082
Asthma	Bronchiectasis	J10_BRONCHIECTASIS	binary	rs62126619	0.000842154836909115	0.00122196216768837	0.490708481996934	asthma_gwama	J10_BRONCHIECTASIS	409082
Asthma	Bronchiectasis	J10_BRONCHIECTASIS	binary	rs62162265	0.000842006603190155	0.0012219721394045	0.49078835270688	asthma_gwama	J10_BRONCHIECTASIS	409082
Asthma	Bronchiectasis	J10_BRONCHIECTASIS	binary	rs62169918	0.000841409574155175	0.00122177382526126	0.49102550139015	asthma_gwama	J10_BRONCHIECTASIS	409082
Asthma	Bronchiectasis	J10_BRONCHIECTASIS	binary	rs62212899	0.00084238646081416	0.00122056290849413	0.490092150909671	asthma_gwama	J10_BRONCHIECTASIS	409082
Asthma	Bronchiectasis	J10_BRONCHIECTASIS	binary	rs62275576	0.000842038824163416	0.00122188802422833	0.490741910624762	asthma_gwama	J10_BRONCHIECTASIS	409082
Asthma	Bronchiectasis	J10_BRONCHIECTASIS	binary	rs62351976	0.00084108505204617	0.00122183134547622	0.49121310777879	asthma_gwama	J10_BRONCHIECTASIS	409082
Asthma	Bronchiectasis	J10_BRONCHIECTASIS	binary	rs62379371	0.000842185014753044	0.0012218692451624	0.490659964248966	asthma_gwama	J10_BRONCHIECTASIS	409082
Asthma	Bronchiectasis	J10_BRONCHIECTASIS	binary	rs62407901	0.000842215606785732	0.00122185722603769	0.490639945448178	asthma_gwama	J10_BRONCHIECTASIS	409082
Asthma	Bronchiectasis	J10_BRONCHIECTASIS	binary	rs62436761	0.000842270864045142	0.00122122770021393	0.490387954985076	asthma_gwama	J10_BRONCHIECTASIS	409082
Asthma	Bronchiectasis	J10_BRONCHIECTASIS	binary	rs62449487	0.000842025990661512	0.00122197382942233	0.490778968582034	asthma_gwama	J10_BRONCHIECTASIS	409082
Asthma	Bronchiectasis	J10_BRONCHIECTASIS	binary	rs62569046	0.000842240009518885	0.00122175597333363	0.490591438724543	asthma_gwama	J10_BRONCHIECTASIS	409082
Asthma	Bronchiectasis	J10_BRONCHIECTASIS	binary	rs62623446	0.000842222086575455	0.00122178020434916	0.49060926957122	asthma_gwama	J10_BRONCHIECTASIS	409082
Asthma	Bronchiectasis	J10_BRONCHIECTASIS	binary	rs636176	0.000842667045677478	0.00122177977858338	0.4903800177022	asthma_gwama	J10_BRONCHIECTASIS	409082
Asthma	Bronchiectasis	J10_BRONCHIECTASIS	binary	rs6457809	0.000841124527187069	0.00122162162621134	0.491118369375118	asthma_gwama	J10_BRONCHIECTASIS	409082
Asthma	Bronchiectasis	J10_BRONCHIECTASIS	binary	rs6462	0.000837470838132142	0.00121824581293533	0.491805531207387	asthma_gwama	J10_BRONCHIECTASIS	409082
Asthma	Bronchiectasis	J10_BRONCHIECTASIS	binary	rs6498021	0.000842145413951623	0.00122197239005424	0.490716961754739	asthma_gwama	J10_BRONCHIECTASIS	409082
Asthma	Bronchiectasis	J10_BRONCHIECTASIS	binary	rs658648	0.000842301180608097	0.00122149573279169	0.490467538999523	asthma_gwama	J10_BRONCHIECTASIS	409082
Asthma	Bronchiectasis	J10_BRONCHIECTASIS	binary	rs6591221	0.000842106964214733	0.0012219773936204	0.490738536258128	asthma_gwama	J10_BRONCHIECTASIS	409082
Asthma	Bronchiectasis	J10_BRONCHIECTASIS	binary	rs6602347	0.000841576630118121	0.00121825953202644	0.489689716012218	asthma_gwama	J10_BRONCHIECTASIS	409082
Asthma	Bronchiectasis	J10_BRONCHIECTASIS	binary	rs66555610	0.000841304460081023	0.00122177130706472	0.491078762528786	asthma_gwama	J10_BRONCHIECTASIS	409082
Asthma	Bronchiectasis	J10_BRONCHIECTASIS	binary	rs6658216	0.000843773373049586	0.00122107947131051	0.489561702599002	asthma_gwama	J10_BRONCHIECTASIS	409082
Asthma	Bronchiectasis	J10_BRONCHIECTASIS	binary	rs6673550	0.000841630803515583	0.00122186673670762	0.490944502195648	asthma_gwama	J10_BRONCHIECTASIS	409082
Asthma	Bronchiectasis	J10_BRONCHIECTASIS	binary	rs67140765	0.000842496583731426	0.00122023583953807	0.489919100525906	asthma_gwama	J10_BRONCHIECTASIS	409082
Asthma	Bronchiectasis	J10_BRONCHIECTASIS	binary	rs6721008	0.000842320797015357	0.0012211987153892	0.490351940497663	asthma_gwama	J10_BRONCHIECTASIS	409082
Asthma	Bronchiectasis	J10_BRONCHIECTASIS	binary	rs6734942	0.000842068713378772	0.00122190139220323	0.490731262703024	asthma_gwama	J10_BRONCHIECTASIS	409082
Asthma	Bronchiectasis	J10_BRONCHIECTASIS	binary	rs6742122	0.00084238680528853	0.00122074801680154	0.490157780812605	asthma_gwama	J10_BRONCHIECTASIS	409082
Asthma	Bronchiectasis	J10_BRONCHIECTASIS	binary	rs67538026	0.000841315957811673	0.00122171875747979	0.491054194845592	asthma_gwama	J10_BRONCHIECTASIS	409082
Asthma	Bronchiectasis	J10_BRONCHIECTASIS	binary	rs67551275	0.000840230361614353	0.00122114370520447	0.49140972624372	asthma_gwama	J10_BRONCHIECTASIS	409082
Asthma	Bronchiectasis	J10_BRONCHIECTASIS	binary	rs67598120	0.000841883947281068	0.00122194105891398	0.49084049044731	asthma_gwama	J10_BRONCHIECTASIS	409082
Asthma	Bronchiectasis	J10_BRONCHIECTASIS	binary	rs68002741	0.000842113287436525	0.00122197190690894	0.490733333191478	asthma_gwama	J10_BRONCHIECTASIS	409082
Asthma	Bronchiectasis	J10_BRONCHIECTASIS	binary	rs68018114	0.000842028864246643	0.00122178941214555	0.490712041962518	asthma_gwama	J10_BRONCHIECTASIS	409082
Asthma	Bronchiectasis	J10_BRONCHIECTASIS	binary	rs68112369	0.000844266429325086	0.00121924120357695	0.488653303760773	asthma_gwama	J10_BRONCHIECTASIS	409082
Asthma	Bronchiectasis	J10_BRONCHIECTASIS	binary	rs6835650	0.000842483147095291	0.00122193918789296	0.490531285988974	asthma_gwama	J10_BRONCHIECTASIS	409082
Asthma	Bronchiectasis	J10_BRONCHIECTASIS	binary	rs6852559	0.000840496446516532	0.00122060069536707	0.491079761613458	asthma_gwama	J10_BRONCHIECTASIS	409082
Asthma	Bronchiectasis	J10_BRONCHIECTASIS	binary	rs6905736	0.000841955410984993	0.00122134297515963	0.490591382384361	asthma_gwama	J10_BRONCHIECTASIS	409082
Asthma	Bronchiectasis	J10_BRONCHIECTASIS	binary	rs6910879	0.000842328346376634	0.00121847775550758	0.48937977813881	asthma_gwama	J10_BRONCHIECTASIS	409082
Asthma	Bronchiectasis	J10_BRONCHIECTASIS	binary	rs6922431	0.000841383668645199	0.0012183975084677	0.489838436409275	asthma_gwama	J10_BRONCHIECTASIS	409082
Asthma	Bronchiectasis	J10_BRONCHIECTASIS	binary	rs6993477	0.000842337448249851	0.00122134751548568	0.490396221542828	asthma_gwama	J10_BRONCHIECTASIS	409082
Asthma	Bronchiectasis	J10_BRONCHIECTASIS	binary	rs7026596	0.000842132220048436	0.0012219766388552	0.490725263403307	asthma_gwama	J10_BRONCHIECTASIS	409082
Asthma	Bronchiectasis	J10_BRONCHIECTASIS	binary	rs7030351	0.000842667745380807	0.00121811353089514	0.489074896644527	asthma_gwama	J10_BRONCHIECTASIS	409082
Asthma	Bronchiectasis	J10_BRONCHIECTASIS	binary	rs707958	0.000842256698472034	0.00122197359302367	0.490660087327872	asthma_gwama	J10_BRONCHIECTASIS	409082
Asthma	Bronchiectasis	J10_BRONCHIECTASIS	binary	rs7091048	0.000841962154193937	0.00122148566749738	0.490638575580369	asthma_gwama	J10_BRONCHIECTASIS	409082
Asthma	Bronchiectasis	J10_BRONCHIECTASIS	binary	rs7095431	0.000841889937084732	0.00122110185859823	0.490539478302925	asthma_gwama	J10_BRONCHIECTASIS	409082
Asthma	Bronchiectasis	J10_BRONCHIECTASIS	binary	rs7114362	0.000843015024807749	0.00122196201502439	0.490265603634106	asthma_gwama	J10_BRONCHIECTASIS	409082
Asthma	Bronchiectasis	J10_BRONCHIECTASIS	binary	rs7125695	0.000842029171329426	0.00122180111939199	0.490716038984673	asthma_gwama	J10_BRONCHIECTASIS	409082
Asthma	Bronchiectasis	J10_BRONCHIECTASIS	binary	rs7135586	0.000841951786032628	0.00122153384800082	0.49066102172023	asthma_gwama	J10_BRONCHIECTASIS	409082
Asthma	Bronchiectasis	J10_BRONCHIECTASIS	binary	rs71368508	0.000842140654983164	0.00122197145684014	0.490719081099588	asthma_gwama	J10_BRONCHIECTASIS	409082
Asthma	Bronchiectasis	J10_BRONCHIECTASIS	binary	rs71526323	0.000837945618915733	0.00121901476138656	0.491833347833883	asthma_gwama	J10_BRONCHIECTASIS	409082
Asthma	Bronchiectasis	J10_BRONCHIECTASIS	binary	rs71554596	0.000842205879463692	0.00122197404328668	0.49068641380207	asthma_gwama	J10_BRONCHIECTASIS	409082
Asthma	Bronchiectasis	J10_BRONCHIECTASIS	binary	rs7166997	0.000842377273469463	0.00122072545659259	0.490154671448041	asthma_gwama	J10_BRONCHIECTASIS	409082
Asthma	Bronchiectasis	J10_BRONCHIECTASIS	binary	rs7179656	0.000842261503332608	0.00122157796779266	0.490517173151875	asthma_gwama	J10_BRONCHIECTASIS	409082
Asthma	Bronchiectasis	J10_BRONCHIECTASIS	binary	rs7189678	0.000840851757976282	0.0012216493595827	0.491268775795553	asthma_gwama	J10_BRONCHIECTASIS	409082
Asthma	Bronchiectasis	J10_BRONCHIECTASIS	binary	rs7210983	0.000842355176103671	0.00122197272956759	0.490609076921983	asthma_gwama	J10_BRONCHIECTASIS	409082
Asthma	Bronchiectasis	J10_BRONCHIECTASIS	binary	rs7219572	0.000840101896005361	0.0012202965734396	0.491175265738213	asthma_gwama	J10_BRONCHIECTASIS	409082
Asthma	Bronchiectasis	J10_BRONCHIECTASIS	binary	rs7240215	0.00084195134734604	0.00122126438157631	0.490565565216234	asthma_gwama	J10_BRONCHIECTASIS	409082
Asthma	Bronchiectasis	J10_BRONCHIECTASIS	binary	rs72502575	0.000839196942659902	0.00122146463367015	0.49205655196493	asthma_gwama	J10_BRONCHIECTASIS	409082
Asthma	Bronchiectasis	J10_BRONCHIECTASIS	binary	rs72743461	0.000840714071365468	0.00121817676324662	0.490105345502633	asthma_gwama	J10_BRONCHIECTASIS	409082
Asthma	Bronchiectasis	J10_BRONCHIECTASIS	binary	rs72797984	0.000842038001460973	0.00122185670730081	0.490731220210173	asthma_gwama	J10_BRONCHIECTASIS	409082
Asthma	Bronchiectasis	J10_BRONCHIECTASIS	binary	rs72798679	0.000842217592674743	0.00122188597960191	0.49064912837915	asthma_gwama	J10_BRONCHIECTASIS	409082
Asthma	Bronchiectasis	J10_BRONCHIECTASIS	binary	rs72832017	0.000843237944471077	0.00122161850457172	0.490028867585686	asthma_gwama	J10_BRONCHIECTASIS	409082
Asthma	Bronchiectasis	J10_BRONCHIECTASIS	binary	rs72837826	0.000841941731397642	0.00122140043040983	0.490618830885143	asthma_gwama	J10_BRONCHIECTASIS	409082
Asthma	Bronchiectasis	J10_BRONCHIECTASIS	binary	rs72923904	0.000841982482303923	0.00122064883733981	0.49033083334356	asthma_gwama	J10_BRONCHIECTASIS	409082
Asthma	Bronchiectasis	J10_BRONCHIECTASIS	binary	rs72975913	0.000842397762443413	0.00122080599717943	0.490172745986322	asthma_gwama	J10_BRONCHIECTASIS	409082
Asthma	Bronchiectasis	J10_BRONCHIECTASIS	binary	rs73012738	0.000841407446733584	0.00121518393170518	0.488678885053759	asthma_gwama	J10_BRONCHIECTASIS	409082
Asthma	Bronchiectasis	J10_BRONCHIECTASIS	binary	rs73028255	0.000828121077528748	0.00122153652003682	0.49781357320504	asthma_gwama	J10_BRONCHIECTASIS	409082
Asthma	Bronchiectasis	J10_BRONCHIECTASIS	binary	rs73063828	0.000841590051580162	0.00122165841554218	0.490891572953455	asthma_gwama	J10_BRONCHIECTASIS	409082
Asthma	Bronchiectasis	J10_BRONCHIECTASIS	binary	rs73078636	0.000841939521648335	0.00122141907279751	0.490626588575586	asthma_gwama	J10_BRONCHIECTASIS	409082
Asthma	Bronchiectasis	J10_BRONCHIECTASIS	binary	rs73084574	0.000842169783674419	0.00122193948129736	0.490692734515674	asthma_gwama	J10_BRONCHIECTASIS	409082
Asthma	Bronchiectasis	J10_BRONCHIECTASIS	binary	rs73156090	0.000833667851146598	0.00122356140016772	0.495653004140756	asthma_gwama	J10_BRONCHIECTASIS	409082
Asthma	Bronchiectasis	J10_BRONCHIECTASIS	binary	rs73251988	0.000857336680777381	0.0012220335466533	0.482950119874811	asthma_gwama	J10_BRONCHIECTASIS	409082
Asthma	Bronchiectasis	J10_BRONCHIECTASIS	binary	rs73351149	0.000843913268086691	0.00122113890000553	0.489510844081506	asthma_gwama	J10_BRONCHIECTASIS	409082
Asthma	Bronchiectasis	J10_BRONCHIECTASIS	binary	rs7372960	0.0008422601449871	0.00122170303123445	0.490562275512534	asthma_gwama	J10_BRONCHIECTASIS	409082
Asthma	Bronchiectasis	J10_BRONCHIECTASIS	binary	rs7397189	0.000841905419475376	0.00122195369074523	0.490833914299659	asthma_gwama	J10_BRONCHIECTASIS	409082
Asthma	Bronchiectasis	J10_BRONCHIECTASIS	binary	rs74466521	0.000841615943943591	0.00122083972314172	0.490587538502196	asthma_gwama	J10_BRONCHIECTASIS	409082
Asthma	Bronchiectasis	J10_BRONCHIECTASIS	binary	rs74527968	0.000926682388318513	0.00122112146042595	0.447925453884784	asthma_gwama	J10_BRONCHIECTASIS	409082
Asthma	Bronchiectasis	J10_BRONCHIECTASIS	binary	rs74584830	0.000841888761737319	0.00122004045851381	0.490162825472163	asthma_gwama	J10_BRONCHIECTASIS	409082
Asthma	Bronchiectasis	J10_BRONCHIECTASIS	binary	rs74655554	0.000722294718929602	0.00122164178454019	0.554353466482655	asthma_gwama	J10_BRONCHIECTASIS	409082
Asthma	Bronchiectasis	J10_BRONCHIECTASIS	binary	rs74775122	0.000842128684856176	0.0012219776388116	0.490727438622142	asthma_gwama	J10_BRONCHIECTASIS	409082
Asthma	Bronchiectasis	J10_BRONCHIECTASIS	binary	rs74948252	0.000834836779853513	0.00122225488237304	0.49458787171329	asthma_gwama	J10_BRONCHIECTASIS	409082
Asthma	Bronchiectasis	J10_BRONCHIECTASIS	binary	rs75007171	0.000842100605410557	0.00122196796775913	0.490738465771543	asthma_gwama	J10_BRONCHIECTASIS	409082
Asthma	Bronchiectasis	J10_BRONCHIECTASIS	binary	rs75032480	0.000845031415413742	0.00121883727278957	0.488115365533463	asthma_gwama	J10_BRONCHIECTASIS	409082
Asthma	Bronchiectasis	J10_BRONCHIECTASIS	binary	rs75395290	0.000850193517317195	0.00122180628266173	0.486522969828457	asthma_gwama	J10_BRONCHIECTASIS	409082
Asthma	Bronchiectasis	J10_BRONCHIECTASIS	binary	rs75507056	0.00084197196814891	0.00122179644575332	0.490743840177048	asthma_gwama	J10_BRONCHIECTASIS	409082
Asthma	Bronchiectasis	J10_BRONCHIECTASIS	binary	rs7555556	0.000841964380856205	0.00122169728484539	0.490712552569457	asthma_gwama	J10_BRONCHIECTASIS	409082
Asthma	Bronchiectasis	J10_BRONCHIECTASIS	binary	rs75557865	0.000841305300745744	0.00122167828792801	0.491045326800113	asthma_gwama	J10_BRONCHIECTASIS	409082
Asthma	Bronchiectasis	J10_BRONCHIECTASIS	binary	rs75565607	0.000840850479506579	0.00122140783814316	0.491183747761073	asthma_gwama	J10_BRONCHIECTASIS	409082
Asthma	Bronchiectasis	J10_BRONCHIECTASIS	binary	rs7569613	0.000841143869374549	0.00122158576856876	0.491095679713444	asthma_gwama	J10_BRONCHIECTASIS	409082
Asthma	Bronchiectasis	J10_BRONCHIECTASIS	binary	rs7592973	0.000841874790453988	0.00122193244761951	0.490842150783664	asthma_gwama	J10_BRONCHIECTASIS	409082
Asthma	Bronchiectasis	J10_BRONCHIECTASIS	binary	rs75957773	0.000842318947447784	0.00122088480610882	0.490241354557339	asthma_gwama	J10_BRONCHIECTASIS	409082
Asthma	Bronchiectasis	J10_BRONCHIECTASIS	binary	rs760517	0.000842066464277605	0.00122189932524314	0.490731687374777	asthma_gwama	J10_BRONCHIECTASIS	409082
Asthma	Bronchiectasis	J10_BRONCHIECTASIS	binary	rs7608337	0.000840281297765402	0.00122142408051893	0.491482927094207	asthma_gwama	J10_BRONCHIECTASIS	409082
Asthma	Bronchiectasis	J10_BRONCHIECTASIS	binary	rs7609911	0.000842427043424955	0.00122031104944827	0.489981679948318	asthma_gwama	J10_BRONCHIECTASIS	409082
Asthma	Bronchiectasis	J10_BRONCHIECTASIS	binary	rs7611041	0.000842471994278455	0.00121937335754835	0.489624808431439	asthma_gwama	J10_BRONCHIECTASIS	409082
Asthma	Bronchiectasis	J10_BRONCHIECTASIS	binary	rs76111267	0.000841266082237733	0.00122179405087996	0.491106604106965	asthma_gwama	J10_BRONCHIECTASIS	409082
Asthma	Bronchiectasis	J10_BRONCHIECTASIS	binary	rs76181804	0.000842185020842351	0.00122192619832082	0.490680174470879	asthma_gwama	J10_BRONCHIECTASIS	409082
Asthma	Bronchiectasis	J10_BRONCHIECTASIS	binary	rs76245582	0.000842134650177372	0.00122197621479726	0.490723861579905	asthma_gwama	J10_BRONCHIECTASIS	409082
Asthma	Bronchiectasis	J10_BRONCHIECTASIS	binary	rs7625643	0.000844268772742396	0.00122042452605922	0.48907370013165	asthma_gwama	J10_BRONCHIECTASIS	409082
Asthma	Bronchiectasis	J10_BRONCHIECTASIS	binary	rs7628922	0.000840721403780235	0.00122115215718178	0.491159547877044	asthma_gwama	J10_BRONCHIECTASIS	409082
Asthma	Bronchiectasis	J10_BRONCHIECTASIS	binary	rs76300334	0.00085024035582573	0.001221807315624	0.486499328376221	asthma_gwama	J10_BRONCHIECTASIS	409082
Asthma	Bronchiectasis	J10_BRONCHIECTASIS	binary	rs7636493	0.000838780754613835	0.00122017609426633	0.491814326890977	asthma_gwama	J10_BRONCHIECTASIS	409082
Asthma	Bronchiectasis	J10_BRONCHIECTASIS	binary	rs7650543	0.000841225933912971	0.00122189504449546	0.491163114310226	asthma_gwama	J10_BRONCHIECTASIS	409082
Asthma	Bronchiectasis	J10_BRONCHIECTASIS	binary	rs76537075	0.00085024035582573	0.001221807315624	0.486499328376221	asthma_gwama	J10_BRONCHIECTASIS	409082
Asthma	Bronchiectasis	J10_BRONCHIECTASIS	binary	rs76613419	0.000841248569806487	0.00121178936251986	0.487544169903124	asthma_gwama	J10_BRONCHIECTASIS	409082
Asthma	Bronchiectasis	J10_BRONCHIECTASIS	binary	rs76876264	0.000719524600953554	0.00122174853116777	0.55590810114407	asthma_gwama	J10_BRONCHIECTASIS	409082
Asthma	Bronchiectasis	J10_BRONCHIECTASIS	binary	rs76905924	0.000841001534988627	0.00122147814971923	0.49113084330626	asthma_gwama	J10_BRONCHIECTASIS	409082
Asthma	Bronchiectasis	J10_BRONCHIECTASIS	binary	rs77000868	0.000841648576433269	0.00122077934758404	0.490549272210719	asthma_gwama	J10_BRONCHIECTASIS	409082
Asthma	Bronchiectasis	J10_BRONCHIECTASIS	binary	rs77042341	0.000842044479008296	0.00122178238146862	0.490701505009055	asthma_gwama	J10_BRONCHIECTASIS	409082
Asthma	Bronchiectasis	J10_BRONCHIECTASIS	binary	rs7706446	0.000843194830661363	0.00122165040765935	0.490062391530033	asthma_gwama	J10_BRONCHIECTASIS	409082
Asthma	Bronchiectasis	J10_BRONCHIECTASIS	binary	rs771018	0.000842362330554617	0.00122096043516279	0.4902458848609	asthma_gwama	J10_BRONCHIECTASIS	409082
Asthma	Bronchiectasis	J10_BRONCHIECTASIS	binary	rs7712116	0.000840265564893608	0.00122094518843609	0.491321126773269	asthma_gwama	J10_BRONCHIECTASIS	409082
Asthma	Bronchiectasis	J10_BRONCHIECTASIS	binary	rs7714962	0.000842101136495304	0.0012219645774048	0.490736989184015	asthma_gwama	J10_BRONCHIECTASIS	409082
Asthma	Bronchiectasis	J10_BRONCHIECTASIS	binary	rs77409392	0.00085024035582573	0.001221807315624	0.486499328376221	asthma_gwama	J10_BRONCHIECTASIS	409082
Asthma	Bronchiectasis	J10_BRONCHIECTASIS	binary	rs7750922	0.000842336233610538	0.00122140302144472	0.490416561526236	asthma_gwama	J10_BRONCHIECTASIS	409082
Asthma	Bronchiectasis	J10_BRONCHIECTASIS	binary	rs7757696	0.000835849794167922	0.00122019509848218	0.49333556809067	asthma_gwama	J10_BRONCHIECTASIS	409082
Asthma	Bronchiectasis	J10_BRONCHIECTASIS	binary	rs7770794	0.0008425560038801	0.00121925830912405	0.489540537229196	asthma_gwama	J10_BRONCHIECTASIS	409082
Asthma	Bronchiectasis	J10_BRONCHIECTASIS	binary	rs77798824	0.000842131455308015	0.00122197709874023	0.49072582038649	asthma_gwama	J10_BRONCHIECTASIS	409082
Asthma	Bronchiectasis	J10_BRONCHIECTASIS	binary	rs7781	0.000845195884865761	0.00121950745509419	0.488269815646805	asthma_gwama	J10_BRONCHIECTASIS	409082
Asthma	Bronchiectasis	J10_BRONCHIECTASIS	binary	rs77812656	0.000842158348907824	0.0012219704951204	0.490709628788477	asthma_gwama	J10_BRONCHIECTASIS	409082
Asthma	Bronchiectasis	J10_BRONCHIECTASIS	binary	rs77872759	0.000843341126530961	0.00122147018256771	0.489923060485026	asthma_gwama	J10_BRONCHIECTASIS	409082
Asthma	Bronchiectasis	J10_BRONCHIECTASIS	binary	rs7800265	0.00084135687756144	0.00122131082460479	0.490888337680752	asthma_gwama	J10_BRONCHIECTASIS	409082
Asthma	Bronchiectasis	J10_BRONCHIECTASIS	binary	rs7803406	0.000842030833765359	0.00122172918203478	0.490689649637122	asthma_gwama	J10_BRONCHIECTASIS	409082
Asthma	Bronchiectasis	J10_BRONCHIECTASIS	binary	rs78037977	0.000842067399785729	0.00122187825189045	0.490723726902026	asthma_gwama	J10_BRONCHIECTASIS	409082
Asthma	Bronchiectasis	J10_BRONCHIECTASIS	binary	rs78218185	0.000842194158260615	0.00122193639205414	0.490679087159008	asthma_gwama	J10_BRONCHIECTASIS	409082
Asthma	Bronchiectasis	J10_BRONCHIECTASIS	binary	rs7823221	0.000842232675098216	0.00122175918872104	0.490596356969558	asthma_gwama	J10_BRONCHIECTASIS	409082
Asthma	Bronchiectasis	J10_BRONCHIECTASIS	binary	rs7824394	0.000837907762074708	0.00122073941785174	0.492464919373516	asthma_gwama	J10_BRONCHIECTASIS	409082
Asthma	Bronchiectasis	J10_BRONCHIECTASIS	binary	rs78351402	0.000842054608438879	0.0012218991179244	0.490737719149556	asthma_gwama	J10_BRONCHIECTASIS	409082
Asthma	Bronchiectasis	J10_BRONCHIECTASIS	binary	rs78515650	0.000845192026359778	0.00121721452502419	0.487452892922255	asthma_gwama	J10_BRONCHIECTASIS	409082
Asthma	Bronchiectasis	J10_BRONCHIECTASIS	binary	rs7851584	0.000842045368878474	0.00122197448860682	0.490769223557204	asthma_gwama	J10_BRONCHIECTASIS	409082
Asthma	Bronchiectasis	J10_BRONCHIECTASIS	binary	rs7852683	0.000842087832677769	0.00122194109482624	0.490735506698543	asthma_gwama	J10_BRONCHIECTASIS	409082
Asthma	Bronchiectasis	J10_BRONCHIECTASIS	binary	rs785515	0.000841915342867191	0.00122195983798606	0.490830984983097	asthma_gwama	J10_BRONCHIECTASIS	409082
Asthma	Bronchiectasis	J10_BRONCHIECTASIS	binary	rs7864027	0.000842067051426882	0.00122193391926329	0.490743661653378	asthma_gwama	J10_BRONCHIECTASIS	409082
Asthma	Bronchiectasis	J10_BRONCHIECTASIS	binary	rs78792612	0.000787999604966168	0.0012225960780378	0.519231940380218	asthma_gwama	J10_BRONCHIECTASIS	409082
Asthma	Bronchiectasis	J10_BRONCHIECTASIS	binary	rs78867455	0.0008413340032917	0.00122171541719228	0.491043712322508	asthma_gwama	J10_BRONCHIECTASIS	409082
Asthma	Bronchiectasis	J10_BRONCHIECTASIS	binary	rs78921182	0.000890071617970158	0.00122162397916001	0.466248188292342	asthma_gwama	J10_BRONCHIECTASIS	409082
Asthma	Bronchiectasis	J10_BRONCHIECTASIS	binary	rs7893324	0.000841948879788906	0.00122138750413682	0.490610558782275	asthma_gwama	J10_BRONCHIECTASIS	409082
Asthma	Bronchiectasis	J10_BRONCHIECTASIS	binary	rs7918084	0.000842565484243838	0.00122018629657083	0.489865978606537	asthma_gwama	J10_BRONCHIECTASIS	409082
Asthma	Bronchiectasis	J10_BRONCHIECTASIS	binary	rs79282662	0.000842054037190778	0.00122189553071786	0.490736740284506	asthma_gwama	J10_BRONCHIECTASIS	409082
Asthma	Bronchiectasis	J10_BRONCHIECTASIS	binary	rs7943688	0.000842197806508386	0.00122189858110122	0.490663789274882	asthma_gwama	J10_BRONCHIECTASIS	409082
Asthma	Bronchiectasis	J10_BRONCHIECTASIS	binary	rs79491862	0.000842101866105178	0.00122195772512516	0.490734181841802	asthma_gwama	J10_BRONCHIECTASIS	409082
Asthma	Bronchiectasis	J10_BRONCHIECTASIS	binary	rs79534829	0.000842360418253629	0.00122069095634443	0.490151090085255	asthma_gwama	J10_BRONCHIECTASIS	409082
Asthma	Bronchiectasis	J10_BRONCHIECTASIS	binary	rs80021310	0.00085024035582573	0.001221807315624	0.486499328376221	asthma_gwama	J10_BRONCHIECTASIS	409082
Asthma	Bronchiectasis	J10_BRONCHIECTASIS	binary	rs80074882	0.000841781931380493	0.00122004129392837	0.49021818748771	asthma_gwama	J10_BRONCHIECTASIS	409082
Asthma	Bronchiectasis	J10_BRONCHIECTASIS	binary	rs803305	0.000842143316826275	0.00122197298870704	0.490718254060739	asthma_gwama	J10_BRONCHIECTASIS	409082
Asthma	Bronchiectasis	J10_BRONCHIECTASIS	binary	rs8057047	0.000841086313848234	0.00122104960072388	0.490935038923486	asthma_gwama	J10_BRONCHIECTASIS	409082
Asthma	Bronchiectasis	J10_BRONCHIECTASIS	binary	rs8087436	0.000842010737814981	0.00122159874978032	0.490653698902456	asthma_gwama	J10_BRONCHIECTASIS	409082
Asthma	Bronchiectasis	J10_BRONCHIECTASIS	binary	rs8089099	0.000842431492248582	0.00122030070749072	0.489975709523122	asthma_gwama	J10_BRONCHIECTASIS	409082
Asthma	Bronchiectasis	J10_BRONCHIECTASIS	binary	rs8100197	0.000841777861660982	0.00122036635934539	0.490335869796321	asthma_gwama	J10_BRONCHIECTASIS	409082
Asthma	Bronchiectasis	J10_BRONCHIECTASIS	binary	rs8111628	0.00083870233644541	0.00121803498609991	0.491093912584869	asthma_gwama	J10_BRONCHIECTASIS	409082
Asthma	Bronchiectasis	J10_BRONCHIECTASIS	binary	rs8113513	0.000841597124976175	0.00122183860490646	0.490951868881326	asthma_gwama	J10_BRONCHIECTASIS	409082
Asthma	Bronchiectasis	J10_BRONCHIECTASIS	binary	rs8185754	0.000859431952279202	0.00122362049727426	0.482449660079223	asthma_gwama	J10_BRONCHIECTASIS	409082
Asthma	Bronchiectasis	J10_BRONCHIECTASIS	binary	rs821429	0.000842191633291148	0.00122188146675734	0.490660893860695	asthma_gwama	J10_BRONCHIECTASIS	409082
Asthma	Bronchiectasis	J10_BRONCHIECTASIS	binary	rs857229	0.000842112635373041	0.00122196861416682	0.490732500486248	asthma_gwama	J10_BRONCHIECTASIS	409082
Asthma	Bronchiectasis	J10_BRONCHIECTASIS	binary	rs9267111	0.00083846930090141	0.00121987294386722	0.49186755185344	asthma_gwama	J10_BRONCHIECTASIS	409082
Asthma	Bronchiectasis	J10_BRONCHIECTASIS	binary	rs9271726	0.000829320471322151	0.00121808025730102	0.49597132939598	asthma_gwama	J10_BRONCHIECTASIS	409082
Asthma	Bronchiectasis	J10_BRONCHIECTASIS	binary	rs9273374	0.00083538461049618	0.00122135138096287	0.493985368730853	asthma_gwama	J10_BRONCHIECTASIS	409082
Asthma	Bronchiectasis	J10_BRONCHIECTASIS	binary	rs9290877	0.000841928896690041	0.00122138870624235	0.490621279204793	asthma_gwama	J10_BRONCHIECTASIS	409082
Asthma	Bronchiectasis	J10_BRONCHIECTASIS	binary	rs9299219	0.000842222253007739	0.00122158365057613	0.490539404172176	asthma_gwama	J10_BRONCHIECTASIS	409082
Asthma	Bronchiectasis	J10_BRONCHIECTASIS	binary	rs9322952	0.000842101057600775	0.00122196535648695	0.490737306277812	asthma_gwama	J10_BRONCHIECTASIS	409082
Asthma	Bronchiectasis	J10_BRONCHIECTASIS	binary	rs9327638	0.000842137664603648	0.00122197569007107	0.49072212316377	asthma_gwama	J10_BRONCHIECTASIS	409082
Asthma	Bronchiectasis	J10_BRONCHIECTASIS	binary	rs9379084	0.00084234168722271	0.00122115368135918	0.490325182090044	asthma_gwama	J10_BRONCHIECTASIS	409082
Asthma	Bronchiectasis	J10_BRONCHIECTASIS	binary	rs9386512	0.000841953695838729	0.00122139931218262	0.490612270835167	asthma_gwama	J10_BRONCHIECTASIS	409082
Asthma	Bronchiectasis	J10_BRONCHIECTASIS	binary	rs9392504	0.00084192168739244	0.00122101350703098	0.490491736180018	asthma_gwama	J10_BRONCHIECTASIS	409082
Asthma	Bronchiectasis	J10_BRONCHIECTASIS	binary	rs9549000	0.000842089065716123	0.00122197656050258	0.490747457227811	asthma_gwama	J10_BRONCHIECTASIS	409082
Asthma	Bronchiectasis	J10_BRONCHIECTASIS	binary	rs961552	0.00084251504387456	0.0012219178016433	0.490507273085634	asthma_gwama	J10_BRONCHIECTASIS	409082
Asthma	Bronchiectasis	J10_BRONCHIECTASIS	binary	rs9663421	0.000842149270363412	0.00122197134665639	0.490714605723208	asthma_gwama	J10_BRONCHIECTASIS	409082
Asthma	Bronchiectasis	J10_BRONCHIECTASIS	binary	rs9663656	0.000825182094521833	0.00122199284218623	0.499500607799602	asthma_gwama	J10_BRONCHIECTASIS	409082
Asthma	Bronchiectasis	J10_BRONCHIECTASIS	binary	rs9688839	0.000842033373340006	0.00122191490989875	0.49075425876283	asthma_gwama	J10_BRONCHIECTASIS	409082
Asthma	Bronchiectasis	J10_BRONCHIECTASIS	binary	rs9693836	0.000842174790855156	0.00122197647126081	0.490703283306895	asthma_gwama	J10_BRONCHIECTASIS	409082
Asthma	Bronchiectasis	J10_BRONCHIECTASIS	binary	rs9695132	0.000837853213585806	0.00122017850616916	0.492294198631589	asthma_gwama	J10_BRONCHIECTASIS	409082
Asthma	Bronchiectasis	J10_BRONCHIECTASIS	binary	rs9713035	0.000838711720403549	0.00121755538991347	0.490918344118624	asthma_gwama	J10_BRONCHIECTASIS	409082
Asthma	Bronchiectasis	J10_BRONCHIECTASIS	binary	rs9775039	0.000835943632157957	0.00122081454686176	0.493506411090391	asthma_gwama	J10_BRONCHIECTASIS	409082
Asthma	Bronchiectasis	J10_BRONCHIECTASIS	binary	rs9797329	0.00084275668287609	0.00122181428122631	0.490346123525102	asthma_gwama	J10_BRONCHIECTASIS	409082
Asthma	Bronchiectasis	J10_BRONCHIECTASIS	binary	rs9801498	0.000840553143203816	0.00122119665877762	0.491262086042745	asthma_gwama	J10_BRONCHIECTASIS	409082
Asthma	Bronchiectasis	J10_BRONCHIECTASIS	binary	rs9836924	0.000842981235931676	0.00122166343833698	0.490176961855186	asthma_gwama	J10_BRONCHIECTASIS	409082
Asthma	Bronchiectasis	J10_BRONCHIECTASIS	binary	rs9852322	0.000841357370134934	0.00122176198862697	0.491048196904024	asthma_gwama	J10_BRONCHIECTASIS	409082
Asthma	Bronchiectasis	J10_BRONCHIECTASIS	binary	rs9878655	0.000835805265029976	0.0012169642944311	0.492211779962336	asthma_gwama	J10_BRONCHIECTASIS	409082
Asthma	Bronchiectasis	J10_BRONCHIECTASIS	binary	rs9883633	0.000842439201872696	0.00122025848624346	0.489956719950109	asthma_gwama	J10_BRONCHIECTASIS	409082
Asthma	Bronchiectasis	J10_BRONCHIECTASIS	binary	rs9909541	0.000841884727344567	0.00122049760429228	0.49032745125485	asthma_gwama	J10_BRONCHIECTASIS	409082
Asthma	Bronchiectasis	J10_BRONCHIECTASIS	binary	rs9920526	0.000845258669421632	0.00122121388394757	0.488845458955459	asthma_gwama	J10_BRONCHIECTASIS	409082
Asthma	Bronchiectasis	J10_BRONCHIECTASIS	binary	rs9938050	0.000839683888523847	0.00121927938801297	0.491029538317167	asthma_gwama	J10_BRONCHIECTASIS	409082
Asthma	Bronchiectasis	J10_BRONCHIECTASIS	binary	rs9949875	0.000843483737006829	0.0012207509297938	0.48959393492901	asthma_gwama	J10_BRONCHIECTASIS	409082
Asthma	Bronchiectasis	J10_BRONCHIECTASIS	binary	rs9950097	0.000841569603762451	0.00122183497245644	0.490964756739137	asthma_gwama	J10_BRONCHIECTASIS	409082
Asthma	Bronchiectasis	J10_BRONCHIECTASIS	binary	rs9979383	0.00084198077995292	0.00122162974130618	0.490680130481111	asthma_gwama	J10_BRONCHIECTASIS	409082
Asthma	Bronchiectasis	J10_BRONCHIECTASIS	binary	rs9979428	0.000843757336341257	0.00122056432791654	0.489386700909195	asthma_gwama	J10_BRONCHIECTASIS	409082
Asthma	Bronchiectasis	J10_BRONCHIECTASIS	binary	All	0.000842130210195404	0.00122103776688157	0.490392930343358	asthma_gwama	J10_BRONCHIECTASIS	409082
