exposure	outcome	outcome_id	outcome_type	SNP	beta	SE	p_value	id.exposure	id.outcome	samplesize
Asthma	Eosinophilic disease	EOSINOPHIL_DISEASE	binary	rs10035217	0.000148933967005051	0.0027069580022453	0.956123372619455	asthma_gwama	EOSINOPHIL_DISEASE	264712
Asthma	Eosinophilic disease	EOSINOPHIL_DISEASE	binary	rs10040192	0.000145631520939307	0.00270881411942101	0.957124709947963	asthma_gwama	EOSINOPHIL_DISEASE	264712
Asthma	Eosinophilic disease	EOSINOPHIL_DISEASE	binary	rs10057913	0.000144828670628885	0.00270689371683306	0.957330629420155	asthma_gwama	EOSINOPHIL_DISEASE	264712
Asthma	Eosinophilic disease	EOSINOPHIL_DISEASE	binary	rs1009727	0.000145548629121026	0.00270880412896981	0.957148932707907	asthma_gwama	EOSINOPHIL_DISEASE	264712
Asthma	Eosinophilic disease	EOSINOPHIL_DISEASE	binary	rs1012177	0.000144820704386109	0.0027041048922011	0.957289012440644	asthma_gwama	EOSINOPHIL_DISEASE	264712
Asthma	Eosinophilic disease	EOSINOPHIL_DISEASE	binary	rs10158467	0.000145900011902457	0.00270836164350479	0.957038570750669	asthma_gwama	EOSINOPHIL_DISEASE	264712
Asthma	Eosinophilic disease	EOSINOPHIL_DISEASE	binary	rs10175070	0.000145164916472199	0.00270721802751688	0.957236778129842	asthma_gwama	EOSINOPHIL_DISEASE	264712
Asthma	Eosinophilic disease	EOSINOPHIL_DISEASE	binary	rs10185424	0.000144750545454782	0.00270341252098168	0.957298761199934	asthma_gwama	EOSINOPHIL_DISEASE	264712
Asthma	Eosinophilic disease	EOSINOPHIL_DISEASE	binary	rs10186746	0.000145116309214468	0.00270790210850491	0.957261872391132	asthma_gwama	EOSINOPHIL_DISEASE	264712
Asthma	Eosinophilic disease	EOSINOPHIL_DISEASE	binary	rs10197437	0.000142332283813142	0.0027064841946035	0.958059091147843	asthma_gwama	EOSINOPHIL_DISEASE	264712
Asthma	Eosinophilic disease	EOSINOPHIL_DISEASE	binary	rs1021621	0.000144590222842126	0.0027027614863836	0.957335746483125	asthma_gwama	EOSINOPHIL_DISEASE	264712
Asthma	Eosinophilic disease	EOSINOPHIL_DISEASE	binary	rs1029751	0.000145292286424072	0.00270880842882132	0.957224398154412	asthma_gwama	EOSINOPHIL_DISEASE	264712
Asthma	Eosinophilic disease	EOSINOPHIL_DISEASE	binary	rs1030347	0.000146071219671371	0.00270670712299727	0.956961939902391	asthma_gwama	EOSINOPHIL_DISEASE	264712
Asthma	Eosinophilic disease	EOSINOPHIL_DISEASE	binary	rs10498730	0.000145437154350343	0.00270842908782578	0.957175797102938	asthma_gwama	EOSINOPHIL_DISEASE	264712
Asthma	Eosinophilic disease	EOSINOPHIL_DISEASE	binary	rs10751640	0.000152498306958147	0.00270625630450959	0.95506276288949	asthma_gwama	EOSINOPHIL_DISEASE	264712
Asthma	Eosinophilic disease	EOSINOPHIL_DISEASE	binary	rs10791824	0.000144901442316789	0.00270669666299206	0.957306104896269	asthma_gwama	EOSINOPHIL_DISEASE	264712
Asthma	Eosinophilic disease	EOSINOPHIL_DISEASE	binary	rs10795633	0.000143773611717203	0.00269612084982818	0.957472084497585	asthma_gwama	EOSINOPHIL_DISEASE	264712
Asthma	Eosinophilic disease	EOSINOPHIL_DISEASE	binary	rs10797291	0.000142247707333693	0.00270639295654773	0.958082578492606	asthma_gwama	EOSINOPHIL_DISEASE	264712
Asthma	Eosinophilic disease	EOSINOPHIL_DISEASE	binary	rs10905469	0.000138121403380321	0.00270589456828984	0.959289952475576	asthma_gwama	EOSINOPHIL_DISEASE	264712
Asthma	Eosinophilic disease	EOSINOPHIL_DISEASE	binary	rs10916031	0.000143122613515042	0.00270786501684615	0.957847907463336	asthma_gwama	EOSINOPHIL_DISEASE	264712
Asthma	Eosinophilic disease	EOSINOPHIL_DISEASE	binary	rs10928554	0.000145468157801897	0.00270870622088481	0.957171055010689	asthma_gwama	EOSINOPHIL_DISEASE	264712
Asthma	Eosinophilic disease	EOSINOPHIL_DISEASE	binary	rs10988207	0.000146208919604476	0.00270876184787147	0.956954053194074	asthma_gwama	EOSINOPHIL_DISEASE	264712
Asthma	Eosinophilic disease	EOSINOPHIL_DISEASE	binary	rs11069349	0.000145894756053155	0.00270813263600074	0.957036487582649	asthma_gwama	EOSINOPHIL_DISEASE	264712
Asthma	Eosinophilic disease	EOSINOPHIL_DISEASE	binary	rs11074853	0.000145284196678499	0.00270832080396711	0.957219083775107	asthma_gwama	EOSINOPHIL_DISEASE	264712
Asthma	Eosinophilic disease	EOSINOPHIL_DISEASE	binary	rs111164030	0.000145711328843026	0.00270853931264706	0.957096888111768	asthma_gwama	EOSINOPHIL_DISEASE	264712
Asthma	Eosinophilic disease	EOSINOPHIL_DISEASE	binary	rs111261380	0.000147671130793894	0.00270835216682053	0.956517412087041	asthma_gwama	EOSINOPHIL_DISEASE	264712
Asthma	Eosinophilic disease	EOSINOPHIL_DISEASE	binary	rs11146290	0.000146126112086176	0.00270875500567083	0.956978300671028	asthma_gwama	EOSINOPHIL_DISEASE	264712
Asthma	Eosinophilic disease	EOSINOPHIL_DISEASE	binary	rs111572801	0.000146108706817572	0.00270847399597365	0.956978961342239	asthma_gwama	EOSINOPHIL_DISEASE	264712
Asthma	Eosinophilic disease	EOSINOPHIL_DISEASE	binary	rs11158543	0.00014502407782303	0.00270875083155407	0.957302379136844	asthma_gwama	EOSINOPHIL_DISEASE	264712
Asthma	Eosinophilic disease	EOSINOPHIL_DISEASE	binary	rs111597890	0.000140718179775802	0.00270517743883979	0.958514274391695	asthma_gwama	EOSINOPHIL_DISEASE	264712
Asthma	Eosinophilic disease	EOSINOPHIL_DISEASE	binary	rs111641596	0.000145481574423257	0.00270866512127927	0.957166459371237	asthma_gwama	EOSINOPHIL_DISEASE	264712
Asthma	Eosinophilic disease	EOSINOPHIL_DISEASE	binary	rs11188006	0.000144001524463885	0.00270830413542953	0.957596166021002	asthma_gwama	EOSINOPHIL_DISEASE	264712
Asthma	Eosinophilic disease	EOSINOPHIL_DISEASE	binary	rs111966309	0.000142506910897036	0.00270740283344206	0.958021916572696	asthma_gwama	EOSINOPHIL_DISEASE	264712
Asthma	Eosinophilic disease	EOSINOPHIL_DISEASE	binary	rs112068732	0.000145030411635867	0.00270643094848999	0.957263950238583	asthma_gwama	EOSINOPHIL_DISEASE	264712
Asthma	Eosinophilic disease	EOSINOPHIL_DISEASE	binary	rs11207023	0.000146028848401835	0.00270667160289289	0.956973847873733	asthma_gwama	EOSINOPHIL_DISEASE	264712
Asthma	Eosinophilic disease	EOSINOPHIL_DISEASE	binary	rs11236723	0.000145801635731939	0.00270744289643129	0.957052955731881	asthma_gwama	EOSINOPHIL_DISEASE	264712
Asthma	Eosinophilic disease	EOSINOPHIL_DISEASE	binary	rs112502960	0.000148550910016886	0.002708491099412	0.956260856573884	asthma_gwama	EOSINOPHIL_DISEASE	264712
Asthma	Eosinophilic disease	EOSINOPHIL_DISEASE	binary	rs11253578	0.000144685247574021	0.00270346001874093	0.957318754783142	asthma_gwama	EOSINOPHIL_DISEASE	264712
Asthma	Eosinophilic disease	EOSINOPHIL_DISEASE	binary	rs11255686	0.000145519854833814	0.00270878919519127	0.9571571600499	asthma_gwama	EOSINOPHIL_DISEASE	264712
Asthma	Eosinophilic disease	EOSINOPHIL_DISEASE	binary	rs11256016	0.000128922791102793	0.00269786029850035	0.961885955559245	asthma_gwama	EOSINOPHIL_DISEASE	264712
Asthma	Eosinophilic disease	EOSINOPHIL_DISEASE	binary	rs112715785	0.000149058154270163	0.00270550192989128	0.956063213723178	asthma_gwama	EOSINOPHIL_DISEASE	264712
Asthma	Eosinophilic disease	EOSINOPHIL_DISEASE	binary	rs112743107	0.000145730592270577	0.00270859361991748	0.957092081166951	asthma_gwama	EOSINOPHIL_DISEASE	264712
Asthma	Eosinophilic disease	EOSINOPHIL_DISEASE	binary	rs112842054	0.000144905967792212	0.0027087872818217	0.957337693157383	asthma_gwama	EOSINOPHIL_DISEASE	264712
Asthma	Eosinophilic disease	EOSINOPHIL_DISEASE	binary	rs113030358	0.000390456457003524	0.00271853126421895	0.885794447370215	asthma_gwama	EOSINOPHIL_DISEASE	264712
Asthma	Eosinophilic disease	EOSINOPHIL_DISEASE	binary	rs113108794	0.000145393621239181	0.00270824757319135	0.957185736598015	asthma_gwama	EOSINOPHIL_DISEASE	264712
Asthma	Eosinophilic disease	EOSINOPHIL_DISEASE	binary	rs113206908	0.00014535752404694	0.00270848841939744	0.957200158548814	asthma_gwama	EOSINOPHIL_DISEASE	264712
Asthma	Eosinophilic disease	EOSINOPHIL_DISEASE	binary	rs113214835	0.000145536559942681	0.00270877548926972	0.957152029996625	asthma_gwama	EOSINOPHIL_DISEASE	264712
Asthma	Eosinophilic disease	EOSINOPHIL_DISEASE	binary	rs113359448	0.000143388645744575	0.00270783740900909	0.957769199334407	asthma_gwama	EOSINOPHIL_DISEASE	264712
Asthma	Eosinophilic disease	EOSINOPHIL_DISEASE	binary	rs113396459	0.000145612899459475	0.00270880572323445	0.957130054257011	asthma_gwama	EOSINOPHIL_DISEASE	264712
Asthma	Eosinophilic disease	EOSINOPHIL_DISEASE	binary	rs113481061	0.000149689078882074	0.00270715700775767	0.955904377738517	asthma_gwama	EOSINOPHIL_DISEASE	264712
Asthma	Eosinophilic disease	EOSINOPHIL_DISEASE	binary	rs113484502	0.000138388708604519	0.00269921354773668	0.959110364325447	asthma_gwama	EOSINOPHIL_DISEASE	264712
Asthma	Eosinophilic disease	EOSINOPHIL_DISEASE	binary	rs113560750	0.000145340189355228	0.0027082027024729	0.957200747232912	asthma_gwama	EOSINOPHIL_DISEASE	264712
Asthma	Eosinophilic disease	EOSINOPHIL_DISEASE	binary	rs113604048	0.000145492397277732	0.00270876636059625	0.957164875376496	asthma_gwama	EOSINOPHIL_DISEASE	264712
Asthma	Eosinophilic disease	EOSINOPHIL_DISEASE	binary	rs113626350	0.000146467236853663	0.00270535497973595	0.956823824344609	asthma_gwama	EOSINOPHIL_DISEASE	264712
Asthma	Eosinophilic disease	EOSINOPHIL_DISEASE	binary	rs113973315	0.000155130749190207	0.00270809909175685	0.954318965332625	asthma_gwama	EOSINOPHIL_DISEASE	264712
Asthma	Eosinophilic disease	EOSINOPHIL_DISEASE	binary	rs113981909	0.000143915106091739	0.00270847115759423	0.957624200385157	asthma_gwama	EOSINOPHIL_DISEASE	264712
Asthma	Eosinophilic disease	EOSINOPHIL_DISEASE	binary	rs114045542	0.000132021315965511	0.0027099967602956	0.961145297322594	asthma_gwama	EOSINOPHIL_DISEASE	264712
Asthma	Eosinophilic disease	EOSINOPHIL_DISEASE	binary	rs114137525	0.000145043429043987	0.00270443273429034	0.957228569271757	asthma_gwama	EOSINOPHIL_DISEASE	264712
Asthma	Eosinophilic disease	EOSINOPHIL_DISEASE	binary	rs1143869	0.000145758079687868	0.00270869835869165	0.957085653624633	asthma_gwama	EOSINOPHIL_DISEASE	264712
Asthma	Eosinophilic disease	EOSINOPHIL_DISEASE	binary	rs114677569	0.00014339148994686	0.00270707375228047	0.957756460171284	asthma_gwama	EOSINOPHIL_DISEASE	264712
Asthma	Eosinophilic disease	EOSINOPHIL_DISEASE	binary	rs1149915	0.00014406172493691	0.00270476951101404	0.957523071018579	asthma_gwama	EOSINOPHIL_DISEASE	264712
Asthma	Eosinophilic disease	EOSINOPHIL_DISEASE	binary	rs115026096	0.000144479413110562	0.00269673876667245	0.957273292342209	asthma_gwama	EOSINOPHIL_DISEASE	264712
Asthma	Eosinophilic disease	EOSINOPHIL_DISEASE	binary	rs115222658	0.000146227685000754	0.00270502122152788	0.95688905816678	asthma_gwama	EOSINOPHIL_DISEASE	264712
Asthma	Eosinophilic disease	EOSINOPHIL_DISEASE	binary	rs115285331	0.000144519372658223	0.00270856744453345	0.957447953852704	asthma_gwama	EOSINOPHIL_DISEASE	264712
Asthma	Eosinophilic disease	EOSINOPHIL_DISEASE	binary	rs115804565	0.000145382439374114	0.00270795943188049	0.957184475234685	asthma_gwama	EOSINOPHIL_DISEASE	264712
Asthma	Eosinophilic disease	EOSINOPHIL_DISEASE	binary	rs11597580	0.000142301719459176	0.00270704434012117	0.958076757839278	asthma_gwama	EOSINOPHIL_DISEASE	264712
Asthma	Eosinophilic disease	EOSINOPHIL_DISEASE	binary	rs116018601	0.000145554521279912	0.00270880308823751	0.957147183214068	asthma_gwama	EOSINOPHIL_DISEASE	264712
Asthma	Eosinophilic disease	EOSINOPHIL_DISEASE	binary	rs11603178	0.000147686225260899	0.00270827121850739	0.956511673331818	asthma_gwama	EOSINOPHIL_DISEASE	264712
Asthma	Eosinophilic disease	EOSINOPHIL_DISEASE	binary	rs11629680	0.000147214503977806	0.00270850953473294	0.95665425193802	asthma_gwama	EOSINOPHIL_DISEASE	264712
Asthma	Eosinophilic disease	EOSINOPHIL_DISEASE	binary	rs11643304	0.000150221424343413	0.00270566004448496	0.955723260897244	asthma_gwama	EOSINOPHIL_DISEASE	264712
Asthma	Eosinophilic disease	EOSINOPHIL_DISEASE	binary	rs11647496	0.000151571361892846	0.00270206315359659	0.955266383795445	asthma_gwama	EOSINOPHIL_DISEASE	264712
Asthma	Eosinophilic disease	EOSINOPHIL_DISEASE	binary	rs11652371	0.000144720675903384	0.00270862913716323	0.957389708404343	asthma_gwama	EOSINOPHIL_DISEASE	264712
Asthma	Eosinophilic disease	EOSINOPHIL_DISEASE	binary	rs116581033	0.000145507308711905	0.00270757267901924	0.957141621060131	asthma_gwama	EOSINOPHIL_DISEASE	264712
Asthma	Eosinophilic disease	EOSINOPHIL_DISEASE	binary	rs116589735	0.00014485927032188	0.00270450512001211	0.957283965574022	asthma_gwama	EOSINOPHIL_DISEASE	264712
Asthma	Eosinophilic disease	EOSINOPHIL_DISEASE	binary	rs11663959	0.000140233288928904	0.00270155946140633	0.958601781414453	asthma_gwama	EOSINOPHIL_DISEASE	264712
Asthma	Eosinophilic disease	EOSINOPHIL_DISEASE	binary	rs11666329	0.000144604729075888	0.00270138881104906	0.95730980945087	asthma_gwama	EOSINOPHIL_DISEASE	264712
Asthma	Eosinophilic disease	EOSINOPHIL_DISEASE	binary	rs11672343	0.000141906494679213	0.00270591193142739	0.95817560758072	asthma_gwama	EOSINOPHIL_DISEASE	264712
Asthma	Eosinophilic disease	EOSINOPHIL_DISEASE	binary	rs11684846	0.000145305539646796	0.00270754125429001	0.957200497694095	asthma_gwama	EOSINOPHIL_DISEASE	264712
Asthma	Eosinophilic disease	EOSINOPHIL_DISEASE	binary	rs116863868	0.000145501118154574	0.002708697827767	0.957161227493678	asthma_gwama	EOSINOPHIL_DISEASE	264712
Asthma	Eosinophilic disease	EOSINOPHIL_DISEASE	binary	rs11688802	0.000145024519872502	0.00270767192898632	0.95728525197084	asthma_gwama	EOSINOPHIL_DISEASE	264712
Asthma	Eosinophilic disease	EOSINOPHIL_DISEASE	binary	rs11692304	0.000145580423233645	0.00270882136741131	0.957139853683425	asthma_gwama	EOSINOPHIL_DISEASE	264712
Asthma	Eosinophilic disease	EOSINOPHIL_DISEASE	binary	rs116949439	0.000241954708479005	0.00270995536304764	0.928856486898404	asthma_gwama	EOSINOPHIL_DISEASE	264712
Asthma	Eosinophilic disease	EOSINOPHIL_DISEASE	binary	rs11699259	0.00014556025426131	0.00270881129510248	0.957145626697648	asthma_gwama	EOSINOPHIL_DISEASE	264712
Asthma	Eosinophilic disease	EOSINOPHIL_DISEASE	binary	rs117010001	0.000121789337224716	0.00270973051048812	0.964151001341323	asthma_gwama	EOSINOPHIL_DISEASE	264712
Asthma	Eosinophilic disease	EOSINOPHIL_DISEASE	binary	rs117051189	0.0001423726206332	0.00270596869807402	0.958039231315193	asthma_gwama	EOSINOPHIL_DISEASE	264712
Asthma	Eosinophilic disease	EOSINOPHIL_DISEASE	binary	rs11709566	0.000145066414049601	0.00270634130605841	0.957251937031015	asthma_gwama	EOSINOPHIL_DISEASE	264712
Asthma	Eosinophilic disease	EOSINOPHIL_DISEASE	binary	rs117097909	0.000145481716945024	0.00270880866069861	0.957168685013927	asthma_gwama	EOSINOPHIL_DISEASE	264712
Asthma	Eosinophilic disease	EOSINOPHIL_DISEASE	binary	rs11716980	0.00014550187206498	0.00270875114119159	0.957161848082112	asthma_gwama	EOSINOPHIL_DISEASE	264712
Asthma	Eosinophilic disease	EOSINOPHIL_DISEASE	binary	rs117185005	0.000145623972339333	0.00270881797824903	0.957126991202376	asthma_gwama	EOSINOPHIL_DISEASE	264712
Asthma	Eosinophilic disease	EOSINOPHIL_DISEASE	binary	rs117320438	0.000314150665815273	0.00271277341948346	0.907807689602361	asthma_gwama	EOSINOPHIL_DISEASE	264712
Asthma	Eosinophilic disease	EOSINOPHIL_DISEASE	binary	rs117378200	0.000145254989463668	0.00270731762957393	0.957211842258805	asthma_gwama	EOSINOPHIL_DISEASE	264712
Asthma	Eosinophilic disease	EOSINOPHIL_DISEASE	binary	rs117402700	0.000131241675593955	0.00270968741206573	0.96137016434411	asthma_gwama	EOSINOPHIL_DISEASE	264712
Asthma	Eosinophilic disease	EOSINOPHIL_DISEASE	binary	rs117552144	0.000145238389674609	0.0027073598193281	0.957217393482154	asthma_gwama	EOSINOPHIL_DISEASE	264712
Asthma	Eosinophilic disease	EOSINOPHIL_DISEASE	binary	rs117675359	0.000145214480793378	0.00270766612221098	0.957229263845064	asthma_gwama	EOSINOPHIL_DISEASE	264712
Asthma	Eosinophilic disease	EOSINOPHIL_DISEASE	binary	rs117683492	0.000146418159518631	0.00270561448950344	0.956842413256595	asthma_gwama	EOSINOPHIL_DISEASE	264712
Asthma	Eosinophilic disease	EOSINOPHIL_DISEASE	binary	rs117710327	0.000145853194421224	0.00270874246869513	0.957058375436248	asthma_gwama	EOSINOPHIL_DISEASE	264712
Asthma	Eosinophilic disease	EOSINOPHIL_DISEASE	binary	rs117856230	0.000151398804451862	0.0027088275001901	0.955428720976421	asthma_gwama	EOSINOPHIL_DISEASE	264712
Asthma	Eosinophilic disease	EOSINOPHIL_DISEASE	binary	rs117971857	-4.53691244938831e-05	0.00271802658864704	0.986682380808183	asthma_gwama	EOSINOPHIL_DISEASE	264712
Asthma	Eosinophilic disease	EOSINOPHIL_DISEASE	binary	rs118023715	0.000151466030367193	0.00270883018450963	0.955408994656251	asthma_gwama	EOSINOPHIL_DISEASE	264712
Asthma	Eosinophilic disease	EOSINOPHIL_DISEASE	binary	rs11802525	0.000144765303146069	0.00270867929312778	0.957377369749612	asthma_gwama	EOSINOPHIL_DISEASE	264712
Asthma	Eosinophilic disease	EOSINOPHIL_DISEASE	binary	rs11804609	0.000145412943829097	0.00270864030799742	0.957186254757874	asthma_gwama	EOSINOPHIL_DISEASE	264712
Asthma	Eosinophilic disease	EOSINOPHIL_DISEASE	binary	rs11809494	0.0001450474368307	0.00270645441883227	0.957259308528032	asthma_gwama	EOSINOPHIL_DISEASE	264712
Asthma	Eosinophilic disease	EOSINOPHIL_DISEASE	binary	rs11870777	0.000145254101985758	0.00270879737402188	0.957235454931499	asthma_gwama	EOSINOPHIL_DISEASE	264712
Asthma	Eosinophilic disease	EOSINOPHIL_DISEASE	binary	rs1190978	0.000140162520862434	0.00270179324507253	0.958626231219483	asthma_gwama	EOSINOPHIL_DISEASE	264712
Asthma	Eosinophilic disease	EOSINOPHIL_DISEASE	binary	rs11964507	0.000145187423278736	0.00270779910637182	0.957239323725944	asthma_gwama	EOSINOPHIL_DISEASE	264712
Asthma	Eosinophilic disease	EOSINOPHIL_DISEASE	binary	rs12077197	0.00014532893703944	0.00270822192707429	0.957204361094655	asthma_gwama	EOSINOPHIL_DISEASE	264712
Asthma	Eosinophilic disease	EOSINOPHIL_DISEASE	binary	rs12098541	0.000150281532729282	0.00270443754219594	0.955685560498052	asthma_gwama	EOSINOPHIL_DISEASE	264712
Asthma	Eosinophilic disease	EOSINOPHIL_DISEASE	binary	rs12123821	0.000145941274799212	0.00270857706446916	0.957029846819047	asthma_gwama	EOSINOPHIL_DISEASE	264712
Asthma	Eosinophilic disease	EOSINOPHIL_DISEASE	binary	rs12148282	0.000145758478230134	0.00270785126180221	0.957072124429239	asthma_gwama	EOSINOPHIL_DISEASE	264712
Asthma	Eosinophilic disease	EOSINOPHIL_DISEASE	binary	rs12212737	0.000133201591909931	0.00270161023815315	0.960676618673803	asthma_gwama	EOSINOPHIL_DISEASE	264712
Asthma	Eosinophilic disease	EOSINOPHIL_DISEASE	binary	rs12253380	0.000145663456036839	0.00270880577529894	0.957115185039261	asthma_gwama	EOSINOPHIL_DISEASE	264712
Asthma	Eosinophilic disease	EOSINOPHIL_DISEASE	binary	rs12303699	0.000144806363295036	0.00270436530290274	0.957297346341286	asthma_gwama	EOSINOPHIL_DISEASE	264712
Asthma	Eosinophilic disease	EOSINOPHIL_DISEASE	binary	rs1238556	0.000145047663414623	0.0027064875321848	0.957259764249601	asthma_gwama	EOSINOPHIL_DISEASE	264712
Asthma	Eosinophilic disease	EOSINOPHIL_DISEASE	binary	rs12419600	0.000148170974930094	0.00270503790673785	0.956316974355332	asthma_gwama	EOSINOPHIL_DISEASE	264712
Asthma	Eosinophilic disease	EOSINOPHIL_DISEASE	binary	rs12434251	0.000139730062534895	0.0027015678181207	0.95875033351704	asthma_gwama	EOSINOPHIL_DISEASE	264712
Asthma	Eosinophilic disease	EOSINOPHIL_DISEASE	binary	rs12446418	0.000145155005850152	0.00270766007052697	0.957246669051777	asthma_gwama	EOSINOPHIL_DISEASE	264712
Asthma	Eosinophilic disease	EOSINOPHIL_DISEASE	binary	rs12462901	0.000144728107110143	0.0027086943966093	0.957388548174181	asthma_gwama	EOSINOPHIL_DISEASE	264712
Asthma	Eosinophilic disease	EOSINOPHIL_DISEASE	binary	rs12467817	0.000143441673166991	0.00270803601864401	0.95775669179666	asthma_gwama	EOSINOPHIL_DISEASE	264712
Asthma	Eosinophilic disease	EOSINOPHIL_DISEASE	binary	rs12470864	0.000141879577011394	0.00269691549841582	0.958044169903535	asthma_gwama	EOSINOPHIL_DISEASE	264712
Asthma	Eosinophilic disease	EOSINOPHIL_DISEASE	binary	rs12482736	0.000146911965341136	0.00270839969668454	0.95674149127294	asthma_gwama	EOSINOPHIL_DISEASE	264712
Asthma	Eosinophilic disease	EOSINOPHIL_DISEASE	binary	rs12539003	0.000144917078573284	0.00270612139972201	0.957292434104609	asthma_gwama	EOSINOPHIL_DISEASE	264712
Asthma	Eosinophilic disease	EOSINOPHIL_DISEASE	binary	rs12595715	0.000145849634526125	0.00270834686857416	0.957053156375296	asthma_gwama	EOSINOPHIL_DISEASE	264712
Asthma	Eosinophilic disease	EOSINOPHIL_DISEASE	binary	rs12596491	0.000145445272293305	0.00270858508678539	0.957175873254442	asthma_gwama	EOSINOPHIL_DISEASE	264712
Asthma	Eosinophilic disease	EOSINOPHIL_DISEASE	binary	rs12611017	0.00014580935302791	0.00270835593716461	0.957065149821052	asthma_gwama	EOSINOPHIL_DISEASE	264712
Asthma	Eosinophilic disease	EOSINOPHIL_DISEASE	binary	rs12638043	0.000140899491853395	0.00270555761508747	0.958466700964562	asthma_gwama	EOSINOPHIL_DISEASE	264712
Asthma	Eosinophilic disease	EOSINOPHIL_DISEASE	binary	rs12653071	0.000147528317942677	0.00270792696353427	0.956552608164277	asthma_gwama	EOSINOPHIL_DISEASE	264712
Asthma	Eosinophilic disease	EOSINOPHIL_DISEASE	binary	rs1265764	0.000145696356261781	0.00270873406375378	0.957104373709291	asthma_gwama	EOSINOPHIL_DISEASE	264712
Asthma	Eosinophilic disease	EOSINOPHIL_DISEASE	binary	rs12661996	0.00014765147962028	0.00270784131678349	0.956514998726027	asthma_gwama	EOSINOPHIL_DISEASE	264712
Asthma	Eosinophilic disease	EOSINOPHIL_DISEASE	binary	rs12718488	0.000145927156842379	0.00270835822427368	0.957030531241111	asthma_gwama	EOSINOPHIL_DISEASE	264712
Asthma	Eosinophilic disease	EOSINOPHIL_DISEASE	binary	rs12722502	0.00014567770412132	0.00270874837909924	0.957110086391699	asthma_gwama	EOSINOPHIL_DISEASE	264712
Asthma	Eosinophilic disease	EOSINOPHIL_DISEASE	binary	rs12817660	0.000148843564828978	0.0027064393544017	0.956141583955326	asthma_gwama	EOSINOPHIL_DISEASE	264712
Asthma	Eosinophilic disease	EOSINOPHIL_DISEASE	binary	rs12906125	0.000148719080421062	0.00270669057247254	0.956182290925301	asthma_gwama	EOSINOPHIL_DISEASE	264712
Asthma	Eosinophilic disease	EOSINOPHIL_DISEASE	binary	rs12936466	0.00015604554360097	0.00269935839768742	0.953901260829109	asthma_gwama	EOSINOPHIL_DISEASE	264712
Asthma	Eosinophilic disease	EOSINOPHIL_DISEASE	binary	rs12953110	0.000146800922789791	0.00269695713886497	0.956590939479314	asthma_gwama	EOSINOPHIL_DISEASE	264712
Asthma	Eosinophilic disease	EOSINOPHIL_DISEASE	binary	rs12964116	0.00014513729996712	0.0027064160754089	0.957232248866683	asthma_gwama	EOSINOPHIL_DISEASE	264712
Asthma	Eosinophilic disease	EOSINOPHIL_DISEASE	binary	rs12965763	0.000142862269386209	0.00270763334562409	0.957920915412142	asthma_gwama	EOSINOPHIL_DISEASE	264712
Asthma	Eosinophilic disease	EOSINOPHIL_DISEASE	binary	rs13000664	0.000141277921335153	0.00270563533130866	0.958356446675822	asthma_gwama	EOSINOPHIL_DISEASE	264712
Asthma	Eosinophilic disease	EOSINOPHIL_DISEASE	binary	rs13049055	0.000147055410886359	0.00270839547815948	0.956699227550457	asthma_gwama	EOSINOPHIL_DISEASE	264712
Asthma	Eosinophilic disease	EOSINOPHIL_DISEASE	binary	rs13087727	0.000142751925559383	0.00270804578685237	0.957959784162879	asthma_gwama	EOSINOPHIL_DISEASE	264712
Asthma	Eosinophilic disease	EOSINOPHIL_DISEASE	binary	rs13104716	0.000144832528980227	0.00270871123883521	0.957358098017848	asthma_gwama	EOSINOPHIL_DISEASE	264712
Asthma	Eosinophilic disease	EOSINOPHIL_DISEASE	binary	rs13149287	0.000144962183887355	0.00270428643807182	0.957250194138984	asthma_gwama	EOSINOPHIL_DISEASE	264712
Asthma	Eosinophilic disease	EOSINOPHIL_DISEASE	binary	rs13290954	0.000151294163238043	0.00270200321420385	0.955347119063376	asthma_gwama	EOSINOPHIL_DISEASE	264712
Asthma	Eosinophilic disease	EOSINOPHIL_DISEASE	binary	rs13382528	0.00014754064486931	0.00270824061544163	0.95655400870506	asthma_gwama	EOSINOPHIL_DISEASE	264712
Asthma	Eosinophilic disease	EOSINOPHIL_DISEASE	binary	rs13421997	0.00014511527986094	0.00270688436959333	0.957246122001561	asthma_gwama	EOSINOPHIL_DISEASE	264712
Asthma	Eosinophilic disease	EOSINOPHIL_DISEASE	binary	rs1363105	0.000143310492264061	0.00270767624447575	0.957789685675803	asthma_gwama	EOSINOPHIL_DISEASE	264712
Asthma	Eosinophilic disease	EOSINOPHIL_DISEASE	binary	rs137926256	0.000222903172723996	0.00270966467032892	0.934438155111278	asthma_gwama	EOSINOPHIL_DISEASE	264712
Asthma	Eosinophilic disease	EOSINOPHIL_DISEASE	binary	rs138012443	0.000140475064245775	0.00270606682225576	0.958599482913641	asthma_gwama	EOSINOPHIL_DISEASE	264712
Asthma	Eosinophilic disease	EOSINOPHIL_DISEASE	binary	rs138026135	0.000148215462150351	0.00270736639266417	0.956341415532726	asthma_gwama	EOSINOPHIL_DISEASE	264712
Asthma	Eosinophilic disease	EOSINOPHIL_DISEASE	binary	rs138121471	0.000227337666377393	0.00271240064745974	0.933204164805456	asthma_gwama	EOSINOPHIL_DISEASE	264712
Asthma	Eosinophilic disease	EOSINOPHIL_DISEASE	binary	rs138327512	0.000130735228974002	0.00270828805642509	0.961499249208808	asthma_gwama	EOSINOPHIL_DISEASE	264712
Asthma	Eosinophilic disease	EOSINOPHIL_DISEASE	binary	rs138417339	-4.63317533717285e-05	0.00272287820527658	0.9864240689121	asthma_gwama	EOSINOPHIL_DISEASE	264712
Asthma	Eosinophilic disease	EOSINOPHIL_DISEASE	binary	rs138450506	0.000188261497263779	0.00270808212074538	0.944576998417888	asthma_gwama	EOSINOPHIL_DISEASE	264712
Asthma	Eosinophilic disease	EOSINOPHIL_DISEASE	binary	rs138453626	-0.000146293114732528	0.00273413015482726	0.957328532606669	asthma_gwama	EOSINOPHIL_DISEASE	264712
Asthma	Eosinophilic disease	EOSINOPHIL_DISEASE	binary	rs138542223	-0.00072376227064895	0.00275190548918042	0.792547462635011	asthma_gwama	EOSINOPHIL_DISEASE	264712
Asthma	Eosinophilic disease	EOSINOPHIL_DISEASE	binary	rs138700582	0.000237680476852678	0.00271361537793798	0.930204042558944	asthma_gwama	EOSINOPHIL_DISEASE	264712
Asthma	Eosinophilic disease	EOSINOPHIL_DISEASE	binary	rs139170956	0.000145671742518863	0.00270859463503142	0.957109407841219	asthma_gwama	EOSINOPHIL_DISEASE	264712
Asthma	Eosinophilic disease	EOSINOPHIL_DISEASE	binary	rs139450603	2.8376906056702e-05	0.00272654332492117	0.991696047418573	asthma_gwama	EOSINOPHIL_DISEASE	264712
Asthma	Eosinophilic disease	EOSINOPHIL_DISEASE	binary	rs139671781	0.000134295027387477	0.00269944485574956	0.960322306497986	asthma_gwama	EOSINOPHIL_DISEASE	264712
Asthma	Eosinophilic disease	EOSINOPHIL_DISEASE	binary	rs139689471	0.000225399790546924	0.00271193782765638	0.933760955562356	asthma_gwama	EOSINOPHIL_DISEASE	264712
Asthma	Eosinophilic disease	EOSINOPHIL_DISEASE	binary	rs141267412	0.000170663603557295	0.00272178749082999	0.950003194950871	asthma_gwama	EOSINOPHIL_DISEASE	264712
Asthma	Eosinophilic disease	EOSINOPHIL_DISEASE	binary	rs141343442	0.000145418104544755	0.00270872567631762	0.957186084826182	asthma_gwama	EOSINOPHIL_DISEASE	264712
Asthma	Eosinophilic disease	EOSINOPHIL_DISEASE	binary	rs141405779	0.000137168709864781	0.0027029838234255	0.959527009378578	asthma_gwama	EOSINOPHIL_DISEASE	264712
Asthma	Eosinophilic disease	EOSINOPHIL_DISEASE	binary	rs141441459	0.000151499644721998	0.00270883153826662	0.955399131300933	asthma_gwama	EOSINOPHIL_DISEASE	264712
Asthma	Eosinophilic disease	EOSINOPHIL_DISEASE	binary	rs1420466	0.000145924843264929	0.00270811874629716	0.957027415795595	asthma_gwama	EOSINOPHIL_DISEASE	264712
Asthma	Eosinophilic disease	EOSINOPHIL_DISEASE	binary	rs142102013	0.000147014161444659	0.00270842932762005	0.956711902091021	asthma_gwama	EOSINOPHIL_DISEASE	264712
Asthma	Eosinophilic disease	EOSINOPHIL_DISEASE	binary	rs142757787	0.000126639198284856	0.00270786304404453	0.962698763450824	asthma_gwama	EOSINOPHIL_DISEASE	264712
Asthma	Eosinophilic disease	EOSINOPHIL_DISEASE	binary	rs142828423	0.000160781809941203	0.00270863834147189	0.952666243210628	asthma_gwama	EOSINOPHIL_DISEASE	264712
Asthma	Eosinophilic disease	EOSINOPHIL_DISEASE	binary	rs142833331	0.000609398396861302	0.00272633608636811	0.823128605572367	asthma_gwama	EOSINOPHIL_DISEASE	264712
Asthma	Eosinophilic disease	EOSINOPHIL_DISEASE	binary	rs142849353	7.7204545627522e-05	0.00270996337779456	0.977272023782207	asthma_gwama	EOSINOPHIL_DISEASE	264712
Asthma	Eosinophilic disease	EOSINOPHIL_DISEASE	binary	rs142974104	0.000204179322120241	0.00270875884701437	0.939914404103138	asthma_gwama	EOSINOPHIL_DISEASE	264712
Asthma	Eosinophilic disease	EOSINOPHIL_DISEASE	binary	rs143122977	6.48238513097883e-05	0.00271280498888606	0.980935957947402	asthma_gwama	EOSINOPHIL_DISEASE	264712
Asthma	Eosinophilic disease	EOSINOPHIL_DISEASE	binary	rs143253231	0.000143254923586668	0.00270829289710106	0.957815635674504	asthma_gwama	EOSINOPHIL_DISEASE	264712
Asthma	Eosinophilic disease	EOSINOPHIL_DISEASE	binary	rs143628759	0.000150756964564492	0.00270118327402098	0.955492010631643	asthma_gwama	EOSINOPHIL_DISEASE	264712
Asthma	Eosinophilic disease	EOSINOPHIL_DISEASE	binary	rs143857279	0.00023314273932388	0.00271368216603237	0.931534943472602	asthma_gwama	EOSINOPHIL_DISEASE	264712
Asthma	Eosinophilic disease	EOSINOPHIL_DISEASE	binary	rs144044754	-0.000116055808600225	0.00270221055577197	0.965742611013157	asthma_gwama	EOSINOPHIL_DISEASE	264712
Asthma	Eosinophilic disease	EOSINOPHIL_DISEASE	binary	rs144301783	0.000143214217844394	0.00270804973986833	0.957823827996423	asthma_gwama	EOSINOPHIL_DISEASE	264712
Asthma	Eosinophilic disease	EOSINOPHIL_DISEASE	binary	rs144532877	2.46998339269467e-05	0.00270972153505485	0.99272717030816	asthma_gwama	EOSINOPHIL_DISEASE	264712
Asthma	Eosinophilic disease	EOSINOPHIL_DISEASE	binary	rs144666843	0.000145560428996713	0.00270881592042089	0.957145648407087	asthma_gwama	EOSINOPHIL_DISEASE	264712
Asthma	Eosinophilic disease	EOSINOPHIL_DISEASE	binary	rs144989638	7.63527539207212e-05	0.0027072498265112	0.977500189413589	asthma_gwama	EOSINOPHIL_DISEASE	264712
Asthma	Eosinophilic disease	EOSINOPHIL_DISEASE	binary	rs145081654	3.6480865608708e-05	0.00271930743342401	0.989296301700767	asthma_gwama	EOSINOPHIL_DISEASE	264712
Asthma	Eosinophilic disease	EOSINOPHIL_DISEASE	binary	rs145167319	0.000143062252845703	0.00270778984658699	0.957864499597632	asthma_gwama	EOSINOPHIL_DISEASE	264712
Asthma	Eosinophilic disease	EOSINOPHIL_DISEASE	binary	rs145237994	0.00014526644432982	0.0027052294714938	0.957175472282435	asthma_gwama	EOSINOPHIL_DISEASE	264712
Asthma	Eosinophilic disease	EOSINOPHIL_DISEASE	binary	rs145781990	0.000255784133891466	0.00270678366045726	0.924714013775879	asthma_gwama	EOSINOPHIL_DISEASE	264712
Asthma	Eosinophilic disease	EOSINOPHIL_DISEASE	binary	rs146763133	0.000205825725699785	0.00270960140320111	0.939449628761397	asthma_gwama	EOSINOPHIL_DISEASE	264712
Asthma	Eosinophilic disease	EOSINOPHIL_DISEASE	binary	rs146806896	0.000324566345562437	0.00272432462012731	0.905167258782131	asthma_gwama	EOSINOPHIL_DISEASE	264712
Asthma	Eosinophilic disease	EOSINOPHIL_DISEASE	binary	rs146983365	0.000151499644721998	0.00270883153826662	0.955399131300933	asthma_gwama	EOSINOPHIL_DISEASE	264712
Asthma	Eosinophilic disease	EOSINOPHIL_DISEASE	binary	rs147200296	0.000278517538267383	0.00271006438028963	0.918144279247387	asthma_gwama	EOSINOPHIL_DISEASE	264712
Asthma	Eosinophilic disease	EOSINOPHIL_DISEASE	binary	rs1474011	0.000145874999912336	0.00270810807040798	0.957041910505456	asthma_gwama	EOSINOPHIL_DISEASE	264712
Asthma	Eosinophilic disease	EOSINOPHIL_DISEASE	binary	rs147471705	0.00013992894825559	0.00270569280903602	0.95875459382872	asthma_gwama	EOSINOPHIL_DISEASE	264712
Asthma	Eosinophilic disease	EOSINOPHIL_DISEASE	binary	rs147739507	0.000134715384025743	0.0027028736544407	0.960248664062414	asthma_gwama	EOSINOPHIL_DISEASE	264712
Asthma	Eosinophilic disease	EOSINOPHIL_DISEASE	binary	rs147793459	0.000145635996778083	0.00270880869189639	0.957123307660767	asthma_gwama	EOSINOPHIL_DISEASE	264712
Asthma	Eosinophilic disease	EOSINOPHIL_DISEASE	binary	rs148083049	0.000145053294356684	0.00270805068560071	0.95728275468383	asthma_gwama	EOSINOPHIL_DISEASE	264712
Asthma	Eosinophilic disease	EOSINOPHIL_DISEASE	binary	rs148238614	0.000297619193672228	0.00272063215465059	0.912890470665953	asthma_gwama	EOSINOPHIL_DISEASE	264712
Asthma	Eosinophilic disease	EOSINOPHIL_DISEASE	binary	rs148673593	0.000147094623424233	0.00270851030697867	0.956689527128368	asthma_gwama	EOSINOPHIL_DISEASE	264712
Asthma	Eosinophilic disease	EOSINOPHIL_DISEASE	binary	rs149064226	0.000149912931099913	0.00270484150531159	0.955800736214729	asthma_gwama	EOSINOPHIL_DISEASE	264712
Asthma	Eosinophilic disease	EOSINOPHIL_DISEASE	binary	rs149096812	0.000145387448933304	0.00270815078365478	0.95718602376912	asthma_gwama	EOSINOPHIL_DISEASE	264712
Asthma	Eosinophilic disease	EOSINOPHIL_DISEASE	binary	rs150059260	0.000193133697508236	0.00270894959896135	0.943163228404608	asthma_gwama	EOSINOPHIL_DISEASE	264712
Asthma	Eosinophilic disease	EOSINOPHIL_DISEASE	binary	rs150597587	0.000145984602901109	0.00270780252424329	0.957004818946457	asthma_gwama	EOSINOPHIL_DISEASE	264712
Asthma	Eosinophilic disease	EOSINOPHIL_DISEASE	binary	rs150786584	0.000145508079877012	0.00270873024812632	0.957159692040113	asthma_gwama	EOSINOPHIL_DISEASE	264712
Asthma	Eosinophilic disease	EOSINOPHIL_DISEASE	binary	rs150788669	0.000144861650171584	0.00270875648853338	0.957350244060603	asthma_gwama	EOSINOPHIL_DISEASE	264712
Asthma	Eosinophilic disease	EOSINOPHIL_DISEASE	binary	rs151158980	0.000145859778355683	0.00270749722370658	0.957036707177186	asthma_gwama	EOSINOPHIL_DISEASE	264712
Asthma	Eosinophilic disease	EOSINOPHIL_DISEASE	binary	rs151220143	-4.86762116566822e-05	0.00270959176019156	0.985667247197605	asthma_gwama	EOSINOPHIL_DISEASE	264712
Asthma	Eosinophilic disease	EOSINOPHIL_DISEASE	binary	rs151288460	0.000145338046083817	0.00270789230757734	0.957196476643312	asthma_gwama	EOSINOPHIL_DISEASE	264712
Asthma	Eosinophilic disease	EOSINOPHIL_DISEASE	binary	rs151328686	0.000145524545948813	0.00270878698797579	0.957155745378562	asthma_gwama	EOSINOPHIL_DISEASE	264712
Asthma	Eosinophilic disease	EOSINOPHIL_DISEASE	binary	rs1553754	0.000145572963145365	0.00270881995703527	0.957142025591926	asthma_gwama	EOSINOPHIL_DISEASE	264712
Asthma	Eosinophilic disease	EOSINOPHIL_DISEASE	binary	rs1617988	0.000138590961822621	0.00270605144603572	0.959154041127186	asthma_gwama	EOSINOPHIL_DISEASE	264712
Asthma	Eosinophilic disease	EOSINOPHIL_DISEASE	binary	rs1627507	0.000144843181441307	0.00270869922964045	0.95735477579619	asthma_gwama	EOSINOPHIL_DISEASE	264712
Asthma	Eosinophilic disease	EOSINOPHIL_DISEASE	binary	rs163093	0.000143417507230204	0.0027078223069405	0.957760471641997	asthma_gwama	EOSINOPHIL_DISEASE	264712
Asthma	Eosinophilic disease	EOSINOPHIL_DISEASE	binary	rs1644005	0.000142147779737984	0.00270622575068293	0.958109412288487	asthma_gwama	EOSINOPHIL_DISEASE	264712
Asthma	Eosinophilic disease	EOSINOPHIL_DISEASE	binary	rs1663671	0.000146559747106333	0.00270437761635513	0.956780982015537	asthma_gwama	EOSINOPHIL_DISEASE	264712
Asthma	Eosinophilic disease	EOSINOPHIL_DISEASE	binary	rs1684466	0.000146342711211746	0.00270680729751377	0.956883620324537	asthma_gwama	EOSINOPHIL_DISEASE	264712
Asthma	Eosinophilic disease	EOSINOPHIL_DISEASE	binary	rs16924144	0.000144493135860847	0.00270438296551588	0.957389905575022	asthma_gwama	EOSINOPHIL_DISEASE	264712
Asthma	Eosinophilic disease	EOSINOPHIL_DISEASE	binary	rs1705333	0.000145103503521837	0.00270783970848943	0.957264656343278	asthma_gwama	EOSINOPHIL_DISEASE	264712
Asthma	Eosinophilic disease	EOSINOPHIL_DISEASE	binary	rs17057868	0.0001458721691238	0.00270825435225383	0.957045061347687	asthma_gwama	EOSINOPHIL_DISEASE	264712
Asthma	Eosinophilic disease	EOSINOPHIL_DISEASE	binary	rs17098678	0.000145697731421036	0.00270871648393363	0.957103691097169	asthma_gwama	EOSINOPHIL_DISEASE	264712
Asthma	Eosinophilic disease	EOSINOPHIL_DISEASE	binary	rs17168863	9.21648167466589e-05	0.00270850736453412	0.972854902892044	asthma_gwama	EOSINOPHIL_DISEASE	264712
Asthma	Eosinophilic disease	EOSINOPHIL_DISEASE	binary	rs17181428	0.000145882393829987	0.00270789194213799	0.957036309684287	asthma_gwama	EOSINOPHIL_DISEASE	264712
Asthma	Eosinophilic disease	EOSINOPHIL_DISEASE	binary	rs17204454	0.000145226999139155	0.00270790742661858	0.957229388308354	asthma_gwama	EOSINOPHIL_DISEASE	264712
Asthma	Eosinophilic disease	EOSINOPHIL_DISEASE	binary	rs17445108	0.000145806499932129	0.00270836454410041	0.957066125437552	asthma_gwama	EOSINOPHIL_DISEASE	264712
Asthma	Eosinophilic disease	EOSINOPHIL_DISEASE	binary	rs174551	0.000140456636666922	0.00270719371932765	0.958622124646757	asthma_gwama	EOSINOPHIL_DISEASE	264712
Asthma	Eosinophilic disease	EOSINOPHIL_DISEASE	binary	rs17547610	0.000145885370480994	0.00270860730017743	0.957046770089299	asthma_gwama	EOSINOPHIL_DISEASE	264712
Asthma	Eosinophilic disease	EOSINOPHIL_DISEASE	binary	rs17772583	0.000144924241434754	0.00270652687183352	0.957296717540317	asthma_gwama	EOSINOPHIL_DISEASE	264712
Asthma	Eosinophilic disease	EOSINOPHIL_DISEASE	binary	rs1779773	0.000147717352105553	0.00270822019194683	0.956501697931239	asthma_gwama	EOSINOPHIL_DISEASE	264712
Asthma	Eosinophilic disease	EOSINOPHIL_DISEASE	binary	rs1787663	0.000144885035604669	0.00270001613151436	0.957205411903563	asthma_gwama	EOSINOPHIL_DISEASE	264712
Asthma	Eosinophilic disease	EOSINOPHIL_DISEASE	binary	rs179768	0.000145887811916058	0.00270839569334008	0.957042699203324	asthma_gwama	EOSINOPHIL_DISEASE	264712
Asthma	Eosinophilic disease	EOSINOPHIL_DISEASE	binary	rs1799595	0.000145282102721146	0.00270788540158396	0.957212827707223	asthma_gwama	EOSINOPHIL_DISEASE	264712
Asthma	Eosinophilic disease	EOSINOPHIL_DISEASE	binary	rs1800440	0.000145495304957566	0.00270872728479334	0.957163402782173	asthma_gwama	EOSINOPHIL_DISEASE	264712
Asthma	Eosinophilic disease	EOSINOPHIL_DISEASE	binary	rs181104005	0.000573432322213128	0.00273769100069786	0.834090422591315	asthma_gwama	EOSINOPHIL_DISEASE	264712
Asthma	Eosinophilic disease	EOSINOPHIL_DISEASE	binary	rs182417546	4.0100558848395e-05	0.00270974509710072	0.98819281967973	asthma_gwama	EOSINOPHIL_DISEASE	264712
Asthma	Eosinophilic disease	EOSINOPHIL_DISEASE	binary	rs183861049	-0.000110795875721585	0.00275189496513141	0.967884515150682	asthma_gwama	EOSINOPHIL_DISEASE	264712
Asthma	Eosinophilic disease	EOSINOPHIL_DISEASE	binary	rs183886834	0.000269574365117438	0.00270831098814974	0.920712728632685	asthma_gwama	EOSINOPHIL_DISEASE	264712
Asthma	Eosinophilic disease	EOSINOPHIL_DISEASE	binary	rs184163934	0.000145507480036734	0.00270851823153781	0.957156518272109	asthma_gwama	EOSINOPHIL_DISEASE	264712
Asthma	Eosinophilic disease	EOSINOPHIL_DISEASE	binary	rs184289015	0.0001981735344058	0.00270843593048809	0.941671638830887	asthma_gwama	EOSINOPHIL_DISEASE	264712
Asthma	Eosinophilic disease	EOSINOPHIL_DISEASE	binary	rs184482331	0.000142452856657928	0.00270728532205795	0.958036004857843	asthma_gwama	EOSINOPHIL_DISEASE	264712
Asthma	Eosinophilic disease	EOSINOPHIL_DISEASE	binary	rs184739995	0.000144780761306963	0.00271042351172585	0.95740022826204	asthma_gwama	EOSINOPHIL_DISEASE	264712
Asthma	Eosinophilic disease	EOSINOPHIL_DISEASE	binary	rs186399184	0.000148287359826529	0.00270756367578011	0.956323437888888	asthma_gwama	EOSINOPHIL_DISEASE	264712
Asthma	Eosinophilic disease	EOSINOPHIL_DISEASE	binary	rs186520974	0.000151163686040407	0.00270600583430911	0.955451511120885	asthma_gwama	EOSINOPHIL_DISEASE	264712
Asthma	Eosinophilic disease	EOSINOPHIL_DISEASE	binary	rs187228722	0.000150354442758562	0.00270888447265322	0.955736790696039	asthma_gwama	EOSINOPHIL_DISEASE	264712
Asthma	Eosinophilic disease	EOSINOPHIL_DISEASE	binary	rs187528027	0.000161245048369879	0.00270847665657415	0.95252719736708	asthma_gwama	EOSINOPHIL_DISEASE	264712
Asthma	Eosinophilic disease	EOSINOPHIL_DISEASE	binary	rs187875490	0.000193573130005162	0.00270840048530139	0.943022598884775	asthma_gwama	EOSINOPHIL_DISEASE	264712
Asthma	Eosinophilic disease	EOSINOPHIL_DISEASE	binary	rs187909364	-0.000587421772053828	0.00276380915008504	0.831685273983593	asthma_gwama	EOSINOPHIL_DISEASE	264712
Asthma	Eosinophilic disease	EOSINOPHIL_DISEASE	binary	rs188248983	0.000262744713581307	0.00271273028555692	0.922840602347367	asthma_gwama	EOSINOPHIL_DISEASE	264712
Asthma	Eosinophilic disease	EOSINOPHIL_DISEASE	binary	rs188388762	0.000176955311274985	0.00270912821255681	0.947920671514476	asthma_gwama	EOSINOPHIL_DISEASE	264712
Asthma	Eosinophilic disease	EOSINOPHIL_DISEASE	binary	rs188573597	0.000143806940503767	0.00270855005957944	0.957657252162646	asthma_gwama	EOSINOPHIL_DISEASE	264712
Asthma	Eosinophilic disease	EOSINOPHIL_DISEASE	binary	rs188575117	0.000145496936385176	0.00270822132154323	0.957154927582695	asthma_gwama	EOSINOPHIL_DISEASE	264712
Asthma	Eosinophilic disease	EOSINOPHIL_DISEASE	binary	rs1888072	0.000145179843483004	0.00270741788938703	0.957235539173658	asthma_gwama	EOSINOPHIL_DISEASE	264712
Asthma	Eosinophilic disease	EOSINOPHIL_DISEASE	binary	rs189099472	0.000142705713305991	0.00270542907903471	0.95793277026323	asthma_gwama	EOSINOPHIL_DISEASE	264712
Asthma	Eosinophilic disease	EOSINOPHIL_DISEASE	binary	rs189321018	0.00011274270595722	0.00270924691384325	0.966806381661786	asthma_gwama	EOSINOPHIL_DISEASE	264712
Asthma	Eosinophilic disease	EOSINOPHIL_DISEASE	binary	rs189324776	0.000148072551426241	0.00270725454074375	0.956381669319933	asthma_gwama	EOSINOPHIL_DISEASE	264712
Asthma	Eosinophilic disease	EOSINOPHIL_DISEASE	binary	rs189488647	0.000147605593106839	0.00274033502846306	0.957043464437926	asthma_gwama	EOSINOPHIL_DISEASE	264712
Asthma	Eosinophilic disease	EOSINOPHIL_DISEASE	binary	rs189539537	0.000137987802630198	0.00270982594878699	0.959388249476005	asthma_gwama	EOSINOPHIL_DISEASE	264712
Asthma	Eosinophilic disease	EOSINOPHIL_DISEASE	binary	rs190438685	0.000145807765483364	0.00270536002511615	0.957018117350878	asthma_gwama	EOSINOPHIL_DISEASE	264712
Asthma	Eosinophilic disease	EOSINOPHIL_DISEASE	binary	rs191699156	0.00014381314399322	0.00270826619992047	0.957650993249973	asthma_gwama	EOSINOPHIL_DISEASE	264712
Asthma	Eosinophilic disease	EOSINOPHIL_DISEASE	binary	rs192258066	0.000145415901071764	0.0027088133721569	0.957188117665505	asthma_gwama	EOSINOPHIL_DISEASE	264712
Asthma	Eosinophilic disease	EOSINOPHIL_DISEASE	binary	rs192487861	-0.000195998130556535	0.00286848129490412	0.945524385401126	asthma_gwama	EOSINOPHIL_DISEASE	264712
Asthma	Eosinophilic disease	EOSINOPHIL_DISEASE	binary	rs192730519	0.000148088159006239	0.00270870044147538	0.956400338977634	asthma_gwama	EOSINOPHIL_DISEASE	264712
Asthma	Eosinophilic disease	EOSINOPHIL_DISEASE	binary	rs193117554	0.000211929059525369	0.00271143806562738	0.937699882214283	asthma_gwama	EOSINOPHIL_DISEASE	264712
Asthma	Eosinophilic disease	EOSINOPHIL_DISEASE	binary	rs193138021	-4.64540234582419e-05	0.0027260936464842	0.986404298906976	asthma_gwama	EOSINOPHIL_DISEASE	264712
Asthma	Eosinophilic disease	EOSINOPHIL_DISEASE	binary	rs1946131	0.000145537465888307	0.0027087973997096	0.957152109780143	asthma_gwama	EOSINOPHIL_DISEASE	264712
Asthma	Eosinophilic disease	EOSINOPHIL_DISEASE	binary	rs194676	0.00014455436029772	0.00270864993389494	0.957438956891025	asthma_gwama	EOSINOPHIL_DISEASE	264712
Asthma	Eosinophilic disease	EOSINOPHIL_DISEASE	binary	rs1963840	0.000148178444122292	0.00270747617504297	0.956354076791903	asthma_gwama	EOSINOPHIL_DISEASE	264712
Asthma	Eosinophilic disease	EOSINOPHIL_DISEASE	binary	rs1971814	0.000144990759326592	0.00270875090685201	0.957312180503492	asthma_gwama	EOSINOPHIL_DISEASE	264712
Asthma	Eosinophilic disease	EOSINOPHIL_DISEASE	binary	rs1981551	0.00014264096985639	0.002708349430724	0.957997135504664	asthma_gwama	EOSINOPHIL_DISEASE	264712
Asthma	Eosinophilic disease	EOSINOPHIL_DISEASE	binary	rs199805492	0.000144987722840103	0.00270877198196702	0.957313405445795	asthma_gwama	EOSINOPHIL_DISEASE	264712
Asthma	Eosinophilic disease	EOSINOPHIL_DISEASE	binary	rs200009375	0.000116930505972518	0.00271045208085694	0.965589462073768	asthma_gwama	EOSINOPHIL_DISEASE	264712
Asthma	Eosinophilic disease	EOSINOPHIL_DISEASE	binary	rs200305098	0.000143209720474877	0.00270776287381043	0.957820687297137	asthma_gwama	EOSINOPHIL_DISEASE	264712
Asthma	Eosinophilic disease	EOSINOPHIL_DISEASE	binary	rs200410144	0.00014206925061712	0.00270564905742034	0.958123617754053	asthma_gwama	EOSINOPHIL_DISEASE	264712
Asthma	Eosinophilic disease	EOSINOPHIL_DISEASE	binary	rs200706434	0.000151499644721998	0.00270883153826662	0.955399131300933	asthma_gwama	EOSINOPHIL_DISEASE	264712
Asthma	Eosinophilic disease	EOSINOPHIL_DISEASE	binary	rs201011002	0.00014563856753827	0.00270878677546171	0.957122204950665	asthma_gwama	EOSINOPHIL_DISEASE	264712
Asthma	Eosinophilic disease	EOSINOPHIL_DISEASE	binary	rs201519354	0.000145363119190441	0.00270881784596716	0.957203712874455	asthma_gwama	EOSINOPHIL_DISEASE	264712
Asthma	Eosinophilic disease	EOSINOPHIL_DISEASE	binary	rs201782376	0.000151499644721998	0.00270883153826662	0.955399131300933	asthma_gwama	EOSINOPHIL_DISEASE	264712
Asthma	Eosinophilic disease	EOSINOPHIL_DISEASE	binary	rs202204907	0.000140783888833714	0.00270707750628658	0.958524025591876	asthma_gwama	EOSINOPHIL_DISEASE	264712
Asthma	Eosinophilic disease	EOSINOPHIL_DISEASE	binary	rs2029745	0.000146017568918984	0.0027076260713647	0.956992319384327	asthma_gwama	EOSINOPHIL_DISEASE	264712
Asthma	Eosinophilic disease	EOSINOPHIL_DISEASE	binary	rs2032006	0.000140755368347058	0.00270404819365258	0.958486006657612	asthma_gwama	EOSINOPHIL_DISEASE	264712
Asthma	Eosinophilic disease	EOSINOPHIL_DISEASE	binary	rs204992	0.000147367658266209	0.00270044025629197	0.956479672671382	asthma_gwama	EOSINOPHIL_DISEASE	264712
Asthma	Eosinophilic disease	EOSINOPHIL_DISEASE	binary	rs2055456	0.00011307516581876	0.00271431016035	0.966770621401609	asthma_gwama	EOSINOPHIL_DISEASE	264712
Asthma	Eosinophilic disease	EOSINOPHIL_DISEASE	binary	rs2066844	0.000144852895666582	0.00269944590955684	0.957205866836045	asthma_gwama	EOSINOPHIL_DISEASE	264712
Asthma	Eosinophilic disease	EOSINOPHIL_DISEASE	binary	rs2070901	0.000144636471815644	0.00270286646716107	0.957323768863509	asthma_gwama	EOSINOPHIL_DISEASE	264712
Asthma	Eosinophilic disease	EOSINOPHIL_DISEASE	binary	rs2087630	0.000199700075458367	0.00270972144122595	0.941250976637669	asthma_gwama	EOSINOPHIL_DISEASE	264712
Asthma	Eosinophilic disease	EOSINOPHIL_DISEASE	binary	rs2111574	0.00014317770011672	0.00270766549655245	0.957828594245103	asthma_gwama	EOSINOPHIL_DISEASE	264712
Asthma	Eosinophilic disease	EOSINOPHIL_DISEASE	binary	rs2143793	0.00013914715769726	0.00270446413027316	0.958966213100308	asthma_gwama	EOSINOPHIL_DISEASE	264712
Asthma	Eosinophilic disease	EOSINOPHIL_DISEASE	binary	rs2205759	0.000146260319407472	0.00270869464282781	0.95693786772869	asthma_gwama	EOSINOPHIL_DISEASE	264712
Asthma	Eosinophilic disease	EOSINOPHIL_DISEASE	binary	rs2230624	0.000145116970545582	0.00270416903573762	0.957202734646344	asthma_gwama	EOSINOPHIL_DISEASE	264712
Asthma	Eosinophilic disease	EOSINOPHIL_DISEASE	binary	rs223819	0.000144910679731231	0.00270406720752678	0.957261906974543	asthma_gwama	EOSINOPHIL_DISEASE	264712
Asthma	Eosinophilic disease	EOSINOPHIL_DISEASE	binary	rs2239349	0.000146024874419804	0.0027066003774277	0.956973886513393	asthma_gwama	EOSINOPHIL_DISEASE	264712
Asthma	Eosinophilic disease	EOSINOPHIL_DISEASE	binary	rs2243284	0.00015046468449156	0.00270825224978186	0.95569403983841	asthma_gwama	EOSINOPHIL_DISEASE	264712
Asthma	Eosinophilic disease	EOSINOPHIL_DISEASE	binary	rs2262046	0.000140794924704293	0.00270583748309055	0.958501785443322	asthma_gwama	EOSINOPHIL_DISEASE	264712
Asthma	Eosinophilic disease	EOSINOPHIL_DISEASE	binary	rs227136	0.000145536449995059	0.0027087880691488	0.957152261134239	asthma_gwama	EOSINOPHIL_DISEASE	264712
Asthma	Eosinophilic disease	EOSINOPHIL_DISEASE	binary	rs2274468	0.00018724621606281	0.00272021319699142	0.94512085849675	asthma_gwama	EOSINOPHIL_DISEASE	264712
Asthma	Eosinophilic disease	EOSINOPHIL_DISEASE	binary	rs2282160	0.000146943132541972	0.00269789912820006	0.956564085833591	asthma_gwama	EOSINOPHIL_DISEASE	264712
Asthma	Eosinophilic disease	EOSINOPHIL_DISEASE	binary	rs2315649	0.000145859760639029	0.00270833239408353	0.957049948203961	asthma_gwama	EOSINOPHIL_DISEASE	264712
Asthma	Eosinophilic disease	EOSINOPHIL_DISEASE	binary	rs2381384	0.000144894331039419	0.00270576361881382	0.957293490571285	asthma_gwama	EOSINOPHIL_DISEASE	264712
Asthma	Eosinophilic disease	EOSINOPHIL_DISEASE	binary	rs2428493	0.000144868569851656	0.00270512327070378	0.957290978339076	asthma_gwama	EOSINOPHIL_DISEASE	264712
Asthma	Eosinophilic disease	EOSINOPHIL_DISEASE	binary	rs2439042	0.000145101483756102	0.00270877995100585	0.957280070068789	asthma_gwama	EOSINOPHIL_DISEASE	264712
Asthma	Eosinophilic disease	EOSINOPHIL_DISEASE	binary	rs252872	0.000144873098199653	0.00270876745891417	0.957347049355534	asthma_gwama	EOSINOPHIL_DISEASE	264712
Asthma	Eosinophilic disease	EOSINOPHIL_DISEASE	binary	rs2621348	0.000142349676101746	0.0027080334478174	0.958077945929072	asthma_gwama	EOSINOPHIL_DISEASE	264712
Asthma	Eosinophilic disease	EOSINOPHIL_DISEASE	binary	rs2647074	0.000126074647010183	0.00270123939790414	0.962773938107648	asthma_gwama	EOSINOPHIL_DISEASE	264712
Asthma	Eosinophilic disease	EOSINOPHIL_DISEASE	binary	rs2652696	0.00014381369909072	0.00270862924012828	0.957656500710966	asthma_gwama	EOSINOPHIL_DISEASE	264712
Asthma	Eosinophilic disease	EOSINOPHIL_DISEASE	binary	rs274945	0.000145721939834283	0.00270874180442175	0.957096971193122	asthma_gwama	EOSINOPHIL_DISEASE	264712
Asthma	Eosinophilic disease	EOSINOPHIL_DISEASE	binary	rs2766678	0.000152997007414161	0.00270195126224199	0.954844209130332	asthma_gwama	EOSINOPHIL_DISEASE	264712
Asthma	Eosinophilic disease	EOSINOPHIL_DISEASE	binary	rs28373140	0.000179625170942191	0.00270932509682521	0.947139889156769	asthma_gwama	EOSINOPHIL_DISEASE	264712
Asthma	Eosinophilic disease	EOSINOPHIL_DISEASE	binary	rs28514280	0.000146004328543246	0.00270879237305004	0.957014713241646	asthma_gwama	EOSINOPHIL_DISEASE	264712
Asthma	Eosinophilic disease	EOSINOPHIL_DISEASE	binary	rs2852714	0.000145365559092375	0.00270849894260818	0.957197961075965	asthma_gwama	EOSINOPHIL_DISEASE	264712
Asthma	Eosinophilic disease	EOSINOPHIL_DISEASE	binary	rs28588688	0.000144024547366007	0.00270847988492768	0.957592142274489	asthma_gwama	EOSINOPHIL_DISEASE	264712
Asthma	Eosinophilic disease	EOSINOPHIL_DISEASE	binary	rs28607030	0.000145817578082178	0.00270838252662475	0.957063151348636	asthma_gwama	EOSINOPHIL_DISEASE	264712
Asthma	Eosinophilic disease	EOSINOPHIL_DISEASE	binary	rs28617673	0.000145523623116042	0.00270880053223066	0.957156230828735	asthma_gwama	EOSINOPHIL_DISEASE	264712
Asthma	Eosinophilic disease	EOSINOPHIL_DISEASE	binary	rs28635831	0.000140426340327783	0.00270622444409482	0.958616238178377	asthma_gwama	EOSINOPHIL_DISEASE	264712
Asthma	Eosinophilic disease	EOSINOPHIL_DISEASE	binary	rs28893537	0.000147918084642497	0.00270864638796747	0.956449493757736	asthma_gwama	EOSINOPHIL_DISEASE	264712
Asthma	Eosinophilic disease	EOSINOPHIL_DISEASE	binary	rs3024664	0.000145481679830423	0.00270879737946211	0.957168517723709	asthma_gwama	EOSINOPHIL_DISEASE	264712
Asthma	Eosinophilic disease	EOSINOPHIL_DISEASE	binary	rs3024971	0.00014444296196547	0.00270419756165879	0.957401769844257	asthma_gwama	EOSINOPHIL_DISEASE	264712
Asthma	Eosinophilic disease	EOSINOPHIL_DISEASE	binary	rs3091308	0.000117224746825711	0.00269408563566608	0.965293489909959	asthma_gwama	EOSINOPHIL_DISEASE	264712
Asthma	Eosinophilic disease	EOSINOPHIL_DISEASE	binary	rs3116990	0.000151657916553925	0.00270621270622546	0.955309424757005	asthma_gwama	EOSINOPHIL_DISEASE	264712
Asthma	Eosinophilic disease	EOSINOPHIL_DISEASE	binary	rs3122929	0.00014723391978262	0.00270508054150772	0.95659364215792	asthma_gwama	EOSINOPHIL_DISEASE	264712
Asthma	Eosinophilic disease	EOSINOPHIL_DISEASE	binary	rs3131024	0.000145796685171457	0.00270844155595852	0.95707023220215	asthma_gwama	EOSINOPHIL_DISEASE	264712
Asthma	Eosinophilic disease	EOSINOPHIL_DISEASE	binary	rs3135911	0.000150548953067217	0.00270539502356153	0.955622481202127	asthma_gwama	EOSINOPHIL_DISEASE	264712
Asthma	Eosinophilic disease	EOSINOPHIL_DISEASE	binary	rs322355	0.000141295067287151	0.0027061389794608	0.958359141582311	asthma_gwama	EOSINOPHIL_DISEASE	264712
Asthma	Eosinophilic disease	EOSINOPHIL_DISEASE	binary	rs34108746	0.00014518180659165	0.00270758509297683	0.957237599842843	asthma_gwama	EOSINOPHIL_DISEASE	264712
Asthma	Eosinophilic disease	EOSINOPHIL_DISEASE	binary	rs34111295	0.000145694653417549	0.00270882371932759	0.9571062929313	asthma_gwama	EOSINOPHIL_DISEASE	264712
Asthma	Eosinophilic disease	EOSINOPHIL_DISEASE	binary	rs34173062	0.000144404356539638	0.00269859311652806	0.957324784106585	asthma_gwama	EOSINOPHIL_DISEASE	264712
Asthma	Eosinophilic disease	EOSINOPHIL_DISEASE	binary	rs34215892	0.000145796262842088	0.00270842299468558	0.957070062516856	asthma_gwama	EOSINOPHIL_DISEASE	264712
Asthma	Eosinophilic disease	EOSINOPHIL_DISEASE	binary	rs34240248	0.000145798865081762	0.00270881688162116	0.957075533516663	asthma_gwama	EOSINOPHIL_DISEASE	264712
Asthma	Eosinophilic disease	EOSINOPHIL_DISEASE	binary	rs34368225	0.000146960418130439	0.00270838755941452	0.956727044519965	asthma_gwama	EOSINOPHIL_DISEASE	264712
Asthma	Eosinophilic disease	EOSINOPHIL_DISEASE	binary	rs34607223	0.000139197320931263	0.0026999600577799	0.958883016666178	asthma_gwama	EOSINOPHIL_DISEASE	264712
Asthma	Eosinophilic disease	EOSINOPHIL_DISEASE	binary	rs34630948	0.000148216481411668	0.00270793031376375	0.956350198396527	asthma_gwama	EOSINOPHIL_DISEASE	264712
Asthma	Eosinophilic disease	EOSINOPHIL_DISEASE	binary	rs34660307	0.000145787271500845	0.00270858337346493	0.957075246802994	asthma_gwama	EOSINOPHIL_DISEASE	264712
Asthma	Eosinophilic disease	EOSINOPHIL_DISEASE	binary	rs34712979	0.00014557742938861	0.00270882050671459	0.95714072064433	asthma_gwama	EOSINOPHIL_DISEASE	264712
Asthma	Eosinophilic disease	EOSINOPHIL_DISEASE	binary	rs35032841	0.000146176694967561	0.00270876918599653	0.956963647843741	asthma_gwama	EOSINOPHIL_DISEASE	264712
Asthma	Eosinophilic disease	EOSINOPHIL_DISEASE	binary	rs35167234	0.000146619302707315	0.00270023026636371	0.956697093945521	asthma_gwama	EOSINOPHIL_DISEASE	264712
Asthma	Eosinophilic disease	EOSINOPHIL_DISEASE	binary	rs35177143	0.000155881992330018	0.0026986019583026	0.953936629223562	asthma_gwama	EOSINOPHIL_DISEASE	264712
Asthma	Eosinophilic disease	EOSINOPHIL_DISEASE	binary	rs35330847	0.000145677203124421	0.00270877327845039	0.957110627618929	asthma_gwama	EOSINOPHIL_DISEASE	264712
Asthma	Eosinophilic disease	EOSINOPHIL_DISEASE	binary	rs35407628	0.000145811020536657	0.00270881089926971	0.957071863584743	asthma_gwama	EOSINOPHIL_DISEASE	264712
Asthma	Eosinophilic disease	EOSINOPHIL_DISEASE	binary	rs35449774	0.000146017370361868	0.00270708091684193	0.956983725289776	asthma_gwama	EOSINOPHIL_DISEASE	264712
Asthma	Eosinophilic disease	EOSINOPHIL_DISEASE	binary	rs35453239	0.000145596171090415	0.00270882374123157	0.95713525936724	asthma_gwama	EOSINOPHIL_DISEASE	264712
Asthma	Eosinophilic disease	EOSINOPHIL_DISEASE	binary	rs35462600	0.00014607915603531	0.00270395176686385	0.956915787822112	asthma_gwama	EOSINOPHIL_DISEASE	264712
Asthma	Eosinophilic disease	EOSINOPHIL_DISEASE	binary	rs35586997	0.000142362868957165	0.00270788359587125	0.958071746195569	asthma_gwama	EOSINOPHIL_DISEASE	264712
Asthma	Eosinophilic disease	EOSINOPHIL_DISEASE	binary	rs35668054	0.000144757223008783	0.00270375687606666	0.957302226769564	asthma_gwama	EOSINOPHIL_DISEASE	264712
Asthma	Eosinophilic disease	EOSINOPHIL_DISEASE	binary	rs35960329	0.000145758746878771	0.00270841201604464	0.957080924683684	asthma_gwama	EOSINOPHIL_DISEASE	264712
Asthma	Eosinophilic disease	EOSINOPHIL_DISEASE	binary	rs36198584	0.000152894001588579	0.00270204978610139	0.95487622163153	asthma_gwama	EOSINOPHIL_DISEASE	264712
Asthma	Eosinophilic disease	EOSINOPHIL_DISEASE	binary	rs364359	0.000144570470871909	0.00270861632897812	0.957433690369363	asthma_gwama	EOSINOPHIL_DISEASE	264712
Asthma	Eosinophilic disease	EOSINOPHIL_DISEASE	binary	rs368560236	0.000193629349932514	0.00270829595543481	0.943003882963764	asthma_gwama	EOSINOPHIL_DISEASE	264712
Asthma	Eosinophilic disease	EOSINOPHIL_DISEASE	binary	rs369028166	0.000142497564283037	0.00270807665464199	0.958035101879242	asthma_gwama	EOSINOPHIL_DISEASE	264712
Asthma	Eosinophilic disease	EOSINOPHIL_DISEASE	binary	rs371235274	0.000194059357734101	0.00270830872377309	0.942877792319924	asthma_gwama	EOSINOPHIL_DISEASE	264712
Asthma	Eosinophilic disease	EOSINOPHIL_DISEASE	binary	rs371891784	0.000145702673151415	0.00270882200983347	0.957103907086669	asthma_gwama	EOSINOPHIL_DISEASE	264712
Asthma	Eosinophilic disease	EOSINOPHIL_DISEASE	binary	rs372911770	0.000182457389358479	0.00270800397569041	0.946281518506325	asthma_gwama	EOSINOPHIL_DISEASE	264712
Asthma	Eosinophilic disease	EOSINOPHIL_DISEASE	binary	rs374381259	0.000206597628707318	0.00270807927556967	0.939188892443979	asthma_gwama	EOSINOPHIL_DISEASE	264712
Asthma	Eosinophilic disease	EOSINOPHIL_DISEASE	binary	rs3749833	0.000142703098458926	0.00269795326876875	0.957817086115509	asthma_gwama	EOSINOPHIL_DISEASE	264712
Asthma	Eosinophilic disease	EOSINOPHIL_DISEASE	binary	rs376573492	0.000151836365824125	0.00270886655935578	0.955300682949288	asthma_gwama	EOSINOPHIL_DISEASE	264712
Asthma	Eosinophilic disease	EOSINOPHIL_DISEASE	binary	rs3774190	0.000149747363914634	0.00270867429914669	0.955911910598747	asthma_gwama	EOSINOPHIL_DISEASE	264712
Asthma	Eosinophilic disease	EOSINOPHIL_DISEASE	binary	rs377618546	0.000146731005321892	0.00270858389234732	0.956797658430089	asthma_gwama	EOSINOPHIL_DISEASE	264712
Asthma	Eosinophilic disease	EOSINOPHIL_DISEASE	binary	rs3777755	0.000144118539632903	0.00268754911020159	0.957234317924391	asthma_gwama	EOSINOPHIL_DISEASE	264712
Asthma	Eosinophilic disease	EOSINOPHIL_DISEASE	binary	rs3825729	0.000140468554108262	0.00270698226851055	0.958615387444542	asthma_gwama	EOSINOPHIL_DISEASE	264712
Asthma	Eosinophilic disease	EOSINOPHIL_DISEASE	binary	rs3826620	0.000146016563779914	0.00270734781891158	0.956988199272805	asthma_gwama	EOSINOPHIL_DISEASE	264712
Asthma	Eosinophilic disease	EOSINOPHIL_DISEASE	binary	rs3828058	0.0001468055044347	0.00270301575722758	0.95668679164983	asthma_gwama	EOSINOPHIL_DISEASE	264712
Asthma	Eosinophilic disease	EOSINOPHIL_DISEASE	binary	rs3867128	0.000143147623855101	0.00270833167825769	0.957847805900584	asthma_gwama	EOSINOPHIL_DISEASE	264712
Asthma	Eosinophilic disease	EOSINOPHIL_DISEASE	binary	rs4097694	0.000139824488350689	0.00270375710118015	0.958755876361545	asthma_gwama	EOSINOPHIL_DISEASE	264712
Asthma	Eosinophilic disease	EOSINOPHIL_DISEASE	binary	rs41265154	0.000145661017431165	0.00270862394707089	0.957113026289361	asthma_gwama	EOSINOPHIL_DISEASE	264712
Asthma	Eosinophilic disease	EOSINOPHIL_DISEASE	binary	rs41283642	0.000144183684493494	0.00269960194456114	0.957405844349463	asthma_gwama	EOSINOPHIL_DISEASE	264712
Asthma	Eosinophilic disease	EOSINOPHIL_DISEASE	binary	rs41285280	0.000146124534577242	0.00270782587199669	0.956964017149101	asthma_gwama	EOSINOPHIL_DISEASE	264712
Asthma	Eosinophilic disease	EOSINOPHIL_DISEASE	binary	rs4141168	0.000137480150945667	0.00269811486881257	0.959362055699	asthma_gwama	EOSINOPHIL_DISEASE	264712
Asthma	Eosinophilic disease	EOSINOPHIL_DISEASE	binary	rs4245080	0.000145742234906036	0.00270861609382898	0.957089012196094	asthma_gwama	EOSINOPHIL_DISEASE	264712
Asthma	Eosinophilic disease	EOSINOPHIL_DISEASE	binary	rs4365903	0.00015253319420853	0.00269892329464779	0.954930500245255	asthma_gwama	EOSINOPHIL_DISEASE	264712
Asthma	Eosinophilic disease	EOSINOPHIL_DISEASE	binary	rs4385322	0.000143545132543357	0.00270832670942452	0.957730784805462	asthma_gwama	EOSINOPHIL_DISEASE	264712
Asthma	Eosinophilic disease	EOSINOPHIL_DISEASE	binary	rs4393428	0.000145835017742211	0.00270850085326111	0.957059895297964	asthma_gwama	EOSINOPHIL_DISEASE	264712
Asthma	Eosinophilic disease	EOSINOPHIL_DISEASE	binary	rs4510515	0.000151524163405278	0.0027010184764597	0.955263020824187	asthma_gwama	EOSINOPHIL_DISEASE	264712
Asthma	Eosinophilic disease	EOSINOPHIL_DISEASE	binary	rs45473596	0.000392612420929159	0.00276132875615261	0.886935912949093	asthma_gwama	EOSINOPHIL_DISEASE	264712
Asthma	Eosinophilic disease	EOSINOPHIL_DISEASE	binary	rs4548024	0.000153903198775083	0.00269566124668753	0.95447116830673	asthma_gwama	EOSINOPHIL_DISEASE	264712
Asthma	Eosinophilic disease	EOSINOPHIL_DISEASE	binary	rs4550510	0.000146513966635826	0.00270862029433823	0.956862078458908	asthma_gwama	EOSINOPHIL_DISEASE	264712
Asthma	Eosinophilic disease	EOSINOPHIL_DISEASE	binary	rs4665699	0.000145444876899578	0.00270858605403429	0.957176004838164	asthma_gwama	EOSINOPHIL_DISEASE	264712
Asthma	Eosinophilic disease	EOSINOPHIL_DISEASE	binary	rs4673685	0.0001451967283548	0.00270878601943458	0.957252151223856	asthma_gwama	EOSINOPHIL_DISEASE	264712
Asthma	Eosinophilic disease	EOSINOPHIL_DISEASE	binary	rs4713678	0.00014591797656588	0.00270792131149762	0.95702630601807	asthma_gwama	EOSINOPHIL_DISEASE	264712
Asthma	Eosinophilic disease	EOSINOPHIL_DISEASE	binary	rs4719622	0.000145630722091848	0.00270881184417964	0.957124908931845	asthma_gwama	EOSINOPHIL_DISEASE	264712
Asthma	Eosinophilic disease	EOSINOPHIL_DISEASE	binary	rs4749997	0.000145258535515691	0.00270790504525384	0.957220071890779	asthma_gwama	EOSINOPHIL_DISEASE	264712
Asthma	Eosinophilic disease	EOSINOPHIL_DISEASE	binary	rs4785704	0.000146013729002698	0.00270879673947071	0.957012017549073	asthma_gwama	EOSINOPHIL_DISEASE	264712
Asthma	Eosinophilic disease	EOSINOPHIL_DISEASE	binary	rs4787938	0.000145339204123767	0.00270826627614515	0.957202040777954	asthma_gwama	EOSINOPHIL_DISEASE	264712
Asthma	Eosinophilic disease	EOSINOPHIL_DISEASE	binary	rs4833096	0.000144159234507443	0.00270872175334164	0.957556307885228	asthma_gwama	EOSINOPHIL_DISEASE	264712
Asthma	Eosinophilic disease	EOSINOPHIL_DISEASE	binary	rs4833938	0.000145970099342573	0.00270880153718027	0.957024926192985	asthma_gwama	EOSINOPHIL_DISEASE	264712
Asthma	Eosinophilic disease	EOSINOPHIL_DISEASE	binary	rs4845604	0.00014693484311405	0.00270085313404231	0.956613991379397	asthma_gwama	EOSINOPHIL_DISEASE	264712
Asthma	Eosinophilic disease	EOSINOPHIL_DISEASE	binary	rs4855569	0.000145064635515814	0.00270638254519058	0.957253111378254	asthma_gwama	EOSINOPHIL_DISEASE	264712
Asthma	Eosinophilic disease	EOSINOPHIL_DISEASE	binary	rs4897221	0.000147781112779045	0.00270801072696356	0.956479578251147	asthma_gwama	EOSINOPHIL_DISEASE	264712
Asthma	Eosinophilic disease	EOSINOPHIL_DISEASE	binary	rs4900299	0.000774002491500129	0.00275677983784822	0.778891985637289	asthma_gwama	EOSINOPHIL_DISEASE	264712
Asthma	Eosinophilic disease	EOSINOPHIL_DISEASE	binary	rs4916532	0.000145408115928402	0.00270845744714535	0.957184787177486	asthma_gwama	EOSINOPHIL_DISEASE	264712
Asthma	Eosinophilic disease	EOSINOPHIL_DISEASE	binary	rs5008056	0.000142924264263301	0.00270753155208039	0.95790109096322	asthma_gwama	EOSINOPHIL_DISEASE	264712
Asthma	Eosinophilic disease	EOSINOPHIL_DISEASE	binary	rs509399	0.000145144727482408	0.00270718884049552	0.957242259243344	asthma_gwama	EOSINOPHIL_DISEASE	264712
Asthma	Eosinophilic disease	EOSINOPHIL_DISEASE	binary	rs528498619	0.0002386320882204	0.00270974821828446	0.929825568170462	asthma_gwama	EOSINOPHIL_DISEASE	264712
Asthma	Eosinophilic disease	EOSINOPHIL_DISEASE	binary	rs529670342	0.00016951053510346	0.00270849250000361	0.950097111865082	asthma_gwama	EOSINOPHIL_DISEASE	264712
Asthma	Eosinophilic disease	EOSINOPHIL_DISEASE	binary	rs530232231	0.0001908171506489	0.00270931875809411	0.943851463770396	asthma_gwama	EOSINOPHIL_DISEASE	264712
Asthma	Eosinophilic disease	EOSINOPHIL_DISEASE	binary	rs531660643	0.000143057726553273	0.00270774526317318	0.957865138366997	asthma_gwama	EOSINOPHIL_DISEASE	264712
Asthma	Eosinophilic disease	EOSINOPHIL_DISEASE	binary	rs532600469	0.000170142175902562	0.00270552994464393	0.949856629813104	asthma_gwama	EOSINOPHIL_DISEASE	264712
Asthma	Eosinophilic disease	EOSINOPHIL_DISEASE	binary	rs533283473	0.000517443777935811	0.00273175698379734	0.849765265615344	asthma_gwama	EOSINOPHIL_DISEASE	264712
Asthma	Eosinophilic disease	EOSINOPHIL_DISEASE	binary	rs533588713	0.000160316219838118	0.00270907481541579	0.952810746813414	asthma_gwama	EOSINOPHIL_DISEASE	264712
Asthma	Eosinophilic disease	EOSINOPHIL_DISEASE	binary	rs533591327	0.000228320353082275	0.00271026934955562	0.932863485169232	asthma_gwama	EOSINOPHIL_DISEASE	264712
Asthma	Eosinophilic disease	EOSINOPHIL_DISEASE	binary	rs533959313	0.00015033255679147	0.00271082063580278	0.955774804483026	asthma_gwama	EOSINOPHIL_DISEASE	264712
Asthma	Eosinophilic disease	EOSINOPHIL_DISEASE	binary	rs534188121	0.000242730077164747	0.00271194871524897	0.928681427739226	asthma_gwama	EOSINOPHIL_DISEASE	264712
Asthma	Eosinophilic disease	EOSINOPHIL_DISEASE	binary	rs534820243	-0.000289594601154092	0.0027297494442913	0.91551225820134	asthma_gwama	EOSINOPHIL_DISEASE	264712
Asthma	Eosinophilic disease	EOSINOPHIL_DISEASE	binary	rs535852797	-5.60105984101759e-05	0.0026975900983108	0.983434554829141	asthma_gwama	EOSINOPHIL_DISEASE	264712
Asthma	Eosinophilic disease	EOSINOPHIL_DISEASE	binary	rs537880376	0.000168099574414286	0.00270860641111743	0.950514033518497	asthma_gwama	EOSINOPHIL_DISEASE	264712
Asthma	Eosinophilic disease	EOSINOPHIL_DISEASE	binary	rs538313772	0.000145528028997694	0.00270882415240281	0.957155308173193	asthma_gwama	EOSINOPHIL_DISEASE	264712
Asthma	Eosinophilic disease	EOSINOPHIL_DISEASE	binary	rs538590173	-8.48953822182379e-05	0.00270195205732299	0.974934576993446	asthma_gwama	EOSINOPHIL_DISEASE	264712
Asthma	Eosinophilic disease	EOSINOPHIL_DISEASE	binary	rs541612525	0.000146490203457317	0.00270398605646974	0.95679522030163	asthma_gwama	EOSINOPHIL_DISEASE	264712
Asthma	Eosinophilic disease	EOSINOPHIL_DISEASE	binary	rs542000946	9.25691932237202e-05	0.00270532431220317	0.972703782893378	asthma_gwama	EOSINOPHIL_DISEASE	264712
Asthma	Eosinophilic disease	EOSINOPHIL_DISEASE	binary	rs544253	0.000146690191736792	0.00270225474123311	0.956708603442364	asthma_gwama	EOSINOPHIL_DISEASE	264712
Asthma	Eosinophilic disease	EOSINOPHIL_DISEASE	binary	rs545072519	0.000145601383718976	0.00270846516484325	0.957128056558671	asthma_gwama	EOSINOPHIL_DISEASE	264712
Asthma	Eosinophilic disease	EOSINOPHIL_DISEASE	binary	rs545239531	0.000132610864512599	0.002711787147699	0.960997674356062	asthma_gwama	EOSINOPHIL_DISEASE	264712
Asthma	Eosinophilic disease	EOSINOPHIL_DISEASE	binary	rs545377435	0.000147606393774	0.00270878725050913	0.956543429572797	asthma_gwama	EOSINOPHIL_DISEASE	264712
Asthma	Eosinophilic disease	EOSINOPHIL_DISEASE	binary	rs545989971	0.000140888344094317	0.0027117091014683	0.958564109659972	asthma_gwama	EOSINOPHIL_DISEASE	264712
Asthma	Eosinophilic disease	EOSINOPHIL_DISEASE	binary	rs546250872	0.000286474575564945	0.00271395598717908	0.91593456715271	asthma_gwama	EOSINOPHIL_DISEASE	264712
Asthma	Eosinophilic disease	EOSINOPHIL_DISEASE	binary	rs548208154	-0.000292123540737784	0.00275475581755432	0.915547956183916	asthma_gwama	EOSINOPHIL_DISEASE	264712
Asthma	Eosinophilic disease	EOSINOPHIL_DISEASE	binary	rs548299021	4.25178833039773e-05	0.00271321346720667	0.987497123009417	asthma_gwama	EOSINOPHIL_DISEASE	264712
Asthma	Eosinophilic disease	EOSINOPHIL_DISEASE	binary	rs548785166	-5.16872844197583e-05	0.00271326182574782	0.984801322294945	asthma_gwama	EOSINOPHIL_DISEASE	264712
Asthma	Eosinophilic disease	EOSINOPHIL_DISEASE	binary	rs549479504	0.000115486978388363	0.00270875060652271	0.965992672550134	asthma_gwama	EOSINOPHIL_DISEASE	264712
Asthma	Eosinophilic disease	EOSINOPHIL_DISEASE	binary	rs549956721	0.000145078297302272	0.00270874163592423	0.957286286365245	asthma_gwama	EOSINOPHIL_DISEASE	264712
Asthma	Eosinophilic disease	EOSINOPHIL_DISEASE	binary	rs550188093	0.000224144439091441	0.00271100125009408	0.934106323726008	asthma_gwama	EOSINOPHIL_DISEASE	264712
Asthma	Eosinophilic disease	EOSINOPHIL_DISEASE	binary	rs551235185	0.000233277520873748	0.00270968319899585	0.931394610604818	asthma_gwama	EOSINOPHIL_DISEASE	264712
Asthma	Eosinophilic disease	EOSINOPHIL_DISEASE	binary	rs551258059	1.3717629871437e-05	0.00279141783908989	0.99607903880278	asthma_gwama	EOSINOPHIL_DISEASE	264712
Asthma	Eosinophilic disease	EOSINOPHIL_DISEASE	binary	rs551599729	0.00077720238730352	0.00280371028321267	0.781622733917692	asthma_gwama	EOSINOPHIL_DISEASE	264712
Asthma	Eosinophilic disease	EOSINOPHIL_DISEASE	binary	rs554005245	4.82798113832095e-05	0.0027297526212524	0.985888938232831	asthma_gwama	EOSINOPHIL_DISEASE	264712
Asthma	Eosinophilic disease	EOSINOPHIL_DISEASE	binary	rs554870125	0.000172581066529622	0.00271102212013507	0.949241719627616	asthma_gwama	EOSINOPHIL_DISEASE	264712
Asthma	Eosinophilic disease	EOSINOPHIL_DISEASE	binary	rs554911459	0.000355383326988567	0.00272488589887717	0.896233067442864	asthma_gwama	EOSINOPHIL_DISEASE	264712
Asthma	Eosinophilic disease	EOSINOPHIL_DISEASE	binary	rs554917545	0.000223610806640848	0.00271195153068635	0.934285826844935	asthma_gwama	EOSINOPHIL_DISEASE	264712
Asthma	Eosinophilic disease	EOSINOPHIL_DISEASE	binary	rs555284836	0.000229633192473501	0.00286786791643613	0.936180748343993	asthma_gwama	EOSINOPHIL_DISEASE	264712
Asthma	Eosinophilic disease	EOSINOPHIL_DISEASE	binary	rs555738319	-0.000245763035098501	0.00270864986545681	0.927705010573484	asthma_gwama	EOSINOPHIL_DISEASE	264712
Asthma	Eosinophilic disease	EOSINOPHIL_DISEASE	binary	rs555805184	0.000143716945875857	0.00270880740838168	0.957687741924189	asthma_gwama	EOSINOPHIL_DISEASE	264712
Asthma	Eosinophilic disease	EOSINOPHIL_DISEASE	binary	rs55646091	0.00014322169701804	0.0027011618209729	0.957714173912604	asthma_gwama	EOSINOPHIL_DISEASE	264712
Asthma	Eosinophilic disease	EOSINOPHIL_DISEASE	binary	rs55661102	0.000144757630151491	0.00270672181432533	0.957348833390148	asthma_gwama	EOSINOPHIL_DISEASE	264712
Asthma	Eosinophilic disease	EOSINOPHIL_DISEASE	binary	rs55745041	0.000146384131088055	0.00270871830710089	0.956901826566436	asthma_gwama	EOSINOPHIL_DISEASE	264712
Asthma	Eosinophilic disease	EOSINOPHIL_DISEASE	binary	rs55786261	0.000148138874355879	0.00270774562283955	0.956370058145949	asthma_gwama	EOSINOPHIL_DISEASE	264712
Asthma	Eosinophilic disease	EOSINOPHIL_DISEASE	binary	rs55861950	0.000145981271804182	0.00270719561681938	0.956996169831875	asthma_gwama	EOSINOPHIL_DISEASE	264712
Asthma	Eosinophilic disease	EOSINOPHIL_DISEASE	binary	rs55864359	0.000145232409686859	0.00270880376219096	0.957241936026135	asthma_gwama	EOSINOPHIL_DISEASE	264712
Asthma	Eosinophilic disease	EOSINOPHIL_DISEASE	binary	rs559369964	0.000160211946902025	0.0027092071791032	0.952843705230454	asthma_gwama	EOSINOPHIL_DISEASE	264712
Asthma	Eosinophilic disease	EOSINOPHIL_DISEASE	binary	rs559712054	4.31737045830838e-05	0.0027163254379628	0.987318830980805	asthma_gwama	EOSINOPHIL_DISEASE	264712
Asthma	Eosinophilic disease	EOSINOPHIL_DISEASE	binary	rs55978515	0.000145905200669057	0.0027079889001767	0.957031136403173	asthma_gwama	EOSINOPHIL_DISEASE	264712
Asthma	Eosinophilic disease	EOSINOPHIL_DISEASE	binary	rs56078635	0.000146971707597457	0.00268839916790905	0.956402281371624	asthma_gwama	EOSINOPHIL_DISEASE	264712
Asthma	Eosinophilic disease	EOSINOPHIL_DISEASE	binary	rs56089125	0.000140331536454971	0.00270385259192807	0.95860790661665	asthma_gwama	EOSINOPHIL_DISEASE	264712
Asthma	Eosinophilic disease	EOSINOPHIL_DISEASE	binary	rs560979380	0.000147758451397608	0.00270879123937458	0.956498770878028	asthma_gwama	EOSINOPHIL_DISEASE	264712
Asthma	Eosinophilic disease	EOSINOPHIL_DISEASE	binary	rs56118007	0.000145758404816095	0.00270821205901215	0.95707785950405	asthma_gwama	EOSINOPHIL_DISEASE	264712
Asthma	Eosinophilic disease	EOSINOPHIL_DISEASE	binary	rs561226516	-0.000383844761337488	0.00272558893522289	0.888004221923014	asthma_gwama	EOSINOPHIL_DISEASE	264712
Asthma	Eosinophilic disease	EOSINOPHIL_DISEASE	binary	rs56179589	0.000145048203634481	0.00270858020330818	0.957292595229999	asthma_gwama	EOSINOPHIL_DISEASE	264712
Asthma	Eosinophilic disease	EOSINOPHIL_DISEASE	binary	rs56188488	0.000145268956070399	0.00270592950694907	0.957185800970636	asthma_gwama	EOSINOPHIL_DISEASE	264712
Asthma	Eosinophilic disease	EOSINOPHIL_DISEASE	binary	rs562623682	2.0729677530341e-05	0.00269910720454739	0.993872148900443	asthma_gwama	EOSINOPHIL_DISEASE	264712
Asthma	Eosinophilic disease	EOSINOPHIL_DISEASE	binary	rs565606835	0.000144455891764851	0.00270872366270974	0.957469078013906	asthma_gwama	EOSINOPHIL_DISEASE	264712
Asthma	Eosinophilic disease	EOSINOPHIL_DISEASE	binary	rs566801348	0.000391010943750371	0.00273516179175839	0.886324020202241	asthma_gwama	EOSINOPHIL_DISEASE	264712
Asthma	Eosinophilic disease	EOSINOPHIL_DISEASE	binary	rs56699544	0.000144699670667839	0.00270864680978277	0.95739616482789	asthma_gwama	EOSINOPHIL_DISEASE	264712
Asthma	Eosinophilic disease	EOSINOPHIL_DISEASE	binary	rs567582625	0.000251951834821022	0.00271340764833135	0.926019233962248	asthma_gwama	EOSINOPHIL_DISEASE	264712
Asthma	Eosinophilic disease	EOSINOPHIL_DISEASE	binary	rs568257090	0.000348350981342503	0.0027108743537966	0.897752239511688	asthma_gwama	EOSINOPHIL_DISEASE	264712
Asthma	Eosinophilic disease	EOSINOPHIL_DISEASE	binary	rs570002184	0.000185553723871128	0.00270875014009001	0.945386344903833	asthma_gwama	EOSINOPHIL_DISEASE	264712
Asthma	Eosinophilic disease	EOSINOPHIL_DISEASE	binary	rs570424956	0.000143075117211472	0.00270883145537129	0.957876902708376	asthma_gwama	EOSINOPHIL_DISEASE	264712
Asthma	Eosinophilic disease	EOSINOPHIL_DISEASE	binary	rs571013696	0.00017475383984987	0.00270881104238768	0.94856166414772	asthma_gwama	EOSINOPHIL_DISEASE	264712
Asthma	Eosinophilic disease	EOSINOPHIL_DISEASE	binary	rs571708735	0.000429441215905371	0.00271362783270282	0.874257014936687	asthma_gwama	EOSINOPHIL_DISEASE	264712
Asthma	Eosinophilic disease	EOSINOPHIL_DISEASE	binary	rs575330204	0.000143009193197942	0.00271247718544706	0.957952830956648	asthma_gwama	EOSINOPHIL_DISEASE	264712
Asthma	Eosinophilic disease	EOSINOPHIL_DISEASE	binary	rs576824842	5.49756574878081e-05	0.00270639248657619	0.983793477062898	asthma_gwama	EOSINOPHIL_DISEASE	264712
Asthma	Eosinophilic disease	EOSINOPHIL_DISEASE	binary	rs57719838	0.000146128822311942	0.00270644653102505	0.956940842929826	asthma_gwama	EOSINOPHIL_DISEASE	264712
Asthma	Eosinophilic disease	EOSINOPHIL_DISEASE	binary	rs58452854	0.000143535016414373	0.00270761700447388	0.957722692667039	asthma_gwama	EOSINOPHIL_DISEASE	264712
Asthma	Eosinophilic disease	EOSINOPHIL_DISEASE	binary	rs58939053	0.000138089051876564	0.00270669601509803	0.959311520398006	asthma_gwama	EOSINOPHIL_DISEASE	264712
Asthma	Eosinophilic disease	EOSINOPHIL_DISEASE	binary	rs59111282	0.000148113351320672	0.00270721873449466	0.956369086226122	asthma_gwama	EOSINOPHIL_DISEASE	264712
Asthma	Eosinophilic disease	EOSINOPHIL_DISEASE	binary	rs6072731	0.000145620908472118	0.00270881885683601	0.957127906255751	asthma_gwama	EOSINOPHIL_DISEASE	264712
Asthma	Eosinophilic disease	EOSINOPHIL_DISEASE	binary	rs60739516	0.000142247462271722	0.00270703352135638	0.95809256040773	asthma_gwama	EOSINOPHIL_DISEASE	264712
Asthma	Eosinophilic disease	EOSINOPHIL_DISEASE	binary	rs60946542	0.000145864265313362	0.00270840981935924	0.957049849697567	asthma_gwama	EOSINOPHIL_DISEASE	264712
Asthma	Eosinophilic disease	EOSINOPHIL_DISEASE	binary	rs610265	0.000141216463186101	0.00270745852796506	0.958402550909819	asthma_gwama	EOSINOPHIL_DISEASE	264712
Asthma	Eosinophilic disease	EOSINOPHIL_DISEASE	binary	rs61192126	0.000145782642148984	0.0027085314749807	0.957075786860484	asthma_gwama	EOSINOPHIL_DISEASE	264712
Asthma	Eosinophilic disease	EOSINOPHIL_DISEASE	binary	rs61811905	0.000144541152573821	0.00270004444199562	0.95730733449533	asthma_gwama	EOSINOPHIL_DISEASE	264712
Asthma	Eosinophilic disease	EOSINOPHIL_DISEASE	binary	rs61816761	0.000145714630305875	0.00270868795266513	0.957098269072855	asthma_gwama	EOSINOPHIL_DISEASE	264712
Asthma	Eosinophilic disease	EOSINOPHIL_DISEASE	binary	rs61840192	0.000148444512584477	0.00270871967300271	0.956295837302177	asthma_gwama	EOSINOPHIL_DISEASE	264712
Asthma	Eosinophilic disease	EOSINOPHIL_DISEASE	binary	rs61841332	0.000145814447723858	0.0027086350244269	0.957068070814713	asthma_gwama	EOSINOPHIL_DISEASE	264712
Asthma	Eosinophilic disease	EOSINOPHIL_DISEASE	binary	rs61859945	0.000145478808051808	0.00270867876142172	0.957167488565931	asthma_gwama	EOSINOPHIL_DISEASE	264712
Asthma	Eosinophilic disease	EOSINOPHIL_DISEASE	binary	rs61896951	0.000141812022860575	0.00270761879693388	0.958229750162997	asthma_gwama	EOSINOPHIL_DISEASE	264712
Asthma	Eosinophilic disease	EOSINOPHIL_DISEASE	binary	rs61907677	0.000145019314963676	0.0027065053238063	0.957268390144078	asthma_gwama	EOSINOPHIL_DISEASE	264712
Asthma	Eosinophilic disease	EOSINOPHIL_DISEASE	binary	rs62045456	0.000145922050201079	0.00270774929435462	0.957022380014354	asthma_gwama	EOSINOPHIL_DISEASE	264712
Asthma	Eosinophilic disease	EOSINOPHIL_DISEASE	binary	rs62066986	0.000145287937559474	0.00270766249571772	0.957207591754308	asthma_gwama	EOSINOPHIL_DISEASE	264712
Asthma	Eosinophilic disease	EOSINOPHIL_DISEASE	binary	rs62126619	0.000145712058393505	0.00270868537526073	0.957098984790374	asthma_gwama	EOSINOPHIL_DISEASE	264712
Asthma	Eosinophilic disease	EOSINOPHIL_DISEASE	binary	rs62162265	0.000146130369055968	0.00270878049073665	0.956977452952264	asthma_gwama	EOSINOPHIL_DISEASE	264712
Asthma	Eosinophilic disease	EOSINOPHIL_DISEASE	binary	rs62169918	0.000149843297969679	0.00270570457253083	0.955835323115484	asthma_gwama	EOSINOPHIL_DISEASE	264712
Asthma	Eosinophilic disease	EOSINOPHIL_DISEASE	binary	rs62212899	0.000145860781906181	0.0027081532977929	0.95704681011263	asthma_gwama	EOSINOPHIL_DISEASE	264712
Asthma	Eosinophilic disease	EOSINOPHIL_DISEASE	binary	rs62275576	0.000145887029506536	0.00270843712717881	0.957043585889106	asthma_gwama	EOSINOPHIL_DISEASE	264712
Asthma	Eosinophilic disease	EOSINOPHIL_DISEASE	binary	rs62351976	0.000143642679084265	0.00270860098522199	0.957706366660392	asthma_gwama	EOSINOPHIL_DISEASE	264712
Asthma	Eosinophilic disease	EOSINOPHIL_DISEASE	binary	rs62379371	0.000145737544334535	0.0027085009803495	0.957088569978403	asthma_gwama	EOSINOPHIL_DISEASE	264712
Asthma	Eosinophilic disease	EOSINOPHIL_DISEASE	binary	rs62407901	0.000145911500145445	0.00270811589744733	0.957031296176736	asthma_gwama	EOSINOPHIL_DISEASE	264712
Asthma	Eosinophilic disease	EOSINOPHIL_DISEASE	binary	rs62436761	0.000145612891287699	0.00270881974997359	0.957130278434825	asthma_gwama	EOSINOPHIL_DISEASE	264712
Asthma	Eosinophilic disease	EOSINOPHIL_DISEASE	binary	rs62449487	0.000145303932512955	0.00270881269154202	0.957221039963223	asthma_gwama	EOSINOPHIL_DISEASE	264712
Asthma	Eosinophilic disease	EOSINOPHIL_DISEASE	binary	rs62569046	0.000145270045285735	0.00270796387596467	0.957217613991107	asthma_gwama	EOSINOPHIL_DISEASE	264712
Asthma	Eosinophilic disease	EOSINOPHIL_DISEASE	binary	rs62623446	0.000145833615403073	0.00270826090015343	0.957056507007996	asthma_gwama	EOSINOPHIL_DISEASE	264712
Asthma	Eosinophilic disease	EOSINOPHIL_DISEASE	binary	rs636176	0.000147225046236821	0.00270801053568875	0.956643171008156	asthma_gwama	EOSINOPHIL_DISEASE	264712
Asthma	Eosinophilic disease	EOSINOPHIL_DISEASE	binary	rs6457809	0.000146372238433223	0.00270873272352519	0.956905553710701	asthma_gwama	EOSINOPHIL_DISEASE	264712
Asthma	Eosinophilic disease	EOSINOPHIL_DISEASE	binary	rs6462	0.00014215327488693	0.00270793266741903	0.958134176424996	asthma_gwama	EOSINOPHIL_DISEASE	264712
Asthma	Eosinophilic disease	EOSINOPHIL_DISEASE	binary	rs6498021	0.000145743842611183	0.0027086498284262	0.95708907321575	asthma_gwama	EOSINOPHIL_DISEASE	264712
Asthma	Eosinophilic disease	EOSINOPHIL_DISEASE	binary	rs658648	0.000145271319498119	0.00270804546074009	0.957218526764531	asthma_gwama	EOSINOPHIL_DISEASE	264712
Asthma	Eosinophilic disease	EOSINOPHIL_DISEASE	binary	rs6591221	0.000150483416020711	0.00270454286327831	0.955627817541749	asthma_gwama	EOSINOPHIL_DISEASE	264712
Asthma	Eosinophilic disease	EOSINOPHIL_DISEASE	binary	rs6602347	0.000146293695713234	0.0027062245393371	0.956888774976478	asthma_gwama	EOSINOPHIL_DISEASE	264712
Asthma	Eosinophilic disease	EOSINOPHIL_DISEASE	binary	rs66555610	0.000149343594366116	0.0027069491747289	0.956002673415617	asthma_gwama	EOSINOPHIL_DISEASE	264712
Asthma	Eosinophilic disease	EOSINOPHIL_DISEASE	binary	rs6658216	0.000140888792894742	0.00270554707853185	0.958469690283887	asthma_gwama	EOSINOPHIL_DISEASE	264712
Asthma	Eosinophilic disease	EOSINOPHIL_DISEASE	binary	rs6673550	0.000144688135617074	0.00270866380545141	0.957399824901436	asthma_gwama	EOSINOPHIL_DISEASE	264712
Asthma	Eosinophilic disease	EOSINOPHIL_DISEASE	binary	rs67140765	0.000145944741563607	0.0027081458843393	0.957021991993642	asthma_gwama	EOSINOPHIL_DISEASE	264712
Asthma	Eosinophilic disease	EOSINOPHIL_DISEASE	binary	rs6721008	0.000145661399699827	0.00270878519746135	0.95711546439792	asthma_gwama	EOSINOPHIL_DISEASE	264712
Asthma	Eosinophilic disease	EOSINOPHIL_DISEASE	binary	rs6734942	0.000146017468797699	0.00270726377482072	0.956986598972866	asthma_gwama	EOSINOPHIL_DISEASE	264712
Asthma	Eosinophilic disease	EOSINOPHIL_DISEASE	binary	rs6742122	0.000145184736549738	0.0027073706415184	0.957233353626295	asthma_gwama	EOSINOPHIL_DISEASE	264712
Asthma	Eosinophilic disease	EOSINOPHIL_DISEASE	binary	rs67538026	0.000149717857997051	0.00270589500589526	0.955875359863383	asthma_gwama	EOSINOPHIL_DISEASE	264712
Asthma	Eosinophilic disease	EOSINOPHIL_DISEASE	binary	rs67551275	0.000137933676706227	0.00270280443018749	0.959298794686032	asthma_gwama	EOSINOPHIL_DISEASE	264712
Asthma	Eosinophilic disease	EOSINOPHIL_DISEASE	binary	rs67598120	0.000141905961580588	0.00270525349508257	0.958165594216943	asthma_gwama	EOSINOPHIL_DISEASE	264712
Asthma	Eosinophilic disease	EOSINOPHIL_DISEASE	binary	rs68002741	0.000144935496096118	0.0027055845566174	0.957278544559936	asthma_gwama	EOSINOPHIL_DISEASE	264712
Asthma	Eosinophilic disease	EOSINOPHIL_DISEASE	binary	rs68018114	0.000145370477559419	0.00270841288534045	0.957195155517234	asthma_gwama	EOSINOPHIL_DISEASE	264712
Asthma	Eosinophilic disease	EOSINOPHIL_DISEASE	binary	rs68112369	0.000146922013620818	0.00270837456451864	0.956738134390796	asthma_gwama	EOSINOPHIL_DISEASE	264712
Asthma	Eosinophilic disease	EOSINOPHIL_DISEASE	binary	rs6835650	0.0001507562363415	0.00270515183036048	0.955557452311563	asthma_gwama	EOSINOPHIL_DISEASE	264712
Asthma	Eosinophilic disease	EOSINOPHIL_DISEASE	binary	rs6852559	0.000145548511218179	0.00270882490543249	0.957149295734071	asthma_gwama	EOSINOPHIL_DISEASE	264712
Asthma	Eosinophilic disease	EOSINOPHIL_DISEASE	binary	rs6905736	0.000145640227303931	0.00270880705789402	0.957122037511505	asthma_gwama	EOSINOPHIL_DISEASE	264712
Asthma	Eosinophilic disease	EOSINOPHIL_DISEASE	binary	rs6910879	0.000145925919727767	0.00270471754182032	0.956973112705528	asthma_gwama	EOSINOPHIL_DISEASE	264712
Asthma	Eosinophilic disease	EOSINOPHIL_DISEASE	binary	rs6922431	0.000145619482228991	0.00270882246231658	0.957128382757963	asthma_gwama	EOSINOPHIL_DISEASE	264712
Asthma	Eosinophilic disease	EOSINOPHIL_DISEASE	binary	rs6993477	0.000145322154848888	0.00270833621942231	0.957208160527488	asthma_gwama	EOSINOPHIL_DISEASE	264712
Asthma	Eosinophilic disease	EOSINOPHIL_DISEASE	binary	rs7026596	0.000145546584760565	0.00270880833258514	0.957149600443171	asthma_gwama	EOSINOPHIL_DISEASE	264712
Asthma	Eosinophilic disease	EOSINOPHIL_DISEASE	binary	rs7030351	0.000145458656866799	0.00270870965627721	0.957173903864993	asthma_gwama	EOSINOPHIL_DISEASE	264712
Asthma	Eosinophilic disease	EOSINOPHIL_DISEASE	binary	rs707958	0.000147240989856452	0.00270849549805144	0.956646236673748	asthma_gwama	EOSINOPHIL_DISEASE	264712
Asthma	Eosinophilic disease	EOSINOPHIL_DISEASE	binary	rs7091048	0.000144501977361371	0.0026996221891969	0.957312225053647	asthma_gwama	EOSINOPHIL_DISEASE	264712
Asthma	Eosinophilic disease	EOSINOPHIL_DISEASE	binary	rs7095431	0.000144704581500557	0.00270344973662619	0.957312894642152	asthma_gwama	EOSINOPHIL_DISEASE	264712
Asthma	Eosinophilic disease	EOSINOPHIL_DISEASE	binary	rs7114362	0.000123038493328355	0.00270134213830234	0.963671176564079	asthma_gwama	EOSINOPHIL_DISEASE	264712
Asthma	Eosinophilic disease	EOSINOPHIL_DISEASE	binary	rs7125695	0.000145523287063126	0.00270878256696796	0.957156045795579	asthma_gwama	EOSINOPHIL_DISEASE	264712
Asthma	Eosinophilic disease	EOSINOPHIL_DISEASE	binary	rs7135586	0.000145462848348483	0.00270871135926988	0.957172697890295	asthma_gwama	EOSINOPHIL_DISEASE	264712
Asthma	Eosinophilic disease	EOSINOPHIL_DISEASE	binary	rs71368508	0.000145133644745374	0.00270402596343936	0.957195559357862	asthma_gwama	EOSINOPHIL_DISEASE	264712
Asthma	Eosinophilic disease	EOSINOPHIL_DISEASE	binary	rs71526323	0.000148631317343568	0.00270813861462105	0.956231514947133	asthma_gwama	EOSINOPHIL_DISEASE	264712
Asthma	Eosinophilic disease	EOSINOPHIL_DISEASE	binary	rs71554596	0.00014811675190254	0.00270724175909433	0.956368456200516	asthma_gwama	EOSINOPHIL_DISEASE	264712
Asthma	Eosinophilic disease	EOSINOPHIL_DISEASE	binary	rs7166997	0.000144819256690637	0.00270333716407299	0.957277321099356	asthma_gwama	EOSINOPHIL_DISEASE	264712
Asthma	Eosinophilic disease	EOSINOPHIL_DISEASE	binary	rs7179656	0.00014507482015322	0.00270602914414549	0.957244535407713	asthma_gwama	EOSINOPHIL_DISEASE	264712
Asthma	Eosinophilic disease	EOSINOPHIL_DISEASE	binary	rs7189678	0.000144837948921581	0.00270877843505396	0.95735756062978	asthma_gwama	EOSINOPHIL_DISEASE	264712
Asthma	Eosinophilic disease	EOSINOPHIL_DISEASE	binary	rs7210983	0.000132299508084028	0.00269830930087757	0.960894973756283	asthma_gwama	EOSINOPHIL_DISEASE	264712
Asthma	Eosinophilic disease	EOSINOPHIL_DISEASE	binary	rs7219572	0.000147094572910431	0.0027084229596829	0.956688146586998	asthma_gwama	EOSINOPHIL_DISEASE	264712
Asthma	Eosinophilic disease	EOSINOPHIL_DISEASE	binary	rs7240215	0.000144809931526946	0.00270277878781047	0.957271252241762	asthma_gwama	EOSINOPHIL_DISEASE	264712
Asthma	Eosinophilic disease	EOSINOPHIL_DISEASE	binary	rs72502575	0.000145063229274247	0.00270883009691031	0.957292111833618	asthma_gwama	EOSINOPHIL_DISEASE	264712
Asthma	Eosinophilic disease	EOSINOPHIL_DISEASE	binary	rs72743461	0.000145552474092613	0.00270882252692214	0.9571480925626	asthma_gwama	EOSINOPHIL_DISEASE	264712
Asthma	Eosinophilic disease	EOSINOPHIL_DISEASE	binary	rs72797984	0.000144434671713318	0.00270033186477983	0.957343291938455	asthma_gwama	EOSINOPHIL_DISEASE	264712
Asthma	Eosinophilic disease	EOSINOPHIL_DISEASE	binary	rs72798679	0.000145276157648561	0.00270827864768052	0.95722078346748	asthma_gwama	EOSINOPHIL_DISEASE	264712
Asthma	Eosinophilic disease	EOSINOPHIL_DISEASE	binary	rs72832017	0.000145896131185921	0.00270881510949043	0.957046897117986	asthma_gwama	EOSINOPHIL_DISEASE	264712
Asthma	Eosinophilic disease	EOSINOPHIL_DISEASE	binary	rs72837826	0.000144048380930767	0.00269432704123935	0.957362544642852	asthma_gwama	EOSINOPHIL_DISEASE	264712
Asthma	Eosinophilic disease	EOSINOPHIL_DISEASE	binary	rs72923904	0.000145695295083398	0.00270857641233557	0.957102191543474	asthma_gwama	EOSINOPHIL_DISEASE	264712
Asthma	Eosinophilic disease	EOSINOPHIL_DISEASE	binary	rs72975913	0.000145542629539454	0.00270880214956459	0.957150666068357	asthma_gwama	EOSINOPHIL_DISEASE	264712
Asthma	Eosinophilic disease	EOSINOPHIL_DISEASE	binary	rs73012738	0.000145007361640311	0.00270675516959754	0.957275849184294	asthma_gwama	EOSINOPHIL_DISEASE	264712
Asthma	Eosinophilic disease	EOSINOPHIL_DISEASE	binary	rs73028255	0.000159592116515759	0.00270874615155906	0.953017947152123	asthma_gwama	EOSINOPHIL_DISEASE	264712
Asthma	Eosinophilic disease	EOSINOPHIL_DISEASE	binary	rs73063828	0.00014469884162781	0.00270842033586776	0.957392849631169	asthma_gwama	EOSINOPHIL_DISEASE	264712
Asthma	Eosinophilic disease	EOSINOPHIL_DISEASE	binary	rs73078636	0.000143699744088884	0.00268061242347169	0.957248233596349	asthma_gwama	EOSINOPHIL_DISEASE	264712
Asthma	Eosinophilic disease	EOSINOPHIL_DISEASE	binary	rs73084574	0.000145514977203669	0.00270875229860386	0.957158011711231	asthma_gwama	EOSINOPHIL_DISEASE	264712
Asthma	Eosinophilic disease	EOSINOPHIL_DISEASE	binary	rs73156090	0.000293419441260293	0.00271269330111513	0.913864524235704	asthma_gwama	EOSINOPHIL_DISEASE	264712
Asthma	Eosinophilic disease	EOSINOPHIL_DISEASE	binary	rs73251988	0.000179725035830922	0.00270883656055415	0.94710101939872	asthma_gwama	EOSINOPHIL_DISEASE	264712
Asthma	Eosinophilic disease	EOSINOPHIL_DISEASE	binary	rs73351149	0.000143939580234259	0.00270850478280615	0.957617526431792	asthma_gwama	EOSINOPHIL_DISEASE	264712
Asthma	Eosinophilic disease	EOSINOPHIL_DISEASE	binary	rs7372960	0.000145566927831136	0.00270881720618764	0.957143757253035	asthma_gwama	EOSINOPHIL_DISEASE	264712
Asthma	Eosinophilic disease	EOSINOPHIL_DISEASE	binary	rs7397189	0.00014840493847721	0.00270718317159042	0.956282703316946	asthma_gwama	EOSINOPHIL_DISEASE	264712
Asthma	Eosinophilic disease	EOSINOPHIL_DISEASE	binary	rs74466521	0.000145201928426808	0.00270852909433187	0.957246570490441	asthma_gwama	EOSINOPHIL_DISEASE	264712
Asthma	Eosinophilic disease	EOSINOPHIL_DISEASE	binary	rs74527968	0.000111354678418051	0.00271169153049879	0.967244351678452	asthma_gwama	EOSINOPHIL_DISEASE	264712
Asthma	Eosinophilic disease	EOSINOPHIL_DISEASE	binary	rs74584830	0.000145260575739652	0.00270716477879338	0.957207784610962	asthma_gwama	EOSINOPHIL_DISEASE	264712
Asthma	Eosinophilic disease	EOSINOPHIL_DISEASE	binary	rs74655554	0.00023411776404541	0.00271280143537599	0.93122705935169	asthma_gwama	EOSINOPHIL_DISEASE	264712
Asthma	Eosinophilic disease	EOSINOPHIL_DISEASE	binary	rs74775122	0.000147910539348904	0.00270791012667469	0.956439884362512	asthma_gwama	EOSINOPHIL_DISEASE	264712
Asthma	Eosinophilic disease	EOSINOPHIL_DISEASE	binary	rs74948252	0.000190387878283679	0.00270862744532978	0.94396329561111	asthma_gwama	EOSINOPHIL_DISEASE	264712
Asthma	Eosinophilic disease	EOSINOPHIL_DISEASE	binary	rs75007171	0.000145748407313774	0.00270872400511212	0.957088904532077	asthma_gwama	EOSINOPHIL_DISEASE	264712
Asthma	Eosinophilic disease	EOSINOPHIL_DISEASE	binary	rs75032480	0.000146122915275009	0.00270878086319017	0.956979651217122	asthma_gwama	EOSINOPHIL_DISEASE	264712
Asthma	Eosinophilic disease	EOSINOPHIL_DISEASE	binary	rs75395290	0.000151466030367192	0.00270883018450963	0.955408994656251	asthma_gwama	EOSINOPHIL_DISEASE	264712
Asthma	Eosinophilic disease	EOSINOPHIL_DISEASE	binary	rs75507056	0.000145143688757072	0.0027081591275371	0.957257869537201	asthma_gwama	EOSINOPHIL_DISEASE	264712
Asthma	Eosinophilic disease	EOSINOPHIL_DISEASE	binary	rs7555556	0.000144704769278298	0.00270523500296309	0.957340982982744	asthma_gwama	EOSINOPHIL_DISEASE	264712
Asthma	Eosinophilic disease	EOSINOPHIL_DISEASE	binary	rs75557865	0.000144479995687359	0.00270858159391889	0.957459758966265	asthma_gwama	EOSINOPHIL_DISEASE	264712
Asthma	Eosinophilic disease	EOSINOPHIL_DISEASE	binary	rs75565607	0.000141478919785429	0.00270615937294597	0.958305321927697	asthma_gwama	EOSINOPHIL_DISEASE	264712
Asthma	Eosinophilic disease	EOSINOPHIL_DISEASE	binary	rs7569613	0.000150698505745419	0.00270419278699714	0.955558714297742	asthma_gwama	EOSINOPHIL_DISEASE	264712
Asthma	Eosinophilic disease	EOSINOPHIL_DISEASE	binary	rs7592973	0.000145086005030776	0.00270874681373575	0.957284100811946	asthma_gwama	EOSINOPHIL_DISEASE	264712
Asthma	Eosinophilic disease	EOSINOPHIL_DISEASE	binary	rs75957773	0.000145172299673724	0.00270641740229712	0.957221966307999	asthma_gwama	EOSINOPHIL_DISEASE	264712
Asthma	Eosinophilic disease	EOSINOPHIL_DISEASE	binary	rs760517	0.000145272271116417	0.00270793532431279	0.957216508448204	asthma_gwama	EOSINOPHIL_DISEASE	264712
Asthma	Eosinophilic disease	EOSINOPHIL_DISEASE	binary	rs7608337	0.000144045179460811	0.00270865566411062	0.957588822776882	asthma_gwama	EOSINOPHIL_DISEASE	264712
Asthma	Eosinophilic disease	EOSINOPHIL_DISEASE	binary	rs7609911	0.000145467853276089	0.00270868434397673	0.957170799005165	asthma_gwama	EOSINOPHIL_DISEASE	264712
Asthma	Eosinophilic disease	EOSINOPHIL_DISEASE	binary	rs7611041	0.000145740252841616	0.00270862085787985	0.95708967061379	asthma_gwama	EOSINOPHIL_DISEASE	264712
Asthma	Eosinophilic disease	EOSINOPHIL_DISEASE	binary	rs76111267	0.000145287619043497	0.00270881671168031	0.957225901631078	asthma_gwama	EOSINOPHIL_DISEASE	264712
Asthma	Eosinophilic disease	EOSINOPHIL_DISEASE	binary	rs76181804	0.00014487040629469	0.00270483968339004	0.957285963871809	asthma_gwama	EOSINOPHIL_DISEASE	264712
Asthma	Eosinophilic disease	EOSINOPHIL_DISEASE	binary	rs76245582	0.000145368176472565	0.00270829598684709	0.957193986642224	asthma_gwama	EOSINOPHIL_DISEASE	264712
Asthma	Eosinophilic disease	EOSINOPHIL_DISEASE	binary	rs7625643	0.000145109227829584	0.00270879047396675	0.957277958090253	asthma_gwama	EOSINOPHIL_DISEASE	264712
Asthma	Eosinophilic disease	EOSINOPHIL_DISEASE	binary	rs7628922	0.000145158174515271	0.00270879046212837	0.957263561149909	asthma_gwama	EOSINOPHIL_DISEASE	264712
Asthma	Eosinophilic disease	EOSINOPHIL_DISEASE	binary	rs76300334	0.000151499644721998	0.00270883153826662	0.955399131300934	asthma_gwama	EOSINOPHIL_DISEASE	264712
Asthma	Eosinophilic disease	EOSINOPHIL_DISEASE	binary	rs7636493	0.000152519830856749	0.00270544333342216	0.955042936073512	asthma_gwama	EOSINOPHIL_DISEASE	264712
Asthma	Eosinophilic disease	EOSINOPHIL_DISEASE	binary	rs7650543	0.000139731331306724	0.00270724388604996	0.95883636820032	asthma_gwama	EOSINOPHIL_DISEASE	264712
Asthma	Eosinophilic disease	EOSINOPHIL_DISEASE	binary	rs76537075	0.000151499644721998	0.00270883153826662	0.955399131300934	asthma_gwama	EOSINOPHIL_DISEASE	264712
Asthma	Eosinophilic disease	EOSINOPHIL_DISEASE	binary	rs76613419	0.000145145071823783	0.00270756812834484	0.957248141869614	asthma_gwama	EOSINOPHIL_DISEASE	264712
Asthma	Eosinophilic disease	EOSINOPHIL_DISEASE	binary	rs76876264	0.000236229548507657	0.00271302213713682	0.930613905122996	asthma_gwama	EOSINOPHIL_DISEASE	264712
Asthma	Eosinophilic disease	EOSINOPHIL_DISEASE	binary	rs76905924	0.000145122611097039	0.00270878698532062	0.957273966676465	asthma_gwama	EOSINOPHIL_DISEASE	264712
Asthma	Eosinophilic disease	EOSINOPHIL_DISEASE	binary	rs77000868	0.000145044525886372	0.00270809593861109	0.957286047563794	asthma_gwama	EOSINOPHIL_DISEASE	264712
Asthma	Eosinophilic disease	EOSINOPHIL_DISEASE	binary	rs77042341	0.000145981016240985	0.00270709703329204	0.956994680506656	asthma_gwama	EOSINOPHIL_DISEASE	264712
Asthma	Eosinophilic disease	EOSINOPHIL_DISEASE	binary	rs7706446	0.000145208926518497	0.00270880786276272	0.957248907770396	asthma_gwama	EOSINOPHIL_DISEASE	264712
Asthma	Eosinophilic disease	EOSINOPHIL_DISEASE	binary	rs771018	0.00014551030217218	0.00270876032408974	0.957159513599127	asthma_gwama	EOSINOPHIL_DISEASE	264712
Asthma	Eosinophilic disease	EOSINOPHIL_DISEASE	binary	rs7712116	0.000151528506518174	0.00270422650810443	0.955314757449813	asthma_gwama	EOSINOPHIL_DISEASE	264712
Asthma	Eosinophilic disease	EOSINOPHIL_DISEASE	binary	rs7714962	0.00014537100078294	0.00270849978854146	0.957196373695766	asthma_gwama	EOSINOPHIL_DISEASE	264712
Asthma	Eosinophilic disease	EOSINOPHIL_DISEASE	binary	rs77409392	0.000151499644721998	0.00270883153826662	0.955399131300934	asthma_gwama	EOSINOPHIL_DISEASE	264712
Asthma	Eosinophilic disease	EOSINOPHIL_DISEASE	binary	rs7750922	0.000145496383874107	0.00270876328418931	0.957163654188137	asthma_gwama	EOSINOPHIL_DISEASE	264712
Asthma	Eosinophilic disease	EOSINOPHIL_DISEASE	binary	rs7757696	0.000129177297329105	0.00270348828027239	0.961890211933462	asthma_gwama	EOSINOPHIL_DISEASE	264712
Asthma	Eosinophilic disease	EOSINOPHIL_DISEASE	binary	rs7770794	0.000145385078265757	0.00270852388082106	0.957192613052844	asthma_gwama	EOSINOPHIL_DISEASE	264712
Asthma	Eosinophilic disease	EOSINOPHIL_DISEASE	binary	rs77798824	0.000147756208917602	0.00270698539657942	0.95647043978919	asthma_gwama	EOSINOPHIL_DISEASE	264712
Asthma	Eosinophilic disease	EOSINOPHIL_DISEASE	binary	rs7781	0.000145451252326373	0.00270882467031466	0.957177898337969	asthma_gwama	EOSINOPHIL_DISEASE	264712
Asthma	Eosinophilic disease	EOSINOPHIL_DISEASE	binary	rs77812656	0.000146205695408754	0.00270750385712292	0.956935020899918	asthma_gwama	EOSINOPHIL_DISEASE	264712
Asthma	Eosinophilic disease	EOSINOPHIL_DISEASE	binary	rs77872759	0.00014176878187955	0.00270658637375236	0.958226561226184	asthma_gwama	EOSINOPHIL_DISEASE	264712
Asthma	Eosinophilic disease	EOSINOPHIL_DISEASE	binary	rs7800265	0.000145833883007813	0.00270879597821908	0.957064902885389	asthma_gwama	EOSINOPHIL_DISEASE	264712
Asthma	Eosinophilic disease	EOSINOPHIL_DISEASE	binary	rs7803406	0.00014598998084123	0.00270707681060617	0.956991721165633	asthma_gwama	EOSINOPHIL_DISEASE	264712
Asthma	Eosinophilic disease	EOSINOPHIL_DISEASE	binary	rs78037977	0.00014513196949736	0.00270637915307281	0.957233235208974	asthma_gwama	EOSINOPHIL_DISEASE	264712
Asthma	Eosinophilic disease	EOSINOPHIL_DISEASE	binary	rs78218185	0.000145823838742585	0.00270860673452285	0.95706486050526	asthma_gwama	EOSINOPHIL_DISEASE	264712
Asthma	Eosinophilic disease	EOSINOPHIL_DISEASE	binary	rs7823221	0.000145370923624703	0.00270835786516474	0.95719415555132	asthma_gwama	EOSINOPHIL_DISEASE	264712
Asthma	Eosinophilic disease	EOSINOPHIL_DISEASE	binary	rs7824394	0.000136868795090821	0.0027064851096605	0.959667626099599	asthma_gwama	EOSINOPHIL_DISEASE	264712
Asthma	Eosinophilic disease	EOSINOPHIL_DISEASE	binary	rs78351402	0.000146503215269505	0.00270417121650859	0.956794342130757	asthma_gwama	EOSINOPHIL_DISEASE	264712
Asthma	Eosinophilic disease	EOSINOPHIL_DISEASE	binary	rs78515650	0.000145592738885922	0.00270882544961721	0.957136295871552	asthma_gwama	EOSINOPHIL_DISEASE	264712
Asthma	Eosinophilic disease	EOSINOPHIL_DISEASE	binary	rs7851584	0.000146508941395308	0.00270866832028682	0.956864320675322	asthma_gwama	EOSINOPHIL_DISEASE	264712
Asthma	Eosinophilic disease	EOSINOPHIL_DISEASE	binary	rs7852683	0.000145965279804545	0.00270763792324876	0.957007893587925	asthma_gwama	EOSINOPHIL_DISEASE	264712
Asthma	Eosinophilic disease	EOSINOPHIL_DISEASE	binary	rs785515	0.000137906777276935	0.00269877629083201	0.959246040074316	asthma_gwama	EOSINOPHIL_DISEASE	264712
Asthma	Eosinophilic disease	EOSINOPHIL_DISEASE	binary	rs7864027	0.000145424738795624	0.00270868171755444	0.957183439265221	asthma_gwama	EOSINOPHIL_DISEASE	264712
Asthma	Eosinophilic disease	EOSINOPHIL_DISEASE	binary	rs78792612	-1.54240097464081e-05	0.00270845349080786	0.995456258426953	asthma_gwama	EOSINOPHIL_DISEASE	264712
Asthma	Eosinophilic disease	EOSINOPHIL_DISEASE	binary	rs78867455	0.000147338686566195	0.00270827113412337	0.95661390869067	asthma_gwama	EOSINOPHIL_DISEASE	264712
Asthma	Eosinophilic disease	EOSINOPHIL_DISEASE	binary	rs78921182	0.000178880013074664	0.0027101794000645	0.947375424633559	asthma_gwama	EOSINOPHIL_DISEASE	264712
Asthma	Eosinophilic disease	EOSINOPHIL_DISEASE	binary	rs7893324	0.000145580034283844	0.00270882134908444	0.957139967793738	asthma_gwama	EOSINOPHIL_DISEASE	264712
Asthma	Eosinophilic disease	EOSINOPHIL_DISEASE	binary	rs7918084	0.000145767949291781	0.00270870270543967	0.95708281940701	asthma_gwama	EOSINOPHIL_DISEASE	264712
Asthma	Eosinophilic disease	EOSINOPHIL_DISEASE	binary	rs79282662	0.000146000793347044	0.00270781392792259	0.957000236092238	asthma_gwama	EOSINOPHIL_DISEASE	264712
Asthma	Eosinophilic disease	EOSINOPHIL_DISEASE	binary	rs7943688	0.000146806063717798	0.00269777596707432	0.95660258377101	asthma_gwama	EOSINOPHIL_DISEASE	264712
Asthma	Eosinophilic disease	EOSINOPHIL_DISEASE	binary	rs79491862	0.000145714595966684	0.00270868044095311	0.957098160313034	asthma_gwama	EOSINOPHIL_DISEASE	264712
Asthma	Eosinophilic disease	EOSINOPHIL_DISEASE	binary	rs79534829	0.000145524351184744	0.00270876471513957	0.957155450716497	asthma_gwama	EOSINOPHIL_DISEASE	264712
Asthma	Eosinophilic disease	EOSINOPHIL_DISEASE	binary	rs80021310	0.000151499644721998	0.00270883153826662	0.955399131300934	asthma_gwama	EOSINOPHIL_DISEASE	264712
Asthma	Eosinophilic disease	EOSINOPHIL_DISEASE	binary	rs80074882	0.000146318700202247	0.0027051298702373	0.956863982050953	asthma_gwama	EOSINOPHIL_DISEASE	264712
Asthma	Eosinophilic disease	EOSINOPHIL_DISEASE	binary	rs803305	0.000145173438344775	0.00270712379821049	0.95723278297113	asthma_gwama	EOSINOPHIL_DISEASE	264712
Asthma	Eosinophilic disease	EOSINOPHIL_DISEASE	binary	rs8057047	0.000146099757889861	0.00270872935751935	0.956985645324932	asthma_gwama	EOSINOPHIL_DISEASE	264712
Asthma	Eosinophilic disease	EOSINOPHIL_DISEASE	binary	rs8087436	0.000145503728690474	0.0027087205775949	0.957160819084742	asthma_gwama	EOSINOPHIL_DISEASE	264712
Asthma	Eosinophilic disease	EOSINOPHIL_DISEASE	binary	rs8089099	0.000145252140290536	0.00270786265731433	0.957221284544973	asthma_gwama	EOSINOPHIL_DISEASE	264712
Asthma	Eosinophilic disease	EOSINOPHIL_DISEASE	binary	rs8100197	0.000146473319338306	0.00270440815458541	0.956806931055029	asthma_gwama	EOSINOPHIL_DISEASE	264712
Asthma	Eosinophilic disease	EOSINOPHIL_DISEASE	binary	rs8111628	0.000148003903572664	0.0027079789453614	0.956413522269084	asthma_gwama	EOSINOPHIL_DISEASE	264712
Asthma	Eosinophilic disease	EOSINOPHIL_DISEASE	binary	rs8113513	0.000145058696985931	0.00270876306261604	0.957292389046419	asthma_gwama	EOSINOPHIL_DISEASE	264712
Asthma	Eosinophilic disease	EOSINOPHIL_DISEASE	binary	rs8185754	0.000339338700003472	0.00270830055187755	0.90028937250319	asthma_gwama	EOSINOPHIL_DISEASE	264712
Asthma	Eosinophilic disease	EOSINOPHIL_DISEASE	binary	rs821429	0.000146382827587801	0.00270204670282415	0.956795901455516	asthma_gwama	EOSINOPHIL_DISEASE	264712
Asthma	Eosinophilic disease	EOSINOPHIL_DISEASE	binary	rs857229	0.000145719633212104	0.00270865031003046	0.957096201863796	asthma_gwama	EOSINOPHIL_DISEASE	264712
Asthma	Eosinophilic disease	EOSINOPHIL_DISEASE	binary	rs9267111	0.000153377372016595	0.00270462465598518	0.954776765312699	asthma_gwama	EOSINOPHIL_DISEASE	264712
Asthma	Eosinophilic disease	EOSINOPHIL_DISEASE	binary	rs9271726	0.00011735430567221	0.00270041546376297	0.965336547202667	asthma_gwama	EOSINOPHIL_DISEASE	264712
Asthma	Eosinophilic disease	EOSINOPHIL_DISEASE	binary	rs9273374	0.000129976332857482	0.00270733695672289	0.961709130880591	asthma_gwama	EOSINOPHIL_DISEASE	264712
Asthma	Eosinophilic disease	EOSINOPHIL_DISEASE	binary	rs9290877	0.000145343312123977	0.00270841048284938	0.95720310887186	asthma_gwama	EOSINOPHIL_DISEASE	264712
Asthma	Eosinophilic disease	EOSINOPHIL_DISEASE	binary	rs9299219	0.000145835598011636	0.00270767075778152	0.957046573052116	asthma_gwama	EOSINOPHIL_DISEASE	264712
Asthma	Eosinophilic disease	EOSINOPHIL_DISEASE	binary	rs9322952	0.000145471712518846	0.00270873097135758	0.957170400405738	asthma_gwama	EOSINOPHIL_DISEASE	264712
Asthma	Eosinophilic disease	EOSINOPHIL_DISEASE	binary	rs9327638	0.000145042190009927	0.00270638405528565	0.957259742997446	asthma_gwama	EOSINOPHIL_DISEASE	264712
Asthma	Eosinophilic disease	EOSINOPHIL_DISEASE	binary	rs9379084	0.000144948736493697	0.00270540919046639	0.957271878695333	asthma_gwama	EOSINOPHIL_DISEASE	264712
Asthma	Eosinophilic disease	EOSINOPHIL_DISEASE	binary	rs9386512	0.000145444997837416	0.00270863226396155	0.957176699150595	asthma_gwama	EOSINOPHIL_DISEASE	264712
Asthma	Eosinophilic disease	EOSINOPHIL_DISEASE	binary	rs9392504	0.000147003154072984	0.00269013221214298	0.956421027057806	asthma_gwama	EOSINOPHIL_DISEASE	264712
Asthma	Eosinophilic disease	EOSINOPHIL_DISEASE	binary	rs9549000	0.000142260151067178	0.00270631227589912	0.958077666358942	asthma_gwama	EOSINOPHIL_DISEASE	264712
Asthma	Eosinophilic disease	EOSINOPHIL_DISEASE	binary	rs961552	0.000140258914399118	0.00270371449882625	0.958627196829908	asthma_gwama	EOSINOPHIL_DISEASE	264712
Asthma	Eosinophilic disease	EOSINOPHIL_DISEASE	binary	rs9663421	0.000144763268841928	0.00270431012119539	0.957309172278126	asthma_gwama	EOSINOPHIL_DISEASE	264712
Asthma	Eosinophilic disease	EOSINOPHIL_DISEASE	binary	rs9663656	0.00017342971270847	0.00270908176435279	0.948955977658228	asthma_gwama	EOSINOPHIL_DISEASE	264712
Asthma	Eosinophilic disease	EOSINOPHIL_DISEASE	binary	rs9688839	0.000144694599540568	0.0027064718761825	0.957363453644416	asthma_gwama	EOSINOPHIL_DISEASE	264712
Asthma	Eosinophilic disease	EOSINOPHIL_DISEASE	binary	rs9693836	0.000137877996078495	0.0026937078871895	0.959177939415249	asthma_gwama	EOSINOPHIL_DISEASE	264712
Asthma	Eosinophilic disease	EOSINOPHIL_DISEASE	binary	rs9695132	0.000157210617246203	0.00270301530474573	0.953620225260717	asthma_gwama	EOSINOPHIL_DISEASE	264712
Asthma	Eosinophilic disease	EOSINOPHIL_DISEASE	binary	rs9713035	0.000150032357869479	0.00270555965706263	0.955777290717591	asthma_gwama	EOSINOPHIL_DISEASE	264712
Asthma	Eosinophilic disease	EOSINOPHIL_DISEASE	binary	rs9775039	0.000133076701064916	0.00270666158604065	0.960786718739815	asthma_gwama	EOSINOPHIL_DISEASE	264712
Asthma	Eosinophilic disease	EOSINOPHIL_DISEASE	binary	rs9797329	0.000146606952781282	0.00270863764718961	0.956835003650425	asthma_gwama	EOSINOPHIL_DISEASE	264712
Asthma	Eosinophilic disease	EOSINOPHIL_DISEASE	binary	rs9801498	0.000145836662839591	0.00270881858508793	0.957064443245115	asthma_gwama	EOSINOPHIL_DISEASE	264712
Asthma	Eosinophilic disease	EOSINOPHIL_DISEASE	binary	rs9836924	0.000145344347455427	0.00270881347696036	0.957209165199746	asthma_gwama	EOSINOPHIL_DISEASE	264712
Asthma	Eosinophilic disease	EOSINOPHIL_DISEASE	binary	rs9852322	0.000141122813832013	0.00270563588961083	0.958402133789997	asthma_gwama	EOSINOPHIL_DISEASE	264712
Asthma	Eosinophilic disease	EOSINOPHIL_DISEASE	binary	rs9878655	0.000149807676567113	0.00270785050269747	0.955880767231032	asthma_gwama	EOSINOPHIL_DISEASE	264712
Asthma	Eosinophilic disease	EOSINOPHIL_DISEASE	binary	rs9883633	0.000144827433637761	0.00270407985666265	0.957286634647837	asthma_gwama	EOSINOPHIL_DISEASE	264712
Asthma	Eosinophilic disease	EOSINOPHIL_DISEASE	binary	rs9909541	0.000145122459358817	0.00270636277154871	0.957235776323272	asthma_gwama	EOSINOPHIL_DISEASE	264712
Asthma	Eosinophilic disease	EOSINOPHIL_DISEASE	binary	rs9920526	0.0001340963505354	0.00270423396549944	0.960451064091945	asthma_gwama	EOSINOPHIL_DISEASE	264712
Asthma	Eosinophilic disease	EOSINOPHIL_DISEASE	binary	rs9938050	0.000142457749279754	0.00270686140846327	0.958027998892776	asthma_gwama	EOSINOPHIL_DISEASE	264712
Asthma	Eosinophilic disease	EOSINOPHIL_DISEASE	binary	rs9949875	0.000143092957957398	0.00270696716954115	0.957842668305948	asthma_gwama	EOSINOPHIL_DISEASE	264712
Asthma	Eosinophilic disease	EOSINOPHIL_DISEASE	binary	rs9950097	0.000142747317203325	0.00270719820130337	0.957947990477735	asthma_gwama	EOSINOPHIL_DISEASE	264712
Asthma	Eosinophilic disease	EOSINOPHIL_DISEASE	binary	rs9979383	0.000144735140586563	0.00270375135292731	0.95730864688386	asthma_gwama	EOSINOPHIL_DISEASE	264712
Asthma	Eosinophilic disease	EOSINOPHIL_DISEASE	binary	rs9979428	0.000144733610960624	0.00270864900878183	0.957386215877067	asthma_gwama	EOSINOPHIL_DISEASE	264712
Asthma	Eosinophilic disease	EOSINOPHIL_DISEASE	binary	All	0.000145597349940325	0.00270674242874457	0.957101983881824	asthma_gwama	EOSINOPHIL_DISEASE	264712
