gene	number_of_lead_SNP_annotations	strongest_associated_SNP	strongest_association_P	most_severe_consequence_observed
HLA-DQA1	29	rs9273374	5.22e-253	missense_variant
HLA-DQB1	29	rs9273374	5.22e-253	splice_region_variant,splice_polypyrimidine_tract_variant,intron_variant
Y_RNA	19	rs3749833	3.11e-51	upstream_gene_variant
LINC03004	17	rs6927172	1.34e-11	splice_region_variant,splice_polypyrimidine_tract_variant,intron_variant,non_coding_transcript_variant
ZNF566	16	rs76817027	2.91e-17	3_prime_UTR_variant
GRIA4	15	rs377019731	2.59e-14	intron_variant
MANBAL	14	rs187685402	1.92e-15	splice_polypyrimidine_tract_variant,intron_variant
LINC01492	14	rs113714783	2.51e-11	intron_variant,non_coding_transcript_variant
RBFOX1	13	rs531849757	9.85e-22	intron_variant
ENSG00000285593	13	rs7214885	1.93e-16	upstream_gene_variant
LINC02147	12	rs2416483	5.9e-19	intron_variant,non_coding_transcript_variant
CSMD1	11	rs549888517	8.15e-20	intron_variant
GARNL3	11	rs115864823	3.22e-13	intron_variant,NMD_transcript_variant
HLA-DQB1-AS1	10	rs9273374	5.22e-253	upstream_gene_variant
LPP	10	rs9878655	4.32e-36	3_prime_UTR_variant
THRB-AS1	9	rs138660142	4.57e-19	intron_variant,non_coding_transcript_variant
PPP2R2B	9	rs143106850	2.14e-15	intron_variant
CDKAL1	9	rs115926208	3.49e-11	5_prime_UTR_variant
ADGRL4	8	rs17102563	1.24e-13	intron_variant
ENSG00000223834	7	rs7086577	3.87e-17	non_coding_transcript_exon_variant
ENSG00000307931	7	rs7086577	3.87e-17	intron_variant,non_coding_transcript_variant
FHIT	7	rs190454515	6.7e-15	intron_variant
SMYD3	7	rs12088764	1.6e-14	intron_variant
CDK14	7	rs114504633	4.27e-14	intron_variant
PTCHD4	7	rs547169676	3.16e-11	3_prime_UTR_variant
ENSG00000251574	7	rs73777333	5.97e-10	intron_variant,non_coding_transcript_variant
ENSG00000303941	6	rs61840192	1.03e-131	intron_variant,non_coding_transcript_variant
SMAD3	6	rs72743461	2.98e-88	splice_region_variant,synonymous_variant
HLA-DRB5	6	rs148451580	2.9e-61	missense_variant
HLA-DRB6	6	rs71536563	3.26e-37	splice_region_variant,intron_variant,non_coding_transcript_variant
RUNX1	6	rs202204907	1.71e-27	intron_variant,non_coding_transcript_variant
PCDH9	6	rs74852547	1.4e-20	missense_variant
BMP5	6	rs75788512	7.22e-19	intron_variant
LINC02934	6	rs56699982	2.09e-15	non_coding_transcript_exon_variant
LINC03050	6	rs56699982	2.09e-15	intron_variant,non_coding_transcript_variant
TIAM1	6	rs8127708	9.42e-14	intron_variant
UGCG	6	rs77746867	1.05e-13	intron_variant
ABL2	6	rs374817227	4.38e-11	3_prime_UTR_variant
ENSG00000293024	6	rs554814201	5.28e-11	intron_variant,non_coding_transcript_variant
IL18R1	5	rs145573519	1.61e-160	intron_variant
IL1RL1	5	rs145573519	1.61e-160	3_prime_UTR_variant
ENSG00000253613	5	rs201024593	1.61e-95	intron_variant,non_coding_transcript_variant
D2HGDH	5	rs62192033	1.13e-93	synonymous_variant
STAT6	5	rs3122929	1.85e-55	synonymous_variant,NMD_transcript_variant
TSBP1-AS1	5	rs182229954	8.23e-46	intron_variant,non_coding_transcript_variant
RORA	5	rs9920526	2.75e-44	intron_variant
ENSG00000285647	5	rs2922999	5.1e-22	intron_variant,non_coding_transcript_variant
ENSG00000293281	5	rs2922999	5.1e-22	non_coding_transcript_exon_variant
ENSG00000298426	5	rs2922999	5.1e-22	intron_variant,non_coding_transcript_variant
HLA-B	5	rs2922999	5.1e-22	missense_variant
STEAP1B	5	rs7802307	2.98e-21	intron_variant
ENSG00000307923	5	rs9269160	2.53e-19	intron_variant,non_coding_transcript_variant
AKAP6	5	rs140004893	2.24e-17	intron_variant
OBI1-AS1	5	rs540058770	3.64e-16	intron_variant,non_coding_transcript_variant
PDE4D	5	rs78586335	3.72e-16	intron_variant,NMD_transcript_variant
PDE3A	5	rs116371807	1.03e-15	intron_variant
ENSG00000243276	5	rs376240861	4.77e-15	intron_variant,non_coding_transcript_variant
ENSG00000225913	5	rs540352848	8.25e-15	intron_variant,non_coding_transcript_variant
GLDC	5	rs2282160	2.19e-14	missense_variant
LNX1	5	rs73156090	5.16e-13	intron_variant
STAG1	5	rs143848342	5.78e-13	3_prime_UTR_variant
DELEC1	5	rs7026596	7.31e-13	intron_variant,non_coding_transcript_variant
PTPRD	5	rs548124538	8.03e-13	intron_variant
MIR924HG	5	rs80224025	8.55e-13	intron_variant,non_coding_transcript_variant
ENSG00000244550	5	rs112013189	2.66e-12	intron_variant,non_coding_transcript_variant
WDPCP	5	rs147156118	1.66e-11	intron_variant
LDLRAD4	5	rs528134522	3.14e-11	intron_variant
MAGI2	5	rs5013614	5.77e-11	intron_variant
PIGK	5	rs187614995	4.56e-10	intron_variant
ENSG00000249892	5	rs149704912	5.18e-10	intron_variant,non_coding_transcript_variant
WDR36	4	rs201024593	1.61e-95	intron_variant
LINC00299	4	rs71387227	5.8e-39	intron_variant,non_coding_transcript_variant
IL4R	4	rs1981551	2.78e-36	5_prime_UTR_variant
JAZF1	4	rs849333	6.39e-27	intron_variant
PTPRK	4	rs41285280	5.92e-23	intron_variant
CAMK4	4	rs7706446	1.67e-22	intron_variant
MDGA2	4	rs188341231	8.83e-20	intron_variant
LINC02676	4	rs6602347	2.95e-19	intron_variant,non_coding_transcript_variant
ADAM19	4	rs369028166	5.26e-19	intron_variant,NMD_transcript_variant
PCBP1-AS1	4	rs185321289	1.92e-18	non_coding_transcript_exon_variant
MIR4300HG	4	rs549994664	2.26e-18	intron_variant,non_coding_transcript_variant
GABRB1	4	rs116559377	4.21e-17	3_prime_UTR_variant
MME	4	rs115397404	8.58e-17	intron_variant
SPIDR	4	rs191600432	1.04e-16	intron_variant
LINC00856	4	rs146012621	1.11e-16	intron_variant,non_coding_transcript_variant
DPP6	4	rs549109221	2.25e-16	intron_variant
CCDC192	4	rs545671287	2.73e-16	intron_variant
HDAC2-AS2	4	rs111603225	6.7e-16	intron_variant,non_coding_transcript_variant
DCBLD1	4	rs114382321	6.92e-16	intron_variant,non_coding_transcript_variant
LRP1B	4	rs141901937	7.77e-16	intron_variant
ENSG00000300746	4	rs187685402	1.92e-15	upstream_gene_variant
SEPTIN9	4	rs77864114	6.92e-15	intron_variant
ENSG00000196566	4	rs540352848	8.25e-15	intron_variant,non_coding_transcript_variant
ENSG00000295499	4	rs7373898	1.28e-14	intron_variant,non_coding_transcript_variant
KDM4C	4	rs537781249	1.85e-14	intron_variant
MIR4435-2HG	4	rs141514755	1.85e-14	non_coding_transcript_exon_variant
PALM2AKAP2	4	rs563752816	1.98e-14	intron_variant
EYS	4	rs7452152	1.93e-13	intron_variant
ARHGAP15	4	rs536069938	2.12e-13	synonymous_variant
ENSG00000271581	4	rs9266226	4.07e-13	non_coding_transcript_exon_variant
ENSG00000298396	4	rs9266226	4.07e-13	intron_variant,non_coding_transcript_variant
ENSG00000290888	4	rs549835966	9.87e-13	intron_variant,non_coding_transcript_variant
IKZF3	4	rs114211283	1.09e-12	intron_variant,NMD_transcript_variant
ZCCHC7	4	rs576362000	1.75e-12	intron_variant
NCOA2	4	rs535531910	2.71e-12	intron_variant
TENM2	4	rs73368514	4.59e-12	intron_variant
DPP10	4	rs192443610	7.35e-12	intron_variant
FOXP1	4	rs55840990	1.13e-11	intron_variant
ENSG00000227579	4	rs115349110	1.9e-11	intron_variant,non_coding_transcript_variant
ENSG00000253901	4	rs531250307	1.94e-11	intron_variant,non_coding_transcript_variant
RNU4-55P	4	rs140119892	2.12e-11	upstream_gene_variant
LINC02997	4	rs571452929	2.71e-11	intron_variant,non_coding_transcript_variant
PRKCZ	4	rs576976619	2.71e-11	intron_variant
AGBL1	4	rs187096219	4.97e-11	intron_variant
ANKS1B	4	rs536149197	5.74e-11	intron_variant
BMP2K	4	rs72862508	1e-10	3_prime_UTR_variant
RIN2	4	rs8122098	3.55e-10	intron_variant
SDR16C6P	4	rs114366452	5.16e-10	intron_variant,non_coding_transcript_variant
LINGO2	4	rs531181339	6.97e-10	intron_variant
DCC	4	rs183094552	9.73e-10	intron_variant
HK1	4	rs11819352	3.07e-09	intron_variant
ENSG00000303029	3	rs1049068	6.38e-98	upstream_gene_variant
ENSG00000307907	3	rs2647074	9.76e-74	upstream_gene_variant
ENSG00000253238	3	rs7824394	9.5e-67	intron_variant,non_coding_transcript_variant
HLA-DRB1	3	rs188575117	7.98e-55	upstream_gene_variant
CCDST	3	rs61816761	2.24e-53	non_coding_transcript_exon_variant
AAGAB	3	rs112173287	4.02e-49	3_prime_UTR_variant
BACH2	3	rs12212737	5.17e-49	synonymous_variant
IL4	3	rs2243284	4.43e-40	intron_variant
ENSG00000308749	3	rs10905469	1.92e-38	intron_variant,non_coding_transcript_variant
HCP5	3	rs144596166	5.51e-37	non_coding_transcript_exon_variant
GLB1	3	rs7650543	4.31e-36	intron_variant
ENSG00000258077	3	rs149770152	7.55e-33	non_coding_transcript_exon_variant
UHRF2	3	rs7864027	1.47e-30	intron_variant
IL2RA	3	rs12722502	1.24e-29	intron_variant
IGSF11	3	rs564508702	1.74e-27	stop_gained
ENSG00000302994	3	rs2157051	1.07e-26	upstream_gene_variant
CACNG2	3	rs193203786	2.86e-26	intron_variant
EPHB2	3	rs541964427	5.28e-25	intron_variant
OSBPL10	3	rs539982805	3.31e-24	intron_variant,non_coding_transcript_variant
ZNF69	3	rs566597236	6.45e-24	3_prime_UTR_variant
AUTS2	3	rs7797987	3.82e-23	intron_variant
LINC01016	3	rs74747954	2.14e-22	intron_variant,non_coding_transcript_variant
DHFRP2	3	rs2922999	5.1e-22	upstream_gene_variant
RORB-AS1	3	rs551437449	1.61e-20	intron_variant,non_coding_transcript_variant
ENSG00000293250	3	rs79491862	2.14e-20	non_coding_transcript_exon_variant
ENSG00000229425	3	rs554370064	2.56e-19	intron_variant,non_coding_transcript_variant
TSPAN8	3	rs71456061	4.14e-19	intron_variant
NSMCE1	3	rs7189678	8.09e-19	3_prime_UTR_variant
SGO1-AS1	3	rs573188150	8.69e-19	intron_variant,non_coding_transcript_variant
PCAT1	3	rs567226195	3.17e-18	intron_variant,non_coding_transcript_variant
CD36	3	rs147038821	3.6e-18	intron_variant
SKI	3	rs150453256	4.78e-18	intron_variant
TNFRSF8	3	rs6690285	4.92e-18	missense_variant
ENSG00000215841	3	rs73541065	1.74e-17	downstream_gene_variant
ENSG00000298945	3	rs73541065	1.74e-17	non_coding_transcript_exon_variant
NTNG1	3	rs371601906	5.47e-17	intron_variant,non_coding_transcript_variant
SPECC1	3	rs574245197	6.12e-17	intron_variant
SIPA1L3	3	rs353401	1.14e-16	intron_variant
FARS2	3	rs533283473	2.13e-16	intron_variant
NCALD	3	rs114871163	2.37e-16	intron_variant
MEF2C-AS1	3	rs138551915	2.61e-16	intron_variant,non_coding_transcript_variant
ENSG00000254951	3	rs559893111	3.31e-16	intron_variant,non_coding_transcript_variant
ENSG00000254975	3	rs11236855	4.06e-16	intron_variant,non_coding_transcript_variant
ENSG00000283982	3	rs274945	4.63e-16	intron_variant,non_coding_transcript_variant
ZNF707	3	rs587601176	5.4e-16	intron_variant,NMD_transcript_variant
MSRA	3	rs184113203	7.25e-16	intron_variant
ENSG00000288773	3	rs8100197	9.55e-16	non_coding_transcript_exon_variant
ENSG00000302962	3	rs8100197	9.55e-16	upstream_gene_variant
ENSG00000302986	3	rs8100197	9.55e-16	upstream_gene_variant
ENSG00000259929	3	rs116781148	1.37e-15	intron_variant,non_coding_transcript_variant
ENSG00000189229	3	rs528080565	1.58e-15	intron_variant,non_coding_transcript_variant
ENSG00000251095	3	rs60385286	1.76e-15	intron_variant,non_coding_transcript_variant
LMTK2	3	rs374657478	1.94e-15	3_prime_UTR_variant
ANXA4	3	rs532457962	2.21e-15	intron_variant,non_coding_transcript_variant
ENSG00000226990	3	rs11255686	2.61e-15	intron_variant,non_coding_transcript_variant
FRY	3	rs560553199	2.73e-15	intron_variant,non_coding_transcript_variant
ENSG00000224000	3	rs1102705	3.98e-15	intron_variant,non_coding_transcript_variant
SLC9A4	3	rs11688802	4.26e-15	synonymous_variant
ENSG00000228566	3	rs551562960	4.34e-15	intron_variant,non_coding_transcript_variant
PTPN1	3	rs79641917	5.27e-15	intron_variant
DOK6	3	rs373574910	7.73e-15	intron_variant
FAXC	3	rs538611009	9.3e-15	3_prime_UTR_variant
ENSG00000280878	3	rs141514755	1.85e-14	intron_variant,non_coding_transcript_variant
ENSG00000285016	3	rs141514755	1.85e-14	intron_variant,non_coding_transcript_variant
SOCAR	3	rs141514755	1.85e-14	intron_variant,non_coding_transcript_variant
ANO3	3	rs539410234	1.86e-14	intron_variant
AAK1	3	rs529739828	2.39e-14	intron_variant
RGS7	3	rs543693382	3.16e-14	intron_variant
NAALADL2	3	rs575588523	5.41e-14	intron_variant
ENSG00000288843	3	rs149939669	5.66e-14	intron_variant,non_coding_transcript_variant
ENSG00000286694	3	rs12244453	7.82e-14	non_coding_transcript_exon_variant
ENSG00000250658	3	rs115548578	7.91e-14	non_coding_transcript_exon_variant
HLA-DPA1	3	rs707958	7.95e-14	upstream_gene_variant
ABR	3	rs190708117	8.18e-14	intron_variant
LINC00376	3	rs532808247	1.12e-13	intron_variant,non_coding_transcript_variant
DIP2C	3	rs557333889	1.24e-13	intron_variant
NRXN1-DT	3	rs112684345	1.42e-13	intron_variant,non_coding_transcript_variant
ENSG00000301557	3	rs78351402	1.45e-13	intron_variant,non_coding_transcript_variant
SNX25	3	rs550837456	1.64e-13	intron_variant,non_coding_transcript_variant
FAR2	3	rs140749139	1.91e-13	intron_variant
USP34	3	rs537289968	1.96e-13	intron_variant
USH2A	3	rs148430102	2.09e-13	intron_variant
ENSG00000230563	3	rs183965436	2.13e-13	intron_variant,non_coding_transcript_variant
FGF12	3	rs568679433	2.3e-13	intron_variant
DOCK1	3	rs182336125	3.06e-13	intron_variant
LINC02851	3	rs4742254	3.29e-13	intron_variant,non_coding_transcript_variant
CAST	3	rs535300286	3.37e-13	intron_variant,non_coding_transcript_variant
ENSG00000300549	3	rs114890499	3.67e-13	intron_variant,non_coding_transcript_variant
KIRREL3	3	rs113451061	4.04e-13	intron_variant
LINC02325	3	rs146061910	4.22e-13	intron_variant,non_coding_transcript_variant
ENSG00000298118	3	rs533537841	4.57e-13	intron_variant,non_coding_transcript_variant
NT5C3A	3	rs533537841	4.57e-13	intron_variant,NMD_transcript_variant
MED13L	3	rs189693101	4.78e-13	intron_variant
ASIC2	3	rs139162555	4.96e-13	intron_variant
ENSG00000288987	3	rs77083691	6.06e-13	intron_variant,non_coding_transcript_variant
GLIS3	3	rs7030351	8.49e-13	intron_variant
ENSG00000250940	3	rs549835966	9.87e-13	upstream_gene_variant
ENSG00000295948	3	rs549835966	9.87e-13	intron_variant,non_coding_transcript_variant
LINC00320	3	rs73333052	1.31e-12	intron_variant,non_coding_transcript_variant
Metazoa_SRP	3	rs76165431	2.26e-12	upstream_gene_variant
ENSG00000254698	3	rs371235274	2.33e-12	intron_variant,non_coding_transcript_variant
RAB30	3	rs371235274	2.33e-12	intron_variant
BNC2	3	rs112243217	2.35e-12	intron_variant
TARID	3	rs576177641	2.98e-12	intron_variant,non_coding_transcript_variant
NAV3	3	rs183448471	3.95e-12	intron_variant
RAD9A	3	rs192430290	4.11e-12	splice_polypyrimidine_tract_variant,intron_variant
IPCEF1	3	rs7770794	5.43e-12	splice_donor_region_variant,intron_variant
ENSG00000299721	3	rs76876264	6.32e-12	intron_variant,non_coding_transcript_variant
RGS2-AS1	3	rs574015566	9.41e-12	intron_variant,non_coding_transcript_variant
ENSG00000287289	3	rs61104107	1.18e-11	non_coding_transcript_exon_variant
ENSG00000304228	3	rs61104107	1.18e-11	intron_variant,non_coding_transcript_variant
CDH13	3	rs552604503	1.82e-11	intron_variant
TMEM178B	3	rs557377677	1.87e-11	intron_variant,non_coding_transcript_variant
LINC01741	3	rs115349110	1.9e-11	upstream_gene_variant
ATG5	3	rs2245214	2e-11	intron_variant
LINC01122	3	rs188729292	2.06e-11	non_coding_transcript_exon_variant
ENSG00000293385	3	rs189129717	2.18e-11	intron_variant,non_coding_transcript_variant
PCDH15	3	rs139824811	2.35e-11	intron_variant
CTNNA3	3	rs183556664	2.47e-11	missense_variant
ENSG00000283384	3	rs182687474	2.71e-11	intron_variant,non_coding_transcript_variant
ENSG00000231204	3	rs142063429	2.94e-11	intron_variant,non_coding_transcript_variant
ARHGAP44	3	rs185762867	3.91e-11	intron_variant
JAK1	3	rs79182842	4.08e-11	intron_variant
CSMD2	3	rs185102603	4.42e-11	intron_variant
PTPRN2	3	rs369502485	5.01e-11	intron_variant
PDLIM5	3	rs547038435	5.07e-11	intron_variant
ENSG00000229618	3	rs542081685	6.02e-11	intron_variant,non_coding_transcript_variant
PLA2G12AP2	3	rs74599819	6.63e-11	downstream_gene_variant
SFRP1	3	rs138494684	7.81e-11	3_prime_UTR_variant
LRMDA	3	rs532391969	7.9e-11	intron_variant
DNAH5	3	rs151202599	8.1e-11	intron_variant
ITGB1-DT	3	rs57251462	9.31e-11	intron_variant,non_coding_transcript_variant
CDH18	3	rs191336046	9.84e-11	intron_variant
COBL	3	rs138287356	1.05e-10	intron_variant
NIHCOLE	3	rs549884727	1.28e-10	intron_variant,non_coding_transcript_variant
TEX41	3	rs193290038	1.3e-10	intron_variant,non_coding_transcript_variant
DSCAM	3	rs148389283	1.44e-10	intron_variant
FLT1	3	rs142027666	1.85e-10	intron_variant
GRM8	3	rs542122852	1.88e-10	intron_variant
KHDRBS2	3	rs561397549	2e-10	intron_variant
NEBL	3	rs144015045	2.32e-10	intron_variant,non_coding_transcript_variant
CFAP298	3	rs547155678	2.39e-10	intron_variant
CDC42EP3-AS1	3	rs190649072	3.06e-10	intron_variant,non_coding_transcript_variant
BCAS3	3	rs539512823	3.53e-10	intron_variant
ENSG00000307717	3	rs7760511	3.7e-10	intron_variant,non_coding_transcript_variant
ENSG00000307732	3	rs7760511	3.7e-10	non_coding_transcript_exon_variant
ENSG00000307751	3	rs7760511	3.7e-10	intron_variant,non_coding_transcript_variant
NRG3	3	rs7922522	4.09e-10	intron_variant
RN7SL807P	3	rs142800734	4.56e-10	non_coding_transcript_exon_variant
ENSG00000257522	3	rs554748527	4.64e-10	intron_variant,non_coding_transcript_variant
LINC02326	3	rs554748527	4.64e-10	intron_variant,non_coding_transcript_variant
LINC02327	3	rs554748527	4.64e-10	intron_variant,non_coding_transcript_variant
MECOM	3	rs371891784	4.95e-10	intron_variant
LINC01572	3	rs560047976	5.36e-10	intron_variant,non_coding_transcript_variant
GLG1	3	rs560979380	6.76e-10	3_prime_UTR_variant
ENTPD3-AS1	3	rs564918356	8.21e-10	intron_variant,non_coding_transcript_variant
CA13	3	rs147235361	1.01e-09	intron_variant
PDGFDDN	3	rs148131059	1.12e-09	intron_variant,non_coding_transcript_variant
MAP4	3	rs146408447	1.15e-09	intron_variant
ENSG00000233290	3	rs139671408	1.22e-09	intron_variant,non_coding_transcript_variant
ENSG00000302765	3	rs73011051	1.29e-09	intron_variant,non_coding_transcript_variant
PRKN	3	rs547645047	1.63e-09	intron_variant,NMD_transcript_variant
LNX1-AS1	3	rs114356062	3.02e-09	intron_variant,non_coding_transcript_variant
ENSG00000258773	3	rs148690002	3.31e-09	non_coding_transcript_exon_variant
ENSG00000234793	2	rs62192033	1.13e-93	upstream_gene_variant
SMAD3-AS1	2	rs72743461	2.98e-88	upstream_gene_variant
ENSG00000228739	2	rs62557312	1.96e-85	non_coding_transcript_exon_variant
TH2LCRR	2	rs3091308	7.72e-75	intron_variant,non_coding_transcript_variant
CLEC16A	2	rs35441874	1.74e-57	intron_variant
ENSG00000294323	2	rs146597587	8.21e-56	intron_variant,non_coding_transcript_variant
IL33	2	rs146597587	8.21e-56	splice_acceptor_variant
ENSG00000297040	2	rs72502575	2.21e-51	intron_variant,non_coding_transcript_variant
MICA-AS1	2	rs72502575	2.21e-51	intron_variant,non_coding_transcript_variant
CARINH	2	rs3749833	3.11e-51	non_coding_transcript_exon_variant
IRF1	2	rs3749833	3.11e-51	non_coding_transcript_exon_variant
ENSG00000306984	2	rs4833096	4.08e-51	upstream_gene_variant
TLR1	2	rs4833096	4.08e-51	missense_variant
NAB2	2	rs3024971	2.95e-49	synonymous_variant
ZNF652-AS1	2	rs112502960	6.25e-45	intron_variant,non_coding_transcript_variant
ENSG00000299593	2	rs71387227	5.8e-39	upstream_gene_variant
MICB-DT	2	rs144596166	5.51e-37	intron_variant,non_coding_transcript_variant
NDFIP1	2	rs249681	1.15e-35	intron_variant
TSBP1	2	rs2078290	3.49e-33	intron_variant
NOTCH4	2	rs9267862	5.61e-32	3_prime_UTR_variant,NMD_transcript_variant
MICB	2	rs3131640	6.57e-31	intron_variant
IL1R1	2	rs74180212	4.44e-27	intron_variant
RAD51B	2	rs3825729	1.97e-26	intron_variant
ERMP1	2	rs58029167	8.05e-26	intron_variant,non_coding_transcript_variant
ENSG00000288990	2	rs7636493	1.01e-25	upstream_gene_variant
NRROS	2	rs7636493	1.01e-25	intron_variant
PIGX	2	rs7636493	1.01e-25	intron_variant
POLR1HASP	2	rs28749158	3.37e-25	intron_variant,non_coding_transcript_variant
ENSG00000306274	2	rs10892305	8.86e-25	intron_variant,non_coding_transcript_variant
RERE	2	rs530763701	3.88e-24	intron_variant
PEAK1	2	rs568522730	1.19e-23	3_prime_UTR_variant
ITGB8	2	rs71526323	3.12e-23	non_coding_transcript_exon_variant
ABCC1	2	rs138296006	1.18e-22	intron_variant
IL1RL2	2	rs1024792	1.77e-22	synonymous_variant
ZNF407	2	rs187179865	2.07e-22	intron_variant
NAE1	2	rs570700413	6.34e-22	intron_variant
TBL1XR1	2	rs7626218	7.19e-22	intron_variant
ADGRL2	2	rs557069037	1.26e-21	intron_variant
ENSG00000249526	2	rs145258356	1.41e-21	intron_variant,non_coding_transcript_variant
RORC	2	rs3828058	2.05e-21	non_coding_transcript_exon_variant
NELL1	2	rs112405747	2.16e-21	intron_variant
BTG1-DT	2	rs114048096	7.24e-21	intron_variant,non_coding_transcript_variant
ADAMTSL3	2	rs143253231	8.88e-21	intron_variant
RBM17	2	rs56382813	1.8e-20	upstream_gene_variant
ENSG00000235495	2	rs551980574	2.55e-20	intron_variant,non_coding_transcript_variant
ARID5B	2	rs576690139	2.8e-20	intron_variant
NKAIN3	2	rs537897582	2.85e-20	intron_variant
ENSG00000242880	2	rs564750050	3.91e-20	intron_variant,non_coding_transcript_variant
ARHGEF28	2	rs559853491	8.83e-20	intron_variant
PRKCQ-AS1	2	rs61841332	8.83e-20	non_coding_transcript_exon_variant
LINC01019	2	rs57580990	1.25e-19	intron_variant,non_coding_transcript_variant
FBXL19	2	rs570874297	1.37e-19	intron_variant
ENSG00000287120	2	rs201962501	1.62e-19	intron_variant,non_coding_transcript_variant
SEPTIN8	2	rs532574427	1.84e-19	intron_variant
CHN2	2	rs150510414	2.17e-19	intron_variant
RALGAPA2	2	rs569137980	3.27e-19	intron_variant
MYO3B	2	rs552832612	4.5e-19	intron_variant,NMD_transcript_variant
ENSG00000272554	2	rs138660142	4.57e-19	intron_variant,non_coding_transcript_variant
KIF3A	2	rs9327638	5.43e-19	intron_variant
ENSG00000296915	2	rs62375550	6.46e-19	intron_variant,non_coding_transcript_variant
LRRC32	2	rs12718488	1.27e-18	intron_variant
ADORA1	2	rs7555556	1.52e-18	intron_variant
ADORA1-AS2	2	rs7555556	1.52e-18	intron_variant,non_coding_transcript_variant
CFAP210	2	rs550039285	1.72e-18	intron_variant
NEGR1	2	rs567949921	2.6e-18	intron_variant
LRRC4C	2	rs574679498	2.64e-18	intron_variant
BRCA2	2	rs148626587	2.79e-18	3_prime_UTR_variant
ENSG00000306888	2	rs1143869	2.82e-18	intron_variant,non_coding_transcript_variant
ENSG00000217455	2	rs73033560	2.97e-18	intron_variant,non_coding_transcript_variant
LINC02306	2	rs562921290	4.47e-18	intron_variant,non_coding_transcript_variant
GAS2L3	2	rs115303362	4.8e-18	intron_variant
RAD50	2	rs17772583	5.76e-18	intron_variant
DLGAP2	2	rs537030900	5.84e-18	intron_variant,non_coding_transcript_variant
GSDMA	2	rs11871317	8.17e-18	intron_variant
ORMDL3	2	rs11871317	8.17e-18	intron_variant
CNTNAP2	2	rs559034603	8.48e-18	intron_variant
ENSG00000287596	2	rs140767757	8.53e-18	intron_variant,non_coding_transcript_variant
ENSG00000226022	2	rs377515795	1.04e-17	intron_variant,non_coding_transcript_variant
ENSG00000309266	2	rs114800091	1.14e-17	non_coding_transcript_exon_variant
NLRP11	2	rs544749373	1.61e-17	intron_variant
KIF16B	2	rs558312024	1.88e-17	intron_variant
NRXN3	2	rs574545616	1.95e-17	intron_variant
ZNF385D	2	rs74647648	1.97e-17	intron_variant
AGAP6	2	rs372353853	2.09e-17	intron_variant
ADAM23	2	rs554851778	2.37e-17	intron_variant
CRYBG1	2	rs187320309	2.73e-17	3_prime_UTR_variant
ENSG00000289279	2	rs556274591	3.13e-17	upstream_gene_variant
MOBP	2	rs556274591	3.13e-17	3_prime_UTR_variant,NMD_transcript_variant
CALN1	2	rs550256237	3.33e-17	intron_variant
ENSG00000278400	2	rs201672301	3.48e-17	downstream_gene_variant
CRTAC1	2	rs587634070	4.05e-17	intron_variant
PRKCH	2	rs141088606	4.06e-17	intron_variant
ENSG00000254394	2	rs190400917	4.14e-17	intron_variant,non_coding_transcript_variant
SCFD2	2	rs187085344	4.53e-17	intron_variant
NSUN7	2	rs561043065	4.57e-17	intron_variant
DRAIC	2	rs140252523	4.89e-17	non_coding_transcript_exon_variant
RARG	2	rs112352919	5.03e-17	intron_variant
ENSG00000227066	2	rs528608794	5.77e-17	downstream_gene_variant
PLA2G2C	2	rs528608794	5.77e-17	3_prime_UTR_variant
IL21R	2	rs179768	6.56e-17	5_prime_UTR_variant
PREP	2	rs529350912	6.67e-17	intron_variant
ENSG00000237844	2	rs558245222	7.05e-17	intron_variant,non_coding_transcript_variant
ENSG00000236106	2	rs150249700	8.28e-17	intron_variant,non_coding_transcript_variant
ENSG00000242540	2	rs150249700	8.28e-17	downstream_gene_variant
ENSG00000307936	2	rs150249700	8.28e-17	upstream_gene_variant
ZNRF3	2	rs538091671	1.04e-16	intron_variant
TBC1D22A	2	rs147742334	1.13e-16	intron_variant
ENSG00000295692	2	rs181960659	1.31e-16	upstream_gene_variant
WDFY2	2	rs181960659	1.31e-16	intron_variant
FAM83G	2	rs140645419	1.43e-16	intron_variant
SLC5A10	2	rs140645419	1.43e-16	intron_variant
PPM1L	2	rs566001350	1.6e-16	intron_variant
HERC1	2	rs548194823	2.14e-16	intron_variant
LINC00393	2	rs142102013	2.29e-16	intron_variant,non_coding_transcript_variant
HDHD5	2	rs548299021	3.05e-16	intron_variant
TNFSF4	2	rs10158467	3.73e-16	intron_variant
DOCK5	2	rs553520129	3.93e-16	intron_variant
ENSG00000291249	2	rs11236855	4.06e-16	downstream_gene_variant
ENSG00000296461	2	rs11236855	4.06e-16	upstream_gene_variant
ENSG00000273153	2	rs551627272	4.1e-16	upstream_gene_variant
TRDMT1	2	rs551627272	4.1e-16	3_prime_UTR_variant
LBH	2	rs111597890	4.57e-16	3_prime_UTR_variant,NMD_transcript_variant
ENSG00000298268	2	rs115548019	4.7e-16	intron_variant,non_coding_transcript_variant
SLC49A4	2	rs144731635	4.82e-16	intron_variant
SERPINB7	2	rs12964116	5.11e-16	5_prime_UTR_variant
LINC02878	2	rs587601176	5.4e-16	downstream_gene_variant
CCDC88C	2	rs113428342	6.01e-16	intron_variant
ENSG00000254444	2	rs76812074	6.36e-16	intron_variant,non_coding_transcript_variant
ATP8B4	2	rs560046140	6.59e-16	intron_variant
ENSG00000293372	2	rs150389453	7.11e-16	intron_variant,non_coding_transcript_variant
LMO7	2	rs116584228	7.31e-16	intron_variant
MYBL2	2	rs571288324	7.37e-16	3_prime_UTR_variant,NMD_transcript_variant
ENSG00000287315	2	rs562760078	7.43e-16	intron_variant,non_coding_transcript_variant
OBSCN	2	rs562760078	7.43e-16	synonymous_variant
CEP164	2	rs191910781	8.2e-16	intron_variant
ENSG00000286425	2	rs564656918	8.78e-16	intron_variant,non_coding_transcript_variant
ENSG00000298201	2	rs564656918	8.78e-16	intron_variant,non_coding_transcript_variant
LINC01630	2	rs146220415	9.01e-16	intron_variant,non_coding_transcript_variant
BCL3	2	rs8100197	9.55e-16	intron_variant,non_coding_transcript_variant
MEIOSIN	2	rs116959973	1.06e-15	intron_variant
ENSG00000306970	2	rs78941064	1.13e-15	intron_variant,non_coding_transcript_variant
ENSG00000309061	2	rs116781148	1.37e-15	intron_variant,non_coding_transcript_variant
TUNAR	2	rs4900299	1.51e-15	intron_variant
SEMA6A	2	rs115330139	1.56e-15	intron_variant
SEMA6A-AS1	2	rs115330139	1.56e-15	intron_variant,non_coding_transcript_variant
ENSG00000308001	2	rs6592650	1.62e-15	non_coding_transcript_exon_variant
LINC03142	2	rs146193230	1.63e-15	intron_variant,non_coding_transcript_variant
SNCA	2	rs60385286	1.76e-15	intron_variant
CTNND2	2	rs77171825	1.82e-15	intron_variant
ENSG00000227307	2	rs574378199	2.28e-15	intron_variant,non_coding_transcript_variant
ENSG00000303257	2	rs574378199	2.28e-15	upstream_gene_variant
JARID2	2	rs532752741	2.47e-15	intron_variant
DAB1	2	rs146356216	2.98e-15	intron_variant
LINC01378	2	rs190965706	3.35e-15	intron_variant,non_coding_transcript_variant
ENSG00000275443	2	rs576392346	3.44e-15	intron_variant,non_coding_transcript_variant
ENSG00000231533	2	rs568223964	3.54e-15	intron_variant,non_coding_transcript_variant
LCA5	2	rs568223964	3.54e-15	intron_variant
THSD7B	2	rs544561678	3.69e-15	intron_variant
ENSG00000309063	2	rs35020498	4.04e-15	intron_variant,non_coding_transcript_variant
KCNMA1	2	rs189062167	4.12e-15	intron_variant
ENSG00000286410	2	rs375287036	4.51e-15	upstream_gene_variant
SLC41A2	2	rs375287036	4.51e-15	intron_variant
HPGDS	2	rs145192039	4.61e-15	3_prime_UTR_variant
ENSG00000263551	2	rs536353022	5e-15	intron_variant,non_coding_transcript_variant
ENSG00000305805	2	rs79641917	5.27e-15	downstream_gene_variant
RN7SL672P	2	rs79641917	5.27e-15	upstream_gene_variant
KCNN2	2	rs371232510	5.38e-15	synonymous_variant
PLXNC1	2	rs7135586	5.54e-15	intron_variant
POU2F1	2	rs527415481	5.58e-15	3_prime_UTR_variant,NMD_transcript_variant
RBM33	2	rs181713051	5.59e-15	intron_variant
SLC25A37	2	rs536128224	6.8e-15	intron_variant,NMD_transcript_variant
ENSG00000223727	2	rs536149866	6.9e-15	intron_variant,non_coding_transcript_variant
ALK	2	rs149496289	7.23e-15	intron_variant
CDK5RAP2	2	rs188489063	8.99e-15	intron_variant
CHID1	2	rs533513438	1e-14	3_prime_UTR_variant
TSPAN4	2	rs533513438	1e-14	non_coding_transcript_exon_variant
ENSG00000263494	2	rs150413678	1.08e-14	intron_variant,non_coding_transcript_variant
ENSG00000302338	2	rs75134124	1.08e-14	intron_variant,non_coding_transcript_variant
LINC03076	2	rs541395520	1.08e-14	non_coding_transcript_exon_variant
TNPO1-DT	2	rs545597473	1.15e-14	intron_variant,non_coding_transcript_variant
ENSG00000248551	2	rs114747092	1.2e-14	intron_variant,non_coding_transcript_variant
CSMD3	2	rs188453201	1.24e-14	intron_variant
CPEB3	2	rs532107108	1.58e-14	intron_variant
PARP8	2	rs558067849	1.61e-14	intron_variant
PAUPAR	2	rs79682905	1.64e-14	intron_variant,non_coding_transcript_variant
ARMC2	2	rs370926614	1.68e-14	missense_variant
AHR	2	rs185127003	1.76e-14	intron_variant
ENSG00000237773	2	rs185127003	1.76e-14	intron_variant,non_coding_transcript_variant
HIVEP3	2	rs368376288	1.82e-14	intron_variant
ENSG00000310383	2	rs181540555	1.83e-14	intron_variant,non_coding_transcript_variant
CTNNA1	2	rs186125520	2.05e-14	intron_variant
ENSG00000237720	2	rs569941883	2.43e-14	intron_variant,non_coding_transcript_variant
SLIT3	2	rs147444784	2.49e-14	intron_variant
LINC01117	2	rs181977202	2.64e-14	intron_variant,non_coding_transcript_variant
BMS1P4	2	rs3870401	2.96e-14	intron_variant,non_coding_transcript_variant
ENSG00000290737	2	rs3870401	2.96e-14	intron_variant,non_coding_transcript_variant
ENSG00000305877	2	rs2394717	3.32e-14	intron_variant,non_coding_transcript_variant
ASPG	2	rs374725323	4.44e-14	intron_variant
ALOX12P2	2	rs143625894	4.72e-14	intron_variant,non_coding_transcript_variant
TMEM232	2	rs189272893	4.74e-14	intron_variant,non_coding_transcript_variant
U8	2	rs79637080	4.83e-14	upstream_gene_variant
MSH2	2	rs544003915	5.03e-14	intron_variant
ENSG00000289423	2	rs74039020	5.05e-14	intron_variant,non_coding_transcript_variant
ENSG00000308209	2	rs149939669	5.66e-14	intron_variant,non_coding_transcript_variant
VWF	2	rs535415288	6.12e-14	intron_variant
CAVIN2-AS1	2	rs146949901	6.67e-14	intron_variant,non_coding_transcript_variant
CMTM8	2	rs548470018	6.67e-14	intron_variant
MARCHF11	2	rs546952512	6.67e-14	intron_variant
TMEFF2	2	rs146949901	6.67e-14	intron_variant
SYNM-AS1	2	rs193259932	7.91e-14	intron_variant,non_coding_transcript_variant
HLA-DPB1	2	rs707958	7.95e-14	missense_variant
RPL32P1	2	rs707958	7.95e-14	downstream_gene_variant
ESRRG	2	rs182671410	8.13e-14	intron_variant
LINC01837	2	rs547883398	8.69e-14	intron_variant,non_coding_transcript_variant
MSR1	2	rs528221487	9.3e-14	intron_variant
ENSG00000253853	2	rs142850311	1.06e-13	intron_variant,non_coding_transcript_variant
LINC01440	2	rs143737682	1.06e-13	intron_variant,non_coding_transcript_variant
ENSG00000289938	2	rs115332170	1.08e-13	intron_variant,non_coding_transcript_variant
TASP1	2	rs538976895	1.13e-13	intron_variant
CAMTA1	2	rs114964088	1.22e-13	intron_variant
MTSS1	2	rs144449533	1.3e-13	intron_variant
NDUFB9	2	rs144449533	1.3e-13	non_coding_transcript_exon_variant
LNC-LBCS	2	rs1858520	1.42e-13	intron_variant,non_coding_transcript_variant
PKHD1	2	rs201733977	1.44e-13	splice_region_variant,splice_polypyrimidine_tract_variant,intron_variant
ENSG00000301576	2	rs78351402	1.45e-13	intron_variant,non_coding_transcript_variant
SPRR2E	2	rs78351402	1.45e-13	intron_variant
PHF19	2	rs10818481	1.53e-13	intron_variant
DCDC2C	2	rs572889439	1.8e-13	intron_variant
NEK11	2	rs552709634	1.88e-13	intron_variant
ENSG00000228655	2	rs536069938	2.12e-13	intron_variant,non_coding_transcript_variant
LINC00658	2	rs183965436	2.13e-13	intron_variant,non_coding_transcript_variant
MILR1	2	rs140290142	2.14e-13	intron_variant
RPL13AP2	2	rs17118153	2.21e-13	upstream_gene_variant
RIN3	2	rs199852716	2.29e-13	intron_variant
ATP8A2	2	rs139572332	2.37e-13	intron_variant,NMD_transcript_variant
ENSG00000306074	2	rs149389579	2.38e-13	upstream_gene_variant
ATXN10	2	rs530792885	2.5e-13	intron_variant
NFIB	2	rs554357294	2.69e-13	intron_variant
FYN	2	rs545425835	2.71e-13	intron_variant
LINC02964	2	rs562664023	2.79e-13	intron_variant,non_coding_transcript_variant
ENSG00000299700	2	rs534420054	2.83e-13	intron_variant,non_coding_transcript_variant
LINC02755	2	rs575415070	2.92e-13	intron_variant,non_coding_transcript_variant
ENSG00000297048	2	rs509399	2.94e-13	intron_variant,non_coding_transcript_variant
LINC01991	2	rs509399	2.94e-13	non_coding_transcript_exon_variant
ENSG00000304391	2	rs77576177	2.96e-13	intron_variant,non_coding_transcript_variant
RABGAP1L	2	rs2987879	3.19e-13	intron_variant
BCS1L	2	rs535983438	3.43e-13	3_prime_UTR_variant
RNF25	2	rs535983438	3.43e-13	stop_gained,NMD_transcript_variant
STK36	2	rs535983438	3.43e-13	upstream_gene_variant
GNAL	2	rs185435129	3.57e-13	intron_variant
ENSG00000233420	2	rs143190369	3.67e-13	intron_variant,non_coding_transcript_variant
ENSG00000287292	2	rs192733505	3.67e-13	intron_variant,non_coding_transcript_variant
MIR6891	2	rs9266226	4.07e-13	upstream_gene_variant
WLS	2	rs140872471	4.07e-13	intron_variant
ENSG00000224330	2	rs191919247	4.11e-13	intron_variant,non_coding_transcript_variant
EPS8	2	rs556100988	4.17e-13	intron_variant
RN7SL505P	2	rs534178311	5.03e-13	upstream_gene_variant
FIP1L1	2	rs73156090	5.16e-13	intron_variant
ENSG00000296007	2	rs7808989	5.92e-13	intron_variant,non_coding_transcript_variant
FRMD6	2	rs142794927	5.94e-13	3_prime_UTR_variant
FPR3	2	rs961552	6.29e-13	intron_variant
ENSG00000300852	2	rs115844864	6.91e-13	intron_variant,non_coding_transcript_variant
VWA2	2	rs192728756	7.14e-13	intron_variant,non_coding_transcript_variant
TNC	2	rs7026596	7.31e-13	intron_variant
ZNF385C	2	rs186941177	7.34e-13	intron_variant
LSAMP	2	rs76111267	7.49e-13	intron_variant,non_coding_transcript_variant
ANKFN1	2	rs186779520	8.74e-13	intron_variant
TSLP	2	rs149096812	8.9e-13	upstream_gene_variant
CFAP418-AS1	2	rs141087884	1.05e-12	intron_variant,non_coding_transcript_variant
RIC1	2	rs55786261	1.07e-12	intron_variant
RNFT2	2	rs540972957	1.12e-12	intron_variant
ENSG00000303833	2	rs191897836	1.14e-12	intron_variant,non_coding_transcript_variant
MAN1A1	2	rs191897836	1.14e-12	intron_variant
ENSG00000308852	2	rs540444594	1.17e-12	intron_variant,non_coding_transcript_variant
ENSG00000294326	2	rs551589691	1.18e-12	non_coding_transcript_exon_variant
VAT1L	2	rs551589691	1.18e-12	intron_variant
ENSG00000223920	2	rs143124251	1.34e-12	upstream_gene_variant
ENSG00000297898	2	rs192155171	1.38e-12	intron_variant,non_coding_transcript_variant
BTBD9	2	rs184830731	1.4e-12	intron_variant
EGFR	2	rs547403078	1.51e-12	intron_variant
MSC-AS1	2	rs572897004	1.51e-12	intron_variant,non_coding_transcript_variant
TRPA1	2	rs572897004	1.51e-12	intron_variant
RBMS1	2	rs555284836	1.52e-12	non_coding_transcript_exon_variant
NCMAP	2	rs573197059	1.56e-12	intron_variant
ENSG00000243797	2	rs550195765	1.59e-12	intron_variant,non_coding_transcript_variant
ENSG00000286076	2	rs550195765	1.59e-12	intron_variant,non_coding_transcript_variant
ENSG00000260658	2	rs531892983	1.65e-12	intron_variant,non_coding_transcript_variant
ENSG00000286934	2	rs547174844	1.69e-12	intron_variant,non_coding_transcript_variant
IP6K3	2	rs149847418	1.73e-12	intron_variant
ITPR1	2	rs55864359	1.73e-12	intron_variant,NMD_transcript_variant
ENSG00000249942	2	rs190870792	1.79e-12	intron_variant,non_coding_transcript_variant
LINC02645	2	rs556010853	1.87e-12	intron_variant,non_coding_transcript_variant
LTBP1	2	rs533195909	1.97e-12	intron_variant
NECTIN2	2	rs11666329	2.07e-12	intron_variant
AOPEP	2	rs143331635	2.26e-12	intron_variant
ENSG00000285540	2	rs190506247	2.5e-12	intron_variant,non_coding_transcript_variant
AGK	2	rs150613982	2.6e-12	intron_variant
AK7	2	rs561555794	2.74e-12	intron_variant
EEF1A1P20	2	rs75566187	3.01e-12	upstream_gene_variant
TP63	2	rs138450506	3.11e-12	intron_variant
HOOK1	2	rs562783018	3.25e-12	synonymous_variant
ENSG00000290569	2	rs587756950	3.32e-12	intron_variant,non_coding_transcript_variant
ENSG00000305887	2	rs587756950	3.32e-12	intron_variant,non_coding_transcript_variant
ABCA17P	2	rs369091175	3.82e-12	intron_variant,non_coding_transcript_variant
SLC14A2	2	rs542973972	3.89e-12	intron_variant
INPP4B	2	rs558112429	4.3e-12	intron_variant
MIR4307HG	2	rs559827258	4.59e-12	intron_variant,non_coding_transcript_variant
NOVA1-DT	2	rs559827258	4.59e-12	intron_variant,non_coding_transcript_variant
LINC01094	2	rs57108712	4.71e-12	intron_variant,non_coding_transcript_variant
FLJ40194	2	rs113201977	4.75e-12	intron_variant,non_coding_transcript_variant
CD226	2	rs11663959	4.77e-12	intron_variant
ITGA8	2	rs548074031	4.99e-12	intron_variant
GAL3ST2	2	rs143628759	5.08e-12	intron_variant
LINC01121	2	rs192746719	5.32e-12	intron_variant,non_coding_transcript_variant
ENSG00000295677	2	rs568301789	5.4e-12	intron_variant,non_coding_transcript_variant
PKN2-AS1	2	rs568301789	5.4e-12	intron_variant,non_coding_transcript_variant
ENSG00000271897	2	rs572645824	5.41e-12	intron_variant,non_coding_transcript_variant
ENSG00000300580	2	rs572645824	5.41e-12	intron_variant,non_coding_transcript_variant
POT1-AS1	2	rs564262275	5.53e-12	intron_variant,non_coding_transcript_variant
PTPRE	2	rs183327576	5.58e-12	intron_variant
LTO1	2	rs541145568	5.6e-12	upstream_gene_variant
MIR3142HG	2	rs17057868	5.92e-12	intron_variant,non_coding_transcript_variant
ENSG00000302974	2	rs540821943	5.97e-12	intron_variant,non_coding_transcript_variant
NCOR1P3	2	rs76876264	6.32e-12	intron_variant,non_coding_transcript_variant
UNC79	2	rs532702420	6.59e-12	intron_variant
ENSG00000230229	2	rs181615352	6.78e-12	downstream_gene_variant
CACNA1A	2	rs146539245	6.81e-12	intron_variant,NMD_transcript_variant
PPP2R2C	2	rs113913022	6.81e-12	intron_variant,non_coding_transcript_variant
LINC02267	2	rs573110798	7.19e-12	intron_variant,non_coding_transcript_variant
ANXA3	2	rs111614136	8.82e-12	intron_variant
FARP1	2	rs115813305	8.9e-12	intron_variant
FAAP20	2	rs537365970	9.73e-12	intron_variant,non_coding_transcript_variant
ENSG00000284977	2	rs138600429	9.76e-12	intron_variant,non_coding_transcript_variant
PRDM11	2	rs11600467	1.22e-11	intron_variant
CYP1B1	2	rs1800440	1.24e-11	missense_variant
CYP1B1-AS1	2	rs1800440	1.24e-11	non_coding_transcript_exon_variant
COX10-DT	2	rs540369218	1.25e-11	intron_variant,non_coding_transcript_variant
MCC	2	rs190650164	1.25e-11	intron_variant
BICC1	2	rs559042953	1.31e-11	intron_variant
GOT1-DT	2	rs573627681	1.45e-11	intron_variant,non_coding_transcript_variant
ENSG00000266602	2	rs532472635	1.52e-11	intron_variant,non_coding_transcript_variant
SUCLA2	2	rs189176616	1.52e-11	non_coding_transcript_exon_variant
DENND10	2	rs536877192	1.54e-11	intron_variant
SFXN4	2	rs536877192	1.54e-11	intron_variant,NMD_transcript_variant
TMEM72-AS1	2	rs112163836	1.64e-11	intron_variant,non_coding_transcript_variant
ENSG00000286480	2	rs147156118	1.66e-11	intron_variant,non_coding_transcript_variant
C3P1	2	rs183962544	1.75e-11	intron_variant,non_coding_transcript_variant
C1QB	2	rs113082986	1.78e-11	downstream_gene_variant
ENSG00000308848	2	rs113082986	1.78e-11	upstream_gene_variant
KIAA1958	2	rs567634044	1.85e-11	3_prime_UTR_variant
ST3GAL3	2	rs548955743	1.87e-11	intron_variant
TARS3	2	rs530211156	1.92e-11	intron_variant
ENSG00000294319	2	rs114409442	1.98e-11	intron_variant,non_coding_transcript_variant
HFM1	2	rs111913142	2.07e-11	intron_variant
LNPEP	2	rs184491866	2.07e-11	3_prime_UTR_variant
CTNNA2	2	rs572614448	2.26e-11	intron_variant
HEXIM2-AS2	2	rs192721048	2.39e-11	intron_variant,non_coding_transcript_variant
ENSG00000303580	2	rs74719286	2.41e-11	downstream_gene_variant
FTH1P26	2	rs74719286	2.41e-11	downstream_gene_variant
ENSG00000257849	2	rs555800179	2.45e-11	intron_variant,non_coding_transcript_variant
ENSG00000287530	2	rs114298312	2.59e-11	intron_variant,non_coding_transcript_variant
ENSG00000290660	2	rs114298312	2.59e-11	intron_variant,non_coding_transcript_variant
ENSG00000250421	2	rs571452929	2.71e-11	intron_variant,non_coding_transcript_variant
ENSG00000288696	2	rs141749028	2.71e-11	intron_variant,non_coding_transcript_variant
LINC01830	2	rs552274500	2.71e-11	intron_variant,non_coding_transcript_variant
TDRD1	2	rs189194296	2.9e-11	intron_variant
FAT3	2	rs182759942	2.96e-11	intron_variant
ADCY5	2	rs368766808	3.01e-11	intron_variant
ZNF91	2	rs547627463	3.05e-11	intron_variant,non_coding_transcript_variant
ENSG00000307789	2	rs7750922	3.2e-11	intron_variant,non_coding_transcript_variant
CDH4	2	rs577406275	3.28e-11	intron_variant
LAPTM4B	2	rs529590192	3.54e-11	intron_variant
ENSG00000301809	2	rs77527654	3.63e-11	downstream_gene_variant
LINC02917	2	rs77527654	3.63e-11	intron_variant,non_coding_transcript_variant
AGTR1	2	rs12695883	3.67e-11	intron_variant
AP2B1	2	rs542081440	3.69e-11	intron_variant,NMD_transcript_variant
DGKB	2	rs564898283	3.79e-11	intron_variant
ENSG00000297596	2	rs183068060	4e-11	intron_variant,non_coding_transcript_variant
ENSG00000235292	2	rs139240497	4.32e-11	intron_variant,non_coding_transcript_variant
ZNF675	2	rs529196106	4.34e-11	intron_variant
PSMB9	2	rs113206908	4.39e-11	intron_variant
KIRREL3-AS1	2	rs181827891	4.67e-11	intron_variant,non_coding_transcript_variant
AGBL4	2	rs568019490	4.72e-11	intron_variant
RBMS3	2	rs577415262	4.79e-11	intron_variant
SORCS1	2	rs544627357	4.79e-11	3_prime_UTR_variant
HMBOX1	2	rs575346502	4.95e-11	3_prime_UTR_variant
UNC5C	2	rs555897430	5.02e-11	intron_variant
SMG6	2	rs559425123	5.04e-11	intron_variant
GPM6A	2	rs78026082	5.08e-11	intron_variant
LINC00326	2	rs556000708	5.22e-11	intron_variant,non_coding_transcript_variant
ENSG00000309690	2	rs538188442	5.42e-11	intron_variant,non_coding_transcript_variant
ENSG00000229642	2	rs112225252	5.47e-11	intron_variant,non_coding_transcript_variant
ENSG00000271860	2	rs570339786	5.47e-11	intron_variant,non_coding_transcript_variant
TNR	2	rs114854208	5.47e-11	intron_variant
COL21A1	2	rs562662780	5.67e-11	intron_variant
ZBTB20	2	rs181935927	5.88e-11	intron_variant
EXT1	2	rs550058668	6.12e-11	intron_variant
MIATNB	2	rs115585186	6.14e-11	intron_variant,non_coding_transcript_variant
LINC00598	2	rs139725873	6.16e-11	intron_variant,non_coding_transcript_variant
ABCC4	2	rs118187224	6.23e-11	intron_variant,non_coding_transcript_variant
MTUS2	2	rs555041476	6.25e-11	intron_variant,non_coding_transcript_variant
ENSG00000294779	2	rs188706150	6.48e-11	intron_variant,non_coding_transcript_variant
HMG20A	2	rs188706150	6.48e-11	intron_variant
NALCN-AS1	2	rs78921182	6.62e-11	intron_variant,non_coding_transcript_variant
ENSG00000309083	2	rs529591001	6.73e-11	downstream_gene_variant
KLHL20	2	rs569621472	6.8e-11	missense_variant
ALPK2	2	rs9797329	6.97e-11	intron_variant
SLC10A7	2	rs548845470	7.4e-11	intron_variant
ENSG00000297079	2	rs545649630	7.98e-11	intron_variant,non_coding_transcript_variant
SEC63	2	rs147763238	7.98e-11	intron_variant
LINC02763	2	rs565944935	8.06e-11	intron_variant,non_coding_transcript_variant
SCN11A	2	rs114294986	8.18e-11	intron_variant
LYPD6	2	rs116949310	8.46e-11	intron_variant
TAGAP-AS1	2	rs139991613	8.7e-11	non_coding_transcript_exon_variant
TPTE2P6	2	rs558894628	8.77e-11	intron_variant,non_coding_transcript_variant
IQCH	2	rs151328686	8.78e-11	intron_variant
ATP2B2	2	rs539261764	9e-11	intron_variant
ABCB5	2	rs181128747	9.58e-11	intron_variant
UBASH3A	2	rs111164030	9.66e-11	intron_variant
ENSG00000285939	2	rs137935979	1e-10	intron_variant,non_coding_transcript_variant
LINC01091	2	rs4833938	1e-10	intron_variant,non_coding_transcript_variant
LINC02038	2	rs576130907	1.02e-10	non_coding_transcript_exon_variant
LINC00680	2	rs549632108	1.07e-10	non_coding_transcript_exon_variant
WWOX	2	rs184682894	1.07e-10	intron_variant
ZMIZ1	2	rs569284134	1.07e-10	intron_variant
ENSG00000259035	2	rs139488978	1.19e-10	intron_variant,non_coding_transcript_variant
ENSG00000295274	2	rs139488978	1.19e-10	intron_variant,non_coding_transcript_variant
SH3RF3	2	rs563486044	1.24e-10	intron_variant
DSTN	2	rs16999465	1.28e-10	5_prime_UTR_variant
ENSG00000298975	2	rs193290038	1.3e-10	intron_variant,non_coding_transcript_variant
RCAN2	2	rs565165450	1.3e-10	intron_variant
LINC02534	2	rs55814334	1.36e-10	upstream_gene_variant
ENSG00000310201	2	rs569951371	1.38e-10	intron_variant,non_coding_transcript_variant
TRIM51CP	2	rs369372428	1.39e-10	non_coding_transcript_exon_variant
DOK5	2	rs78210149	1.45e-10	intron_variant
LINC03009	2	rs193121062	1.51e-10	intron_variant,non_coding_transcript_variant
POMZP3	2	rs193121062	1.51e-10	intron_variant
DACH1	2	rs530107494	1.56e-10	intron_variant
LGR5	2	rs572005462	1.56e-10	intron_variant
ENSG00000253377	2	rs78162869	1.6e-10	intron_variant,non_coding_transcript_variant
ENSG00000305398	2	rs535397817	1.79e-10	intron_variant,non_coding_transcript_variant
TRPM3	2	rs192487861	1.79e-10	intron_variant,non_coding_transcript_variant
WDFY4	2	rs186069103	1.91e-10	intron_variant
ASXL3-DT	2	rs529113681	1.92e-10	intron_variant,non_coding_transcript_variant
BAALC-AS1	2	rs189588532	1.93e-10	intron_variant,non_coding_transcript_variant
FZD6	2	rs189588532	1.93e-10	intron_variant
KCNIP4	2	rs189532633	2.12e-10	intron_variant
LHX9	2	rs548258989	2.28e-10	intron_variant
ENSG00000286182	2	rs78026634	2.41e-10	intron_variant,non_coding_transcript_variant
RPTOR	2	rs540886260	2.45e-10	intron_variant
PTPRT	2	rs564048245	2.5e-10	intron_variant
NKAIN2	2	rs556193032	2.63e-10	intron_variant
LINC00578	2	rs191870210	2.69e-10	intron_variant,non_coding_transcript_variant
PSD3	2	rs148162322	2.69e-10	intron_variant
XKR4	2	rs551069229	2.74e-10	intron_variant
SND1	2	rs528744879	2.88e-10	intron_variant
ZNF236-DT	2	rs75042128	2.96e-10	intron_variant,non_coding_transcript_variant
ENSG00000306021	2	rs138382079	2.99e-10	downstream_gene_variant
RN7SL791P	2	rs75650974	3.02e-10	downstream_gene_variant
PIRAT1	2	rs190649072	3.06e-10	intron_variant,non_coding_transcript_variant
EIF2AK3	2	rs567394653	3.15e-10	intron_variant
EFCAB11	2	rs551142124	3.2e-10	intron_variant
OSBPL7	2	rs59111282	3.37e-10	synonymous_variant
ENSG00000289943	2	rs561040813	3.48e-10	intron_variant,non_coding_transcript_variant
ACTL8	2	rs114467466	3.54e-10	intron_variant
OFCC1	2	rs554722118	3.57e-10	intron_variant,non_coding_transcript_variant
IFT20	2	rs565233379	3.64e-10	intron_variant,non_coding_transcript_variant
TNFAIP1	2	rs565233379	3.64e-10	5_prime_UTR_variant
CHPT1	2	rs113120648	4.36e-10	intron_variant,NMD_transcript_variant
GNPTAB	2	rs113120648	4.36e-10	intron_variant
FBXW10	2	rs530369848	4.72e-10	intron_variant
LINC01722	2	rs528586928	4.95e-10	intron_variant,non_coding_transcript_variant
LYPLAL1-DT	2	rs191870404	5.18e-10	intron_variant,non_coding_transcript_variant
ANKRD40CL	2	rs73987905	5.27e-10	3_prime_UTR_variant
MIR8059	2	rs73987905	5.27e-10	upstream_gene_variant
FMO1-AS1	2	rs543523249	5.32e-10	non_coding_transcript_exon_variant
EIF2AK2	2	rs549739773	5.57e-10	intron_variant
KCNH1	2	rs188693706	5.57e-10	intron_variant
ERGIC2	2	rs12580072	5.61e-10	intron_variant
GPRIN3	2	rs142335867	5.61e-10	3_prime_UTR_variant
PRKCB	2	rs549770124	6.33e-10	intron_variant
ENSG00000267868	2	rs563029998	6.49e-10	non_coding_transcript_exon_variant
MCF2L	2	rs563029998	6.49e-10	intron_variant
TEX36	2	rs189143482	6.5e-10	intron_variant
ACAD10	2	rs75263151	6.53e-10	intron_variant
BRAP	2	rs75263151	6.53e-10	intron_variant
PTGES3	2	rs139170956	6.57e-10	5_prime_UTR_variant
LINC02715	2	rs182603663	6.6e-10	intron_variant,non_coding_transcript_variant
ENSG00000253614	2	rs566681238	6.65e-10	upstream_gene_variant
ADGRB3	2	rs115300380	6.85e-10	intron_variant
ENSG00000233358	2	rs538914865	7.02e-10	intron_variant,non_coding_transcript_variant
ENSG00000248373	2	rs562597709	7.25e-10	intron_variant,non_coding_transcript_variant
PDGFRA	2	rs560011984	7.44e-10	intron_variant
MYRIP	2	rs564918356	8.21e-10	intron_variant
ENSG00000273118	2	rs4673685	8.58e-10	intron_variant,non_coding_transcript_variant
LINC01036	2	rs531839574	9.98e-10	intron_variant,non_coding_transcript_variant
ENSG00000300073	2	rs147235361	1.01e-09	intron_variant,non_coding_transcript_variant
NXN	2	rs192258066	1.04e-09	intron_variant
CNBD1	2	rs545731069	1.1e-09	intron_variant
ROBO2	2	rs562229527	1.11e-09	intron_variant
ENSG00000298551	2	rs144138047	1.13e-09	intron_variant,non_coding_transcript_variant
SUCLG2	2	rs144138047	1.13e-09	intron_variant,NMD_transcript_variant
ENSG00000283078	2	rs556306301	1.18e-09	intron_variant,non_coding_transcript_variant
TAF4	2	rs556306301	1.18e-09	intron_variant
ENSG00000302498	2	rs182074033	1.2e-09	intron_variant,non_coding_transcript_variant
HSPA12A	2	rs146598271	1.26e-09	intron_variant
ENSG00000274177	2	rs377186492	1.27e-09	upstream_gene_variant
TMEM259	2	rs377186492	1.27e-09	intron_variant
NCKAP5	2	rs543264410	1.28e-09	intron_variant
LINC02607	2	rs557334934	1.31e-09	intron_variant,non_coding_transcript_variant
MIR100HG	2	rs369517668	1.36e-09	intron_variant,non_coding_transcript_variant
GPC5	2	rs146205558	1.44e-09	intron_variant
ENSG00000225330	2	rs185113764	1.45e-09	intron_variant,non_coding_transcript_variant
ENSG00000253699	2	rs534670472	1.53e-09	intron_variant,non_coding_transcript_variant
LYPLAL1	2	rs554562919	1.54e-09	intron_variant,NMD_transcript_variant
FITM2	2	rs564145447	1.62e-09	intron_variant
FCRL4	2	rs575202382	1.66e-09	intron_variant
SLC24A3	2	rs550203708	1.77e-09	intron_variant
KAZN	2	rs575920201	1.86e-09	intron_variant
ENSG00000251471	2	rs535758981	1.9e-09	intron_variant,non_coding_transcript_variant
INCR1	2	rs150451811	1.9e-09	intron_variant,non_coding_transcript_variant
PPP3R1	2	rs112861794	1.93e-09	intron_variant
CCDC26	2	rs58452854	1.96e-09	intron_variant,non_coding_transcript_variant
NT5DC3	2	rs116627818	2.03e-09	intron_variant
COL8A1	2	rs73858891	2.15e-09	intron_variant
ENSG00000296790	2	rs73858891	2.15e-09	intron_variant,non_coding_transcript_variant
LINC02346	2	rs143866551	2.44e-09	intron_variant,non_coding_transcript_variant
ARAP2	2	rs138186092	2.49e-09	intron_variant
RASGRF1	2	rs181640607	2.52e-09	intron_variant
ATP10A	2	rs575277587	2.56e-09	intron_variant
CLCF1	2	rs533125361	2.81e-09	intron_variant
ENSG00000275484	2	rs533125361	2.81e-09	upstream_gene_variant
ENTPD3	2	rs185724875	2.81e-09	intron_variant
ENSG00000303665	2	rs547760011	2.83e-09	intron_variant,non_coding_transcript_variant
GNG12	2	rs17130280	2.86e-09	intron_variant
ENSG00000291094	2	rs188823772	3.4e-09	intron_variant,non_coding_transcript_variant
CYP19A1	2	rs568659584	3.54e-09	intron_variant
MIR4713HG	2	rs568659584	3.54e-09	intron_variant,non_coding_transcript_variant
CPXM2	2	rs576951800	3.6e-09	3_prime_UTR_variant
SLC8A1	2	rs77228852	3.74e-09	intron_variant
ENSG00000259697	2	rs185811819	3.77e-09	intron_variant,non_coding_transcript_variant
ENSG00000289571	2	rs185811819	3.77e-09	intron_variant,non_coding_transcript_variant
ENSG00000307438	2	rs185811819	3.77e-09	downstream_gene_variant
CAMK1D	2	rs183357919	3.79e-09	intron_variant
ENSG00000294582	2	rs543627816	3.97e-09	intron_variant,non_coding_transcript_variant
ENSG00000259345	2	rs75421962	4.3e-09	non_coding_transcript_exon_variant
ADCY1	2	rs76498226	4.34e-09	intron_variant
LINC02535	2	rs553198986	4.64e-09	intron_variant,non_coding_transcript_variant
ENSG00000309733	1	rs9271726	2.05e-152	upstream_gene_variant
ZPBP2	1	rs12939565	8.9e-133	downstream_gene_variant
ENSG00000304533	1	rs12470864	6.87e-97	downstream_gene_variant
ENSG00000306637	1	rs62192033	1.13e-93	upstream_gene_variant
ENSG00000254755	1	rs55646091	9.6e-76	upstream_gene_variant
IL13	1	rs3091308	7.72e-75	upstream_gene_variant
ENSG00000305259	1	rs7824394	9.5e-67	upstream_gene_variant
HLA-DOB	1	rs41316239	4.34e-62	downstream_gene_variant
ENSG00000304559	1	rs148451580	2.9e-61	non_coding_transcript_exon_variant
ENSG00000305565	1	rs3122929	1.85e-55	downstream_gene_variant
ENSG00000257449	1	rs705705	1.17e-53	non_coding_transcript_exon_variant
IKZF4	1	rs705705	1.17e-53	downstream_gene_variant
RPS26	1	rs705705	1.17e-53	intron_variant
FLG	1	rs61816761	2.24e-53	stop_gained
ENSG00000300094	1	rs112502960	6.25e-45	downstream_gene_variant
ZNF652	1	rs112502960	6.25e-45	5_prime_UTR_variant
ENSG00000299313	1	rs117710327	2.9e-42	downstream_gene_variant
ENSG00000304239	1	rs7221894	1.2e-41	upstream_gene_variant
PSMD3-AS1	1	rs7221894	1.2e-41	intron_variant,non_coding_transcript_variant
CD247	1	rs1617988	1.36e-41	intron_variant
BRD10	1	rs117134689	2.63e-41	intron_variant
UBAC2	1	rs1319132	3.22e-39	intron_variant
BLTP1	1	rs76120566	3.52e-38	intron_variant
ENSG00000300546	1	rs249681	1.15e-35	intron_variant,non_coding_transcript_variant
OLMALINC	1	rs570927678	3.35e-34	intron_variant,non_coding_transcript_variant
ENSG00000294945	1	rs10751640	2.17e-33	downstream_gene_variant
GSDMB	1	rs117097909	1.23e-32	intron_variant
ENSG00000248223	1	rs185221697	2.82e-32	downstream_gene_variant
ENSG00000249199	1	rs185221697	2.82e-32	downstream_gene_variant
ENSG00000302913	1	rs185221697	2.82e-32	intron_variant,non_coding_transcript_variant
LINC02111	1	rs185221697	2.82e-32	intron_variant,non_coding_transcript_variant
ENSG00000300052	1	rs7210983	8.07e-30	upstream_gene_variant
KRT222	1	rs7210983	8.07e-30	intron_variant,NMD_transcript_variant
RNU6-70P	1	rs113889357	1.98e-29	upstream_gene_variant
LRP1	1	rs17547610	2.78e-29	intron_variant
AP1B1	1	rs76890695	8.25e-29	intron_variant
ENSG00000290778	1	rs76890695	8.25e-29	intron_variant,non_coding_transcript_variant
FADS1	1	rs174551	1.08e-28	5_prime_UTR_variant
FADS2	1	rs174551	1.08e-28	intron_variant,non_coding_transcript_variant
AHSG	1	rs575384931	1.97e-28	upstream_gene_variant
HRG-AS1	1	rs575384931	1.97e-28	intron_variant,non_coding_transcript_variant
LINC02757	1	rs147739507	9.15e-28	intron_variant,non_coding_transcript_variant
COPS8-DT	1	rs538590173	9.56e-28	intron_variant,non_coding_transcript_variant
ENSG00000304589	1	rs538590173	9.56e-28	intron_variant,non_coding_transcript_variant
LINC02309	1	rs538278633	3.97e-27	intron_variant,non_coding_transcript_variant
IL1R1-AS1	1	rs74180212	4.44e-27	intron_variant,non_coding_transcript_variant
JAZF1-AS1	1	rs849333	6.39e-27	upstream_gene_variant
ENSG00000306187	1	rs550427753	6.49e-27	upstream_gene_variant
KCTD17	1	rs550427753	6.49e-27	intron_variant
RN7SKP214	1	rs550427753	6.49e-27	downstream_gene_variant
C4B	1	rs6462	6.95e-27	downstream_gene_variant
C4B-AS1	1	rs6462	6.95e-27	upstream_gene_variant
CYP21A2	1	rs6462	6.95e-27	non_coding_transcript_exon_variant
TNXB	1	rs6462	6.95e-27	downstream_gene_variant
RNU1-61P	1	rs117137018	1.34e-26	upstream_gene_variant
ENSG00000291111	1	rs3116990	3.03e-26	non_coding_transcript_exon_variant
ENSG00000301948	1	rs3116990	3.03e-26	intron_variant,non_coding_transcript_variant
HLA-DPA3	1	rs3116990	3.03e-26	intron_variant,non_coding_transcript_variant
HLA-DPB2	1	rs3116990	3.03e-26	downstream_gene_variant
LINC01149	1	rs9267111	3.24e-26	non_coding_transcript_exon_variant
ENSG00000259862	1	rs528032160	7.92e-26	intron_variant,non_coding_transcript_variant
ENSG00000295299	1	rs528032160	7.92e-26	upstream_gene_variant
ENSG00000307184	1	rs58029167	8.05e-26	intron_variant,non_coding_transcript_variant
LINC01739	1	rs549030858	8.74e-26	intron_variant,non_coding_transcript_variant
MED1	1	rs7212218	9.8e-26	intron_variant
CDK12	1	rs72827105	1.3e-25	intron_variant
ENSG00000248349	1	rs62351976	1.34e-25	downstream_gene_variant
ENSG00000279737	1	rs62351976	1.34e-25	downstream_gene_variant
ENSG00000294261	1	rs35988070	2.44e-25	downstream_gene_variant
HLA-A	1	rs28749158	3.37e-25	3_prime_UTR_variant,NMD_transcript_variant
OTULINL	1	rs16903574	5.9e-25	missense_variant
ENSG00000261025	1	rs12131497	6.32e-25	upstream_gene_variant
ENSG00000306318	1	rs10892305	8.86e-25	downstream_gene_variant
CFAP54	1	rs114355466	9.59e-25	intron_variant
ENSG00000306831	1	rs529119341	1.18e-24	intron_variant,non_coding_transcript_variant
LUZP2	1	rs536084500	2.45e-24	intron_variant
ZNF845	1	rs570995797	2.64e-24	3_prime_UTR_variant
SATB1-AS1	1	rs537153307	2.76e-24	intron_variant,non_coding_transcript_variant
SIK2	1	rs61896951	4.06e-24	intron_variant
RBM47	1	rs548242521	8.66e-24	intron_variant
NTRK3	1	rs550441626	8.71e-24	intron_variant
NCR3	1	rs71563353	1.56e-23	upstream_gene_variant
LINC02277	1	rs541523992	1.63e-23	intron_variant,non_coding_transcript_variant
ENSG00000290482	1	rs562156095	2.45e-23	intron_variant,non_coding_transcript_variant
LINC02408	1	rs141668396	2.57e-23	non_coding_transcript_exon_variant
ZGPAT	1	rs7262150	2.9e-23	intron_variant
ENSG00000200753	1	rs71526323	3.12e-23	downstream_gene_variant
PLCXD3	1	rs147868033	4.48e-23	intron_variant
ACO2	1	rs169363	4.56e-23	intron_variant
PHF5A	1	rs169363	4.56e-23	intron_variant
ENSG00000236194	1	rs9909628	5.95e-23	downstream_gene_variant
ENSG00000267758	1	rs9909628	5.95e-23	upstream_gene_variant
STAT5B	1	rs9909628	5.95e-23	intron_variant
MYH15	1	rs78074993	6.12e-23	intron_variant
ENSG00000235749	1	rs569426757	6.13e-23	intron_variant,non_coding_transcript_variant
ENSG00000276728	1	rs12936466	7.56e-23	upstream_gene_variant
HEXIM1	1	rs12936466	7.56e-23	downstream_gene_variant
HEXIM2-AS1	1	rs12936466	7.56e-23	intron_variant,non_coding_transcript_variant
GFOD1	1	rs529709481	9.23e-23	intron_variant
GATA3	1	rs3824661	1.13e-22	intron_variant
LINC01618	1	rs73814855	1.54e-22	intron_variant,non_coding_transcript_variant
RUNX3	1	rs61774728	1.81e-22	intron_variant
ICA1	1	rs576076433	1.94e-22	intron_variant
ANKRD36P2	1	rs74747954	2.14e-22	upstream_gene_variant
BASP1	1	rs183693906	2.91e-22	intron_variant
BASP1-AS1	1	rs183693906	2.91e-22	intron_variant,non_coding_transcript_variant
RNA5SP180	1	rs183693906	2.91e-22	upstream_gene_variant
CCDC85B	1	rs3867128	4.49e-22	upstream_gene_variant
CTSW	1	rs3867128	4.49e-22	downstream_gene_variant
ENSG00000305207	1	rs3867128	4.49e-22	downstream_gene_variant
FIBP	1	rs3867128	4.49e-22	intron_variant
ENSG00000250149	1	rs555409217	4.62e-22	intron_variant,non_coding_transcript_variant
RNU6-283P	1	rs2922999	5.1e-22	upstream_gene_variant
ENSG00000258122	1	rs570700413	6.34e-22	downstream_gene_variant
DAPK2	1	rs542392817	6.61e-22	intron_variant
ENSG00000259351	1	rs542392817	6.61e-22	downstream_gene_variant
EFNA5	1	rs115698288	7.73e-22	intron_variant
RAB3D	1	rs145029725	9.48e-22	intron_variant
FAM83F	1	rs532408267	9.85e-22	intron_variant
ARID3BP1	1	rs557069037	1.26e-21	downstream_gene_variant
ENSG00000227960	1	rs557069037	1.26e-21	upstream_gene_variant
ENSG00000271251	1	rs10795633	1.3e-21	downstream_gene_variant
LMCD1-AS1	1	rs551781277	1.47e-21	intron_variant,non_coding_transcript_variant
PHETA1	1	rs142365849	1.47e-21	downstream_gene_variant
ENSG00000286749	1	rs533792043	1.85e-21	intron_variant,non_coding_transcript_variant
LINC01470	1	rs533792043	1.85e-21	intron_variant,non_coding_transcript_variant
ENSG00000270897	1	rs560022931	1.9e-21	downstream_gene_variant
LINC02752	1	rs560022931	1.9e-21	intron_variant,non_coding_transcript_variant
MRLN	1	rs73267584	2.13e-21	intron_variant
LINC01063	1	rs1684466	2.42e-21	non_coding_transcript_exon_variant
LINC00708	1	rs113981909	2.46e-21	intron_variant,non_coding_transcript_variant
IL6	1	rs7802307	2.98e-21	5_prime_UTR_variant
IL6-AS1	1	rs7802307	2.98e-21	intron_variant,non_coding_transcript_variant
ANLN	1	rs549298398	3.02e-21	downstream_gene_variant
ENSG00000237400	1	rs549298398	3.02e-21	upstream_gene_variant
CACNA2D3	1	rs564028026	3.97e-21	intron_variant,NMD_transcript_variant
ENSG00000272540	1	rs7781	4.19e-21	upstream_gene_variant
FLOT1	1	rs7781	4.19e-21	downstream_gene_variant
TUBB	1	rs7781	4.19e-21	3_prime_UTR_variant
IFT88	1	rs191530669	5.74e-21	intron_variant
ENSG00000228037	1	rs2016366	5.75e-21	intron_variant,non_coding_transcript_variant
ENSG00000289610	1	rs2016366	5.75e-21	upstream_gene_variant
ENSG00000307958	1	rs2016366	5.75e-21	upstream_gene_variant
PRXL2B	1	rs2016366	5.75e-21	upstream_gene_variant
ENSG00000310205	1	rs114048096	7.24e-21	intron_variant,non_coding_transcript_variant
GOLGA8F	1	rs543373600	7.36e-21	upstream_gene_variant
UNC13C	1	rs572440779	7.47e-21	intron_variant
ENSG00000296770	1	rs190029525	7.64e-21	intron_variant,non_coding_transcript_variant
PTPRG	1	rs373682209	7.93e-21	intron_variant
P4HA1	1	rs543715010	1.01e-20	intron_variant
GPD2	1	rs578157227	1.07e-20	intron_variant,NMD_transcript_variant
ENSG00000291046	1	rs566362702	1.39e-20	intron_variant,non_coding_transcript_variant
LINC00539	1	rs566362702	1.39e-20	intron_variant,non_coding_transcript_variant
MIPEPP3	1	rs566362702	1.39e-20	downstream_gene_variant
MUSK	1	rs565908580	1.42e-20	intron_variant
AVEN	1	rs142833331	1.43e-20	intron_variant
C17orf100	1	rs545989971	1.43e-20	intron_variant,NMD_transcript_variant
ENSG00000290366	1	rs545989971	1.43e-20	intron_variant,non_coding_transcript_variant
PHF20L1	1	rs564869949	1.5e-20	upstream_gene_variant
ATP6V1G2	1	rs34492353	1.55e-20	upstream_gene_variant
NFKBIL1	1	rs34492353	1.55e-20	intron_variant
ENSG00000226716	1	rs79491862	2.14e-20	intron_variant,non_coding_transcript_variant
PUDPP2	1	rs79491862	2.14e-20	downstream_gene_variant
PTPRO	1	rs76251111	2.61e-20	intron_variant
RERG	1	rs76251111	2.61e-20	intron_variant
NDUFAF1	1	rs4924544	2.78e-20	intron_variant
ENSG00000287105	1	rs537897582	2.85e-20	upstream_gene_variant
ENSG00000303697	1	rs4845604	3.24e-20	upstream_gene_variant
DGKG	1	rs185986816	3.35e-20	intron_variant
GRHL1	1	rs536920683	3.42e-20	intron_variant
ENSG00000287795	1	rs564750050	3.91e-20	downstream_gene_variant
ENSG00000255404	1	rs10791824	3.94e-20	downstream_gene_variant
ENSG00000309898	1	rs10791824	3.94e-20	upstream_gene_variant
OVOL1	1	rs10791824	3.94e-20	intron_variant
OVOL1-AS1	1	rs10791824	3.94e-20	upstream_gene_variant
ENSG00000286661	1	rs111261380	4.02e-20	intron_variant,non_coding_transcript_variant
SLC39A11	1	rs528176234	4.2e-20	intron_variant
ENSG00000226965	1	rs79788659	4.23e-20	intron_variant,non_coding_transcript_variant
EIF2S2P3	1	rs7918084	5.29e-20	non_coding_transcript_exon_variant
ENSG00000249764	1	rs143445255	5.42e-20	downstream_gene_variant
SMARCC1	1	rs146563712	5.49e-20	non_coding_transcript_exon_variant
ENSG00000288745	1	rs189295374	6.38e-20	non_coding_transcript_exon_variant
RNF111	1	rs189295374	6.38e-20	intron_variant
SYCE3	1	rs560825322	7.49e-20	intron_variant
ENSG00000302761	1	rs561635278	7.64e-20	intron_variant,non_coding_transcript_variant
ENSG00000304354	1	rs574435821	7.91e-20	intron_variant,non_coding_transcript_variant
HERC5	1	rs574435821	7.91e-20	intron_variant
KBTBD11	1	rs542383204	8.15e-20	intron_variant
KBTBD11-OT1	1	rs542383204	8.15e-20	non_coding_transcript_exon_variant
ASB4	1	rs113050249	8.37e-20	intron_variant
COG6	1	rs28635831	8.54e-20	intron_variant,NMD_transcript_variant
ENSG00000249293	1	rs559853491	8.83e-20	upstream_gene_variant
ENSG00000310409	1	rs572507794	9.2e-20	intron_variant,non_coding_transcript_variant
EHD4	1	rs372019101	1.01e-19	3_prime_UTR_variant
ENSG00000174171	1	rs372019101	1.01e-19	non_coding_transcript_exon_variant
SPTBN5	1	rs372019101	1.01e-19	upstream_gene_variant
ARHGAP26	1	rs547735028	1.04e-19	intron_variant
RNU6-880P	1	rs553929799	1.1e-19	downstream_gene_variant
SLC2A1-DT	1	rs553929799	1.1e-19	intron_variant,non_coding_transcript_variant
LINC01811	1	rs549514839	1.13e-19	intron_variant,non_coding_transcript_variant
ORAI3	1	rs570874297	1.37e-19	upstream_gene_variant
ENSG00000295441	1	rs182011134	1.48e-19	upstream_gene_variant
CFAP144P2	1	rs10186746	1.49e-19	non_coding_transcript_exon_variant
ENSG00000303263	1	rs10186746	1.49e-19	downstream_gene_variant
ATP6V0CP4	1	rs554528507	1.62e-19	downstream_gene_variant
SLC2A1	1	rs554528507	1.62e-19	intron_variant
CCBE1	1	rs541961434	1.96e-19	intron_variant
PSD2-AS1	1	rs147562575	2.19e-19	downstream_gene_variant
RNU6-907P	1	rs187146369	2.31e-19	upstream_gene_variant
AGA-DT	1	rs138449600	2.45e-19	intron_variant,non_coding_transcript_variant
DPY19L1P1	1	rs552246512	2.54e-19	intron_variant,non_coding_transcript_variant
ENSG00000293957	1	rs552246512	2.54e-19	intron_variant,non_coding_transcript_variant
AHI1	1	rs2143793	2.64e-19	intron_variant
DAW1	1	rs548526758	3.36e-19	intron_variant
EMCN	1	rs140673264	3.77e-19	intron_variant,non_coding_transcript_variant
LINC02929	1	rs138012443	3.9e-19	downstream_gene_variant
AKR1C4	1	rs538883899	3.94e-19	downstream_gene_variant
ENSG00000247121	1	rs564941475	4.31e-19	intron_variant,non_coding_transcript_variant
ERAP2	1	rs564941475	4.31e-19	intron_variant
MAP3K14	1	rs4247364	4.76e-19	downstream_gene_variant
MAP3K14-AS1	1	rs4247364	4.76e-19	intron_variant,non_coding_transcript_variant
SPATA32	1	rs4247364	4.76e-19	intron_variant
ENSG00000253155	1	rs369028166	5.26e-19	downstream_gene_variant
BANF1P5	1	rs546869859	7.57e-19	upstream_gene_variant
SHC3	1	rs184004899	7.68e-19	intron_variant
ENSG00000298782	1	rs7189678	8.09e-19	intron_variant,non_coding_transcript_variant
PLXDC2	1	rs184195810	1.15e-18	intron_variant
ENSG00000254810	1	rs12718488	1.27e-18	intron_variant,non_coding_transcript_variant
LRRC32-AS1	1	rs12718488	1.27e-18	upstream_gene_variant
ENSG00000218418	1	rs188419495	1.45e-18	non_coding_transcript_exon_variant
ENSG00000288071	1	rs188419495	1.45e-18	intron_variant,non_coding_transcript_variant
SNX29	1	rs532047322	1.49e-18	intron_variant
SNX29-AS2	1	rs532047322	1.49e-18	downstream_gene_variant
GJA1	1	rs35586997	1.55e-18	intron_variant
WT1-AS	1	rs374689417	1.77e-18	non_coding_transcript_exon_variant
ENSG00000286134	1	rs201495976	1.78e-18	intron_variant,non_coding_transcript_variant
GAU1	1	rs141648417	1.78e-18	intron_variant,non_coding_transcript_variant
LINC01241	1	rs73642412	1.82e-18	intron_variant,non_coding_transcript_variant
SEC13P1	1	rs60508576	2.2e-18	downstream_gene_variant
ENSG00000248884	1	rs561179975	2.31e-18	intron_variant,non_coding_transcript_variant
ENSG00000306192	1	rs561179975	2.31e-18	downstream_gene_variant
ZC3H12D	1	rs56383785	2.37e-18	intron_variant
ENSG00000302841	1	rs535566248	2.5e-18	non_coding_transcript_exon_variant
MEF2C-AS2	1	rs535566248	2.5e-18	intron_variant,non_coding_transcript_variant
MIR9-2HG	1	rs535566248	2.5e-18	intron_variant,non_coding_transcript_variant
ZRANB2-DT	1	rs567949921	2.6e-18	intron_variant,non_coding_transcript_variant
N4BP2L1	1	rs148626587	2.79e-18	downstream_gene_variant
ENSG00000307964	1	rs548931334	3.06e-18	upstream_gene_variant
LINP1	1	rs548931334	3.06e-18	intron_variant,non_coding_transcript_variant
ENSG00000253573	1	rs567226195	3.17e-18	intron_variant,non_coding_transcript_variant
LINC00276	1	rs572176443	3.2e-18	intron_variant,non_coding_transcript_variant
WDR37	1	rs559942455	3.28e-18	intron_variant
EIF4EP2	1	rs72837213	3.44e-18	downstream_gene_variant
PHB1	1	rs72837213	3.44e-18	intron_variant
LINC01982	1	rs150174385	3.59e-18	intron_variant,non_coding_transcript_variant
SEMA6D	1	rs564533920	4.19e-18	intron_variant
ENSG00000305474	1	rs545091099	4.7e-18	downstream_gene_variant
RNU6-777P	1	rs6690285	4.92e-18	downstream_gene_variant
DPP7	1	rs145842726	5.17e-18	non_coding_transcript_exon_variant
ENSG00000299654	1	rs145842726	5.17e-18	downstream_gene_variant
ENSG00000288714	1	rs577358417	5.32e-18	intron_variant,non_coding_transcript_variant
RNA5SP220	1	rs577358417	5.32e-18	downstream_gene_variant
LINC02835	1	rs140819990	5.39e-18	downstream_gene_variant
PRR5L	1	rs2592555	6.51e-18	intron_variant
TPK1	1	rs144496283	6.56e-18	intron_variant
EEFSEC	1	rs56397996	7.26e-18	intron_variant
GREB1L	1	rs548729938	7.64e-18	intron_variant
ENSG00000253143	1	rs559242555	7.79e-18	intron_variant,non_coding_transcript_variant
LINC03020	1	rs559242555	7.79e-18	intron_variant,non_coding_transcript_variant
RN7SL203P	1	rs559242555	7.79e-18	downstream_gene_variant
ENSG00000309114	1	rs570845848	9.14e-18	intron_variant,non_coding_transcript_variant
ENSG00000294208	1	rs74747014	1.05e-17	intron_variant,non_coding_transcript_variant
SPSB1	1	rs67551275	1.32e-17	intron_variant
WASHC4	1	rs566629577	1.39e-17	synonymous_variant
SGF29	1	rs117814920	1.52e-17	intron_variant
ENSG00000294626	1	rs543183348	1.61e-17	downstream_gene_variant
GSE1	1	rs559712054	1.71e-17	intron_variant
KAT14	1	rs191900956	2e-17	intron_variant
FAM21EP	1	rs372353853	2.09e-17	intron_variant,non_coding_transcript_variant
CHEK1	1	rs568214848	2.14e-17	intron_variant
SLIRPP2	1	rs545951249	2.17e-17	upstream_gene_variant
ENSG00000289364	1	rs538480028	2.18e-17	intron_variant,non_coding_transcript_variant
PTPRC	1	rs76181804	2.35e-17	intron_variant
PRICKLE2	1	rs553205203	2.38e-17	intron_variant
ENSG00000304438	1	rs184482331	2.47e-17	downstream_gene_variant
ENSG00000304458	1	rs184482331	2.47e-17	upstream_gene_variant
HSD17B1	1	rs184482331	2.47e-17	upstream_gene_variant
HSD17B1-AS1	1	rs184482331	2.47e-17	downstream_gene_variant
HSD17B1P1	1	rs184482331	2.47e-17	downstream_gene_variant
CDK4	1	rs146323526	2.62e-17	upstream_gene_variant
CYP27B1	1	rs146323526	2.62e-17	downstream_gene_variant
MARCHF9	1	rs146323526	2.62e-17	missense_variant
RTN4IP1	1	rs187320309	2.73e-17	3_prime_UTR_variant
TET3	1	rs183338621	2.85e-17	intron_variant
ENSG00000231681	1	rs555526040	3.04e-17	intron_variant,non_coding_transcript_variant
CD48	1	rs149897355	3.54e-17	downstream_gene_variant
ENSG00000228863	1	rs149897355	3.54e-17	intron_variant,non_coding_transcript_variant
SETP9	1	rs149897355	3.54e-17	downstream_gene_variant
SCAF8	1	rs4385322	3.58e-17	intron_variant
TGFBR1	1	rs41283642	3.7e-17	3_prime_UTR_variant
ENSG00000259672	1	rs182159433	3.71e-17	upstream_gene_variant
ENSG00000304541	1	rs182159433	3.71e-17	intron_variant,non_coding_transcript_variant
EFCAB6	1	rs529093103	4.21e-17	intron_variant
ENSG00000299489	1	rs529093103	4.21e-17	non_coding_transcript_exon_variant
ATP8B1	1	rs573522714	4.28e-17	upstream_gene_variant
ENSG00000303117	1	rs573522714	4.28e-17	intron_variant,non_coding_transcript_variant
ENSG00000224272	1	rs62193093	4.6e-17	non_coding_transcript_exon_variant
NEU4	1	rs62193093	4.6e-17	intron_variant
ENSG00000310257	1	rs148281161	4.63e-17	intron_variant,non_coding_transcript_variant
CYTIP	1	rs139924082	4.66e-17	intron_variant
GNA15	1	rs117552144	4.7e-17	5_prime_UTR_variant
RPL35P10	1	rs117552144	4.7e-17	downstream_gene_variant
ENSG00000285940	1	rs574939045	5.02e-17	intron_variant,non_coding_transcript_variant
ENSG00000297487	1	rs112352919	5.03e-17	downstream_gene_variant
ENSG00000299897	1	rs534826554	5.49e-17	intron_variant,non_coding_transcript_variant
RPL21P38	1	rs562451887	5.58e-17	downstream_gene_variant
ENSG00000254092	1	rs564240876	5.96e-17	intron_variant,non_coding_transcript_variant
ENSG00000254260	1	rs564240876	5.96e-17	intron_variant,non_coding_transcript_variant
ARSG	1	rs562167529	6.03e-17	intron_variant
ANKRD26	1	rs115427693	6.36e-17	intron_variant
RPL35P3	1	rs529350912	6.67e-17	upstream_gene_variant
ENSG00000301688	1	rs553925990	6.68e-17	intron_variant,non_coding_transcript_variant
TRIM14	1	rs533936387	6.77e-17	intron_variant
LCE1B	1	rs11804609	6.87e-17	upstream_gene_variant
CLDN14	1	rs550188093	7.13e-17	5_prime_UTR_variant
ENSG00000286852	1	rs550188093	7.13e-17	upstream_gene_variant
ENSG00000305312	1	rs535171706	7.13e-17	downstream_gene_variant
LNCTSI	1	rs550188093	7.13e-17	intron_variant,non_coding_transcript_variant
STRA6	1	rs573711677	7.16e-17	intron_variant
ARIH2	1	rs202082295	7.22e-17	splice_acceptor_variant
ENSG00000235236	1	rs202082295	7.22e-17	downstream_gene_variant
ENSG00000296233	1	rs80194082	7.46e-17	intron_variant,non_coding_transcript_variant
ENSG00000303319	1	rs374494611	7.68e-17	intron_variant,non_coding_transcript_variant
CYP2T3P	1	rs530396246	8.28e-17	downstream_gene_variant
ENSG00000301056	1	rs530396246	8.28e-17	intron_variant,non_coding_transcript_variant
ENSG00000301076	1	rs530396246	8.28e-17	downstream_gene_variant
CHST11	1	rs115006960	8.55e-17	downstream_gene_variant
PKDREJ	1	rs564036611	8.74e-17	upstream_gene_variant
TTC38	1	rs564036611	8.74e-17	upstream_gene_variant
FMOD	1	rs572044880	8.9e-17	intron_variant
BCL6	1	rs9841150	8.91e-17	downstream_gene_variant
ENSG00000228804	1	rs9841150	8.91e-17	intron_variant,non_coding_transcript_variant
RALA	1	rs149739757	9.02e-17	intron_variant
ENSG00000267079	1	rs541805179	9.17e-17	non_coding_transcript_exon_variant
ENSG00000267661	1	rs541805179	9.17e-17	downstream_gene_variant
LINC02209	1	rs191661396	9.26e-17	intron_variant,non_coding_transcript_variant
GTF3C1	1	rs547316586	9.94e-17	intron_variant
PNRC2P2	1	rs252872	1.03e-16	intron_variant,non_coding_transcript_variant
GRM4	1	rs527801593	1.04e-16	intron_variant
LINC01827	1	rs548482054	1.07e-16	downstream_gene_variant
ENSG00000271893	1	rs532019918	1.14e-16	upstream_gene_variant
DLG2	1	rs186904773	1.16e-16	intron_variant
CARD11	1	rs186520974	1.38e-16	intron_variant
ENSG00000310351	1	rs75905358	1.45e-16	downstream_gene_variant
MSL1	1	rs75905358	1.45e-16	intron_variant
ENSG00000308960	1	rs150420471	1.48e-16	intron_variant,non_coding_transcript_variant
MS4A8	1	rs150420471	1.48e-16	upstream_gene_variant
MAP9-AS1	1	rs531598749	1.5e-16	intron_variant,non_coding_transcript_variant
ENSG00000304226	1	rs149698351	1.54e-16	downstream_gene_variant
HEPHL1	1	rs542523147	1.57e-16	intron_variant
PHB1P16	1	rs542523147	1.57e-16	downstream_gene_variant
AMOTL2	1	rs571532745	1.59e-16	downstream_gene_variant
ENSG00000260633	1	rs571532745	1.59e-16	upstream_gene_variant
ENSG00000293138	1	rs571532745	1.59e-16	intron_variant,non_coding_transcript_variant
ENSG00000299712	1	rs571532745	1.59e-16	upstream_gene_variant
RPL39P5	1	rs571532745	1.59e-16	upstream_gene_variant
RNF43	1	rs149394482	1.63e-16	3_prime_UTR_variant
SUPT4H1	1	rs149394482	1.63e-16	upstream_gene_variant
TSPOAP1-AS1	1	rs149394482	1.63e-16	intron_variant,non_coding_transcript_variant
LINC00434	1	rs559120107	1.7e-16	intron_variant,non_coding_transcript_variant
LINC02055	1	rs559486074	1.74e-16	intron_variant,non_coding_transcript_variant
PLBD1-AS1	1	rs530690993	1.78e-16	intron_variant,non_coding_transcript_variant
ENSG00000197462	1	rs140279130	1.82e-16	intron_variant,non_coding_transcript_variant
KLF13	1	rs558823511	1.88e-16	downstream_gene_variant
ENSG00000294799	1	rs142726493	1.96e-16	non_coding_transcript_exon_variant
ENSG00000215692	1	rs35177143	2.11e-16	downstream_gene_variant
ING5	1	rs35177143	2.11e-16	downstream_gene_variant
IDO2	1	rs185382122	2.21e-16	downstream_gene_variant
PWRN1	1	rs552080650	2.31e-16	non_coding_transcript_exon_variant
ABCC5	1	rs558701725	2.61e-16	intron_variant
ENSG00000302617	1	rs138551915	2.61e-16	downstream_gene_variant
GVQW3	1	rs4945084	2.61e-16	intron_variant,non_coding_transcript_variant
ENSG00000286168	1	rs138134713	2.62e-16	upstream_gene_variant
PPP4R2P3	1	rs138134713	2.62e-16	upstream_gene_variant
SDHAP1	1	rs138134713	2.62e-16	upstream_gene_variant
DRICH1	1	rs537796266	2.63e-16	5_prime_UTR_variant
GUSBP11	1	rs537796266	2.63e-16	intron_variant,non_coding_transcript_variant
ENSG00000248799	1	rs545671287	2.73e-16	upstream_gene_variant
SOX5	1	rs533588713	2.86e-16	intron_variant
COX7B2	1	rs542349026	3e-16	intron_variant
HDHD5-AS1	1	rs548299021	3.05e-16	intron_variant,non_coding_transcript_variant
RN7SKP166	1	rs73329021	3.05e-16	downstream_gene_variant
ENSG00000305938	1	rs552104377	3.13e-16	intron_variant,non_coding_transcript_variant
RPL7AP55	1	rs559893111	3.31e-16	upstream_gene_variant
ENSG00000299809	1	rs543252136	3.35e-16	downstream_gene_variant
GRM3	1	rs111770896	3.45e-16	intron_variant
GM2A	1	rs115821625	3.85e-16	intron_variant
ENSG00000302997	1	rs111641920	3.89e-16	intron_variant,non_coding_transcript_variant
ENSG00000303055	1	rs111641920	3.89e-16	non_coding_transcript_exon_variant
LINC02286	1	rs111641920	3.89e-16	non_coding_transcript_exon_variant
LINC02831	1	rs551459686	3.92e-16	intron_variant,non_coding_transcript_variant
ENSG00000250734	1	rs151288460	4.27e-16	upstream_gene_variant
SNX27	1	rs151288460	4.27e-16	intron_variant,NMD_transcript_variant
ENSG00000298511	1	rs111614308	4.29e-16	intron_variant,non_coding_transcript_variant
ECE1	1	rs574603522	4.48e-16	intron_variant
RFT1	1	rs144002170	4.76e-16	intron_variant
ARPC1A	1	rs187149538	5.21e-16	intron_variant
ENSG00000284523	1	rs187149538	5.21e-16	upstream_gene_variant
GHSR	1	rs563097156	5.34e-16	downstream_gene_variant
CCDC166	1	rs587601176	5.4e-16	downstream_gene_variant
SLC6A12	1	rs561966028	5.43e-16	intron_variant
SLC6A12-AS1	1	rs561966028	5.43e-16	downstream_gene_variant
IRAG1	1	rs11603178	5.48e-16	intron_variant
TGFB2	1	rs553625376	5.49e-16	intron_variant
STK10	1	rs562068561	5.87e-16	intron_variant
TRIO	1	rs575212626	5.9e-16	upstream_gene_variant
ENSG00000302865	1	rs182095606	6.01e-16	intron_variant,non_coding_transcript_variant
RNF34	1	rs529645339	6.07e-16	intron_variant
COL4A2	1	rs184028552	6.11e-16	intron_variant
ENSG00000294636	1	rs191060790	6.29e-16	intron_variant,non_coding_transcript_variant
ENSG00000241251	1	rs576860080	6.43e-16	upstream_gene_variant
PDZD2	1	rs561529633	6.53e-16	intron_variant
ZNF217	1	rs2766678	6.61e-16	intron_variant
ERC1	1	rs190315919	6.68e-16	intron_variant,NMD_transcript_variant
ENSG00000226181	1	rs114382321	6.92e-16	upstream_gene_variant
RNU6-253P	1	rs114382321	6.92e-16	downstream_gene_variant
ENSG00000288828	1	rs79163002	7.04e-16	upstream_gene_variant
ENSG00000305728	1	rs553820929	7.04e-16	intron_variant,non_coding_transcript_variant
ENSG00000288070	1	rs562468798	7.4e-16	intron_variant,non_coding_transcript_variant
ENSG00000257703	1	rs566665207	7.54e-16	intron_variant,non_coding_transcript_variant
ENSG00000306788	1	rs566665207	7.54e-16	downstream_gene_variant
ZFHX2	1	rs188388762	7.99e-16	intron_variant
ZFHX2-AS1	1	rs188388762	7.99e-16	non_coding_transcript_exon_variant
ALPK1	1	rs540110460	8.19e-16	intron_variant
ATP6V0B	1	rs2231281	8.2e-16	downstream_gene_variant
B4GALT2	1	rs2231281	8.2e-16	5_prime_UTR_variant
CELF2-DT	1	rs576294915	8.31e-16	intron_variant,non_coding_transcript_variant
RNU6-410P	1	rs144272031	8.31e-16	upstream_gene_variant
GNA11	1	rs7245431	8.42e-16	upstream_gene_variant
ENSG00000284837	1	rs78035839	8.46e-16	intron_variant,non_coding_transcript_variant
ENSG00000300067	1	rs78035839	8.46e-16	non_coding_transcript_exon_variant
NRXN1	1	rs528449567	8.61e-16	intron_variant,NMD_transcript_variant
TRAV39	1	rs77307871	9.17e-16	upstream_gene_variant
TRD-AS1	1	rs77307871	9.17e-16	intron_variant,non_coding_transcript_variant
ENSG00000299795	1	rs113777083	9.77e-16	intron_variant,non_coding_transcript_variant
RN7SL33P	1	rs113777083	9.77e-16	upstream_gene_variant
ENSG00000279120	1	rs143505395	1e-15	downstream_gene_variant
ZFHX3	1	rs143505395	1e-15	intron_variant
DMXL2	1	rs79373398	1.05e-15	intron_variant
ENSG00000226072	1	rs557076094	1.06e-15	upstream_gene_variant
CCDC60	1	rs534647136	1.08e-15	intron_variant
ENSG00000303210	1	rs188639301	1.08e-15	downstream_gene_variant
PRKAB1-AS1	1	rs534647136	1.08e-15	intron_variant,non_coding_transcript_variant
PARAIL	1	rs186605314	1.09e-15	non_coding_transcript_exon_variant
ENSG00000296158	1	rs116167392	1.11e-15	downstream_gene_variant
RNF5P1	1	rs116167392	1.11e-15	downstream_gene_variant
ENSG00000308952	1	rs563460445	1.16e-15	intron_variant,non_coding_transcript_variant
GFUS	1	rs548095092	1.17e-15	intron_variant
EFHC1	1	rs145633617	1.24e-15	intron_variant,non_coding_transcript_variant
ENSG00000289276	1	rs145633617	1.24e-15	downstream_gene_variant
ENSG00000295329	1	rs145633617	1.24e-15	intron_variant,non_coding_transcript_variant
KANK2	1	rs570223760	1.24e-15	intron_variant
PAQR8	1	rs145633617	1.24e-15	intron_variant
IL1RAP	1	rs538211315	1.25e-15	intron_variant
ENSG00000232716	1	rs145639379	1.31e-15	downstream_gene_variant
ENSG00000303469	1	rs76848919	1.31e-15	upstream_gene_variant
ENSG00000303484	1	rs76848919	1.31e-15	downstream_gene_variant
ENSG00000309987	1	rs145639379	1.31e-15	downstream_gene_variant
LINC-PINT	1	rs145639379	1.31e-15	intron_variant,non_coding_transcript_variant
LINC00513	1	rs145639379	1.31e-15	intron_variant,non_coding_transcript_variant
RRS1-DT	1	rs559232815	1.31e-15	intron_variant,non_coding_transcript_variant
SOCS3	1	rs76848919	1.31e-15	downstream_gene_variant
SOCS3-DT	1	rs76848919	1.31e-15	upstream_gene_variant
ENSG00000309602	1	rs185441533	1.4e-15	non_coding_transcript_exon_variant
ENSG00000251922	1	rs9663421	1.43e-15	downstream_gene_variant
LINC02844	1	rs193267310	1.43e-15	intron_variant,non_coding_transcript_variant
ENSG00000227667	1	rs565264619	1.44e-15	upstream_gene_variant
UBA3	1	rs533142138	1.45e-15	3_prime_UTR_variant
ENSG00000294680	1	rs535711816	1.51e-15	upstream_gene_variant
ENSG00000294703	1	rs535711816	1.51e-15	intron_variant,non_coding_transcript_variant
THSD4	1	rs532425321	1.53e-15	intron_variant
PKD1L2	1	rs574361168	1.59e-15	intron_variant
EIF4B	1	rs7970899	1.6e-15	intron_variant
ENSG00000257475	1	rs7970899	1.6e-15	intron_variant,non_coding_transcript_variant
TNS2-AS1	1	rs7970899	1.6e-15	downstream_gene_variant
ENSG00000287625	1	rs558396846	1.61e-15	intron_variant,non_coding_transcript_variant
ENSG00000290085	1	rs558396846	1.61e-15	downstream_gene_variant
ENSG00000305822	1	rs146193230	1.63e-15	intron_variant,non_coding_transcript_variant
ENSG00000289911	1	rs1779773	1.66e-15	intron_variant,non_coding_transcript_variant
RBMXP1	1	rs138011867	1.66e-15	downstream_gene_variant
ATF7	1	rs575656584	1.67e-15	intron_variant
ENSG00000285692	1	rs575656584	1.67e-15	intron_variant,non_coding_transcript_variant
ARL4D	1	rs112504308	1.71e-15	upstream_gene_variant
RNU6-1137P	1	rs112504308	1.71e-15	upstream_gene_variant
SLA	1	rs66555610	1.76e-15	intron_variant
TG	1	rs66555610	1.76e-15	intron_variant
DCLK1	1	rs569222869	1.81e-15	intron_variant
ENSG00000302868	1	rs59797816	1.9e-15	intron_variant,non_coding_transcript_variant
LINC01449	1	rs59797816	1.9e-15	downstream_gene_variant
ENSG00000299567	1	rs5767278	1.93e-15	upstream_gene_variant
GRAMD4	1	rs5767278	1.93e-15	intron_variant
PDE10A	1	rs534768251	2.01e-15	intron_variant
NEDD4	1	rs557128126	2.06e-15	intron_variant
ENSG00000293701	1	rs142507462	2.12e-15	intron_variant,non_coding_transcript_variant
ABCB10	1	rs554140044	2.18e-15	intron_variant
RNU4-21P	1	rs554140044	2.18e-15	downstream_gene_variant
ENSG00000297346	1	rs532457962	2.21e-15	upstream_gene_variant
ENSG00000310246	1	rs9322952	2.23e-15	intron_variant,non_coding_transcript_variant
IL6R	1	rs12730935	2.34e-15	intron_variant
LSM2	1	rs557699552	2.42e-15	intron_variant
VARS1	1	rs557699552	2.42e-15	upstream_gene_variant
FRMD4A	1	rs563683838	2.49e-15	intron_variant
PIGAP1	1	rs182023787	2.53e-15	downstream_gene_variant
ENSG00000300014	1	rs544550586	2.6e-15	intron_variant,non_coding_transcript_variant
ENSG00000294994	1	rs11255686	2.61e-15	downstream_gene_variant
ENSG00000303015	1	rs2262046	2.64e-15	downstream_gene_variant
GH1	1	rs2262046	2.64e-15	upstream_gene_variant
C1orf21	1	rs142974104	2.65e-15	intron_variant
ENSG00000285722	1	rs565486180	2.71e-15	upstream_gene_variant
ENSG00000304424	1	rs565486180	2.71e-15	upstream_gene_variant
CSTF3	1	rs568068927	2.88e-15	intron_variant
ENSG00000309352	1	rs146763133	3.15e-15	intron_variant,non_coding_transcript_variant
ENSG00000224001	1	rs185721771	3.23e-15	upstream_gene_variant
ENSG00000299446	1	rs185721771	3.23e-15	downstream_gene_variant
MIR6854	1	rs185721771	3.23e-15	upstream_gene_variant
TBC1D2	1	rs185721771	3.23e-15	intron_variant
HNRNPA3P16	1	rs116007131	3.25e-15	upstream_gene_variant
MRO	1	rs116007131	3.25e-15	intron_variant
SOX17	1	rs536556672	3.35e-15	3_prime_UTR_variant
TRHDE	1	rs376823832	3.37e-15	intron_variant
ENSG00000280048	1	rs576392346	3.44e-15	non_coding_transcript_exon_variant
NR2F2-AS1	1	rs576392346	3.44e-15	intron_variant,non_coding_transcript_variant
NXNL2	1	rs540973461	3.59e-15	intron_variant
INPP5B	1	rs150788669	3.82e-15	intron_variant
SPAG16	1	rs185256020	3.88e-15	intron_variant
CIPC	1	rs73299673	3.93e-15	downstream_gene_variant
TMEM63C	1	rs73299673	3.93e-15	intron_variant
MTND2P30	1	rs573988883	4.06e-15	upstream_gene_variant
CFAP74	1	rs371042559	4.21e-15	upstream_gene_variant
ENSG00000309513	1	rs11688802	4.26e-15	intron_variant,non_coding_transcript_variant
ENSG00000234675	1	rs565456700	4.38e-15	intron_variant,non_coding_transcript_variant
ENSG00000287976	1	rs565456700	4.38e-15	downstream_gene_variant
ENSG00000297620	1	rs181581585	4.41e-15	upstream_gene_variant
LINC02419	1	rs181581585	4.41e-15	non_coding_transcript_exon_variant
SMARCAD1	1	rs145192039	4.61e-15	downstream_gene_variant
HIBCH	1	rs115640990	4.74e-15	intron_variant
EGLN3	1	rs148790297	4.8e-15	intron_variant
ENOX1	1	rs112934086	4.99e-15	intron_variant
ENSG00000298195	1	rs536353022	5e-15	intron_variant,non_coding_transcript_variant
ENSG00000234477	1	rs527449977	5.14e-15	intron_variant,non_coding_transcript_variant
ENSG00000306126	1	rs527449977	5.14e-15	intron_variant,non_coding_transcript_variant
KRT23	1	rs527449977	5.14e-15	5_prime_UTR_variant
MAF1	1	rs34173062	5.31e-15	intron_variant
SHARPIN	1	rs34173062	5.31e-15	missense_variant,NMD_transcript_variant
WDR97	1	rs34173062	5.31e-15	upstream_gene_variant
RPL32P23	1	rs7893324	5.38e-15	downstream_gene_variant
CACNA1B	1	rs553180779	5.4e-15	intron_variant
CACNA1B-AS2	1	rs553180779	5.4e-15	non_coding_transcript_exon_variant
ENSG00000295104	1	rs554911459	5.66e-15	downstream_gene_variant
ENSG00000305998	1	rs566030050	5.79e-15	intron_variant,non_coding_transcript_variant
ARHGAP29-AS1	1	rs539126535	5.81e-15	intron_variant,non_coding_transcript_variant
POFUT3	1	rs557935281	5.87e-15	missense_variant
ENSG00000271763	1	rs577610870	5.95e-15	non_coding_transcript_exon_variant
ENSG00000305093	1	rs577610870	5.95e-15	upstream_gene_variant
ENSG00000305672	1	rs577610870	5.95e-15	upstream_gene_variant
FAM174B	1	rs577610870	5.95e-15	intron_variant
NUP98	1	rs140790699	5.97e-15	intron_variant
ENSG00000306504	1	rs563648853	5.98e-15	intron_variant,non_coding_transcript_variant
SAMD12-AS1	1	rs563648853	5.98e-15	intron_variant,non_coding_transcript_variant
PRUNE2	1	rs570865543	6.11e-15	intron_variant
SKAP1	1	rs531087531	6.3e-15	intron_variant
KIAA1217	1	rs140848373	6.44e-15	intron_variant
PLPPR5	1	rs539706293	6.46e-15	downstream_gene_variant
POLI	1	rs12965763	6.52e-15	intron_variant
ENSG00000309942	1	rs551290649	6.54e-15	intron_variant,non_coding_transcript_variant
HNF4G	1	rs551290649	6.54e-15	intron_variant
ALAD	1	rs556305296	6.71e-15	downstream_gene_variant
ENSG00000300296	1	rs577958074	6.77e-15	intron_variant,non_coding_transcript_variant
RPL27AP	1	rs577958074	6.77e-15	downstream_gene_variant
WBP2	1	rs55868394	6.84e-15	intron_variant
ENSG00000279801	1	rs77864114	6.92e-15	upstream_gene_variant
ENSG00000303185	1	rs192777694	7.18e-15	upstream_gene_variant
MTA3	1	rs192777694	7.18e-15	intron_variant
ENSG00000303082	1	rs149496289	7.23e-15	downstream_gene_variant
CERT1	1	rs535213837	7.53e-15	intron_variant
FANCD2P2	1	rs137925487	7.73e-15	intron_variant,non_coding_transcript_variant
ENSG00000310368	1	rs541287369	8.18e-15	upstream_gene_variant
CCDC32	1	rs11629680	8.29e-15	intron_variant
ENSG00000259536	1	rs11629680	8.29e-15	downstream_gene_variant
SCAPER	1	rs556895888	8.6e-15	intron_variant,non_coding_transcript_variant
ATXN1	1	rs545187459	9.83e-15	intron_variant
ENSG00000272958	1	rs77353711	1.06e-14	downstream_gene_variant
ENSG00000280224	1	rs552609895	1.08e-14	upstream_gene_variant
ENSG00000298026	1	rs552609895	1.08e-14	intron_variant,non_coding_transcript_variant
ENSG00000301323	1	rs541395520	1.08e-14	intron_variant,non_coding_transcript_variant
MIR3667HG	1	rs552609895	1.08e-14	intron_variant,non_coding_transcript_variant
RNU6-1057P	1	rs150413678	1.08e-14	upstream_gene_variant
CNTNAP4	1	rs560308974	1.11e-14	intron_variant
ENSG00000240553	1	rs545812132	1.11e-14	downstream_gene_variant
KDM1A	1	rs545812132	1.11e-14	upstream_gene_variant
TEX46	1	rs545812132	1.11e-14	intron_variant
ENSG00000304173	1	rs545597473	1.15e-14	intron_variant,non_coding_transcript_variant
COL24A1	1	rs528416670	1.21e-14	intron_variant
CREBBP	1	rs189273815	1.21e-14	intron_variant
ENSG00000301290	1	rs71565399	1.21e-14	downstream_gene_variant
ITPR3	1	rs71565399	1.21e-14	intron_variant
ITPR3-AS1	1	rs71565399	1.21e-14	upstream_gene_variant
ENSG00000236234	1	rs533403911	1.23e-14	intron_variant,non_coding_transcript_variant
PLEKHM1	1	rs533403911	1.23e-14	3_prime_UTR_variant
SCHIP1	1	rs536530402	1.27e-14	intron_variant
ENSG00000298442	1	rs142741642	1.3e-14	intron_variant,non_coding_transcript_variant
ENSG00000298455	1	rs142741642	1.3e-14	upstream_gene_variant
SCRT2	1	rs142741642	1.3e-14	upstream_gene_variant
KIF1B	1	rs12120499	1.33e-14	intron_variant
NCF1B	1	rs546954789	1.33e-14	downstream_gene_variant
RUNDC3B	1	rs60096900	1.35e-14	intron_variant,non_coding_transcript_variant
KIF15	1	rs181648870	1.38e-14	intron_variant
LRP2	1	rs545680351	1.38e-14	intron_variant,non_coding_transcript_variant
MIR4747	1	rs544428973	1.46e-14	upstream_gene_variant
UHRF1	1	rs544428973	1.46e-14	intron_variant
LINC02836	1	rs144858424	1.48e-14	upstream_gene_variant
AGER	1	rs204992	1.5e-14	upstream_gene_variant
ENSG00000273333	1	rs204992	1.5e-14	upstream_gene_variant
ENSG00000305139	1	rs204992	1.5e-14	upstream_gene_variant
GPSM3	1	rs204992	1.5e-14	downstream_gene_variant
PBX2	1	rs204992	1.5e-14	intron_variant
RNF5	1	rs204992	1.5e-14	downstream_gene_variant
GAS7	1	rs554299472	1.53e-14	intron_variant
ENSG00000286376	1	rs554885823	1.61e-14	intron_variant,non_coding_transcript_variant
ENSG00000286775	1	rs545805582	1.64e-14	intron_variant,non_coding_transcript_variant
DOT1L	1	rs111290677	1.72e-14	intron_variant
PLEKHJ1	1	rs111290677	1.72e-14	downstream_gene_variant
ERICH1	1	rs144044754	1.79e-14	intron_variant
CHEK2	1	rs541533581	1.8e-14	intron_variant
ELMOD1	1	rs116630127	1.81e-14	intron_variant
ENSG00000254758	1	rs116630127	1.81e-14	downstream_gene_variant
ENSG00000224972	1	rs537781249	1.85e-14	intron_variant,non_coding_transcript_variant
HELZ-AS1	1	rs551614466	1.85e-14	intron_variant,non_coding_transcript_variant
ENSG00000288321	1	rs574949696	1.9e-14	intron_variant,non_coding_transcript_variant
AIM2	1	rs2852714	1.95e-14	intron_variant,non_coding_transcript_variant
CADM3	1	rs2852714	1.95e-14	intron_variant
CADM3-AS1	1	rs2852714	1.95e-14	intron_variant,non_coding_transcript_variant
RNA5SP60	1	rs2852714	1.95e-14	downstream_gene_variant
MBNL1	1	rs552419577	1.97e-14	intron_variant
ENSG00000294633	1	rs563752816	1.98e-14	intron_variant,non_coding_transcript_variant
YBX1P6	1	rs563752816	1.98e-14	non_coding_transcript_exon_variant
LINC02882	1	rs7977707	2e-14	intron_variant,non_coding_transcript_variant
TOX3	1	rs28750243	2e-14	intron_variant
SLC36A1	1	rs563573759	2.1e-14	5_prime_UTR_variant
PAPOLG	1	rs13382528	2.12e-14	3_prime_UTR_variant
ENSG00000288659	1	rs551665535	2.15e-14	intron_variant,non_coding_transcript_variant
ENSG00000300441	1	rs188048310	2.18e-14	intron_variant,non_coding_transcript_variant
PDGFD	1	rs188048310	2.18e-14	intron_variant
ARFIP2	1	rs572348620	2.19e-14	5_prime_UTR_variant
ENSG00000294197	1	rs371385701	2.19e-14	downstream_gene_variant
TIMM10B	1	rs572348620	2.19e-14	upstream_gene_variant
NIFKP7	1	rs369215953	2.3e-14	upstream_gene_variant
LINC01013	1	rs111785012	2.38e-14	intron_variant,non_coding_transcript_variant
ENSG00000296161	1	rs533292188	2.4e-14	upstream_gene_variant
ENSG00000294275	1	rs11074853	2.48e-14	downstream_gene_variant
ENSG00000308984	1	rs147238202	2.5e-14	upstream_gene_variant
HDAC7	1	rs11168246	2.52e-14	intron_variant
ENSG00000270100	1	rs193027059	2.53e-14	non_coding_transcript_exon_variant
GDF7	1	rs193027059	2.53e-14	3_prime_UTR_variant
LDAH	1	rs193027059	2.53e-14	downstream_gene_variant
AREL1	1	rs538598454	2.55e-14	3_prime_UTR_variant
ENSG00000258439	1	rs538598454	2.55e-14	downstream_gene_variant
RNU6ATAC14P	1	rs181977202	2.64e-14	downstream_gene_variant
ENSG00000297158	1	rs4393428	2.66e-14	intron_variant,non_coding_transcript_variant
TM9SF2	1	rs4393428	2.66e-14	intron_variant
ENSG00000296658	1	rs117562087	2.82e-14	upstream_gene_variant
TIGAR	1	rs117562087	2.82e-14	intron_variant
ENSG00000232993	1	rs553773067	2.92e-14	upstream_gene_variant
PODN	1	rs553773067	2.92e-14	intron_variant
SLC1A7	1	rs553773067	2.92e-14	intron_variant
ENSG00000272140	1	rs3870401	2.96e-14	upstream_gene_variant
SMARCE1P5	1	rs149259241	2.96e-14	non_coding_transcript_exon_variant
TSC22D1-AS1	1	rs149259241	2.96e-14	intron_variant,non_coding_transcript_variant
LRBA	1	rs375023539	2.97e-14	intron_variant
EDNRB-AS1	1	rs144243767	3.04e-14	intron_variant,non_coding_transcript_variant
DNAH3	1	rs552198439	3.1e-14	intron_variant
GDF2	1	rs140271276	3.1e-14	missense_variant
ENSG00000294145	1	rs575587735	3.15e-14	intron_variant,non_coding_transcript_variant
SEPTIN11	1	rs575587735	3.15e-14	intron_variant
HNRNPA1P42	1	rs543693382	3.16e-14	upstream_gene_variant
NPIPB8	1	rs555731490	3.28e-14	intron_variant
ENSG00000304082	1	rs28367159	3.33e-14	intron_variant,non_coding_transcript_variant
LINC03029	1	rs28367159	3.33e-14	intron_variant,non_coding_transcript_variant
VNN1	1	rs564025545	3.36e-14	synonymous_variant
ENSG00000249888	1	rs547000497	3.41e-14	upstream_gene_variant
NIM1K	1	rs547000497	3.41e-14	intron_variant
TUBAP14	1	rs547000497	3.41e-14	downstream_gene_variant
ENSG00000231114	1	rs549598898	3.44e-14	downstream_gene_variant
PTN	1	rs549598898	3.44e-14	intron_variant
TSC22D2	1	rs527889494	3.56e-14	intron_variant
CARD10	1	rs375463526	3.77e-14	downstream_gene_variant
MFNG	1	rs375463526	3.77e-14	upstream_gene_variant
DNAJC27-AS1	1	rs148340928	3.78e-14	intron_variant,non_coding_transcript_variant
CRAT	1	rs10988207	3.8e-14	intron_variant
ENSG00000234055	1	rs10988207	3.8e-14	downstream_gene_variant
POLR1F	1	rs148230406	3.81e-14	3_prime_UTR_variant
RPS16P2	1	rs145393041	3.85e-14	downstream_gene_variant
LINC00665	1	rs549487912	3.88e-14	upstream_gene_variant
ZFP14	1	rs549487912	3.88e-14	downstream_gene_variant
TMEM51	1	rs542215245	3.9e-14	upstream_gene_variant
TMEM51-AS1	1	rs542215245	3.9e-14	intron_variant,non_coding_transcript_variant
ENSG00000279900	1	rs77362279	3.91e-14	upstream_gene_variant
LINC02951	1	rs77362279	3.91e-14	intron_variant,non_coding_transcript_variant
RAB30-DT	1	rs77362279	3.91e-14	intron_variant,non_coding_transcript_variant
JAKMIP3	1	rs547040033	3.94e-14	intron_variant
ENSG00000297153	1	rs377036066	3.97e-14	intron_variant,non_coding_transcript_variant
LINC01755	1	rs377036066	3.97e-14	intron_variant,non_coding_transcript_variant
ENSG00000300578	1	rs530284748	4.12e-14	intron_variant,non_coding_transcript_variant
KIF28P	1	rs530284748	4.12e-14	intron_variant,non_coding_transcript_variant
EEF1AKMT1	1	rs151326410	4.16e-14	intron_variant,NMD_transcript_variant
IL17D	1	rs151326410	4.16e-14	downstream_gene_variant
CRK	1	rs57987021	4.26e-14	intron_variant
CRK-AS1	1	rs57987021	4.26e-14	upstream_gene_variant
C12orf42	1	rs548503939	4.36e-14	intron_variant
DDX1	1	rs570318579	4.51e-14	synonymous_variant
ENSG00000307667	1	rs180975028	4.51e-14	intron_variant,non_coding_transcript_variant
KRTAP5-9	1	rs180975028	4.51e-14	upstream_gene_variant
ENSG00000309827	1	rs188162231	4.63e-14	intron_variant,non_coding_transcript_variant
MSRA-DT	1	rs188162231	4.63e-14	upstream_gene_variant
MIR497HG	1	rs143625894	4.72e-14	intron_variant,non_coding_transcript_variant
LINC02458	1	rs115851911	4.99e-14	intron_variant,non_coding_transcript_variant
ACACA	1	rs545676827	5e-14	5_prime_UTR_variant
ENSG00000287161	1	rs74039020	5.05e-14	intron_variant,non_coding_transcript_variant
ENSG00000299120	1	rs527970641	5.24e-14	downstream_gene_variant
ENSG00000301425	1	rs190683379	5.24e-14	intron_variant,non_coding_transcript_variant
ENSG00000301495	1	rs190683379	5.24e-14	intron_variant,non_coding_transcript_variant
PPIAP4	1	rs527970641	5.24e-14	upstream_gene_variant
SEC23A	1	rs527970641	5.24e-14	intron_variant
SEC23A-AS1	1	rs527970641	5.24e-14	intron_variant,non_coding_transcript_variant
RNU6-694P	1	rs112843354	5.34e-14	downstream_gene_variant
TMEM132B	1	rs554229097	5.37e-14	intron_variant
GLUD1P4	1	rs532122495	5.5e-14	upstream_gene_variant
ENSG00000289397	1	rs537662962	5.75e-14	intron_variant,non_coding_transcript_variant
ENSG00000297679	1	rs537662962	5.75e-14	intron_variant,non_coding_transcript_variant
WHAMMP4	1	rs537662962	5.75e-14	intron_variant,non_coding_transcript_variant
TNFAIP8	1	rs3813308	5.86e-14	5_prime_UTR_variant
PEX14	1	rs6658216	6.02e-14	intron_variant
NFIB-AS1	1	rs139467527	6.07e-14	intron_variant,non_coding_transcript_variant
BTNL2	1	rs3806155	6.21e-14	intron_variant,non_coding_transcript_variant
ENSG00000237473	1	rs188128239	6.32e-14	intron_variant,non_coding_transcript_variant
SPATA16	1	rs188128239	6.32e-14	intron_variant
CTSV	1	rs187745342	6.67e-14	intron_variant,non_coding_transcript_variant
ENSG00000261543	1	rs572983589	6.67e-14	downstream_gene_variant
ENSG00000271781	1	rs541782354	6.67e-14	downstream_gene_variant
TCEA1P1	1	rs187745342	6.67e-14	upstream_gene_variant
TMEM14C	1	rs116838881	6.67e-14	upstream_gene_variant
TPPP	1	rs541782354	6.67e-14	intron_variant
ENSG00000287771	1	rs10185424	6.76e-14	intron_variant,non_coding_transcript_variant
ENSG00000304079	1	rs10185424	6.76e-14	downstream_gene_variant
CDC123	1	rs538114563	7.03e-14	intron_variant
ENSG00000228302	1	rs538114563	7.03e-14	intron_variant,non_coding_transcript_variant
ENSG00000308587	1	rs528856821	7.34e-14	upstream_gene_variant
CEBPA	1	rs34995897	7.55e-14	downstream_gene_variant
CEBPA-DT	1	rs34995897	7.55e-14	upstream_gene_variant
ENSG00000267580	1	rs34995897	7.55e-14	upstream_gene_variant
ENSG00000267727	1	rs34995897	7.55e-14	upstream_gene_variant
ENSG00000305011	1	rs34995897	7.55e-14	downstream_gene_variant
ENSG00000296076	1	rs191732607	7.8e-14	downstream_gene_variant
COPS3P1	1	rs115548578	7.91e-14	upstream_gene_variant
ABR-AS1	1	rs190708117	8.18e-14	upstream_gene_variant
ENSG00000304614	1	rs574933639	8.19e-14	intron_variant,non_coding_transcript_variant
ASB3	1	rs564125995	8.25e-14	intron_variant
ENSG00000309760	1	rs545542647	8.25e-14	intron_variant,non_coding_transcript_variant
OR7K1P	1	rs545542647	8.25e-14	upstream_gene_variant
ENSG00000246575	1	rs187767426	8.27e-14	downstream_gene_variant
TGOLN2	1	rs187767426	8.27e-14	intron_variant
DGKA	1	rs549781339	8.43e-14	splice_donor_region_variant,intron_variant
PYM1	1	rs549781339	8.43e-14	upstream_gene_variant
NLRP12	1	rs571312224	8.62e-14	upstream_gene_variant
ASCC3	1	rs563606085	8.65e-14	intron_variant,NMD_transcript_variant
DCAF1	1	rs73078636	8.65e-14	intron_variant
ANXA6	1	rs147429690	8.71e-14	intron_variant
ENSG00000305522	1	rs62449487	8.74e-14	intron_variant,non_coding_transcript_variant
PSMB8	1	rs241426	8.77e-14	downstream_gene_variant
TAP2	1	rs241426	8.77e-14	intron_variant
AP3S1P2	1	rs190299216	8.78e-14	downstream_gene_variant
PTPN14	1	rs190299216	8.78e-14	intron_variant
UBE2E2	1	rs4999998	9.26e-14	intron_variant,NMD_transcript_variant
ENSG00000290166	1	rs12462901	9.27e-14	downstream_gene_variant
ENSG00000306100	1	rs12462901	9.27e-14	upstream_gene_variant
SBNO2	1	rs12462901	9.27e-14	intron_variant
ENSG00000306949	1	rs187994268	9.48e-14	intron_variant,non_coding_transcript_variant
MAP4K4	1	rs188904486	9.48e-14	intron_variant
LINC02323	1	rs570251220	9.74e-14	intron_variant,non_coding_transcript_variant
RN7SL546P	1	rs570251220	9.74e-14	downstream_gene_variant
DLGAP1	1	rs115114451	9.77e-14	intron_variant
ENSG00000264246	1	rs115114451	9.77e-14	upstream_gene_variant
ENSG00000299241	1	rs534206117	9.77e-14	downstream_gene_variant
SIGLEC24P	1	rs534206117	9.77e-14	downstream_gene_variant
ABHD8	1	rs141988394	9.79e-14	intron_variant
DDA1	1	rs141988394	9.79e-14	upstream_gene_variant
MRPL34	1	rs141988394	9.79e-14	intron_variant
ENSG00000228560	1	rs193227271	9.8e-14	intron_variant,non_coding_transcript_variant
ENSG00000308279	1	rs182115665	9.92e-14	intron_variant,non_coding_transcript_variant
PLOD2	1	rs542625820	1.01e-13	intron_variant,non_coding_transcript_variant
ENSG00000242145	1	rs147719392	1.04e-13	upstream_gene_variant
ENSG00000296990	1	rs200618267	1.04e-13	downstream_gene_variant
ENSG00000300214	1	rs147719392	1.04e-13	upstream_gene_variant
ENSG00000283415	1	rs181994405	1.05e-13	intron_variant,non_coding_transcript_variant
OR10A2	1	rs181994405	1.05e-13	3_prime_UTR_variant
OR10A4	1	rs181994405	1.05e-13	upstream_gene_variant
ENSG00000251243	1	rs374288620	1.06e-13	upstream_gene_variant
ENSG00000287478	1	rs143737682	1.06e-13	downstream_gene_variant
ALDH2	1	rs115080218	1.11e-13	upstream_gene_variant
CCDC30	1	rs551969960	1.13e-13	intron_variant
ENSG00000285728	1	rs551969960	1.13e-13	intron_variant,non_coding_transcript_variant
C1orf167	1	rs76627351	1.21e-13	stop_gained
C1orf167-AS1	1	rs76627351	1.21e-13	upstream_gene_variant
ENSG00000298221	1	rs562129015	1.21e-13	intron_variant,non_coding_transcript_variant
MTHFR	1	rs76627351	1.21e-13	downstream_gene_variant
HNRNPCP4	1	rs181579	1.22e-13	downstream_gene_variant
SOCS1	1	rs181579	1.22e-13	downstream_gene_variant
ENSG00000282564	1	rs115721332	1.24e-13	intron_variant,non_coding_transcript_variant
ENSG00000303861	1	rs567502711	1.25e-13	intron_variant,non_coding_transcript_variant
TPCN1	1	rs12581181	1.32e-13	intron_variant
UQCC1	1	rs571804031	1.34e-13	non_coding_transcript_exon_variant
RNU6-192P	1	rs192987686	1.35e-13	downstream_gene_variant
ENSG00000287657	1	rs558328883	1.36e-13	downstream_gene_variant
ENSG00000289951	1	rs568257090	1.38e-13	intron_variant,non_coding_transcript_variant
ENSG00000299149	1	rs568257090	1.38e-13	intron_variant,non_coding_transcript_variant
FGFR4	1	rs3135911	1.38e-13	5_prime_UTR_variant
CCDC117	1	rs544512812	1.4e-13	intron_variant
CNPY1	1	rs556067947	1.4e-13	intron_variant
ENSG00000250274	1	rs186250657	1.4e-13	downstream_gene_variant
ENSG00000283128	1	rs556067947	1.4e-13	intron_variant
ENSG00000287610	1	rs556067947	1.4e-13	downstream_gene_variant
ENSG00000288615	1	rs186250657	1.4e-13	downstream_gene_variant
ENSG00000295361	1	rs544512812	1.4e-13	downstream_gene_variant
ENSG00000300327	1	rs186250657	1.4e-13	downstream_gene_variant
ENSG00000300367	1	rs186250657	1.4e-13	downstream_gene_variant
LINC01366	1	rs186250657	1.4e-13	upstream_gene_variant
RPL5P20	1	rs1858520	1.42e-13	upstream_gene_variant
ENSG00000261090	1	rs545499825	1.45e-13	intron_variant,non_coding_transcript_variant
HSP90B1	1	rs549535557	1.45e-13	intron_variant
UQCC6	1	rs549535557	1.45e-13	downstream_gene_variant
RPS6KC1	1	rs566392520	1.47e-13	intron_variant
C7orf25	1	rs199906680	1.5e-13	synonymous_variant
ENSG00000290065	1	rs199906680	1.5e-13	downstream_gene_variant
CPEB2-DT	1	rs150258201	1.53e-13	intron_variant,non_coding_transcript_variant
ENSG00000248973	1	rs574173345	1.53e-13	intron_variant,non_coding_transcript_variant
ENSG00000223944	1	rs534242403	1.57e-13	intron_variant,non_coding_transcript_variant
KYNU	1	rs62169918	1.59e-13	intron_variant
MAP4K5	1	rs568494010	1.59e-13	intron_variant
IL21-AS1	1	rs6852559	1.64e-13	intron_variant,non_coding_transcript_variant
ENSG00000301437	1	rs77872759	1.65e-13	upstream_gene_variant
ENSG00000258394	1	rs185244288	1.66e-13	intron_variant,non_coding_transcript_variant
ENSG00000258850	1	rs185244288	1.66e-13	intron_variant,non_coding_transcript_variant
ENSG00000294477	1	rs185244288	1.66e-13	upstream_gene_variant
DDHD2	1	rs190140631	1.7e-13	non_coding_transcript_exon_variant
ENSG00000304381	1	rs533617838	1.7e-13	non_coding_transcript_exon_variant
ENSG00000307129	1	rs182192216	1.7e-13	downstream_gene_variant
CASC15	1	rs77634652	1.78e-13	intron_variant,non_coding_transcript_variant
ENSG00000295933	1	rs1553754	1.84e-13	downstream_gene_variant
ENSG00000306516	1	rs544856462	1.86e-13	upstream_gene_variant
ENSG00000308045	1	rs116540987	1.88e-13	downstream_gene_variant
ENSG00000306160	1	rs575978386	1.94e-13	downstream_gene_variant
USP47	1	rs114885732	1.94e-13	intron_variant
ENSG00000299350	1	rs531694461	1.98e-13	intron_variant,non_coding_transcript_variant
ENSG00000297834	1	rs539827493	2e-13	intron_variant,non_coding_transcript_variant
LINC00499	1	rs539827493	2e-13	intron_variant,non_coding_transcript_variant
RSBN1	1	rs541779848	2.01e-13	intron_variant
ACTBP11	1	rs181126710	2.03e-13	downstream_gene_variant
ENSG00000260573	1	rs189838382	2.05e-13	intron_variant,non_coding_transcript_variant
ENSG00000308286	1	rs189838382	2.05e-13	intron_variant,non_coding_transcript_variant
PPIL6	1	rs544844399	2.06e-13	intron_variant
ENSG00000286928	1	rs552436244	2.07e-13	upstream_gene_variant
ENSG00000293859	1	rs529749081	2.07e-13	upstream_gene_variant
ENSG00000305055	1	rs552436244	2.07e-13	intron_variant,non_coding_transcript_variant
CBLB	1	rs558423112	2.14e-13	intron_variant
ITPKB	1	rs10916031	2.14e-13	intron_variant
TSNARE1	1	rs568102986	2.14e-13	intron_variant
MADCAM1	1	rs563672828	2.18e-13	downstream_gene_variant
MADCAM1-AS1	1	rs563672828	2.18e-13	intron_variant,non_coding_transcript_variant
TPGS1	1	rs563672828	2.18e-13	upstream_gene_variant
FNDC3B	1	rs139176665	2.22e-13	intron_variant
MYH3	1	rs560772340	2.25e-13	intron_variant
MYHAS	1	rs560772340	2.25e-13	intron_variant,non_coding_transcript_variant
ENSG00000300663	1	rs539162112	2.26e-13	intron_variant,non_coding_transcript_variant
CUBNP3	1	rs559324027	2.27e-13	intron_variant,non_coding_transcript_variant
ENSG00000243349	1	rs559324027	2.27e-13	upstream_gene_variant
ENSG00000284716	1	rs563979487	2.27e-13	upstream_gene_variant
ENSG00000284747	1	rs563979487	2.27e-13	intron_variant,non_coding_transcript_variant
ERRFI1	1	rs563979487	2.27e-13	3_prime_UTR_variant
ZNF22-AS1	1	rs559324027	2.27e-13	intron_variant,non_coding_transcript_variant
MEX3C	1	rs562257734	2.29e-13	intron_variant
ENSG00000260937	1	rs113924208	2.3e-13	intron_variant,non_coding_transcript_variant
ASAP3	1	rs79751077	2.31e-13	intron_variant
FCER1G	1	rs2070901	2.37e-13	5_prime_UTR_variant
NDUFS2	1	rs2070901	2.37e-13	downstream_gene_variant
TASOR2	1	rs146350806	2.4e-13	intron_variant
ENSG00000232153	1	rs559826449	2.42e-13	intron_variant,non_coding_transcript_variant
ERG	1	rs560317583	2.43e-13	intron_variant
ENSG00000303957	1	rs11597580	2.45e-13	downstream_gene_variant
TESPA1	1	rs62623446	2.45e-13	missense_variant
ENSG00000301578	1	rs142338267	2.47e-13	upstream_gene_variant
HLA-H	1	rs412317	2.49e-13	intron_variant,non_coding_transcript_variant
ENSG00000297559	1	rs529529862	2.59e-13	downstream_gene_variant
LINC02884	1	rs529529862	2.59e-13	intron_variant,non_coding_transcript_variant
GIGYF2	1	rs139393399	2.63e-13	downstream_gene_variant
SNORC	1	rs139393399	2.63e-13	intron_variant
ENSG00000250362	1	rs571017102	2.67e-13	intron_variant,non_coding_transcript_variant
ENSG00000298360	1	rs571017102	2.67e-13	non_coding_transcript_exon_variant
ENSG00000299834	1	rs554357294	2.69e-13	intron_variant,non_coding_transcript_variant
RPL7AP47	1	rs554357294	2.69e-13	upstream_gene_variant
ENSG00000254227	1	rs562664023	2.79e-13	downstream_gene_variant
LINC00861	1	rs562664023	2.79e-13	intron_variant,non_coding_transcript_variant
LINC03096	1	rs575415070	2.92e-13	splice_region_variant,non_coding_transcript_exon_variant
EBF3	1	rs530974763	2.95e-13	intron_variant
CYLC2	1	rs532710435	2.96e-13	intron_variant
ENSG00000304407	1	rs77576177	2.96e-13	downstream_gene_variant
SMILR	1	rs185156199	2.99e-13	intron_variant,non_coding_transcript_variant
EN2	1	rs561012811	3.04e-13	downstream_gene_variant
ENSG00000297147	1	rs561012811	3.04e-13	intron_variant,non_coding_transcript_variant
PLPP4	1	rs558441876	3.04e-13	intron_variant,non_coding_transcript_variant
RN7SL105P	1	rs201840772	3.05e-13	downstream_gene_variant
SLC43A2	1	rs201840772	3.05e-13	intron_variant
CFB	1	rs200708785	3.13e-13	downstream_gene_variant
MIR1236	1	rs200708785	3.13e-13	downstream_gene_variant
NELFE	1	rs200708785	3.13e-13	intron_variant
SKIC2	1	rs200708785	3.13e-13	upstream_gene_variant
LINC01194	1	rs572693840	3.14e-13	intron_variant,non_coding_transcript_variant
ENSG00000305866	1	rs4742254	3.29e-13	downstream_gene_variant
PRELID3BP11	1	rs4742254	3.29e-13	downstream_gene_variant
ENSG00000301480	1	rs190748376	3.33e-13	downstream_gene_variant
DDHD1-DT	1	rs182417546	3.35e-13	downstream_gene_variant
ENSG00000295303	1	rs182417546	3.35e-13	intron_variant,non_coding_transcript_variant
ENSG00000287055	1	rs148758824	3.4e-13	intron_variant,non_coding_transcript_variant
RIMS1	1	rs185440558	3.43e-13	intron_variant
INSYN2A	1	rs191412791	3.44e-13	intron_variant
ENSG00000230490	1	rs576514081	3.54e-13	intron_variant,non_coding_transcript_variant
ENSG00000296678	1	rs185435129	3.57e-13	intron_variant,non_coding_transcript_variant
PDILT	1	rs542788019	3.59e-13	intron_variant
RAF1	1	rs13101202	3.59e-13	intron_variant
UMOD	1	rs542788019	3.59e-13	upstream_gene_variant
ENSG00000293956	1	rs532700335	3.64e-13	upstream_gene_variant
ENSG00000289409	1	rs538620449	3.67e-13	downstream_gene_variant
ENSG00000301911	1	rs538620449	3.67e-13	upstream_gene_variant
ENSG00000305747	1	rs192733505	3.67e-13	intron_variant,non_coding_transcript_variant
LINC00880	1	rs538620449	3.67e-13	intron_variant,non_coding_transcript_variant
LINC00881	1	rs538620449	3.67e-13	upstream_gene_variant
LINC02029	1	rs538620449	3.67e-13	intron_variant,non_coding_transcript_variant
PLEKHG1	1	rs575030152	3.96e-13	missense_variant
SDR9C7	1	rs28621466	3.96e-13	upstream_gene_variant
ENSG00000308897	1	rs574059779	3.98e-13	upstream_gene_variant
FLT3LG	1	rs200009375	4.01e-13	missense_variant
GTF3AP1	1	rs138714180	4.1e-13	downstream_gene_variant
ENSG00000242009	1	rs527432231	4.14e-13	intron_variant,non_coding_transcript_variant
ANKAR	1	rs560561165	4.42e-13	upstream_gene_variant
ASNSD1	1	rs560561165	4.42e-13	downstream_gene_variant
ENSG00000298137	1	rs560561165	4.42e-13	non_coding_transcript_exon_variant
ENSG00000298313	1	rs144603397	4.48e-13	intron_variant,non_coding_transcript_variant
BATF3	1	rs371923485	4.5e-13	intron_variant
SLC12A2	1	rs541248505	4.54e-13	3_prime_UTR_variant
PTH2R	1	rs111631608	4.56e-13	intron_variant,NMD_transcript_variant
RPS29P14	1	rs533537841	4.57e-13	upstream_gene_variant
TLK1	1	rs560136615	4.67e-13	intron_variant,NMD_transcript_variant
ENSG00000294265	1	rs554775562	4.74e-13	downstream_gene_variant
ENSG00000306791	1	rs115182391	4.75e-13	intron_variant,non_coding_transcript_variant
ENSG00000237127	1	rs9623943	4.77e-13	upstream_gene_variant
ENSG00000234683	1	rs562319430	4.86e-13	downstream_gene_variant
ENSG00000236676	1	rs562319430	4.86e-13	intron_variant,non_coding_transcript_variant
ENSG00000303122	1	rs1420466	4.89e-13	intron_variant,non_coding_transcript_variant
LINC01997	1	rs1420466	4.89e-13	upstream_gene_variant
PDE11A	1	rs142067339	4.91e-13	intron_variant
CCNY	1	rs190329472	5.07e-13	non_coding_transcript_exon_variant
ENSG00000255558	1	rs555047265	5.09e-13	intron_variant,non_coding_transcript_variant
C2CD3	1	rs184644338	5.33e-13	intron_variant
CSF3R	1	rs3917995	5.4e-13	non_coding_transcript_exon_variant
ENSG00000297367	1	rs3917995	5.4e-13	intron_variant,non_coding_transcript_variant
MRPS15	1	rs3917995	5.4e-13	upstream_gene_variant
ENSG00000250602	1	rs192909449	5.67e-13	intron_variant,non_coding_transcript_variant
GRAMD2B	1	rs192909449	5.67e-13	intron_variant
ZZEF1	1	rs573490420	5.74e-13	intron_variant
STAG1-DT	1	rs143848342	5.78e-13	upstream_gene_variant
ENSG00000284098	1	rs7808989	5.92e-13	upstream_gene_variant
ENSG00000284221	1	rs7808989	5.92e-13	upstream_gene_variant
ENSG00000284558	1	rs7808989	5.92e-13	upstream_gene_variant
MTATP6P10	1	rs7808989	5.92e-13	upstream_gene_variant
MTCO1P10	1	rs7808989	5.92e-13	downstream_gene_variant
MTCO2P10	1	rs7808989	5.92e-13	non_coding_transcript_exon_variant
MTCO3P4	1	rs7808989	5.92e-13	upstream_gene_variant
MTND1P4	1	rs7808989	5.92e-13	downstream_gene_variant
MTND2P6	1	rs7808989	5.92e-13	downstream_gene_variant
MTND4P5	1	rs7808989	5.92e-13	upstream_gene_variant
MTND5P7	1	rs7808989	5.92e-13	upstream_gene_variant
KLF2-DT	1	rs8111628	6e-13	intron_variant,non_coding_transcript_variant
ZMYM4	1	rs551797209	6.03e-13	intron_variant
ENSG00000286257	1	rs553270334	6.2e-13	intron_variant,non_coding_transcript_variant
LINC03059	1	rs553270334	6.2e-13	intron_variant,non_coding_transcript_variant
OTX2-AS1	1	rs553270334	6.2e-13	intron_variant,non_coding_transcript_variant
RPL3P3	1	rs553270334	6.2e-13	upstream_gene_variant
ENSG00000270120	1	rs2066844	6.22e-13	upstream_gene_variant
NOD2	1	rs2066844	6.22e-13	missense_variant
PNPLA7	1	rs191141531	6.22e-13	intron_variant
FPR1	1	rs961552	6.29e-13	intron_variant
ENSG00000297524	1	rs547526809	6.48e-13	intron_variant,non_coding_transcript_variant
ENSG00000299390	1	rs545328045	6.52e-13	intron_variant,non_coding_transcript_variant
SLIT2	1	rs575330204	6.57e-13	intron_variant
ENSG00000230612	1	rs116018601	6.58e-13	upstream_gene_variant
FXR2	1	rs112715785	6.6e-13	intron_variant
ENSG00000286481	1	rs556191149	6.76e-13	intron_variant,non_coding_transcript_variant
ENSG00000287871	1	rs556191149	6.76e-13	intron_variant,non_coding_transcript_variant
ENSG00000308869	1	rs164512	6.82e-13	intron_variant,non_coding_transcript_variant
ENSG00000299249	1	rs75689947	7.14e-13	upstream_gene_variant
ENSG00000299203	1	rs556995786	7.21e-13	downstream_gene_variant
NKIRAS2	1	rs186941177	7.34e-13	downstream_gene_variant
ENSG00000307479	1	rs558906748	7.45e-13	intron_variant,non_coding_transcript_variant
GPHN	1	rs558906748	7.45e-13	intron_variant
ENSG00000236525	1	rs55978515	7.5e-13	upstream_gene_variant
IL18RAP	1	rs55978515	7.5e-13	intron_variant
MIR4772	1	rs55978515	7.5e-13	upstream_gene_variant
ZC2HC1B	1	rs184208779	7.51e-13	intron_variant
LINC00362	1	rs183946158	7.55e-13	downstream_gene_variant
SGCG	1	rs183946158	7.55e-13	intron_variant
TMTC2	1	rs116150106	7.55e-13	intron_variant
SMYD3-AS1	1	rs112966591	7.59e-13	intron_variant,non_coding_transcript_variant
ENSG00000290067	1	rs568065574	7.64e-13	intron_variant,non_coding_transcript_variant
ENSG00000310069	1	rs141317223	7.65e-13	upstream_gene_variant
ETV7	1	rs142321104	7.65e-13	intron_variant
RAP1A	1	rs11102322	7.69e-13	intron_variant
UHRF2-AS1	1	rs118022602	7.69e-13	upstream_gene_variant
LINC01262	1	rs537246020	7.76e-13	upstream_gene_variant
COL15A1	1	rs34111295	7.8e-13	intron_variant
TECTA	1	rs11218149	8e-13	intron_variant
PPT2	1	rs79282662	8.01e-13	upstream_gene_variant
PRRT1	1	rs79282662	8.01e-13	downstream_gene_variant
HS3ST5	1	rs73536639	8.09e-13	intron_variant
CD5L	1	rs570424956	8.15e-13	intron_variant,non_coding_transcript_variant
MIR3148	1	rs559863776	8.29e-13	upstream_gene_variant
DIAPH3	1	rs138907872	8.37e-13	intron_variant
HLA-DQB3	1	rs115222658	8.4e-13	downstream_gene_variant
CLCN2	1	rs142399481	8.45e-13	upstream_gene_variant
ENSG00000232053	1	rs193038036	8.45e-13	intron_variant,non_coding_transcript_variant
POLR2H	1	rs142399481	8.45e-13	intron_variant
THPO	1	rs142399481	8.45e-13	downstream_gene_variant
ENSG00000240775	1	rs139601554	8.82e-13	upstream_gene_variant
FGF2	1	rs139601554	8.82e-13	intron_variant
GNG12-AS1	1	rs565124376	8.84e-13	intron_variant,non_coding_transcript_variant
MARK1	1	rs575192945	8.87e-13	intron_variant
SMIM8	1	rs558383742	8.91e-13	intron_variant,non_coding_transcript_variant
EHMT2	1	rs610265	8.94e-13	non_coding_transcript_exon_variant
EHMT2-AS1	1	rs610265	8.94e-13	downstream_gene_variant
ENSG00000297977	1	rs549189114	9e-13	intron_variant,non_coding_transcript_variant
ENSG00000232006	1	rs531036065	9.22e-13	intron_variant,non_coding_transcript_variant
ENSG00000270234	1	rs80255519	9.33e-13	non_coding_transcript_exon_variant
DNAJC7	1	rs373529196	9.51e-13	missense_variant,NMD_transcript_variant
ENSG00000289576	1	rs372165362	9.51e-13	upstream_gene_variant
TRIM36	1	rs550184192	9.51e-13	intron_variant
TRIM36-IT1	1	rs550184192	9.51e-13	downstream_gene_variant
TBC1D13	1	rs13290954	9.87e-13	intron_variant
LINC01396	1	rs114482173	9.92e-13	intron_variant,non_coding_transcript_variant
ENSG00000260364	1	rs577701332	1.02e-12	upstream_gene_variant
ENSG00000260834	1	rs577701332	1.02e-12	intron_variant,non_coding_transcript_variant
FRG1BP	1	rs6119003	1.02e-12	intron_variant,non_coding_transcript_variant
PRDM16	1	rs532270850	1.02e-12	intron_variant
C1orf54	1	rs6676685	1.04e-12	intron_variant
ENSG00000289041	1	rs6676685	1.04e-12	intron_variant,non_coding_transcript_variant
ALOXE3	1	rs187062164	1.05e-12	upstream_gene_variant
ENSG00000288993	1	rs187062164	1.05e-12	downstream_gene_variant
ENSG00000295745	1	rs4724866	1.05e-12	intron_variant,non_coding_transcript_variant
HES7	1	rs187062164	1.05e-12	3_prime_UTR_variant
LINC02636	1	rs2087630	1.05e-12	intron_variant,non_coding_transcript_variant
OR7E39P	1	rs4724866	1.05e-12	upstream_gene_variant
NUBPL	1	rs532013637	1.06e-12	intron_variant
ENSG00000306739	1	rs71368508	1.07e-12	intron_variant,non_coding_transcript_variant
LINC01996	1	rs71368508	1.07e-12	downstream_gene_variant
RNU6-955P	1	rs71368508	1.07e-12	downstream_gene_variant
C1QTNF7-AS1	1	rs562660657	1.08e-12	intron_variant,non_coding_transcript_variant
DOCK3	1	rs9713035	1.09e-12	intron_variant
LINC02515	1	rs141144849	1.09e-12	downstream_gene_variant
PARP11	1	rs191637032	1.09e-12	intron_variant
SLAMF1	1	rs164282	1.1e-12	intron_variant
ENSG00000219867	1	rs182829494	1.11e-12	downstream_gene_variant
ENSG00000302276	1	rs182829494	1.11e-12	upstream_gene_variant
OXSM	1	rs191034117	1.11e-12	downstream_gene_variant
ENSG00000254548	1	rs587639925	1.12e-12	downstream_gene_variant
ENSG00000254574	1	rs587639925	1.12e-12	upstream_gene_variant
MAPK15	1	rs587639925	1.12e-12	upstream_gene_variant
ENSG00000289398	1	rs61907677	1.13e-12	intron_variant,non_coding_transcript_variant
ENSG00000307601	1	rs61907677	1.13e-12	upstream_gene_variant
ANK1	1	rs74666598	1.14e-12	intron_variant
RNF180	1	rs549280302	1.14e-12	intron_variant
ENSG00000269318	1	rs10420217	1.15e-12	downstream_gene_variant
ENSG00000269807	1	rs10420217	1.15e-12	upstream_gene_variant
MPND	1	rs10420217	1.15e-12	intron_variant
SH3GL1	1	rs10420217	1.15e-12	downstream_gene_variant
ENPP7P4	1	rs538509052	1.17e-12	intron_variant,non_coding_transcript_variant
ENSG00000284624	1	rs538509052	1.17e-12	intron_variant,non_coding_transcript_variant
ENSG00000294919	1	rs12638043	1.17e-12	upstream_gene_variant
ENSG00000308865	1	rs540444594	1.17e-12	upstream_gene_variant
LINC02614	1	rs538509052	1.17e-12	intron_variant,non_coding_transcript_variant
C4BPB	1	rs180742823	1.19e-12	upstream_gene_variant
ENSG00000230258	1	rs186680178	1.2e-12	intron_variant,non_coding_transcript_variant
KCNJ16	1	rs186680178	1.2e-12	intron_variant
ENSG00000303638	1	rs28427465	1.21e-12	intron_variant,non_coding_transcript_variant
CCDC171	1	rs138542223	1.22e-12	intron_variant
ENSG00000309688	1	rs561813866	1.27e-12	upstream_gene_variant
CD70	1	rs2029745	1.29e-12	downstream_gene_variant
MINDY2	1	rs538785250	1.29e-12	intron_variant,NMD_transcript_variant
ZFP36L1	1	rs12889006	1.29e-12	5_prime_UTR_variant
ATOX1	1	rs149147798	1.31e-12	intron_variant
ATOX1-AS1	1	rs149147798	1.31e-12	intron_variant,non_coding_transcript_variant
SAMD12	1	rs569135734	1.32e-12	intron_variant
DSCAML1	1	rs567361657	1.34e-12	intron_variant
MIR583	1	rs184106805	1.34e-12	upstream_gene_variant
ENSG00000242588	1	rs141267412	1.37e-12	upstream_gene_variant
LINC03072	1	rs141267412	1.37e-12	non_coding_transcript_exon_variant
ENSG00000260617	1	rs11643304	1.4e-12	upstream_gene_variant
HSALR1	1	rs11643304	1.4e-12	non_coding_transcript_exon_variant
PIEZO1	1	rs11643304	1.4e-12	intron_variant
RYR2	1	rs548926422	1.42e-12	intron_variant
ENSG00000259560	1	rs551961562	1.46e-12	intron_variant,non_coding_transcript_variant
ENSG00000300196	1	rs555284836	1.52e-12	intron_variant,non_coding_transcript_variant
ENSG00000285987	1	rs550496013	1.55e-12	intron_variant,non_coding_transcript_variant
DUSP1	1	rs322355	1.56e-12	downstream_gene_variant
ENSG00000213386	1	rs322355	1.56e-12	non_coding_transcript_exon_variant
ENSG00000253295	1	rs322355	1.56e-12	intron_variant,non_coding_transcript_variant
ENSG00000253736	1	rs322355	1.56e-12	upstream_gene_variant
ENSG00000295914	1	rs322355	1.56e-12	non_coding_transcript_exon_variant
RIT2	1	rs550253652	1.56e-12	intron_variant
GNAQ	1	rs553238734	1.58e-12	intron_variant
ENSG00000309080	1	rs60683829	1.59e-12	downstream_gene_variant
JRK	1	rs545196692	1.59e-12	3_prime_UTR_variant
BAZ2B	1	rs139689853	1.61e-12	intron_variant
PRELID2	1	rs533229299	1.63e-12	intron_variant,non_coding_transcript_variant
UGT8	1	rs530511504	1.64e-12	intron_variant
ADARB2	1	rs538267740	1.65e-12	intron_variant
TPM1-AS	1	rs145680765	1.69e-12	intron_variant,non_coding_transcript_variant
ENSG00000302829	1	rs548294339	1.75e-12	intron_variant,non_coding_transcript_variant
LNROP	1	rs191699156	1.76e-12	intron_variant,non_coding_transcript_variant
POU2F2	1	rs191699156	1.76e-12	intron_variant
CHD1L	1	rs587771440	1.78e-12	upstream_gene_variant
FBXW7	1	rs569337216	1.78e-12	intron_variant
FMO5	1	rs587771440	1.78e-12	intron_variant,NMD_transcript_variant
ENSG00000226180	1	rs577682799	1.81e-12	downstream_gene_variant
JPH3	1	rs577682799	1.81e-12	missense_variant
RN7SKP188	1	rs563361209	1.82e-12	downstream_gene_variant
ENSG00000251670	1	rs544123943	1.86e-12	intron_variant,non_coding_transcript_variant
LINC01951	1	rs544123943	1.86e-12	intron_variant,non_coding_transcript_variant
RTP3	1	rs143107573	1.9e-12	intron_variant
EMSY	1	rs60748394	1.91e-12	downstream_gene_variant
MAML1	1	rs545201130	1.92e-12	intron_variant
ENSG00000299393	1	rs142063070	1.95e-12	splice_polypyrimidine_tract_variant,intron_variant,non_coding_transcript_variant
ENSG00000294424	1	rs374555557	1.97e-12	intron_variant,non_coding_transcript_variant
ENSG00000305057	1	rs146225229	1.98e-12	intron_variant,non_coding_transcript_variant
TNS1	1	rs146225229	1.98e-12	intron_variant
ENSG00000298097	1	rs10035217	2e-12	intron_variant,non_coding_transcript_variant
PIK3R3	1	rs785515	2.01e-12	intron_variant
ENSG00000302518	1	rs11666329	2.07e-12	upstream_gene_variant
FANCF	1	rs574076634	2.07e-12	downstream_gene_variant
GAS2	1	rs574076634	2.07e-12	upstream_gene_variant
PHLDB2	1	rs537284019	2.08e-12	intron_variant
ZNF804B	1	rs546784376	2.11e-12	intron_variant
LINC01524	1	rs553110248	2.13e-12	intron_variant,non_coding_transcript_variant
ENSG00000302424	1	rs546562183	2.15e-12	upstream_gene_variant
ETV5	1	rs76165431	2.26e-12	intron_variant
ETV5-AS1	1	rs76165431	2.26e-12	upstream_gene_variant
ARHGEF10L	1	rs542715532	2.27e-12	intron_variant,NMD_transcript_variant
PPARGC1A	1	rs535786178	2.29e-12	intron_variant,non_coding_transcript_variant
PPARGC1A-AS1	1	rs535786178	2.29e-12	intron_variant,non_coding_transcript_variant
UCKL1	1	rs79943637	2.31e-12	intron_variant
UCKL1-AS1	1	rs79943637	2.31e-12	upstream_gene_variant
COBLL1	1	rs184109408	2.36e-12	intron_variant
LRRC3C	1	rs150597587	2.39e-12	downstream_gene_variant
ENSG00000302402	1	rs183110723	2.4e-12	intron_variant,non_coding_transcript_variant
RCOR1	1	rs74615488	2.42e-12	intron_variant
BECN2	1	rs529498546	2.44e-12	missense_variant
PLXNC1-AS1	1	rs12303699	2.46e-12	upstream_gene_variant
RNU6-709P	1	rs190506247	2.5e-12	downstream_gene_variant
UBE2V1P5	1	rs190506247	2.5e-12	upstream_gene_variant
APBB2	1	rs139163954	2.51e-12	intron_variant
ENSG00000295391	1	rs529892772	2.57e-12	intron_variant,non_coding_transcript_variant
HSPH1	1	rs529892772	2.57e-12	upstream_gene_variant
ENSG00000287359	1	rs533526553	2.58e-12	intron_variant,non_coding_transcript_variant
ENSG00000289977	1	rs150314621	2.66e-12	upstream_gene_variant
PHKG1P1	1	rs112013189	2.66e-12	intron_variant,non_coding_transcript_variant
ENSG00000288585	1	rs7625643	2.68e-12	downstream_gene_variant
ENSG00000309977	1	rs7625643	2.68e-12	intron_variant,non_coding_transcript_variant
ZBTB38	1	rs7625643	2.68e-12	intron_variant
RNY3P14	1	rs535531910	2.71e-12	downstream_gene_variant
TRAV22	1	rs187062084	2.71e-12	downstream_gene_variant
ENSG00000295646	1	rs35722758	2.72e-12	downstream_gene_variant
KIF18B	1	rs35722758	2.72e-12	intron_variant
UGT3A1	1	rs7712116	2.73e-12	intron_variant
AA06	1	rs141028678	2.77e-12	intron_variant,non_coding_transcript_variant
NRAD1	1	rs61960013	2.78e-12	intron_variant,non_coding_transcript_variant
RARS1P1	1	rs138366301	2.8e-12	upstream_gene_variant
SMCO2	1	rs138366301	2.8e-12	intron_variant
UVRAG	1	rs148083049	2.8e-12	intron_variant
SOX6	1	rs577099016	2.81e-12	intron_variant
RHBDL3	1	rs147710410	2.85e-12	intron_variant
BBS9	1	rs569011901	2.9e-12	intron_variant,non_coding_transcript_variant
ENSG00000233219	1	rs569011901	2.9e-12	intron_variant,non_coding_transcript_variant
ENSG00000304919	1	rs548451109	2.93e-12	upstream_gene_variant
RPL13	1	rs548451109	2.93e-12	3_prime_UTR_variant
SNORD68	1	rs548451109	2.93e-12	downstream_gene_variant
IGHM	1	rs370384855	2.95e-12	synonymous_variant
MIR4507	1	rs370384855	2.95e-12	downstream_gene_variant
MIR4537	1	rs370384855	2.95e-12	downstream_gene_variant
MIR4538	1	rs370384855	2.95e-12	downstream_gene_variant
MIR4539	1	rs370384855	2.95e-12	downstream_gene_variant
MESP2	1	rs567577498	2.97e-12	intron_variant,non_coding_transcript_variant
ENSG00000231119	1	rs377707018	3.03e-12	upstream_gene_variant
ENSG00000273451	1	rs377707018	3.03e-12	upstream_gene_variant
ZMYND8	1	rs377707018	3.03e-12	intron_variant
LINC02068	1	rs554787804	3.04e-12	intron_variant,non_coding_transcript_variant
PIK3R5	1	rs148608515	3.08e-12	intron_variant,NMD_transcript_variant
SCN1A-AS1	1	rs187660663	3.11e-12	downstream_gene_variant
ENSG00000258231	1	rs185971497	3.14e-12	intron_variant,non_coding_transcript_variant
LINC02388	1	rs185971497	3.14e-12	intron_variant,non_coding_transcript_variant
CACNB2	1	rs77592653	3.16e-12	intron_variant
ATAD3C	1	rs374914004	3.24e-12	missense_variant
KPNA7	1	rs4727427	3.26e-12	intron_variant
ARMC9	1	rs561408071	3.28e-12	intron_variant
ENSG00000294346	1	rs561408071	3.28e-12	intron_variant,non_coding_transcript_variant
ENSG00000294593	1	rs575844559	3.3e-12	downstream_gene_variant
MYH6	1	rs575844559	3.3e-12	intron_variant
AFF3	1	rs6715254	3.32e-12	intron_variant,non_coding_transcript_variant
ADAM17	1	rs370068256	3.38e-12	intron_variant
ENSG00000239300	1	rs370068256	3.38e-12	intron_variant,non_coding_transcript_variant
ENSG00000240687	1	rs543606154	3.38e-12	non_coding_transcript_exon_variant
LRRIQ1	1	rs150706348	3.43e-12	intron_variant
PDE6A	1	rs190361022	3.46e-12	intron_variant
ENSG00000259199	1	rs532621498	3.47e-12	intron_variant,non_coding_transcript_variant
ENSG00000283994	1	rs184772643	3.47e-12	upstream_gene_variant
LINC01582	1	rs532621498	3.47e-12	intron_variant,non_coding_transcript_variant
LINC02251	1	rs532621498	3.47e-12	intron_variant,non_coding_transcript_variant
CHADL	1	rs558467953	3.48e-12	synonymous_variant
L3MBTL2	1	rs558467953	3.48e-12	downstream_gene_variant
FAM186B	1	rs535002828	3.52e-12	upstream_gene_variant
PRPF40B	1	rs535002828	3.52e-12	intron_variant
ENSG00000226472	1	rs532161278	3.57e-12	upstream_gene_variant
ENSG00000293340	1	rs532161278	3.57e-12	upstream_gene_variant
TSPAN11-AS1	1	rs532161278	3.57e-12	upstream_gene_variant
PLEKHA4	1	rs554495363	3.59e-12	intron_variant
TMEM267	1	rs150796338	3.65e-12	downstream_gene_variant
VPS35L	1	rs557934514	3.67e-12	intron_variant
ENSG00000301287	1	rs140782469	3.7e-12	downstream_gene_variant
ZNF577	1	rs75691788	3.7e-12	intron_variant,NMD_transcript_variant
ENSG00000254067	1	rs139040295	3.74e-12	upstream_gene_variant
ENSG00000293375	1	rs139040295	3.74e-12	intron_variant,non_coding_transcript_variant
ICA1L	1	rs186399184	3.74e-12	intron_variant
SOD2	1	rs552589844	3.75e-12	intron_variant
WTAP	1	rs552589844	3.75e-12	intron_variant
TRPV4	1	rs56214813	3.87e-12	intron_variant
SLC14A2-AS1	1	rs542973972	3.89e-12	intron_variant,non_coding_transcript_variant
ENSG00000309403	1	rs548436567	3.9e-12	downstream_gene_variant
ENSG00000297769	1	rs199805492	3.95e-12	intron_variant,non_coding_transcript_variant
NAV3-AS1	1	rs183448471	3.95e-12	intron_variant,non_coding_transcript_variant
ENSG00000304282	1	rs139689471	3.98e-12	downstream_gene_variant
ENSG00000301862	1	rs573976878	3.99e-12	downstream_gene_variant
TBC1D3I	1	rs573976878	3.99e-12	upstream_gene_variant
LINC01446	1	rs577851280	4.05e-12	intron_variant,non_coding_transcript_variant
HLA-DMB	1	rs194676	4.07e-12	downstream_gene_variant
PPP1CA	1	rs192430290	4.11e-12	downstream_gene_variant
RNU6-1238P	1	rs192430290	4.11e-12	upstream_gene_variant
TBC1D10C	1	rs192430290	4.11e-12	upstream_gene_variant
ENSG00000260975	1	rs566843315	4.18e-12	intron_variant,non_coding_transcript_variant
TNFSF8	1	rs3181359	4.22e-12	intron_variant
PCSK5	1	rs541801071	4.23e-12	intron_variant
ENSG00000226097	1	rs73084574	4.28e-12	intron_variant,non_coding_transcript_variant
HP1BP3	1	rs58065796	4.29e-12	upstream_gene_variant
ENSG00000249806	1	rs558112429	4.3e-12	intron_variant,non_coding_transcript_variant
ENSG00000295825	1	rs564454649	4.3e-12	downstream_gene_variant
OR7E111FP	1	rs564454649	4.3e-12	downstream_gene_variant
ENSG00000223804	1	rs587649570	4.31e-12	downstream_gene_variant
ENSG00000306014	1	rs587649570	4.31e-12	upstream_gene_variant
PCMTD1-DT	1	rs181545710	4.35e-12	intron_variant,non_coding_transcript_variant
ENSG00000288782	1	rs539752422	4.36e-12	intron_variant,non_coding_transcript_variant
LINC01967	1	rs79786110	4.38e-12	non_coding_transcript_exon_variant
EIF4EBP3	1	rs10589076	4.43e-12	downstream_gene_variant
SRA1	1	rs10589076	4.43e-12	splice_polypyrimidine_tract_variant,intron_variant
ASTN1	1	rs562034677	4.59e-12	intron_variant,non_coding_transcript_variant
ENSG00000301400	1	rs57108712	4.71e-12	intron_variant,non_coding_transcript_variant
ABI3	1	rs113201977	4.75e-12	intron_variant
PHOSPHO1	1	rs113201977	4.75e-12	downstream_gene_variant
ENSG00000265728	1	rs185759455	4.86e-12	intron_variant,non_coding_transcript_variant
ENSG00000302024	1	rs185759455	4.86e-12	downstream_gene_variant
CTNNBL1	1	rs139385097	4.92e-12	intron_variant
ENSG00000283098	1	rs371869544	5.04e-12	intron_variant,non_coding_transcript_variant
NKX2-1-AS1	1	rs371869544	5.04e-12	intron_variant,non_coding_transcript_variant
KCNH5	1	rs146671564	5.06e-12	intron_variant,non_coding_transcript_variant
GAL3ST2-AS1	1	rs143628759	5.08e-12	upstream_gene_variant
RNU6-1007P	1	rs189354078	5.09e-12	downstream_gene_variant
ABCD2	1	rs190699805	5.11e-12	intron_variant
ENSG00000263904	1	rs549064453	5.11e-12	upstream_gene_variant
GAREM1	1	rs549064453	5.11e-12	intron_variant
DAGLA	1	rs531446433	5.17e-12	intron_variant
TOX2	1	rs571082137	5.18e-12	intron_variant
ANXA13	1	rs567087806	5.19e-12	intron_variant
ENSG00000253286	1	rs567087806	5.19e-12	intron_variant,non_coding_transcript_variant
ENSG00000277227	1	rs543164828	5.25e-12	upstream_gene_variant
LINC00536	1	rs186660315	5.25e-12	intron_variant,non_coding_transcript_variant
POM121L13P	1	rs543164828	5.25e-12	downstream_gene_variant
LINC02469	1	rs538803949	5.3e-12	intron_variant,non_coding_transcript_variant
CNN2	1	rs67538026	5.34e-12	intron_variant
DNAAF4	1	rs28841346	5.35e-12	upstream_gene_variant
CLIC3	1	rs111345928	5.38e-12	downstream_gene_variant
ENSG00000297061	1	rs138231566	5.38e-12	intron_variant,non_coding_transcript_variant
LCNL1	1	rs111345928	5.38e-12	downstream_gene_variant
LINC00885	1	rs138231566	5.38e-12	intron_variant,non_coding_transcript_variant
PAXX	1	rs111345928	5.38e-12	upstream_gene_variant
ENSG00000309118	1	rs188808683	5.42e-12	intron_variant,non_coding_transcript_variant
ATP13A2	1	rs201437622	5.43e-12	intron_variant
ENSG00000226526	1	rs201437622	5.43e-12	intron_variant,non_coding_transcript_variant
ENSG00000249086	1	rs565341238	5.43e-12	upstream_gene_variant
LSP1	1	rs565341238	5.43e-12	intron_variant
MIR4298	1	rs565341238	5.43e-12	upstream_gene_variant
CUL2	1	rs35032841	5.44e-12	intron_variant
TRIT1	1	rs139766411	5.48e-12	intron_variant
RASGEF1A	1	rs2418550	5.61e-12	intron_variant
ENSG00000294230	1	rs553512551	5.62e-12	intron_variant,non_coding_transcript_variant
ABCA5	1	rs560056146	5.68e-12	5_prime_UTR_variant
SNRPGP4	1	rs560056146	5.68e-12	upstream_gene_variant
MIR4668	1	rs78918506	5.74e-12	upstream_gene_variant
ENSG00000295044	1	rs146751941	5.75e-12	downstream_gene_variant
SEPTIN2P1	1	rs146751941	5.75e-12	downstream_gene_variant
NLRP1	1	rs138404061	5.8e-12	intron_variant,NMD_transcript_variant
MIR146A	1	rs17057868	5.92e-12	downstream_gene_variant
ATP1B3	1	rs562913762	5.95e-12	downstream_gene_variant
ENSG00000296706	1	rs562913762	5.95e-12	downstream_gene_variant
PHF21A	1	rs578251496	6.01e-12	intron_variant
CKMT2	1	rs185039053	6.1e-12	intron_variant
CKMT2-AS1	1	rs185039053	6.1e-12	non_coding_transcript_exon_variant
ENSG00000248794	1	rs185039053	6.1e-12	downstream_gene_variant
MINK1	1	rs16954203	6.18e-12	intron_variant
CD80	1	rs185493021	6.2e-12	intron_variant
BRDT	1	rs11802525	6.25e-12	upstream_gene_variant
BACH1	1	rs562017624	6.3e-12	intron_variant
ENSG00000231873	1	rs193033840	6.32e-12	intron_variant,non_coding_transcript_variant
ENSG00000265784	1	rs554896109	6.35e-12	upstream_gene_variant
LASP1	1	rs554896109	6.35e-12	downstream_gene_variant
LASP1NB	1	rs554896109	6.35e-12	upstream_gene_variant
ENSG00000300061	1	rs528341009	6.43e-12	non_coding_transcript_exon_variant
ENSG00000300079	1	rs528341009	6.43e-12	upstream_gene_variant
ENSG00000285676	1	rs567673063	6.52e-12	downstream_gene_variant
VTI1A	1	rs567673063	6.52e-12	intron_variant
SMIM26	1	rs192607506	6.64e-12	downstream_gene_variant
ENSG00000250699	1	rs147138404	6.75e-12	intron_variant,non_coding_transcript_variant
ENSG00000309210	1	rs147138404	6.75e-12	downstream_gene_variant
LOXL2	1	rs530013214	6.76e-12	intron_variant
LOXL2-AS1	1	rs530013214	6.76e-12	intron_variant,non_coding_transcript_variant
GRIK3	1	rs144362513	6.77e-12	intron_variant
CES5A	1	rs559952862	6.87e-12	intron_variant
ENSG00000223410	1	rs571480360	7.01e-12	downstream_gene_variant
MYDGF	1	rs545224314	7.01e-12	intron_variant
ENSG00000296323	1	rs182056692	7.1e-12	intron_variant,non_coding_transcript_variant
ZW10	1	rs531164024	7.1e-12	intron_variant
EPB41L3	1	rs9961717	7.2e-12	intron_variant
DUSP4	1	rs562813171	7.24e-12	upstream_gene_variant
ENSG00000260253	1	rs562813171	7.24e-12	downstream_gene_variant
ENSG00000285601	1	rs562813171	7.24e-12	upstream_gene_variant
CST13P	1	rs193247757	7.25e-12	intron_variant,non_coding_transcript_variant
ABCA13	1	rs549494814	7.29e-12	intron_variant
ENSG00000300494	1	rs549947629	7.29e-12	intron_variant,non_coding_transcript_variant
F11-AS1	1	rs549947629	7.29e-12	intron_variant,non_coding_transcript_variant
CD160	1	rs587633238	7.34e-12	downstream_gene_variant
RNF115	1	rs587633238	7.34e-12	3_prime_UTR_variant
ENSG00000307714	1	rs550058023	7.38e-12	downstream_gene_variant
SLC52A2	1	rs550058023	7.38e-12	intron_variant
ENSG00000294538	1	rs62207015	7.43e-12	upstream_gene_variant
STMN3	1	rs62207015	7.43e-12	intron_variant
NPHP3	1	rs142480226	7.44e-12	upstream_gene_variant
NPHP3-AS1	1	rs142480226	7.44e-12	intron_variant,non_coding_transcript_variant
ENSG00000301776	1	rs548252708	7.46e-12	downstream_gene_variant
RNU6-677P	1	rs548973791	7.46e-12	upstream_gene_variant
SYNPR	1	rs76183189	7.47e-12	intron_variant
SYNPR-AS1	1	rs76183189	7.47e-12	intron_variant,non_coding_transcript_variant
ENSG00000295185	1	rs72837826	7.49e-12	upstream_gene_variant
LINC00698	1	rs530159535	7.82e-12	intron_variant,non_coding_transcript_variant
FAM241A	1	rs534488661	7.83e-12	3_prime_UTR_variant
ENSG00000288737	1	rs113461829	7.85e-12	upstream_gene_variant
ENSG00000290019	1	rs113461829	7.85e-12	intron_variant,non_coding_transcript_variant
TAFA4	1	rs537079905	7.86e-12	intron_variant
ESR2	1	rs554066873	7.87e-12	intron_variant
FARS2-AS1	1	rs572172701	7.87e-12	upstream_gene_variant
ENSG00000206976	1	rs58677531	7.89e-12	upstream_gene_variant
STIM1	1	rs58677531	7.89e-12	intron_variant
MIR4486	1	rs75175115	8.1e-12	downstream_gene_variant
NAV2	1	rs75175115	8.1e-12	intron_variant
ENSG00000248715	1	rs542097485	8.16e-12	upstream_gene_variant
LINC02377	1	rs542097485	8.16e-12	intron_variant,non_coding_transcript_variant
LINC01435	1	rs542334574	8.2e-12	intron_variant,non_coding_transcript_variant
UBE3C	1	rs540100927	8.2e-12	missense_variant
CRYGC	1	rs554870125	8.27e-12	upstream_gene_variant
ENSG00000224529	1	rs554870125	8.27e-12	downstream_gene_variant
ENSG00000295187	1	rs554870125	8.27e-12	intron_variant,non_coding_transcript_variant
ENSG00000230515	1	rs558110778	8.29e-12	intron_variant,non_coding_transcript_variant
TTBK2	1	rs569234592	8.45e-12	intron_variant
RPL34-DT	1	rs147506631	8.64e-12	intron_variant,non_coding_transcript_variant
ATF6	1	rs540114272	8.66e-12	intron_variant
CCDC136	1	rs143584808	8.76e-12	intron_variant
ENSG00000308696	1	rs143584808	8.76e-12	upstream_gene_variant
AIRIM	1	rs529109689	8.82e-12	downstream_gene_variant
FAR2-AS1	1	rs2288125	8.85e-12	non_coding_transcript_exon_variant
TDRD10	1	rs186397538	8.92e-12	intron_variant
DDAH1	1	rs572226393	8.94e-12	intron_variant
ENSG00000282057	1	rs572226393	8.94e-12	intron_variant,non_coding_transcript_variant
ENSG00000302067	1	rs658648	8.98e-12	intron_variant,non_coding_transcript_variant
ENSG00000302136	1	rs658648	8.98e-12	upstream_gene_variant
LINC02649	1	rs658648	8.98e-12	downstream_gene_variant
ENSG00000305906	1	rs74912979	9e-12	non_coding_transcript_exon_variant
ATG2A	1	rs140076024	9.03e-12	upstream_gene_variant
PPP2R5B	1	rs140076024	9.03e-12	intron_variant,non_coding_transcript_variant
ENSG00000248949	1	rs370989612	9.18e-12	downstream_gene_variant
ENSG00000288763	1	rs370989612	9.18e-12	downstream_gene_variant
ENSG00000302406	1	rs370989612	9.18e-12	non_coding_transcript_exon_variant
ENSG00000309288	1	rs370989612	9.18e-12	upstream_gene_variant
RNU7-24P	1	rs575579674	9.24e-12	upstream_gene_variant
ENSG00000308250	1	rs554250747	9.27e-12	intron_variant,non_coding_transcript_variant
LINC02161	1	rs551235185	9.47e-12	intron_variant,non_coding_transcript_variant
LINC02895	1	rs577052584	9.7e-12	intron_variant,non_coding_transcript_variant
ENSG00000272988	1	rs569015540	9.72e-12	upstream_gene_variant
SPOCK2	1	rs569015540	9.72e-12	downstream_gene_variant
SLC22A3	1	rs561841142	9.76e-12	intron_variant
GREM2	1	rs186176069	9.77e-12	intron_variant
CCDC93	1	rs368306746	9.79e-12	missense_variant
LINC02511	1	rs73002427	9.8e-12	intron_variant,non_coding_transcript_variant
CENPP	1	rs575309159	9.9e-12	intron_variant
ENSG00000229530	1	rs575309159	9.9e-12	downstream_gene_variant
NDST4	1	rs558267494	1e-11	intron_variant
CPA6	1	rs147955638	1.01e-11	intron_variant
ENSG00000296436	1	rs147955638	1.01e-11	upstream_gene_variant
FCHSD2	1	rs570133889	1.03e-11	intron_variant
ENSG00000230333	1	rs187599881	1.05e-11	intron_variant,non_coding_transcript_variant
ENSG00000308999	1	rs558766956	1.05e-11	intron_variant,non_coding_transcript_variant
KIAA0930	1	rs557414462	1.05e-11	intron_variant
SCGB1B2P	1	rs554917545	1.05e-11	intron_variant,non_coding_transcript_variant
SCGB2B2	1	rs554917545	1.05e-11	intron_variant
VRK1	1	rs185601488	1.07e-11	intron_variant,NMD_transcript_variant
ENSG00000289323	1	rs531288571	1.09e-11	upstream_gene_variant
EPHX2	1	rs531288571	1.09e-11	intron_variant
LINC00845	1	rs150267740	1.09e-11	intron_variant,non_coding_transcript_variant
PARD3B	1	rs565086195	1.1e-11	intron_variant
ENSG00000260701	1	rs185975956	1.11e-11	downstream_gene_variant
ENSG00000284649	1	rs150724203	1.12e-11	downstream_gene_variant
ENSG00000298263	1	rs59457388	1.12e-11	intron_variant,non_coding_transcript_variant
ENSG00000300231	1	rs150724203	1.12e-11	downstream_gene_variant
ENSG00000300431	1	rs150724203	1.12e-11	upstream_gene_variant
ENSG00000306230	1	rs571013696	1.12e-11	intron_variant,non_coding_transcript_variant
LINC01377	1	rs571013696	1.12e-11	upstream_gene_variant
RRN3P2	1	rs150724203	1.12e-11	intron_variant,non_coding_transcript_variant
ENSG00000307547	1	rs559106990	1.14e-11	non_coding_transcript_exon_variant
ENSG00000307010	1	rs59224164	1.15e-11	upstream_gene_variant
BRPF1	1	rs562005509	1.16e-11	downstream_gene_variant
ENSG00000287612	1	rs557888519	1.16e-11	intron_variant,non_coding_transcript_variant
OGG1	1	rs562005509	1.16e-11	upstream_gene_variant
ENSG00000307098	1	rs6591221	1.17e-11	upstream_gene_variant
RBM4B	1	rs6591221	1.17e-11	intron_variant
ZBTB46	1	rs2315649	1.2e-11	intron_variant
CCDC97	1	rs548253506	1.21e-11	3_prime_UTR_variant
CNTN1	1	rs189085219	1.21e-11	intron_variant
ENSG00000299111	1	rs6900218	1.21e-11	upstream_gene_variant
H1-2	1	rs6900218	1.21e-11	downstream_gene_variant
H3C3	1	rs6900218	1.21e-11	downstream_gene_variant
TGFB1	1	rs548253506	1.21e-11	intron_variant,non_coding_transcript_variant
ENSG00000289540	1	rs564360987	1.22e-11	upstream_gene_variant
ENSG00000301084	1	rs140275227	1.22e-11	downstream_gene_variant
PTGER4	1	rs564360987	1.22e-11	splice_region_variant,synonymous_variant
TTC33	1	rs564360987	1.22e-11	intron_variant
LGI2	1	rs566094262	1.24e-11	synonymous_variant
RMDN2	1	rs1800440	1.24e-11	downstream_gene_variant
RMDN2-AS1	1	rs1800440	1.24e-11	upstream_gene_variant
CDK5R2-AS1	1	rs190814715	1.25e-11	intron_variant,non_coding_transcript_variant
ENSG00000288898	1	rs190814715	1.25e-11	intron_variant,non_coding_transcript_variant
AKR1C8	1	rs587658334	1.28e-11	intron_variant,NMD_transcript_variant
CASC8	1	rs557003513	1.29e-11	intron_variant,non_coding_transcript_variant
ANO2	1	rs563917294	1.32e-11	intron_variant
FMN2	1	rs114076858	1.35e-11	intron_variant
ENSG00000294709	1	rs150387370	1.36e-11	intron_variant,non_coding_transcript_variant
ZDHHC20P4	1	rs542525051	1.36e-11	downstream_gene_variant
CNTLN	1	rs201466402	1.37e-11	missense_variant
ENSG00000285941	1	rs570418617	1.37e-11	upstream_gene_variant
TRDN	1	rs570418617	1.37e-11	intron_variant
CAMK2N1	1	rs567959785	1.4e-11	downstream_gene_variant
ENSG00000284641	1	rs567959785	1.4e-11	downstream_gene_variant
ENSG00000284743	1	rs567959785	1.4e-11	upstream_gene_variant
ENSG00000289402	1	rs567959785	1.4e-11	downstream_gene_variant
ENSG00000296909	1	rs567959785	1.4e-11	intron_variant,non_coding_transcript_variant
FAM167A	1	rs569645093	1.4e-11	intron_variant
GSG1L	1	rs183878582	1.41e-11	intron_variant
ENSG00000260289	1	rs552727789	1.44e-11	intron_variant,non_coding_transcript_variant
ZNF549	1	rs35215822	1.44e-11	intron_variant
ZNF550	1	rs35215822	1.44e-11	synonymous_variant,NMD_transcript_variant
CALD1	1	rs192396111	1.46e-11	intron_variant
CYTH1	1	rs116696808	1.46e-11	intron_variant
ENSG00000267430	1	rs574584309	1.46e-11	downstream_gene_variant
ENSG00000286458	1	rs192396111	1.46e-11	intron_variant,non_coding_transcript_variant
RNU6-638P	1	rs116696808	1.46e-11	upstream_gene_variant
VPS4B	1	rs574584309	1.46e-11	intron_variant
SRPK2	1	rs114645604	1.47e-11	intron_variant
C2orf69	1	rs545570408	1.49e-11	intron_variant,non_coding_transcript_variant
TYW5	1	rs545570408	1.49e-11	non_coding_transcript_exon_variant
IMPG2	1	rs114137525	1.51e-11	intron_variant
ENSG00000225170	1	rs139393473	1.52e-11	downstream_gene_variant
ENSG00000302077	1	rs189176616	1.52e-11	upstream_gene_variant
ENSG00000302093	1	rs189176616	1.52e-11	downstream_gene_variant
LINC01427	1	rs139393473	1.52e-11	intron_variant,non_coding_transcript_variant
PRH1	1	rs553949410	1.53e-11	intron_variant,non_coding_transcript_variant
PRH2	1	rs553949410	1.53e-11	upstream_gene_variant
PRR4	1	rs553949410	1.53e-11	intron_variant
GPR137C	1	rs17125579	1.54e-11	intron_variant
ENSG00000307730	1	rs560872210	1.55e-11	non_coding_transcript_exon_variant
MACF1	1	rs529993686	1.55e-11	non_coding_transcript_exon_variant
LINC02118	1	rs116176819	1.56e-11	intron_variant,non_coding_transcript_variant
ENSG00000230027	1	rs149065316	1.58e-11	intron_variant,non_coding_transcript_variant
HMGA2	1	rs76905924	1.58e-11	downstream_gene_variant
ENSG00000287321	1	rs180980584	1.6e-11	downstream_gene_variant
LINC00923	1	rs180980584	1.6e-11	intron_variant,non_coding_transcript_variant
LSM6	1	rs56099921	1.6e-11	downstream_gene_variant
REELD1	1	rs56099921	1.6e-11	upstream_gene_variant
SIRPA	1	rs564602852	1.6e-11	intron_variant
ENSG00000234504	1	rs112163836	1.64e-11	intron_variant,non_coding_transcript_variant
EVI5	1	rs7542867	1.64e-11	intron_variant
TMEM72	1	rs112163836	1.64e-11	intron_variant
ENSG00000254933	1	rs7125695	1.68e-11	downstream_gene_variant
WNT11	1	rs7125695	1.68e-11	intron_variant
STYK1	1	rs528575117	1.7e-11	upstream_gene_variant
ZDHHC13	1	rs80275468	1.7e-11	intron_variant
PTK2	1	rs143231932	1.71e-11	intron_variant
KLF12	1	rs185088878	1.72e-11	intron_variant
GLI4	1	rs144051026	1.74e-11	upstream_gene_variant
LINC03000	1	rs73340542	1.74e-11	intron_variant,non_coding_transcript_variant
SYNE1	1	rs200881487	1.74e-11	intron_variant
TRIM10	1	rs3094135	1.74e-11	downstream_gene_variant
TRIM40	1	rs3094135	1.74e-11	3_prime_UTR_variant
ZFP41	1	rs144051026	1.74e-11	3_prime_UTR_variant,NMD_transcript_variant
ENSG00000286368	1	rs559371392	1.75e-11	upstream_gene_variant
ENSG00000294517	1	rs559371392	1.75e-11	downstream_gene_variant
LINC00620	1	rs532523615	1.76e-11	intron_variant,non_coding_transcript_variant
ENSG00000299432	1	rs146610797	1.79e-11	downstream_gene_variant
GCNT1	1	rs146610797	1.79e-11	intron_variant,non_coding_transcript_variant
MFSD12	1	rs200019629	1.79e-11	intron_variant
MFSD12-AS1	1	rs200019629	1.79e-11	intron_variant,non_coding_transcript_variant
RETNLB	1	rs201519354	1.79e-11	intron_variant,non_coding_transcript_variant
TEKTIP1	1	rs200019629	1.79e-11	downstream_gene_variant
THSD7A	1	rs534875364	1.8e-11	intron_variant
RNU6-655P	1	rs78034733	1.81e-11	downstream_gene_variant
CDH13-AS1	1	rs552604503	1.82e-11	intron_variant,non_coding_transcript_variant
ENSG00000230365	1	rs139514376	1.83e-11	intron_variant,non_coding_transcript_variant
ENSG00000302028	1	rs555507857	1.83e-11	downstream_gene_variant
RGS20	1	rs555507857	1.83e-11	intron_variant
LINC01819	1	rs114677683	1.85e-11	intron_variant,non_coding_transcript_variant
C11orf65	1	rs540921704	1.87e-11	intron_variant
ATP11B	1	rs545238609	1.88e-11	intron_variant
RRM1	1	rs147374001	1.88e-11	intron_variant
ENSG00000303262	1	rs137926256	1.9e-11	non_coding_transcript_exon_variant
ENSG00000303473	1	rs137926256	1.9e-11	upstream_gene_variant
ENSG00000309568	1	rs137926256	1.9e-11	upstream_gene_variant
ENSG00000253171	1	rs181399344	1.91e-11	intron_variant,non_coding_transcript_variant
ENSG00000289028	1	rs530211156	1.92e-11	downstream_gene_variant
TM2D3	1	rs530211156	1.92e-11	upstream_gene_variant
ENSG00000296014	1	rs540823191	1.93e-11	downstream_gene_variant
SPDYE10	1	rs540823191	1.93e-11	intron_variant
CCDC92B	1	rs548207948	1.94e-11	intron_variant
ACADL	1	rs562209864	1.95e-11	intron_variant
ENSG00000279317	1	rs562209864	1.95e-11	intron_variant,non_coding_transcript_variant
ENSG00000254644	1	rs531334851	1.99e-11	upstream_gene_variant
ENSG00000298922	1	rs540366384	1.99e-11	downstream_gene_variant
ENSG00000298944	1	rs540366384	1.99e-11	downstream_gene_variant
ENSG00000298961	1	rs540366384	1.99e-11	upstream_gene_variant
GDI2P2	1	rs540366384	1.99e-11	downstream_gene_variant
LINC02796	1	rs540366384	1.99e-11	upstream_gene_variant
RIMS2	1	rs531334851	1.99e-11	intron_variant
WDFY3	1	rs183464318	2e-11	intron_variant
C3	1	rs191033730	2.03e-11	intron_variant
ENSG00000297005	1	rs191033730	2.03e-11	downstream_gene_variant
ENSG00000289410	1	rs541567167	2.04e-11	intron_variant,non_coding_transcript_variant
ENSG00000308974	1	rs571018817	2.05e-11	downstream_gene_variant
ENSG00000296681	1	rs560515170	2.09e-11	intron_variant,non_coding_transcript_variant
ACTN2	1	rs149025139	2.1e-11	non_coding_transcript_exon_variant
SLC45A2	1	rs79147807	2.12e-11	intron_variant
VPS13C	1	rs554809135	2.12e-11	intron_variant
PI4K2B	1	rs546040608	2.14e-11	intron_variant
SEPSECS-DT	1	rs546040608	2.14e-11	intron_variant,non_coding_transcript_variant
SGCD	1	rs193208190	2.14e-11	intron_variant
OR1L6	1	rs184289015	2.15e-11	intron_variant
CDH2	1	rs73400022	2.18e-11	intron_variant
ENSG00000231015	1	rs114788171	2.19e-11	upstream_gene_variant
SOS2	1	rs115178243	2.2e-11	intron_variant
DNAJC8	1	rs529054265	2.21e-11	intron_variant
ENSG00000261037	1	rs144989638	2.21e-11	downstream_gene_variant
ABCE1P2	1	rs568140444	2.22e-11	upstream_gene_variant
ABCE1P3	1	rs568140444	2.22e-11	downstream_gene_variant
ENSG00000286196	1	rs139392565	2.22e-11	upstream_gene_variant
SH2D3C	1	rs139392565	2.22e-11	intron_variant
ENSG00000258593	1	rs148957187	2.24e-11	downstream_gene_variant
ENSG00000294960	1	rs148957187	2.24e-11	intron_variant,non_coding_transcript_variant
ENSG00000286446	1	rs557009968	2.25e-11	intron_variant,non_coding_transcript_variant
PEX13	1	rs182114551	2.28e-11	intron_variant
RAB27A	1	rs555222609	2.28e-11	intron_variant
SRGAP2	1	rs11809494	2.31e-11	intron_variant
ERC2	1	rs11716980	2.33e-11	intron_variant
TSPAN9	1	rs534306200	2.33e-11	intron_variant
ENSG00000223761	1	rs12416173	2.35e-11	intron_variant,non_coding_transcript_variant
ENSG00000236744	1	rs139824811	2.35e-11	intron_variant,non_coding_transcript_variant
ENSG00000253627	1	rs564516598	2.35e-11	intron_variant,non_coding_transcript_variant
ENSG00000288067	1	rs564516598	2.35e-11	intron_variant,non_coding_transcript_variant
AACS	1	rs570600821	2.43e-11	synonymous_variant,NMD_transcript_variant
LINC02775	1	rs115029414	2.43e-11	intron_variant,non_coding_transcript_variant
GPC6	1	rs541338877	2.45e-11	intron_variant
GABRB3	1	rs147249045	2.49e-11	intron_variant
SETBP1	1	rs538226327	2.5e-11	intron_variant
SPACA1	1	rs118044798	2.52e-11	intron_variant
ENSG00000282998	1	rs186098815	2.53e-11	intron_variant,non_coding_transcript_variant
ENSG00000259508	1	rs60739516	2.54e-11	downstream_gene_variant
LINC02508	1	rs563044107	2.55e-11	intron_variant,non_coding_transcript_variant
ENSG00000249435	1	rs8107241	2.56e-11	upstream_gene_variant
ENSG00000287608	1	rs8107241	2.56e-11	downstream_gene_variant
ENSG00000299888	1	rs8107241	2.56e-11	intron_variant,non_coding_transcript_variant
TPM3P9	1	rs8107241	2.56e-11	upstream_gene_variant
ZNF761	1	rs8107241	2.56e-11	upstream_gene_variant
ZNF765	1	rs8107241	2.56e-11	3_prime_UTR_variant
ENSG00000298146	1	rs72797984	2.58e-11	upstream_gene_variant
ENSG00000260441	1	rs12446418	2.66e-11	non_coding_transcript_exon_variant
PLA2G15	1	rs12446418	2.66e-11	intron_variant
ARHGEF11	1	rs573322566	2.71e-11	intron_variant
DENRP4	1	rs7875825	2.71e-11	upstream_gene_variant
ENSG00000297674	1	rs545224162	2.71e-11	intron_variant,non_coding_transcript_variant
ENSG00000305912	1	rs148670360	2.71e-11	downstream_gene_variant
HDAC9	1	rs543176203	2.71e-11	intron_variant
LINC03116	1	rs552274500	2.71e-11	intron_variant,non_coding_transcript_variant
NCAM2	1	rs569560791	2.71e-11	intron_variant
PLUT	1	rs148670360	2.71e-11	intron_variant,non_coding_transcript_variant
PRKCZ-AS1	1	rs576976619	2.71e-11	downstream_gene_variant
RN7SL612P	1	rs573322566	2.71e-11	downstream_gene_variant
RNU6-301P	1	rs185990932	2.71e-11	downstream_gene_variant
SELENBP1	1	rs139243355	2.71e-11	downstream_gene_variant
SLAIN1	1	rs149919659	2.71e-11	intron_variant
AP1S3	1	rs200305098	2.72e-11	intron_variant,NMD_transcript_variant
TNFRSF11A	1	rs3826620	2.79e-11	intron_variant
ENSG00000299803	1	rs140500652	2.81e-11	intron_variant,non_coding_transcript_variant
ENSG00000297878	1	rs35330847	2.9e-11	downstream_gene_variant
CC2D2A	1	rs554620260	2.93e-11	intron_variant
FBXL5	1	rs554620260	2.93e-11	intron_variant
CHCHD4	1	rs377715254	2.96e-11	downstream_gene_variant
MIR8072	1	rs7485502	2.97e-11	downstream_gene_variant
SBNO1	1	rs7485502	2.97e-11	intron_variant
SBNO1-AS1	1	rs7485502	2.97e-11	non_coding_transcript_exon_variant
ENSG00000176515	1	rs191845828	2.98e-11	intron_variant,non_coding_transcript_variant
ENSG00000296580	1	rs576097033	2.98e-11	downstream_gene_variant
LINC01622	1	rs191845828	2.98e-11	intron_variant,non_coding_transcript_variant
ENSG00000253666	1	rs138574119	3.01e-11	intron_variant,non_coding_transcript_variant
ENSG00000253824	1	rs138574119	3.01e-11	intron_variant,non_coding_transcript_variant
ENSG00000272678	1	rs368766808	3.01e-11	downstream_gene_variant
ENSG00000305899	1	rs559641342	3.03e-11	upstream_gene_variant
CACNA2D1	1	rs569493833	3.05e-11	upstream_gene_variant
ENSG00000300590	1	rs569493833	3.05e-11	intron_variant,non_coding_transcript_variant
BOLL	1	rs771018	3.08e-11	intron_variant
ZC3H3	1	rs6558369	3.08e-11	intron_variant
ENSG00000250955	1	rs564329734	3.09e-11	upstream_gene_variant
ENSG00000264015	1	rs551485704	3.09e-11	intron_variant,non_coding_transcript_variant
ENSG00000300726	1	rs375698640	3.09e-11	upstream_gene_variant
ENSG00000308019	1	rs139049689	3.09e-11	intron_variant,non_coding_transcript_variant
CIITA	1	rs6498126	3.11e-11	intron_variant
ENSG00000308110	1	rs6498126	3.11e-11	intron_variant,non_coding_transcript_variant
ENSG00000267393	1	rs528134522	3.14e-11	upstream_gene_variant
ENSG00000287738	1	rs149576755	3.15e-11	intron_variant,non_coding_transcript_variant
ARHGAP28	1	rs192579912	3.22e-11	intron_variant
ATP5MFP4	1	rs542749610	3.23e-11	downstream_gene_variant
DDX5	1	rs542749610	3.23e-11	downstream_gene_variant
POLG2	1	rs542749610	3.23e-11	intron_variant
TSC22D1	1	rs542313507	3.23e-11	intron_variant
ENSG00000248363	1	rs549096282	3.31e-11	intron_variant,non_coding_transcript_variant
LINC02899	1	rs77388011	3.31e-11	intron_variant,non_coding_transcript_variant
MMP25	1	rs8047736	3.32e-11	intron_variant
MMP25-AS1	1	rs8047736	3.32e-11	intron_variant,non_coding_transcript_variant
ENSG00000249870	1	rs373914987	3.41e-11	intron_variant,non_coding_transcript_variant
SPAG9	1	rs373914987	3.41e-11	intron_variant
ENSG00000301147	1	rs543035180	3.42e-11	intron_variant,non_coding_transcript_variant
CRKL	1	rs562623682	3.48e-11	intron_variant
C6orf58	1	rs4897221	3.5e-11	downstream_gene_variant
ENSG00000305799	1	rs4897221	3.5e-11	intron_variant,non_coding_transcript_variant
COL16A1	1	rs2297674	3.55e-11	intron_variant
ENSG00000288042	1	rs142466694	3.57e-11	intron_variant,non_coding_transcript_variant
ENSG00000310426	1	rs142466694	3.57e-11	downstream_gene_variant
SLC15A2	1	rs75557865	3.58e-11	intron_variant
SNX6	1	rs553865812	3.6e-11	intron_variant
C1QTNF6	1	rs535855359	3.62e-11	non_coding_transcript_exon_variant
SPOCK3	1	rs563706169	3.66e-11	intron_variant
ENSG00000309684	1	rs575289354	3.69e-11	downstream_gene_variant
LINC01072	1	rs575289354	3.69e-11	intron_variant,non_coding_transcript_variant
LLGL2	1	rs565341288	3.71e-11	intron_variant
ENSG00000296393	1	rs553554269	3.74e-11	intron_variant,non_coding_transcript_variant
SEC24B-AS1	1	rs552536747	3.74e-11	intron_variant,non_coding_transcript_variant
EPHA1	1	rs190437539	3.77e-11	missense_variant
CNOT7	1	rs74948252	3.78e-11	3_prime_UTR_variant
ENSG00000289145	1	rs74948252	3.78e-11	downstream_gene_variant
ZDHHC2	1	rs74948252	3.78e-11	downstream_gene_variant
ENSG00000269707	1	rs115032842	3.85e-11	intron_variant,non_coding_transcript_variant
ENSG00000295887	1	rs115032842	3.85e-11	intron_variant,non_coding_transcript_variant
GLMP	1	rs529565341	3.86e-11	intron_variant
TMEM79	1	rs529565341	3.86e-11	downstream_gene_variant
VHLL	1	rs529565341	3.86e-11	downstream_gene_variant
ANKRD50	1	rs138653296	3.9e-11	intron_variant
CTH	1	rs560228392	3.9e-11	intron_variant
ENSG00000306600	1	rs560228392	3.9e-11	intron_variant,non_coding_transcript_variant
ZFYVE28	1	rs534620289	3.9e-11	intron_variant
ENSG00000280061	1	rs143296497	3.94e-11	upstream_gene_variant
RN7SKP252	1	rs548260095	3.94e-11	upstream_gene_variant
ZNF536	1	rs143296497	3.94e-11	intron_variant
HELZ	1	rs116842534	4.03e-11	intron_variant
ENSG00000309104	1	rs62379371	4.06e-11	upstream_gene_variant
ENSG00000309115	1	rs62379371	4.06e-11	intron_variant,non_coding_transcript_variant
AGAP1	1	rs561410691	4.18e-11	3_prime_UTR_variant
ENSG00000296952	1	rs561410691	4.18e-11	downstream_gene_variant
HMCN2	1	rs572260563	4.21e-11	intron_variant,NMD_transcript_variant
ENSG00000304634	1	rs201847429	4.29e-11	intron_variant,non_coding_transcript_variant
ENSG00000296171	1	rs115491714	4.32e-11	intron_variant,non_coding_transcript_variant
KRT19P3	1	rs115491714	4.32e-11	downstream_gene_variant
LCA5L	1	rs562403232	4.32e-11	intron_variant
MIR6508	1	rs562403232	4.32e-11	upstream_gene_variant
SH3BGR	1	rs562403232	4.32e-11	upstream_gene_variant
ENSG00000268455	1	rs529196106	4.34e-11	upstream_gene_variant
RPS27P29	1	rs529196106	4.34e-11	upstream_gene_variant
STEAP1B-AS1	1	rs1012177	4.35e-11	non_coding_transcript_exon_variant
BCL2	1	rs9944895	4.37e-11	intron_variant
PSMB8-AS1	1	rs113206908	4.39e-11	downstream_gene_variant
TAP1	1	rs113206908	4.39e-11	intron_variant
ENSG00000228521	1	rs143857279	4.41e-11	intron_variant,non_coding_transcript_variant
ENSG00000298692	1	rs143857279	4.41e-11	downstream_gene_variant
ENPP2	1	rs115091021	4.43e-11	intron_variant
ENSG00000250604	1	rs558230749	4.45e-11	non_coding_transcript_exon_variant
RNU4-79P	1	rs558230749	4.45e-11	upstream_gene_variant
RXFP1	1	rs558230749	4.45e-11	intron_variant
ENSG00000264622	1	rs553325309	4.47e-11	downstream_gene_variant
CHCT1	1	rs113693415	4.52e-11	intron_variant
ENSG00000296206	1	rs113693415	4.52e-11	intron_variant,non_coding_transcript_variant
ENSG00000299924	1	rs184722103	4.52e-11	downstream_gene_variant
USP32	1	rs113693415	4.52e-11	intron_variant
ENSG00000253340	1	rs541866642	4.55e-11	downstream_gene_variant
DIABLO	1	rs567866195	4.6e-11	non_coding_transcript_exon_variant
ENSG00000284934	1	rs567866195	4.6e-11	intron_variant,non_coding_transcript_variant
VPS33A	1	rs567866195	4.6e-11	downstream_gene_variant
DENND1A	1	rs117961753	4.61e-11	intron_variant
MIR601	1	rs117961753	4.61e-11	upstream_gene_variant
ENSG00000235726	1	rs146083689	4.64e-11	intron_variant,non_coding_transcript_variant
ENSG00000307407	1	rs146083689	4.64e-11	upstream_gene_variant
SNTG1	1	rs375563889	4.66e-11	5_prime_UTR_variant
INTS12	1	rs34712979	4.69e-11	upstream_gene_variant
NPNT	1	rs34712979	4.69e-11	splice_region_variant,splice_polypyrimidine_tract_variant,intron_variant
ZNF609	1	rs553309260	4.7e-11	intron_variant
ENSG00000307403	1	rs554601719	4.73e-11	intron_variant,non_coding_transcript_variant
ENSG00000309560	1	rs72622788	4.78e-11	upstream_gene_variant
SLC6A3	1	rs73028255	4.86e-11	intron_variant
ENSG00000222031	1	rs566807455	4.87e-11	intron_variant,non_coding_transcript_variant
ENSG00000272558	1	rs547322319	4.9e-11	downstream_gene_variant
TRIM38	1	rs547322319	4.9e-11	intron_variant
TSHZ1	1	rs111714182	4.92e-11	intron_variant
ENSG00000297496	1	rs200096716	4.95e-11	downstream_gene_variant
RNA5SP260	1	rs575346502	4.95e-11	upstream_gene_variant
TMEM63B	1	rs200096716	4.95e-11	missense_variant,NMD_transcript_variant
CAPG	1	rs6707822	4.96e-11	3_prime_UTR_variant,NMD_transcript_variant
ELMOD3	1	rs6707822	4.96e-11	intron_variant
ENSG00000212338	1	rs527992885	4.96e-11	upstream_gene_variant
ENSG00000236230	1	rs555565174	4.96e-11	intron_variant,non_coding_transcript_variant
ENSG00000273196	1	rs6707822	4.96e-11	upstream_gene_variant
CCDC3	1	rs550932620	5e-11	intron_variant
ENSG00000285520	1	rs550932620	5e-11	intron_variant,non_coding_transcript_variant
ENSG00000303549	1	rs369502485	5.01e-11	intron_variant,non_coding_transcript_variant
SRR	1	rs559425123	5.04e-11	upstream_gene_variant
ENSG00000300774	1	rs574883588	5.06e-11	downstream_gene_variant
ENSG00000286784	1	rs5008056	5.1e-11	intron_variant,non_coding_transcript_variant
ENSG00000299958	1	rs570833102	5.13e-11	intron_variant,non_coding_transcript_variant
EN2-DT	1	rs537859261	5.16e-11	intron_variant,non_coding_transcript_variant
LINC02253	1	rs148861962	5.18e-11	intron_variant,non_coding_transcript_variant
NETO1-DT	1	rs562719474	5.19e-11	downstream_gene_variant
TPD52	1	rs28588688	5.19e-11	intron_variant,non_coding_transcript_variant
ENSG00000223565	1	rs189068173	5.24e-11	downstream_gene_variant
ENSG00000286876	1	rs189068173	5.24e-11	intron_variant,non_coding_transcript_variant
PTPN11	1	rs113983410	5.24e-11	intron_variant
PRAMEF27	1	rs533013728	5.25e-11	downstream_gene_variant
ASTN2	1	rs533988744	5.27e-11	intron_variant
ENSG00000267617	1	rs571483336	5.28e-11	intron_variant,non_coding_transcript_variant
ENSG00000270017	1	rs554814201	5.28e-11	downstream_gene_variant
ENSG00000298450	1	rs554814201	5.28e-11	intron_variant,non_coding_transcript_variant
NOP35P1	1	rs554814201	5.28e-11	upstream_gene_variant
LINC01935	1	rs573198802	5.29e-11	intron_variant,non_coding_transcript_variant
TMEM182	1	rs573198802	5.29e-11	intron_variant
IGF1R	1	rs575733192	5.31e-11	intron_variant,non_coding_transcript_variant
ENSG00000254526	1	rs187901482	5.37e-11	intron_variant,non_coding_transcript_variant
ENSG00000285588	1	rs537265184	5.44e-11	intron_variant,non_coding_transcript_variant
ADA	1	rs577237685	5.47e-11	intron_variant,NMD_transcript_variant
MTARC2P1	1	rs112225252	5.47e-11	upstream_gene_variant
PKIG	1	rs577237685	5.47e-11	intron_variant
LCLAT1	1	rs1723168	5.49e-11	intron_variant
CWC27	1	rs142025235	5.55e-11	intron_variant
ENSG00000300387	1	rs142025235	5.55e-11	intron_variant,non_coding_transcript_variant
NAMA	1	rs557391918	5.57e-11	intron_variant,non_coding_transcript_variant
SH3BGRL2	1	rs558277806	5.6e-11	intron_variant,NMD_transcript_variant
LINC02112	1	rs181018324	5.64e-11	intron_variant,non_coding_transcript_variant
MANBA	1	rs6813322	5.65e-11	intron_variant
AFF4	1	rs149849572	5.66e-11	intron_variant
ENSG00000300532	1	rs7911076	5.7e-11	intron_variant,non_coding_transcript_variant
C12orf75	1	rs541441782	5.71e-11	intron_variant,non_coding_transcript_variant
C12orf75-AS1	1	rs541441782	5.71e-11	intron_variant,non_coding_transcript_variant
CHD4	1	rs566547661	5.71e-11	intron_variant,non_coding_transcript_variant
ENSG00000301109	1	rs566547661	5.71e-11	intron_variant,non_coding_transcript_variant
ENSG00000301135	1	rs566547661	5.71e-11	downstream_gene_variant
ENSG00000299861	1	rs112471150	5.84e-11	intron_variant,non_coding_transcript_variant
ENSG00000265554	1	rs8089099	5.91e-11	upstream_gene_variant
ADGRL1	1	rs569438466	5.95e-11	downstream_gene_variant
ADGRL1-AS1	1	rs569438466	5.95e-11	intron_variant,non_coding_transcript_variant
HDDC2	1	rs140664049	5.99e-11	intron_variant,non_coding_transcript_variant
TPD52L1	1	rs140664049	5.99e-11	intron_variant
ENSG00000250453	1	rs184809889	6.01e-11	intron_variant,non_coding_transcript_variant
SEMA3F-AS1	1	rs2856236	6.04e-11	intron_variant,non_coding_transcript_variant
KCNK1	1	rs187521970	6.05e-11	intron_variant,non_coding_transcript_variant
PURPL	1	rs117532282	6.05e-11	intron_variant,non_coding_transcript_variant
ROCK2	1	rs189222200	6.05e-11	intron_variant,NMD_transcript_variant
SGPP2	1	rs533225253	6.05e-11	intron_variant
ENSG00000305154	1	rs1009727	6.08e-11	downstream_gene_variant
IGFBP4	1	rs1009727	6.08e-11	intron_variant
CEP350	1	rs571299038	6.1e-11	intron_variant
ENSG00000305808	1	rs77110521	6.14e-11	intron_variant,non_coding_transcript_variant
HHLA1	1	rs376285439	6.14e-11	intron_variant
RPL17P51	1	rs139725873	6.16e-11	downstream_gene_variant
ENSG00000301993	1	rs571625284	6.29e-11	intron_variant,non_coding_transcript_variant
NFATC2	1	rs77042341	6.36e-11	intron_variant
CORO1C	1	rs7310556	6.38e-11	intron_variant
ENSG00000257221	1	rs7310556	6.38e-11	intron_variant,non_coding_transcript_variant
AOAH	1	rs571371488	6.43e-11	splice_region_variant,intron_variant,non_coding_transcript_variant
RANBP17	1	rs568568997	6.5e-11	3_prime_UTR_variant
ENSG00000291325	1	rs554576516	6.52e-11	intron_variant,non_coding_transcript_variant
DCAKD	1	rs562020394	6.54e-11	downstream_gene_variant
NMT1	1	rs562020394	6.54e-11	intron_variant
MYCBP2	1	rs185515205	6.56e-11	intron_variant
MYCBP2-AS1	1	rs185515205	6.56e-11	intron_variant,non_coding_transcript_variant
PGLYRP3	1	rs821429	6.61e-11	intron_variant
ENSG00000225718	1	rs142647433	6.62e-11	intron_variant,non_coding_transcript_variant
FLYWCH1	1	rs562599601	6.63e-11	intron_variant
RPL23AP86	1	rs562599601	6.63e-11	upstream_gene_variant
LDLRAD4-AS1	1	rs529591001	6.73e-11	downstream_gene_variant
HACD2	1	rs148403019	6.75e-11	intron_variant
ENSG00000304555	1	rs116548940	6.81e-11	intron_variant,non_coding_transcript_variant
ENSG00000289151	1	rs11647496	6.85e-11	downstream_gene_variant
ENSG00000295015	1	rs11647496	6.85e-11	downstream_gene_variant
ENSG00000295033	1	rs11647496	6.85e-11	upstream_gene_variant
ENSG00000277246	1	rs140002949	6.89e-11	upstream_gene_variant
TNFSF13B	1	rs140002949	6.89e-11	intron_variant,non_coding_transcript_variant
ENSG00000285907	1	rs1888072	6.92e-11	intron_variant,non_coding_transcript_variant
ENSG00000295796	1	rs145739536	6.92e-11	intron_variant,non_coding_transcript_variant
SPACA7	1	rs145739536	6.92e-11	intron_variant
CDH15	1	rs530284220	6.93e-11	intron_variant
LINC02138	1	rs530284220	6.93e-11	downstream_gene_variant
ENSG00000287675	1	rs529672137	6.99e-11	non_coding_transcript_exon_variant
ENSG00000299604	1	rs114986764	7.01e-11	intron_variant,non_coding_transcript_variant
MLEC	1	rs114986764	7.01e-11	upstream_gene_variant
ENSG00000288016	1	rs186733257	7.03e-11	intron_variant,non_coding_transcript_variant
PBRM1	1	rs191685069	7.09e-11	missense_variant
ALDH6A1	1	rs558876399	7.11e-11	3_prime_UTR_variant
BBOF1	1	rs558876399	7.11e-11	intron_variant
ENSG00000228010	1	rs117663320	7.14e-11	intron_variant,non_coding_transcript_variant
ENSG00000290835	1	rs117663320	7.14e-11	upstream_gene_variant
ZNF12	1	rs117663320	7.14e-11	intron_variant
ENSG00000226206	1	rs114662603	7.19e-11	intron_variant,non_coding_transcript_variant
LINC03062	1	rs114662603	7.19e-11	intron_variant,non_coding_transcript_variant
BRD2	1	rs41315407	7.25e-11	3_prime_UTR_variant,NMD_transcript_variant
MUC16	1	rs577489324	7.29e-11	missense_variant
ITFG2-AS1	1	rs145994231	7.31e-11	intron_variant,non_coding_transcript_variant
RAD18	1	rs143597991	7.31e-11	intron_variant
ENSG00000303264	1	rs111572801	7.33e-11	intron_variant,non_coding_transcript_variant
UGT1A10	1	rs184094797	7.34e-11	intron_variant
UGT1A7	1	rs184094797	7.34e-11	upstream_gene_variant
UGT1A8	1	rs184094797	7.34e-11	intron_variant
UGT1A9	1	rs184094797	7.34e-11	intron_variant
ENSG00000303529	1	rs114148143	7.36e-11	downstream_gene_variant
LINC00887	1	rs114148143	7.36e-11	intron_variant,non_coding_transcript_variant
LINC02048	1	rs114148143	7.36e-11	upstream_gene_variant
CYP2AB1P	1	rs146527965	7.37e-11	upstream_gene_variant
ENSG00000255182	1	rs530600681	7.38e-11	upstream_gene_variant
ENSG00000265393	1	rs530600681	7.38e-11	upstream_gene_variant
EPHA6	1	rs182211323	7.38e-11	intron_variant
GPT	1	rs530600681	7.38e-11	downstream_gene_variant
RECQL4	1	rs530600681	7.38e-11	downstream_gene_variant
SLC33A2	1	rs530600681	7.38e-11	5_prime_UTR_variant
LINC02497	1	rs57768981	7.41e-11	intron_variant,non_coding_transcript_variant
ENSG00000268595	1	rs536383078	7.48e-11	intron_variant,non_coding_transcript_variant
SIGLECL1	1	rs536383078	7.48e-11	intron_variant
EFCAB13	1	rs531578185	7.51e-11	intron_variant
EFCAB13-DT	1	rs531578185	7.51e-11	intron_variant,non_coding_transcript_variant
ENSG00000303873	1	rs545458743	7.53e-11	upstream_gene_variant
IQGAP1	1	rs139911305	7.53e-11	intron_variant
TMEM135	1	rs545458743	7.53e-11	intron_variant
USP12	1	rs541312224	7.54e-11	intron_variant
USP12-AS1	1	rs541312224	7.54e-11	intron_variant,non_coding_transcript_variant
CSNK1G2P1	1	rs75032480	7.55e-11	upstream_gene_variant
INSL6	1	rs75032480	7.55e-11	intron_variant
JAK2	1	rs75032480	7.55e-11	intron_variant
LINC02005	1	rs574237466	7.56e-11	downstream_gene_variant
ENSG00000285892	1	rs570355583	7.64e-11	intron_variant,non_coding_transcript_variant
ENSG00000304538	1	rs191080776	7.69e-11	intron_variant,non_coding_transcript_variant
DLG1	1	rs536092436	7.72e-11	intron_variant
MIR4797	1	rs536092436	7.72e-11	downstream_gene_variant
PDZRN4	1	rs189368320	7.74e-11	intron_variant
FES	1	rs12906125	7.77e-11	5_prime_UTR_variant
FURIN	1	rs12906125	7.77e-11	downstream_gene_variant
FBXO4	1	rs193138021	7.83e-11	intron_variant,NMD_transcript_variant
ENSG00000304285	1	rs532391969	7.9e-11	upstream_gene_variant
ENSG00000203396	1	rs545649630	7.98e-11	upstream_gene_variant
MRPL14	1	rs185522477	7.98e-11	intron_variant
LINC01376	1	rs557379490	8.1e-11	intron_variant,non_coding_transcript_variant
ENSG00000255506	1	rs541812899	8.14e-11	downstream_gene_variant
ENSG00000285012	1	rs182801508	8.14e-11	upstream_gene_variant
ENSG00000309065	1	rs182801508	8.14e-11	upstream_gene_variant
ENSG00000253300	1	rs74775122	8.18e-11	intron_variant,non_coding_transcript_variant
APPL2	1	rs552999091	8.23e-11	intron_variant
ACBD5	1	rs114610876	8.31e-11	intron_variant
ENSG00000304617	1	rs532306264	8.31e-11	intron_variant,non_coding_transcript_variant
SIN3B	1	rs148808394	8.31e-11	3_prime_UTR_variant
CHCHD3	1	rs564123018	8.4e-11	intron_variant
RPL17P13	1	rs116949310	8.46e-11	downstream_gene_variant
ENSG00000295247	1	rs11069349	8.48e-11	upstream_gene_variant
ENSG00000258695	1	rs561547665	8.59e-11	downstream_gene_variant
HEATR4	1	rs561547665	8.59e-11	intron_variant
TFDP1	1	rs543302716	8.67e-11	upstream_gene_variant
ELP2	1	rs147435057	8.69e-11	intron_variant
ENSG00000285492	1	rs139991613	8.7e-11	intron_variant,non_coding_transcript_variant
TAGAP	1	rs139991613	8.7e-11	intron_variant
KIFC1	1	rs62407901	8.73e-11	missense_variant
RPL12P1	1	rs62407901	8.73e-11	downstream_gene_variant
LINC00484	1	rs192400535	8.77e-11	intron_variant,non_coding_transcript_variant
LINC02937	1	rs192400535	8.77e-11	intron_variant,non_coding_transcript_variant
PARP4	1	rs558894628	8.77e-11	intron_variant
ENSG00000225649	1	rs140317111	8.85e-11	intron_variant,non_coding_transcript_variant
ENSG00000310311	1	rs140317111	8.85e-11	non_coding_transcript_exon_variant
ENSG00000248783	1	rs114086274	8.89e-11	intron_variant,non_coding_transcript_variant
ENSG00000308056	1	rs114086274	8.89e-11	intron_variant,non_coding_transcript_variant
TTC9	1	rs10135145	8.9e-11	upstream_gene_variant
TTC9-DT	1	rs10135145	8.9e-11	intron_variant,non_coding_transcript_variant
LY86-AS1	1	rs532172205	8.96e-11	intron_variant,non_coding_transcript_variant
NR3C1	1	rs192592072	9e-11	intron_variant
ENSG00000297421	1	rs35165419	9.03e-11	upstream_gene_variant
MIDEAS	1	rs35165419	9.03e-11	synonymous_variant
OR2L5	1	rs563210492	9.15e-11	upstream_gene_variant
ADORA3	1	rs2032006	9.2e-11	downstream_gene_variant
TMIGD3	1	rs2032006	9.2e-11	intron_variant
PON3	1	rs182177196	9.21e-11	intron_variant
ENSG00000285590	1	rs551622898	9.23e-11	intron_variant,non_coding_transcript_variant
ENSG00000286421	1	rs553829766	9.26e-11	upstream_gene_variant
ENSG00000298476	1	rs535045781	9.26e-11	intron_variant,non_coding_transcript_variant
ENSG00000306920	1	rs57251462	9.31e-11	upstream_gene_variant
ITGB1	1	rs57251462	9.31e-11	intron_variant,non_coding_transcript_variant
HEXIM2	1	rs184031726	9.32e-11	downstream_gene_variant
RFX6	1	rs150988871	9.33e-11	upstream_gene_variant
GBE1	1	rs577530773	9.34e-11	intron_variant
ENSG00000308429	1	rs114921561	9.52e-11	upstream_gene_variant
ENSG00000308918	1	rs114921561	9.52e-11	downstream_gene_variant
NMT2	1	rs576343017	9.55e-11	3_prime_UTR_variant
RPP38	1	rs576343017	9.55e-11	intron_variant,non_coding_transcript_variant
ENSG00000304214	1	rs574389631	9.65e-11	upstream_gene_variant
RTN1	1	rs148014596	9.65e-11	intron_variant
ENSG00000308225	1	rs116624610	9.7e-11	intron_variant,non_coding_transcript_variant
ENSG00000227598	1	rs556769711	9.72e-11	intron_variant,non_coding_transcript_variant
ENSG00000255041	1	rs7943688	9.77e-11	intron_variant,non_coding_transcript_variant
LINC02687	1	rs7943688	9.77e-11	intron_variant,non_coding_transcript_variant
MIR3171HG	1	rs191010783	9.81e-11	intron_variant,non_coding_transcript_variant
ENSG00000258763	1	rs565787923	9.83e-11	intron_variant,non_coding_transcript_variant
LINC01381	1	rs550243586	9.83e-11	upstream_gene_variant
QKI	1	rs1737605	9.9e-11	intron_variant
MICA	1	rs67140765	9.91e-11	intron_variant
ENSG00000266270	1	rs72862508	1e-10	upstream_gene_variant
ENSG00000304432	1	rs141781073	1.01e-10	upstream_gene_variant
LINC00566	1	rs141781073	1.01e-10	downstream_gene_variant
GPR153	1	rs574415878	1.02e-10	downstream_gene_variant
HES3	1	rs574415878	1.02e-10	downstream_gene_variant
ENSG00000230867	1	rs114310640	1.03e-10	downstream_gene_variant
ENSG00000295509	1	rs114310640	1.03e-10	intron_variant,non_coding_transcript_variant
TMEM44	1	rs190812749	1.03e-10	non_coding_transcript_exon_variant
FMNL1-DT	1	rs11870777	1.04e-10	intron_variant,non_coding_transcript_variant
ENSG00000224865	1	rs74386320	1.07e-10	intron_variant,non_coding_transcript_variant
ENSG00000225096	1	rs549632108	1.07e-10	upstream_gene_variant
ENSG00000288821	1	rs184682894	1.07e-10	non_coding_transcript_exon_variant
ENSG00000293005	1	rs112350514	1.07e-10	intron_variant,non_coding_transcript_variant
UBE2G1	1	rs578100733	1.08e-10	intron_variant
ENSG00000234352	1	rs557607860	1.09e-10	intron_variant,non_coding_transcript_variant
TEAD1	1	rs566033844	1.09e-10	intron_variant
VPS51P13	1	rs7683458	1.09e-10	downstream_gene_variant
ENSG00000287002	1	rs9379084	1.1e-10	upstream_gene_variant
RREB1	1	rs9379084	1.1e-10	missense_variant
TMPRSS3	1	rs62212899	1.1e-10	upstream_gene_variant
ANKRD12	1	rs9950097	1.11e-10	intron_variant
ARID4A	1	rs1190978	1.11e-10	intron_variant
EXOC4	1	rs1963840	1.11e-10	intron_variant
PPARG	1	rs113484502	1.11e-10	intron_variant
TOMM20L-DT	1	rs1190978	1.11e-10	downstream_gene_variant
ENSG00000262412	1	rs140640855	1.12e-10	intron_variant,non_coding_transcript_variant
ENSG00000288887	1	rs565708711	1.12e-10	intron_variant,non_coding_transcript_variant
ENSG00000293534	1	rs140640855	1.12e-10	upstream_gene_variant
ENSG00000299278	1	rs565708711	1.12e-10	intron_variant,non_coding_transcript_variant
ENSG00000302540	1	rs140640855	1.12e-10	intron_variant,non_coding_transcript_variant
ODAD2P1	1	rs140640855	1.12e-10	intron_variant,non_coding_transcript_variant
PPIAP29	1	rs565708711	1.12e-10	upstream_gene_variant
RIPOR2	1	rs565708711	1.12e-10	intron_variant
DTNB	1	rs570624146	1.13e-10	intron_variant
ENSG00000303753	1	rs138477298	1.13e-10	downstream_gene_variant
LUCAT1	1	rs368473455	1.13e-10	intron_variant,non_coding_transcript_variant
METTL8	1	rs138477298	1.13e-10	intron_variant
ENSG00000287445	1	rs142934028	1.14e-10	upstream_gene_variant
NENF	1	rs142934028	1.14e-10	intron_variant
COX6CP15	1	rs116338787	1.16e-10	upstream_gene_variant
ENSG00000303520	1	rs529381678	1.16e-10	intron_variant,non_coding_transcript_variant
RAMP1	1	rs142793714	1.16e-10	intron_variant
SNORD39	1	rs142793714	1.16e-10	upstream_gene_variant
COX6CP3	1	rs74871310	1.17e-10	upstream_gene_variant
GRXCR1	1	rs550624943	1.17e-10	intron_variant
CRYL1	1	rs560419109	1.18e-10	intron_variant
ENSG00000225478	1	rs182105731	1.18e-10	downstream_gene_variant
RFTN1	1	rs574539746	1.18e-10	intron_variant
ENSG00000289442	1	rs139488978	1.19e-10	intron_variant,non_coding_transcript_variant
GPR161	1	rs576132946	1.19e-10	3_prime_UTR_variant
EML2	1	rs539522600	1.22e-10	intron_variant
ENSG00000249061	1	rs554676343	1.22e-10	intron_variant,non_coding_transcript_variant
ENSG00000303192	1	rs202162912	1.22e-10	intron_variant,non_coding_transcript_variant
MIR4280HG	1	rs554676343	1.22e-10	non_coding_transcript_exon_variant
RNU6-121P	1	rs111966309	1.22e-10	upstream_gene_variant
RNU6-239P	1	rs111966309	1.22e-10	upstream_gene_variant
IFNG-AS1	1	rs112206203	1.23e-10	intron_variant,non_coding_transcript_variant
IL26	1	rs112206203	1.23e-10	intron_variant
PNPLA6	1	rs486363	1.24e-10	downstream_gene_variant
MIR3714	1	rs9883633	1.25e-10	upstream_gene_variant
PLCL2	1	rs9883633	1.25e-10	intron_variant,non_coding_transcript_variant
ENSG00000248138	1	rs148834049	1.26e-10	intron_variant,non_coding_transcript_variant
ERGIC1	1	rs575298852	1.26e-10	intron_variant
LDB2	1	rs148834049	1.26e-10	intron_variant
ENSG00000230495	1	rs16999465	1.28e-10	upstream_gene_variant
ENSG00000304227	1	rs34607223	1.29e-10	intron_variant,non_coding_transcript_variant
ENSG00000308258	1	rs149706240	1.29e-10	intron_variant,non_coding_transcript_variant
ITPRID1	1	rs191699831	1.29e-10	intron_variant
NOVA2	1	rs369265196	1.29e-10	intron_variant
RPL15P22	1	rs138327512	1.29e-10	downstream_gene_variant
ENTREP2	1	rs564789932	1.3e-10	intron_variant
CRACDL	1	rs188612735	1.31e-10	intron_variant
ENSG00000253321	1	rs147460501	1.31e-10	intron_variant,non_coding_transcript_variant
ZP1	1	rs189805799	1.31e-10	intron_variant
DSCR8	1	rs560664602	1.33e-10	intron_variant,non_coding_transcript_variant
KCNH8	1	rs555321309	1.33e-10	intron_variant
MIR4791	1	rs555321309	1.33e-10	upstream_gene_variant
PNPT1	1	rs538163362	1.33e-10	intron_variant,NMD_transcript_variant
ENSG00000309490	1	rs4749997	1.34e-10	downstream_gene_variant
ENSG00000309520	1	rs4749997	1.34e-10	upstream_gene_variant
ENSG00000234938	1	rs181576820	1.35e-10	downstream_gene_variant
ENSG00000303510	1	rs528168927	1.35e-10	intron_variant,non_coding_transcript_variant
ENSG00000304674	1	rs181576820	1.35e-10	intron_variant,non_coding_transcript_variant
GALNT2	1	rs551234343	1.35e-10	intron_variant
ENSG00000261728	1	rs578217743	1.36e-10	intron_variant,non_coding_transcript_variant
BMS1	1	rs140739263	1.39e-10	upstream_gene_variant
ENSG00000295245	1	rs140739263	1.39e-10	downstream_gene_variant
ENSG00000308340	1	rs542653352	1.39e-10	upstream_gene_variant
TMCC3	1	rs542653352	1.39e-10	intron_variant
ENSG00000256433	1	rs12296430	1.42e-10	splice_donor_region_variant,intron_variant,non_coding_transcript_variant
LTBR	1	rs12296430	1.42e-10	downstream_gene_variant
CNTN3	1	rs542288480	1.45e-10	intron_variant
ENSG00000267240	1	rs575046472	1.47e-10	upstream_gene_variant
LINC00906	1	rs575046472	1.47e-10	non_coding_transcript_exon_variant
BRWD1	1	rs34240248	1.48e-10	splice_polypyrimidine_tract_variant,intron_variant
BRWD1-AS1	1	rs34240248	1.48e-10	upstream_gene_variant
ENSG00000297818	1	rs557447413	1.49e-10	intron_variant,non_coding_transcript_variant
ENSG00000228541	1	rs537272985	1.5e-10	non_coding_transcript_exon_variant
ENSG00000305072	1	rs537272985	1.5e-10	upstream_gene_variant
ENSG00000248242	1	rs566029405	1.51e-10	intron_variant,non_coding_transcript_variant
ENSG00000286277	1	rs575898126	1.51e-10	intron_variant,non_coding_transcript_variant
GCLC-AS1	1	rs540153126	1.51e-10	intron_variant,non_coding_transcript_variant
MEAF6	1	rs550034800	1.51e-10	intron_variant
ENSG00000300507	1	rs114463181	1.53e-10	non_coding_transcript_exon_variant
MRPS17P1	1	rs114463181	1.53e-10	upstream_gene_variant
PPIAP35	1	rs114463181	1.53e-10	upstream_gene_variant
RALYL	1	rs531328435	1.55e-10	intron_variant
ENSG00000288530	1	rs572005462	1.56e-10	downstream_gene_variant
ENSG00000295145	1	rs67598120	1.56e-10	non_coding_transcript_exon_variant
ENSG00000304694	1	rs529629482	1.56e-10	intron_variant,non_coding_transcript_variant
ANO6	1	rs557273926	1.57e-10	downstream_gene_variant
ENSG00000257657	1	rs557273926	1.57e-10	intron_variant,non_coding_transcript_variant
ENSG00000293678	1	rs557273926	1.57e-10	intron_variant,non_coding_transcript_variant
LINC01533	1	rs554432808	1.57e-10	intron_variant,non_coding_transcript_variant
ENSG00000286084	1	rs536580531	1.58e-10	intron_variant,non_coding_transcript_variant
ERVK9-11	1	rs558646905	1.59e-10	non_coding_transcript_exon_variant
FBXO17	1	rs558646905	1.59e-10	downstream_gene_variant
MRPS12	1	rs558646905	1.59e-10	downstream_gene_variant
ENSG00000254517	1	rs369811392	1.6e-10	upstream_gene_variant
LINC02608	1	rs149331153	1.6e-10	intron_variant,non_coding_transcript_variant
PAN3	1	rs536738310	1.62e-10	intron_variant
DST	1	rs181724216	1.64e-10	intron_variant
ARHGAP29	1	rs148959325	1.65e-10	missense_variant
SLC8A3	1	rs367599251	1.65e-10	intron_variant
BRK1	1	rs545239531	1.67e-10	upstream_gene_variant
FANCD2OS	1	rs545239531	1.67e-10	upstream_gene_variant
HMGB1P46	1	rs185293834	1.67e-10	downstream_gene_variant
COL14A1	1	rs79774420	1.68e-10	intron_variant,NMD_transcript_variant
SPRR2B	1	rs364359	1.7e-10	intron_variant
ENSG00000300066	1	rs554455682	1.71e-10	upstream_gene_variant
LINC02182	1	rs554455682	1.71e-10	downstream_gene_variant
ENSG00000304803	1	rs146205338	1.72e-10	intron_variant,non_coding_transcript_variant
ENSG00000236283	1	rs149816407	1.73e-10	intron_variant,non_coding_transcript_variant
ENSG00000308283	1	rs192444076	1.73e-10	upstream_gene_variant
SUGCT	1	rs186910602	1.73e-10	intron_variant
LINC02994	1	rs35646041	1.74e-10	intron_variant,non_coding_transcript_variant
AKAP9	1	rs139629759	1.75e-10	intron_variant
ENSG00000295152	1	rs561706803	1.75e-10	upstream_gene_variant
SRSF6	1	rs561706803	1.75e-10	intron_variant,NMD_transcript_variant
ENSG00000306565	1	rs560358888	1.76e-10	intron_variant,non_coding_transcript_variant
PSMD7-DT	1	rs560358888	1.76e-10	intron_variant,non_coding_transcript_variant
SUSD5	1	rs11709566	1.77e-10	intron_variant
DOCK10	1	rs78867455	1.78e-10	intron_variant
ARF4P3	1	rs74498131	1.79e-10	upstream_gene_variant
ENSG00000267934	1	rs565990481	1.79e-10	downstream_gene_variant
ENSG00000308298	1	rs192487861	1.79e-10	downstream_gene_variant
GABRG3	1	rs576783299	1.81e-10	missense_variant
RORB	1	rs572804491	1.81e-10	intron_variant
ENSG00000289871	1	rs563609193	1.82e-10	intron_variant,non_coding_transcript_variant
SLC44A2	1	rs113155917	1.82e-10	intron_variant
ENSG00000303033	1	rs146028995	1.84e-10	intron_variant,non_coding_transcript_variant
ENSG00000304408	1	rs143938447	1.85e-10	intron_variant,non_coding_transcript_variant
ZNF782	1	rs147997944	1.85e-10	intron_variant
ADCY2	1	rs146466110	1.86e-10	non_coding_transcript_exon_variant
ARHGAP10	1	rs575280670	1.9e-10	intron_variant
ENSG00000301402	1	rs542841240	1.9e-10	intron_variant,non_coding_transcript_variant
ENSG00000298568	1	rs529941338	1.91e-10	upstream_gene_variant
ATG10	1	rs558566842	1.92e-10	upstream_gene_variant
ALOX5	1	rs557408917	1.93e-10	intron_variant
ENSG00000277228	1	rs534188121	1.93e-10	downstream_gene_variant
LINC01198	1	rs534188121	1.93e-10	intron_variant,non_coding_transcript_variant
PRSS33	1	rs538317826	1.93e-10	5_prime_UTR_variant
ENSG00000302828	1	rs529174873	1.94e-10	downstream_gene_variant
ENSG00000225711	1	rs577661784	1.96e-10	upstream_gene_variant
DRG1	1	rs567012332	2e-10	intron_variant,NMD_transcript_variant
SFI1	1	rs567012332	2e-10	intron_variant,non_coding_transcript_variant
CDIN1	1	rs574287568	2.01e-10	intron_variant
ENSG00000302230	1	rs574287568	2.01e-10	downstream_gene_variant
TMEM71	1	rs191334319	2.02e-10	intron_variant
BCL6-AS1	1	rs576017653	2.03e-10	intron_variant,non_coding_transcript_variant
DENND2B	1	rs547987708	2.03e-10	intron_variant
ENSG00000303324	1	rs576017653	2.03e-10	intron_variant,non_coding_transcript_variant
ENSG00000306660	1	rs143559160	2.03e-10	intron_variant,non_coding_transcript_variant
RPS3AP21	1	rs74584830	2.05e-10	upstream_gene_variant
IRF8	1	rs572519035	2.06e-10	intron_variant
ABCA4	1	rs567944436	2.08e-10	intron_variant
IDE	1	rs549398408	2.08e-10	intron_variant
ENSG00000305706	1	rs79819726	2.1e-10	intron_variant,non_coding_transcript_variant
LATS2	1	rs556426103	2.1e-10	intron_variant
RNU4-9P	1	rs556426103	2.1e-10	downstream_gene_variant
C6	1	rs183897354	2.14e-10	intron_variant
ENSG00000294506	1	rs559381759	2.15e-10	downstream_gene_variant
ENSG00000304042	1	rs538158924	2.15e-10	downstream_gene_variant
ENSG00000283285	1	rs577623683	2.16e-10	downstream_gene_variant
ENSG00000294000	1	rs182393642	2.16e-10	intron_variant,non_coding_transcript_variant
ENSG00000294016	1	rs182393642	2.16e-10	intron_variant,non_coding_transcript_variant
L2HGDH	1	rs374058682	2.16e-10	intron_variant
PPIG	1	rs554280377	2.16e-10	intron_variant
ENSG00000298190	1	rs116553786	2.17e-10	intron_variant,non_coding_transcript_variant
GLIPR2	1	rs116553786	2.17e-10	intron_variant
PSMD4	1	rs114781935	2.17e-10	intron_variant
GNGT1	1	rs181416179	2.19e-10	intron_variant
LINC00871	1	rs551486098	2.19e-10	intron_variant,non_coding_transcript_variant
NRF1	1	rs567164099	2.2e-10	intron_variant
RNU4ATAC13P	1	rs539834573	2.23e-10	downstream_gene_variant
RN7SKP216	1	rs141682977	2.24e-10	upstream_gene_variant
ENSG00000220105	1	rs561226516	2.25e-10	upstream_gene_variant
ENSG00000279754	1	rs545551655	2.25e-10	upstream_gene_variant
ENSG00000293905	1	rs561226516	2.25e-10	intron_variant,non_coding_transcript_variant
ENSG00000224431	1	rs115026096	2.27e-10	non_coding_transcript_exon_variant
ENSG00000307057	1	rs556018613	2.27e-10	intron_variant,non_coding_transcript_variant
P4HA2	1	rs115026096	2.27e-10	intron_variant
TMPRSS2	1	rs528136631	2.27e-10	intron_variant
FAM86FP	1	ss1388061703	2.29e-10	intron_variant,non_coding_transcript_variant
LINC02449	1	ss1388061703	2.29e-10	non_coding_transcript_exon_variant
ZMYND15	1	rs534410461	2.29e-10	downstream_gene_variant
DNAH6	1	rs556079571	2.3e-10	intron_variant
UCHL1-DT	1	rs564596019	2.31e-10	intron_variant,non_coding_transcript_variant
WDR7	1	rs555606532	2.31e-10	intron_variant
ENSG00000225818	1	rs567021728	2.32e-10	downstream_gene_variant
ENSG00000241577	1	rs528498619	2.32e-10	intron_variant,non_coding_transcript_variant
ENSG00000294327	1	rs567021728	2.32e-10	upstream_gene_variant
LRRC18	1	rs528498619	2.32e-10	downstream_gene_variant
HCG22	1	rs151159790	2.34e-10	downstream_gene_variant
SLC52A1	1	rs73973691	2.36e-10	intron_variant
NLGN1	1	rs117916111	2.39e-10	intron_variant
ENSG00000300059	1	rs540654092	2.43e-10	downstream_gene_variant
MYO6	1	rs547158143	2.43e-10	intron_variant
RNU6-155P	1	rs547158143	2.43e-10	upstream_gene_variant
TMEM266	1	rs187258564	2.43e-10	intron_variant
ENSG00000308608	1	rs575637849	2.45e-10	intron_variant,non_coding_transcript_variant
HS3ST1	1	rs575637849	2.45e-10	3_prime_UTR_variant
RALGAPB	1	rs538595219	2.46e-10	intron_variant
RPS3P2	1	rs538595219	2.46e-10	downstream_gene_variant
CHGA	1	rs9658633	2.48e-10	upstream_gene_variant
ITPK1	1	rs9658633	2.48e-10	downstream_gene_variant
MYZAP	1	rs192181406	2.48e-10	missense_variant
SETMAR	1	rs187909364	2.48e-10	downstream_gene_variant
SUMF1	1	rs187909364	2.48e-10	intron_variant,NMD_transcript_variant
SORBS1	1	rs181994714	2.49e-10	intron_variant
ENSG00000302816	1	rs551104732	2.5e-10	intron_variant,non_coding_transcript_variant
LINC00511	1	rs551104732	2.5e-10	intron_variant,non_coding_transcript_variant
RAP1GDS1	1	rs138121471	2.5e-10	intron_variant
AMOTL1	1	rs547198553	2.51e-10	intron_variant
CNTD1	1	rs145896591	2.51e-10	splice_donor_region_variant,intron_variant,non_coding_transcript_variant
COA3	1	rs145896591	2.51e-10	upstream_gene_variant
WNK4	1	rs145896591	2.51e-10	downstream_gene_variant
ENSG00000259194	1	rs553197989	2.52e-10	upstream_gene_variant
ENSG00000310504	1	rs11905781	2.52e-10	upstream_gene_variant
GLDN	1	rs553197989	2.52e-10	intron_variant
LINC01270	1	rs11905781	2.52e-10	intron_variant,non_coding_transcript_variant
LINC01271	1	rs11905781	2.52e-10	downstream_gene_variant
PELATON	1	rs11905781	2.52e-10	intron_variant,non_coding_transcript_variant
ENSG00000253170	1	rs574711547	2.53e-10	upstream_gene_variant
ENSG00000295681	1	rs545648988	2.53e-10	upstream_gene_variant
ENSG00000309094	1	rs574711547	2.53e-10	intron_variant,non_coding_transcript_variant
ANKS1A	1	rs533498783	2.55e-10	intron_variant
ENSG00000303045	1	rs150877314	2.55e-10	intron_variant,non_coding_transcript_variant
HSPE1P11	1	rs533498783	2.55e-10	upstream_gene_variant
GJC1	1	rs111641596	2.57e-10	intron_variant
LINC02938	1	rs537311843	2.58e-10	intron_variant,non_coding_transcript_variant
ENSG00000300965	1	rs531211197	2.59e-10	upstream_gene_variant
DNAH8	1	rs370011848	2.61e-10	intron_variant
ENSG00000295357	1	rs146639098	2.61e-10	downstream_gene_variant
CD63	1	rs553530547	2.62e-10	upstream_gene_variant
ENSG00000257384	1	rs553530547	2.62e-10	upstream_gene_variant
ENSG00000299642	1	rs2963007	2.62e-10	upstream_gene_variant
ENSG00000299656	1	rs2963007	2.62e-10	upstream_gene_variant
PICALM	1	rs73508141	2.62e-10	intron_variant
PJA2	1	rs2963007	2.62e-10	intron_variant
LINC02995	1	rs145418048	2.65e-10	downstream_gene_variant
ENSG00000303532	1	rs530654631	2.67e-10	upstream_gene_variant
NUTM2HP	1	rs530654631	2.67e-10	non_coding_transcript_exon_variant
SGMS1-AS1	1	rs530654631	2.67e-10	downstream_gene_variant
ENSG00000259200	1	rs559369964	2.69e-10	intron_variant,non_coding_transcript_variant
ARID4B	1	rs191612834	2.7e-10	intron_variant
MIR4753	1	rs191612834	2.7e-10	upstream_gene_variant
ENSG00000286279	1	rs17122517	2.71e-10	intron_variant,non_coding_transcript_variant
CDH7	1	rs75197639	2.73e-10	intron_variant
ENSG00000305005	1	rs112884031	2.74e-10	intron_variant,non_coding_transcript_variant
ENSG00000243008	1	rs7333749	2.75e-10	intron_variant,non_coding_transcript_variant
ATRNL1	1	rs186150115	2.77e-10	intron_variant
CCR12P	1	rs150786584	2.77e-10	upstream_gene_variant
ENSG00000290577	1	rs150786584	2.77e-10	intron_variant,non_coding_transcript_variant
STARD13	1	rs188505269	2.77e-10	intron_variant
STARD13-AS	1	rs188505269	2.77e-10	intron_variant,non_coding_transcript_variant
ENSG00000301151	1	rs374034436	2.83e-10	intron_variant,non_coding_transcript_variant
ATF2	1	rs538366538	2.86e-10	intron_variant
HEATR5B	1	rs543682708	2.87e-10	intron_variant
BTAF1	1	rs147498429	2.88e-10	intron_variant
CDC27	1	rs11570470	2.89e-10	intron_variant
ENSG00000261872	1	rs11570470	2.89e-10	intron_variant,non_coding_transcript_variant
ENSG00000262265	1	rs11570470	2.89e-10	upstream_gene_variant
ADAM22	1	rs570565227	2.9e-10	intron_variant
ENSG00000289431	1	rs11699259	2.9e-10	non_coding_transcript_exon_variant
ENSG00000297766	1	rs11699259	2.9e-10	downstream_gene_variant
ENSG00000303667	1	rs553104058	2.9e-10	downstream_gene_variant
LINC02764	1	rs531118518	2.95e-10	intron_variant,non_coding_transcript_variant
DENND1C	1	rs532716636	2.96e-10	non_coding_transcript_exon_variant
ENSG00000251377	1	rs536680183	2.96e-10	intron_variant,non_coding_transcript_variant
ENSG00000298901	1	rs536680183	2.96e-10	upstream_gene_variant
ENSG00000308029	1	rs75042128	2.96e-10	downstream_gene_variant
RNU6-346P	1	rs75042128	2.96e-10	downstream_gene_variant
ENSG00000235538	1	rs548880236	2.97e-10	intron_variant,non_coding_transcript_variant
ENSG00000301250	1	rs548880236	2.97e-10	upstream_gene_variant
BCL2L11	1	rs6734942	3.02e-10	intron_variant
ENSG00000304033	1	rs548692213	3.03e-10	downstream_gene_variant
SCNN1B	1	rs540186546	3.03e-10	intron_variant,non_coding_transcript_variant
ENSG00000225402	1	rs190649072	3.06e-10	downstream_gene_variant
ENSG00000310514	1	rs192191566	3.08e-10	upstream_gene_variant
LINC01162	1	rs17143436	3.09e-10	intron_variant,non_coding_transcript_variant
PEDS1	1	rs574084990	3.1e-10	intron_variant
ENSG00000283431	1	rs144298873	3.11e-10	downstream_gene_variant
ENSG00000286436	1	rs144298873	3.11e-10	downstream_gene_variant
ENSG00000308700	1	rs35668054	3.11e-10	downstream_gene_variant
DMAC1	1	rs560019197	3.12e-10	upstream_gene_variant
ENSG00000230010	1	rs118138622	3.12e-10	intron_variant,non_coding_transcript_variant
ENSG00000255565	1	rs556037235	3.12e-10	downstream_gene_variant
ENSG00000310141	1	rs556037235	3.12e-10	upstream_gene_variant
ZNF133	1	rs118138622	3.12e-10	intron_variant
ZNF133-AS1	1	rs118138622	3.12e-10	intron_variant,non_coding_transcript_variant
SGSM1	1	rs138250938	3.15e-10	intron_variant
CHRM3	1	rs554083803	3.17e-10	intron_variant
CHRM3-AS2	1	rs554083803	3.17e-10	downstream_gene_variant
ENSG00000248515	1	rs146054809	3.19e-10	intron_variant,non_coding_transcript_variant
ENSG00000306584	1	rs146054809	3.19e-10	upstream_gene_variant
ENSG00000298441	1	rs544172542	3.2e-10	intron_variant,non_coding_transcript_variant
RHOBTB1	1	rs548657385	3.2e-10	intron_variant
ENSG00000237471	1	rs199858634	3.22e-10	intron_variant,non_coding_transcript_variant
ENSG00000303163	1	rs558783896	3.22e-10	downstream_gene_variant
ASGR1	1	rs148902354	3.23e-10	upstream_gene_variant
DLG4	1	rs148902354	3.23e-10	downstream_gene_variant
ENSG00000255289	1	rs576982725	3.23e-10	intron_variant,non_coding_transcript_variant
ENSG00000298633	1	rs567293248	3.23e-10	intron_variant,non_coding_transcript_variant
ENSG00000300984	1	rs150144406	3.23e-10	intron_variant,non_coding_transcript_variant
LINC01908	1	rs563603847	3.24e-10	intron_variant,non_coding_transcript_variant
ENSG00000254048	1	rs10107677	3.25e-10	upstream_gene_variant
PIGN	1	rs550288482	3.25e-10	non_coding_transcript_exon_variant
TOX	1	rs10107677	3.25e-10	intron_variant
ENSG00000299400	1	rs4548024	3.26e-10	intron_variant,non_coding_transcript_variant
SPATA2L	1	rs4785704	3.26e-10	upstream_gene_variant
VPS9D1	1	rs4785704	3.26e-10	downstream_gene_variant
WAKMAR2	1	rs4548024	3.26e-10	intron_variant,non_coding_transcript_variant
AEBP2	1	rs186523639	3.29e-10	intron_variant
COXFA4P5	1	rs566838602	3.29e-10	upstream_gene_variant
LINC00607	1	rs566838602	3.29e-10	intron_variant,non_coding_transcript_variant
ENSG00000270117	1	rs532275540	3.33e-10	downstream_gene_variant
ENSG00000290061	1	rs532275540	3.33e-10	upstream_gene_variant
ENSG00000300048	1	rs532275540	3.33e-10	downstream_gene_variant
ENSG00000301979	1	rs532275540	3.33e-10	non_coding_transcript_exon_variant
ENSG00000307632	1	rs532275540	3.33e-10	upstream_gene_variant
MALAT1	1	rs532275540	3.33e-10	upstream_gene_variant
TALAM1	1	rs532275540	3.33e-10	downstream_gene_variant
ENSG00000273080	1	rs555235288	3.34e-10	upstream_gene_variant
IMMT	1	rs555235288	3.34e-10	intron_variant
MGAM2	1	rs141872610	3.34e-10	intron_variant
MIR4779	1	rs555235288	3.34e-10	upstream_gene_variant
MRPL35	1	rs555235288	3.34e-10	upstream_gene_variant
RAMP3	1	rs116781492	3.35e-10	missense_variant,NMD_transcript_variant
ATXN2	1	rs561196623	3.37e-10	intron_variant
ENSG00000305710	1	rs558418140	3.37e-10	intron_variant,non_coding_transcript_variant
HLCS	1	rs186434141	3.37e-10	intron_variant
MRPL10	1	rs59111282	3.37e-10	intron_variant
RPS27AP1	1	rs552986905	3.37e-10	downstream_gene_variant
ENSG00000266049	1	rs555577985	3.41e-10	intron_variant,non_coding_transcript_variant
ENSG00000302334	1	rs73489635	3.42e-10	intron_variant,non_coding_transcript_variant
ENSG00000309773	1	rs141730370	3.42e-10	intron_variant,non_coding_transcript_variant
LINC01501	1	rs73489635	3.42e-10	intron_variant,non_coding_transcript_variant
SMAD3-DT	1	rs68018114	3.42e-10	intron_variant,non_coding_transcript_variant
SYN3	1	rs141730370	3.42e-10	intron_variant
ENSG00000304557	1	rs181689097	3.43e-10	downstream_gene_variant
NTN3	1	rs567238850	3.46e-10	upstream_gene_variant
TAFA2	1	rs576525620	3.46e-10	intron_variant
TBC1D24	1	rs567238850	3.46e-10	upstream_gene_variant
TEDC2-AS1	1	rs567238850	3.46e-10	upstream_gene_variant
ENSG00000285882	1	rs568119044	3.47e-10	intron_variant,non_coding_transcript_variant
HS3ST4	1	rs568119044	3.47e-10	intron_variant
CDH26	1	rs564780688	3.51e-10	intron_variant
ENSG00000235151	1	rs4973659	3.51e-10	downstream_gene_variant
ENSG00000297165	1	rs4973659	3.51e-10	downstream_gene_variant
MRPS36P5	1	rs558358484	3.51e-10	downstream_gene_variant
PDCD1	1	rs4973659	3.51e-10	downstream_gene_variant
REEP3	1	rs74502455	3.56e-10	intron_variant
BLNK	1	rs565730434	3.57e-10	intron_variant
ENSG00000271343	1	rs193181377	3.6e-10	upstream_gene_variant
ENSG00000298428	1	rs556281829	3.6e-10	intron_variant,non_coding_transcript_variant
PRR5	1	rs111440447	3.6e-10	non_coding_transcript_exon_variant
ENSG00000296564	1	rs553761536	3.62e-10	intron_variant,non_coding_transcript_variant
ENSG00000305696	1	rs636176	3.63e-10	intron_variant,non_coding_transcript_variant
ENSG00000306517	1	rs636176	3.63e-10	downstream_gene_variant
S100A4	1	rs636176	3.63e-10	upstream_gene_variant
POLDIP2	1	rs565233379	3.64e-10	downstream_gene_variant
PPFIA2	1	rs559406063	3.64e-10	intron_variant
TMEM97	1	rs577105574	3.64e-10	intron_variant
PATJ	1	rs182612162	3.68e-10	intron_variant
PATJ-DT	1	rs182612162	3.68e-10	upstream_gene_variant
ITGB5	1	rs543992860	3.7e-10	intron_variant
TMCC1	1	rs533528856	3.73e-10	intron_variant
LINC02603	1	rs547037912	3.74e-10	intron_variant,non_coding_transcript_variant
MIRLET7A1	1	rs547037912	3.74e-10	downstream_gene_variant
MIRLET7A1HG	1	rs547037912	3.74e-10	non_coding_transcript_exon_variant
MIRLET7D	1	rs547037912	3.74e-10	upstream_gene_variant
MIRLET7F1	1	rs547037912	3.74e-10	downstream_gene_variant
YWHAE	1	rs547545831	3.74e-10	intron_variant
ENSG00000225208	1	rs12098541	3.75e-10	intron_variant,non_coding_transcript_variant
DAAM2	1	rs183886834	3.76e-10	intron_variant
ENSG00000300471	1	rs550094639	3.76e-10	intron_variant,non_coding_transcript_variant
ENSG00000307284	1	rs562881217	3.77e-10	intron_variant,non_coding_transcript_variant
ENSG00000235537	1	rs55828438	3.79e-10	non_coding_transcript_exon_variant
ENSG00000260188	1	rs189454866	3.79e-10	upstream_gene_variant
SLC22A16	1	rs189454866	3.79e-10	intron_variant
CPQ	1	rs572556275	3.83e-10	intron_variant
ENSG00000301493	1	rs570815176	3.83e-10	downstream_gene_variant
ATP6V0A4	1	rs547223994	3.84e-10	intron_variant
ENSG00000279848	1	rs8143138	3.84e-10	upstream_gene_variant
ENSG00000279914	1	rs8143138	3.84e-10	non_coding_transcript_exon_variant
RNU6-1066P	1	rs8143138	3.84e-10	downstream_gene_variant
TMEM213	1	rs547223994	3.84e-10	upstream_gene_variant
ENSG00000290204	1	rs190038029	3.85e-10	downstream_gene_variant
PRMT8	1	rs190038029	3.85e-10	intron_variant
ENSG00000230552	1	rs574535150	3.88e-10	intron_variant,non_coding_transcript_variant
LINC01182	1	rs114216802	3.88e-10	intron_variant,non_coding_transcript_variant
ENSG00000298956	1	rs11801423	3.89e-10	intron_variant,non_coding_transcript_variant
ENSG00000306345	1	rs11801423	3.89e-10	upstream_gene_variant
ENSG00000286251	1	rs571662952	3.9e-10	intron_variant,non_coding_transcript_variant
CHODL	1	rs190490973	3.92e-10	intron_variant
ENSG00000259468	1	rs546154681	3.92e-10	intron_variant,non_coding_transcript_variant
ENSG00000267371	1	rs552353151	3.92e-10	downstream_gene_variant
SLC12A6	1	rs546154681	3.92e-10	intron_variant
ASPA	1	rs112676565	3.93e-10	downstream_gene_variant
ENSG00000264151	1	rs149574460	3.93e-10	intron_variant,non_coding_transcript_variant
FN1	1	rs60658094	3.93e-10	intron_variant
SPATA22	1	rs112676565	3.93e-10	intron_variant
TRPV3	1	rs112676565	3.93e-10	downstream_gene_variant
TENM4	1	rs56137626	3.95e-10	intron_variant
GOLGA7B	1	rs537448939	3.97e-10	3_prime_UTR_variant
ENSG00000295021	1	rs76217306	4e-10	upstream_gene_variant
ENSG00000289350	1	rs555883885	4.02e-10	intron_variant,non_coding_transcript_variant
ENSG00000227681	1	rs73787390	4.03e-10	intron_variant,non_coding_transcript_variant
IQSEC1	1	rs565379335	4.03e-10	5_prime_UTR_variant
SAMD5	1	rs73787390	4.03e-10	intron_variant
STK11	1	rs8113513	4.05e-10	intron_variant
C8orf76	1	rs530833295	4.07e-10	intron_variant
ENSG00000293879	1	rs12660253	4.1e-10	upstream_gene_variant
ENSG00000293897	1	rs12660253	4.1e-10	upstream_gene_variant
LINC00243	1	rs12660253	4.1e-10	intron_variant,non_coding_transcript_variant
ENSG00000310387	1	rs115333748	4.13e-10	non_coding_transcript_exon_variant
NREP	1	rs554273358	4.14e-10	intron_variant
ENSG00000260862	1	rs551189625	4.15e-10	intron_variant,non_coding_transcript_variant
ENSG00000286528	1	rs551189625	4.15e-10	intron_variant,non_coding_transcript_variant
PFKFB3	1	rs112999155	4.15e-10	intron_variant
ENSG00000241204	1	rs7823221	4.22e-10	downstream_gene_variant
STX18-AS1	1	rs6836078	4.22e-10	intron_variant,non_coding_transcript_variant
ANO7	1	rs527580089	4.23e-10	downstream_gene_variant
APTX	1	rs115747233	4.23e-10	intron_variant,NMD_transcript_variant
COMMD5	1	rs143341589	4.23e-10	intron_variant,NMD_transcript_variant
ENSG00000288769	1	rs541477018	4.23e-10	non_coding_transcript_exon_variant
ENSG00000298205	1	rs541477018	4.23e-10	upstream_gene_variant
ENSG00000303284	1	rs570674436	4.23e-10	intron_variant,non_coding_transcript_variant
HDAC5	1	rs77850808	4.23e-10	intron_variant
HDLBP	1	rs527580089	4.23e-10	splice_region_variant,synonymous_variant
HS6ST3	1	rs571021188	4.23e-10	intron_variant
MIR924	1	rs547277370	4.23e-10	downstream_gene_variant
TARS1-DT	1	rs531482823	4.23e-10	intron_variant,non_coding_transcript_variant
ZNF7	1	rs143341589	4.23e-10	3_prime_UTR_variant
CCL20	1	rs10175070	4.24e-10	5_prime_UTR_variant
ENSG00000229172	1	rs10175070	4.24e-10	downstream_gene_variant
LRP2BP	1	rs117320438	4.29e-10	intron_variant
ENSG00000308222	1	rs551888958	4.32e-10	intron_variant,non_coding_transcript_variant
ENSG00000308255	1	rs551888958	4.32e-10	downstream_gene_variant
ACOXL	1	rs116251007	4.34e-10	intron_variant
RPL5P9	1	rs116251007	4.34e-10	upstream_gene_variant
ENSG00000303836	1	rs559805192	4.36e-10	upstream_gene_variant
ENSG00000303862	1	rs559805192	4.36e-10	downstream_gene_variant
SIM1	1	rs115869367	4.36e-10	intron_variant
SIM1-AS1	1	rs115869367	4.36e-10	intron_variant,non_coding_transcript_variant
CEACAM4	1	rs184432334	4.4e-10	intron_variant
ENSG00000288977	1	rs573833940	4.4e-10	upstream_gene_variant
ENSG00000300400	1	rs184432334	4.4e-10	upstream_gene_variant
ENSG00000253065	1	rs543278692	4.42e-10	downstream_gene_variant
ARL2BPP4	1	rs1029751	4.45e-10	downstream_gene_variant
ENSG00000297471	1	rs565818131	4.48e-10	intron_variant,non_coding_transcript_variant
TAAR9	1	rs559479607	4.48e-10	upstream_gene_variant
BCL2L13	1	rs555844627	4.59e-10	intron_variant
CNST	1	rs189864272	4.59e-10	downstream_gene_variant
ENSG00000235021	1	rs189864272	4.59e-10	upstream_gene_variant
ENSG00000260698	1	rs189864272	4.59e-10	upstream_gene_variant
ENSG00000297637	1	rs189864272	4.59e-10	upstream_gene_variant
R3HDM2	1	rs7397189	4.6e-10	intron_variant
ENSG00000300383	1	rs537520017	4.63e-10	intron_variant,non_coding_transcript_variant
PRKAA1	1	rs537520017	4.63e-10	missense_variant
ENSG00000234811	1	rs563581636	4.64e-10	downstream_gene_variant
ENSG00000235113	1	rs563581636	4.64e-10	upstream_gene_variant
ENSG00000301470	1	rs563581636	4.64e-10	upstream_gene_variant
RPS4XP11	1	rs563581636	4.64e-10	upstream_gene_variant
LINC00588	1	rs558054138	4.66e-10	intron_variant,non_coding_transcript_variant
STIM2	1	rs10002654	4.66e-10	intron_variant
ENSG00000289529	1	rs185871965	4.67e-10	downstream_gene_variant
ENSG00000298880	1	rs185871965	4.67e-10	downstream_gene_variant
ARHGAP45	1	rs146831892	4.68e-10	3_prime_UTR_variant
POLR2E	1	rs146831892	4.68e-10	3_prime_UTR_variant
PDZD8	1	rs571827850	4.69e-10	intron_variant
ENSG00000307506	1	rs531661347	4.7e-10	downstream_gene_variant
FHOD3	1	rs535823715	4.7e-10	intron_variant
CEP192	1	rs75953736	4.72e-10	intron_variant
TVP23B	1	rs532909439	4.72e-10	upstream_gene_variant
OR2W5P	1	rs535082041	4.73e-10	upstream_gene_variant
ENSG00000303258	1	rs577777116	4.76e-10	intron_variant,non_coding_transcript_variant
RPSAP22	1	rs577777116	4.76e-10	upstream_gene_variant
LINC00639	1	rs541156495	4.77e-10	intron_variant,non_coding_transcript_variant
ENSG00000299081	1	rs562019009	4.84e-10	intron_variant,non_coding_transcript_variant
ENSG00000307840	1	rs542193909	4.84e-10	intron_variant,non_coding_transcript_variant
SDK1	1	rs80342054	4.84e-10	intron_variant
ENSG00000254447	1	rs528239798	4.87e-10	intron_variant,non_coding_transcript_variant
EVA1CP4	1	rs528239798	4.87e-10	intron_variant,non_coding_transcript_variant
ENSG00000305925	1	rs530126318	4.88e-10	downstream_gene_variant
LRRC2	1	rs548147450	4.89e-10	intron_variant
HDGFL2	1	rs11672343	4.94e-10	intron_variant
PPIAP54	1	rs76613419	4.98e-10	downstream_gene_variant
RNA5SP441	1	rs76613419	4.98e-10	upstream_gene_variant
MIR548XHG	1	rs554401871	5.02e-10	upstream_gene_variant
LINC01924	1	rs568825328	5.03e-10	intron_variant,non_coding_transcript_variant
PGAP2	1	rs561256741	5.05e-10	downstream_gene_variant
RHOG	1	rs561256741	5.05e-10	intron_variant
LINC02172	1	rs149916406	5.09e-10	upstream_gene_variant
UACA	1	rs186807296	5.09e-10	intron_variant
DMC1	1	rs181903045	5.1e-10	intron_variant
ENSG00000276384	1	rs556854395	5.1e-10	downstream_gene_variant
TNFSF12	1	rs556854395	5.1e-10	3_prime_UTR_variant,NMD_transcript_variant
TNFSF13	1	rs556854395	5.1e-10	upstream_gene_variant
GRIP1	1	rs528460847	5.14e-10	intron_variant
ENSG00000307250	1	rs803305	5.17e-10	intron_variant,non_coding_transcript_variant
ENSG00000280241	1	rs568971457	5.19e-10	intron_variant,non_coding_transcript_variant
ENSG00000227157	1	rs188153957	5.2e-10	upstream_gene_variant
ENSG00000298919	1	rs188153957	5.2e-10	intron_variant,non_coding_transcript_variant
ENSG00000299011	1	rs188153957	5.2e-10	downstream_gene_variant
KRTAP2-5P	1	rs571933560	5.2e-10	downstream_gene_variant
LINC03094	1	rs547318480	5.21e-10	intron_variant,non_coding_transcript_variant
SMC2-DT	1	rs547318480	5.21e-10	intron_variant,non_coding_transcript_variant
ABHD5	1	rs566846013	5.27e-10	3_prime_UTR_variant,NMD_transcript_variant
LINC01818	1	rs368931559	5.29e-10	intron_variant,non_coding_transcript_variant
ENSG00000307933	1	rs545001670	5.3e-10	intron_variant,non_coding_transcript_variant
GPR156	1	rs560364381	5.31e-10	intron_variant
ENSG00000260664	1	rs560047976	5.36e-10	intron_variant,non_coding_transcript_variant
COMMD1	1	rs150279975	5.38e-10	intron_variant
ENSG00000286046	1	rs113120413	5.39e-10	intron_variant,non_coding_transcript_variant
PGBD5	1	rs570730654	5.39e-10	intron_variant
ENSG00000308615	1	rs559776519	5.4e-10	downstream_gene_variant
BTN3A2	1	rs68112369	5.43e-10	intron_variant
ENSG00000291336	1	rs68112369	5.43e-10	intron_variant,non_coding_transcript_variant
ENSG00000291338	1	rs68112369	5.43e-10	intron_variant,non_coding_transcript_variant
FBXO28	1	rs534871960	5.5e-10	intron_variant
LEMD2	1	rs4713678	5.5e-10	intron_variant
ENSG00000272154	1	rs143078709	5.51e-10	intron_variant,non_coding_transcript_variant
ENSG00000280029	1	rs143078709	5.51e-10	intron_variant,non_coding_transcript_variant
PCDHB12	1	rs143078709	5.51e-10	missense_variant
PCDHB13	1	rs143078709	5.51e-10	upstream_gene_variant
ADCY3	1	rs367794544	5.52e-10	intron_variant
CENPO	1	rs367794544	5.52e-10	downstream_gene_variant
ENSG00000271936	1	rs367794544	5.52e-10	upstream_gene_variant
LIX1-AS1	1	rs552221456	5.53e-10	intron_variant,non_coding_transcript_variant
SLC45A1	1	rs35167234	5.53e-10	intron_variant
ACER3	1	rs61056520	5.57e-10	3_prime_UTR_variant
ACER3-AS1	1	rs61056520	5.57e-10	intron_variant,non_coding_transcript_variant
HIVEP1	1	rs3777755	5.59e-10	intron_variant
LINC03131	1	rs556431851	5.61e-10	intron_variant,non_coding_transcript_variant
ENSG00000287898	1	rs73433190	5.66e-10	intron_variant,non_coding_transcript_variant
RBM42	1	rs573596870	5.66e-10	intron_variant
DLX2-DT	1	rs149016516	5.71e-10	intron_variant,non_coding_transcript_variant
TNN	1	rs74755173	5.79e-10	upstream_gene_variant
P2RX3	1	rs34108746	5.83e-10	downstream_gene_variant
PRG3	1	rs34108746	5.83e-10	missense_variant
ENSG00000271806	1	rs536280424	5.84e-10	downstream_gene_variant
ASB13	1	rs200734249	5.86e-10	intron_variant
RPP25	1	rs117815533	5.89e-10	upstream_gene_variant
SCAMP5	1	rs117815533	5.89e-10	intron_variant,NMD_transcript_variant
CHD6	1	rs556273955	5.93e-10	intron_variant
ENSG00000289376	1	rs567511967	5.93e-10	intron_variant,non_coding_transcript_variant
FRK	1	rs567511967	5.93e-10	missense_variant
ENSG00000267612	1	rs187528027	5.96e-10	intron_variant,non_coding_transcript_variant
ENSG00000291231	1	rs187528027	5.96e-10	intron_variant,non_coding_transcript_variant
ADAMTSL1	1	rs564932780	5.98e-10	intron_variant
ENSG00000302736	1	rs576981975	6e-10	intron_variant,non_coding_transcript_variant
KDM7A	1	rs576981975	6e-10	downstream_gene_variant
ENSG00000306031	1	rs546861664	6.02e-10	intron_variant,non_coding_transcript_variant
ENSG00000308763	1	rs17098678	6.02e-10	intron_variant,non_coding_transcript_variant
TAPT1	1	rs548785166	6.02e-10	intron_variant
ENSG00000293766	1	rs530765901	6.06e-10	intron_variant,non_coding_transcript_variant
IGSF21	1	rs530765901	6.06e-10	intron_variant
PRKDC	1	rs556143792	6.07e-10	intron_variant
LINC02196	1	rs556223710	6.08e-10	intron_variant,non_coding_transcript_variant
ENSG00000259119	1	rs13379438	6.11e-10	upstream_gene_variant
ENSG00000294598	1	rs13379438	6.11e-10	intron_variant,non_coding_transcript_variant
LINC00922	1	rs190487785	6.17e-10	intron_variant,non_coding_transcript_variant
ENSG00000283339	1	rs149174362	6.18e-10	downstream_gene_variant
ENSG00000286674	1	rs561475815	6.18e-10	intron_variant,non_coding_transcript_variant
HTR5A	1	rs149174362	6.18e-10	intron_variant
PRKCI	1	rs368675697	6.18e-10	intron_variant
TCP10L2	1	rs561475815	6.18e-10	non_coding_transcript_exon_variant
ENSG00000233824	1	rs149108885	6.27e-10	intron_variant,non_coding_transcript_variant
ENSG00000299736	1	rs149108885	6.27e-10	intron_variant,non_coding_transcript_variant
ENSG00000259620	1	rs75749866	6.29e-10	intron_variant,non_coding_transcript_variant
KDM8	1	rs181521773	6.29e-10	3_prime_UTR_variant
TBCD	1	rs537880376	6.29e-10	3_prime_UTR_variant,NMD_transcript_variant
RNU6-13P	1	rs563676524	6.36e-10	upstream_gene_variant
ENSG00000306635	1	rs188911032	6.41e-10	intron_variant,non_coding_transcript_variant
ENSG00000256654	1	rs560030577	6.53e-10	intron_variant,non_coding_transcript_variant
BAK1	1	rs556937275	6.56e-10	upstream_gene_variant
ENSG00000293518	1	rs556937275	6.56e-10	intron_variant,non_coding_transcript_variant
ENSG00000296349	1	rs556937275	6.56e-10	downstream_gene_variant
GGNBP1	1	rs556937275	6.56e-10	upstream_gene_variant
RN7SL809P	1	rs139170956	6.57e-10	upstream_gene_variant
DICER1	1	rs28492915	6.6e-10	intron_variant
ENSG00000287245	1	rs182603663	6.6e-10	non_coding_transcript_exon_variant
RDX	1	rs182603663	6.6e-10	intron_variant,NMD_transcript_variant
ENSG00000296655	1	rs150170336	6.63e-10	intron_variant,non_coding_transcript_variant
ENSG00000272473	1	rs151122716	6.64e-10	upstream_gene_variant
PTBP1	1	rs151122716	6.64e-10	upstream_gene_variant
SULT6B1	1	rs530090271	6.64e-10	intron_variant
AP3B1	1	rs551541796	6.65e-10	intron_variant
ENSG00000293214	1	rs113681240	6.65e-10	intron_variant,non_coding_transcript_variant
EPB41	1	rs567381205	6.73e-10	intron_variant
ENSG00000289885	1	rs554308894	6.76e-10	intron_variant,non_coding_transcript_variant
ENSG00000295610	1	rs557849251	6.76e-10	intron_variant,non_coding_transcript_variant
ENSG00000302954	1	rs368280641	6.76e-10	intron_variant,non_coding_transcript_variant
PENK	1	rs187228722	6.76e-10	intron_variant
PENK-AS1	1	rs187228722	6.76e-10	upstream_gene_variant
STK32C	1	rs11146290	6.83e-10	intron_variant
ARHGEF12	1	rs543386825	6.84e-10	intron_variant
ENSG00000302860	1	rs144486209	6.85e-10	upstream_gene_variant
ENSG00000306737	1	rs144486209	6.85e-10	upstream_gene_variant
TEAD3	1	rs538499515	6.91e-10	synonymous_variant
ENSG00000286318	1	rs564551535	6.94e-10	non_coding_transcript_exon_variant
SYT1	1	rs185904232	6.97e-10	intron_variant
ENSG00000264812	1	rs189382831	6.99e-10	upstream_gene_variant
ENSG00000308980	1	rs189382831	6.99e-10	downstream_gene_variant
OGFOD3	1	rs189382831	6.99e-10	intron_variant
ENSG00000304166	1	rs73063696	7e-10	upstream_gene_variant
ENSG00000293066	1	rs189107657	7.03e-10	intron_variant,non_coding_transcript_variant
RPL23P6	1	rs189107657	7.03e-10	downstream_gene_variant
KC6	1	rs568793399	7.04e-10	intron_variant,non_coding_transcript_variant
ENSG00000294847	1	rs12256573	7.05e-10	intron_variant,non_coding_transcript_variant
PGAP4	1	rs185866232	7.05e-10	intron_variant
TMEM246-AS1	1	rs185866232	7.05e-10	downstream_gene_variant
ENSG00000285824	1	rs577158331	7.1e-10	downstream_gene_variant
LINC03150	1	rs562984009	7.1e-10	intron_variant,non_coding_transcript_variant
MTPAP	1	rs577158331	7.1e-10	3_prime_UTR_variant
RNF10P1	1	rs185707838	7.1e-10	upstream_gene_variant
DLEU1	1	rs561195858	7.14e-10	intron_variant,non_coding_transcript_variant
EDIL3	1	rs551391386	7.19e-10	intron_variant
ENSG00000285784	1	rs143797499	7.19e-10	intron_variant,non_coding_transcript_variant
SYNDIG1	1	rs76002484	7.19e-10	intron_variant
SLC22A10	1	rs376573492	7.22e-10	intron_variant,non_coding_transcript_variant
ENSG00000273232	1	rs146951553	7.23e-10	upstream_gene_variant
RBBP8	1	rs146951553	7.23e-10	intron_variant
RBBP8-AS1	1	rs146951553	7.23e-10	intron_variant,non_coding_transcript_variant
CRB1	1	rs7537027	7.25e-10	intron_variant
ENSG00000251473	1	rs562597709	7.25e-10	downstream_gene_variant
MRPS21P3	1	rs7537027	7.25e-10	upstream_gene_variant
ENSG00000297542	1	rs9965254	7.26e-10	intron_variant,non_coding_transcript_variant
ENSG00000297563	1	rs9965254	7.26e-10	intron_variant,non_coding_transcript_variant
UNC5D	1	rs61576945	7.26e-10	intron_variant
ENSG00000254288	1	rs568657285	7.29e-10	intron_variant,non_coding_transcript_variant
ENG	1	rs7027767	7.31e-10	downstream_gene_variant
FPGS	1	rs7027767	7.31e-10	intron_variant
ENSG00000301772	1	rs565160041	7.32e-10	downstream_gene_variant
SCN10A	1	rs565160041	7.32e-10	upstream_gene_variant
STPG1	1	rs553506552	7.37e-10	intron_variant
AIF1L	1	rs117788085	7.39e-10	intron_variant
MALRD1	1	rs138649593	7.4e-10	intron_variant
TBC1D4	1	rs113244627	7.46e-10	intron_variant
NR5A2	1	rs534646504	7.47e-10	intron_variant
ARID3A	1	rs1799595	7.48e-10	synonymous_variant
ENSG00000224014	1	rs183040411	7.48e-10	upstream_gene_variant
ENSG00000267159	1	rs1799595	7.48e-10	upstream_gene_variant
ENSG00000305271	1	rs183040411	7.48e-10	intron_variant,non_coding_transcript_variant
ENSG00000305390	1	rs183040411	7.48e-10	downstream_gene_variant
ZNF124	1	rs183040411	7.48e-10	upstream_gene_variant
ENSG00000205959	1	rs6816094	7.5e-10	intron_variant,non_coding_transcript_variant
TRMT44	1	rs6816094	7.5e-10	3_prime_UTR_variant
RNF216	1	rs184232851	7.58e-10	intron_variant,NMD_transcript_variant
HCG18	1	rs116589735	7.6e-10	intron_variant,non_coding_transcript_variant
ENTPD1	1	rs534614280	7.65e-10	intron_variant
ENTPD1-AS1	1	rs534614280	7.65e-10	intron_variant,non_coding_transcript_variant
C19orf12	1	rs543238328	7.68e-10	intron_variant,NMD_transcript_variant
ENSG00000277803	1	rs553502219	7.68e-10	intron_variant,non_coding_transcript_variant
GNAT3	1	rs188100559	7.68e-10	intron_variant
ENSG00000298871	1	rs529307920	7.7e-10	intron_variant,non_coding_transcript_variant
KIF6	1	rs113481061	7.73e-10	intron_variant
DEDD	1	rs149312832	7.79e-10	downstream_gene_variant
ENSG00000257004	1	rs529378292	7.79e-10	upstream_gene_variant
ENSG00000275963	1	rs529378292	7.79e-10	downstream_gene_variant
ENSG00000297543	1	rs149312832	7.79e-10	downstream_gene_variant
FXYD5	1	rs566801348	7.79e-10	downstream_gene_variant
GREB1	1	rs10172597	7.79e-10	intron_variant
LDHC	1	rs149625265	7.79e-10	intron_variant
NIT1	1	rs149312832	7.79e-10	missense_variant
PFDN2	1	rs149312832	7.79e-10	upstream_gene_variant
RFX3	1	rs546292024	7.79e-10	intron_variant
ENSG00000297974	1	rs199498440	7.9e-10	intron_variant,non_coding_transcript_variant
STARD4	1	rs544242012	7.9e-10	intron_variant
STARD4-AS1	1	rs544242012	7.9e-10	upstream_gene_variant
ENSG00000266934	1	rs571430547	7.92e-10	non_coding_transcript_exon_variant
LGALS4	1	rs560553037	7.92e-10	intron_variant
TBX2-AS1	1	rs571430547	7.92e-10	intron_variant,non_coding_transcript_variant
NXPH2	1	rs190923670	7.94e-10	downstream_gene_variant
NUP50	1	rs575463479	7.95e-10	3_prime_UTR_variant
ENSG00000284823	1	rs182616350	8e-10	intron_variant,non_coding_transcript_variant
CMTM4	1	rs543544803	8.02e-10	intron_variant
ATP8B2	1	rs56699544	8.03e-10	intron_variant
ENSG00000305636	1	rs56699544	8.03e-10	upstream_gene_variant
RNU7-57P	1	rs56699544	8.03e-10	upstream_gene_variant
ENSG00000286559	1	rs578037481	8.04e-10	non_coding_transcript_exon_variant
PRKD1	1	rs567057772	8.04e-10	intron_variant
TBC1D1	1	rs569705242	8.05e-10	intron_variant
ACBD6	1	rs557964509	8.13e-10	intron_variant
ENSG00000229855	1	rs569482077	8.16e-10	intron_variant,non_coding_transcript_variant
DOCK4	1	rs140539897	8.2e-10	intron_variant
ENSG00000303367	1	rs140539897	8.2e-10	downstream_gene_variant
ENSG00000233478	1	rs183861049	8.22e-10	downstream_gene_variant
MAN1C1	1	rs183861049	8.22e-10	intron_variant
CRYBB1	1	rs117316086	8.24e-10	intron_variant
ENSG00000286326	1	rs117316086	8.24e-10	downstream_gene_variant
SYCP2	1	rs2274468	8.28e-10	intron_variant
CRYBB2P1	1	rs117703045	8.32e-10	intron_variant,non_coding_transcript_variant
UTP15	1	rs538381165	8.32e-10	intron_variant
ENSG00000226991	1	rs557450849	8.35e-10	downstream_gene_variant
ENSG00000230650	1	rs557450849	8.35e-10	downstream_gene_variant
ENSG00000295406	1	rs557450849	8.35e-10	intron_variant,non_coding_transcript_variant
ENSG00000302220	1	rs558635058	8.35e-10	non_coding_transcript_exon_variant
LINC01106	1	rs557450849	8.35e-10	intron_variant,non_coding_transcript_variant
MIR4431	1	rs376876216	8.35e-10	upstream_gene_variant
SLC6A2	1	rs41280874	8.35e-10	intron_variant
SPMIP2	1	rs558635058	8.35e-10	intron_variant
C20orf96	1	rs137942124	8.39e-10	downstream_gene_variant
ENSG00000272874	1	rs137942124	8.39e-10	upstream_gene_variant
BCAS4	1	rs569257196	8.42e-10	stop_gained
ENSG00000229827	1	rs557112483	8.43e-10	non_coding_transcript_exon_variant
ENSG00000307322	1	rs557112483	8.43e-10	intron_variant,non_coding_transcript_variant
FASTKD1	1	rs557112483	8.43e-10	upstream_gene_variant
MIR6882	1	rs139450603	8.43e-10	upstream_gene_variant
SCAMP2	1	rs139450603	8.43e-10	downstream_gene_variant
ULK3	1	rs139450603	8.43e-10	intron_variant
ENSG00000290490	1	rs561569262	8.54e-10	intron_variant,non_coding_transcript_variant
ENSG00000289197	1	rs566834245	8.58e-10	non_coding_transcript_exon_variant
ENSG00000304278	1	rs116471854	8.58e-10	intron_variant,non_coding_transcript_variant
MAN1A2	1	rs147806884	8.6e-10	intron_variant
ENSG00000225889	1	rs557152970	8.66e-10	intron_variant,non_coding_transcript_variant
ENSG00000270354	1	rs557152970	8.66e-10	upstream_gene_variant
ENSG00000305640	1	rs557152970	8.66e-10	intron_variant,non_coding_transcript_variant
ENSG00000305703	1	rs557152970	8.66e-10	upstream_gene_variant
HAUS8	1	rs8101561	8.67e-10	intron_variant
MYO9B	1	rs8101561	8.67e-10	upstream_gene_variant
ENSG00000298310	1	rs546981979	8.7e-10	downstream_gene_variant
PTAFR	1	rs546981979	8.7e-10	intron_variant
MAPKAP1	1	rs138250318	8.71e-10	intron_variant
ENSG00000305688	1	rs138223412	8.79e-10	upstream_gene_variant
LGALSL-DT	1	rs138223412	8.79e-10	intron_variant,non_coding_transcript_variant
ENSG00000294749	1	rs4737077	8.8e-10	intron_variant,non_coding_transcript_variant
LINC02866	1	rs4737077	8.8e-10	non_coding_transcript_exon_variant
PDE6C	1	rs193120711	8.82e-10	intron_variant
KNTC1	1	rs117264035	8.87e-10	intron_variant
ENSG00000287003	1	rs542373235	8.89e-10	upstream_gene_variant
LINC00877	1	rs531447499	8.89e-10	intron_variant,non_coding_transcript_variant
LINC01942	1	rs542373235	8.89e-10	intron_variant,non_coding_transcript_variant
OR12D1	1	rs3131024	8.9e-10	synonymous_variant
OR5V1	1	rs3131024	8.9e-10	intron_variant
ENSG00000285804	1	rs35462600	8.91e-10	upstream_gene_variant
MAP1B	1	rs35462600	8.91e-10	intron_variant
ENSG00000289452	1	rs559566561	8.92e-10	downstream_gene_variant
ENSG00000299831	1	rs559566561	8.92e-10	upstream_gene_variant
ENSG00000299868	1	rs559566561	8.92e-10	upstream_gene_variant
SPON1	1	rs543336930	8.92e-10	intron_variant
CAB39	1	rs548376645	8.94e-10	upstream_gene_variant
ENSG00000297784	1	rs548376645	8.94e-10	non_coding_transcript_exon_variant
LINC01907	1	rs548376645	8.94e-10	intron_variant,non_coding_transcript_variant
RPL17P6	1	rs182138568	8.94e-10	downstream_gene_variant
KIAA0586	1	rs545895100	8.97e-10	intron_variant
LINC02300	1	rs577661775	8.99e-10	intron_variant,non_coding_transcript_variant
CDH6	1	rs568104116	9.02e-10	intron_variant
ENSG00000264300	1	rs561485789	9.02e-10	downstream_gene_variant
ENSG00000289601	1	rs568104116	9.02e-10	intron_variant,non_coding_transcript_variant
ENSG00000293286	1	rs561485789	9.02e-10	downstream_gene_variant
LRRC37B	1	rs561485789	9.02e-10	upstream_gene_variant
SUZ12	1	rs561485789	9.02e-10	downstream_gene_variant
SECTM1	1	rs111717210	9.11e-10	intron_variant
NEK6	1	rs10797291	9.16e-10	upstream_gene_variant
ENSG00000287352	1	rs560210826	9.17e-10	intron_variant,non_coding_transcript_variant
KCTD10	1	rs193138071	9.17e-10	intron_variant
MYO1H	1	rs193138071	9.17e-10	downstream_gene_variant
AJAP1	1	rs536153589	9.19e-10	downstream_gene_variant
MPZL1	1	rs140507543	9.22e-10	intron_variant
ENSG00000296252	1	rs560022920	9.24e-10	intron_variant,non_coding_transcript_variant
ENSG00000296290	1	rs560022920	9.24e-10	intron_variant,non_coding_transcript_variant
IGHV3-30	1	rs540121244	9.28e-10	downstream_gene_variant
IGHV3-32	1	rs540121244	9.28e-10	downstream_gene_variant
IGHVII-28-1	1	rs540121244	9.28e-10	upstream_gene_variant
SARM1	1	rs562620695	9.38e-10	missense_variant
ENSG00000296932	1	rs9693836	9.39e-10	intron_variant,non_coding_transcript_variant
LINC02869	1	rs538787576	9.4e-10	upstream_gene_variant
ENSG00000291105	1	rs531303640	9.44e-10	upstream_gene_variant
MT1L	1	rs531303640	9.44e-10	upstream_gene_variant
LINC01612	1	rs545056946	9.45e-10	downstream_gene_variant
ENSG00000260271	1	rs77534869	9.46e-10	intron_variant,non_coding_transcript_variant
ENSG00000249169	1	rs143893007	9.49e-10	downstream_gene_variant
ENSG00000249776	1	rs143893007	9.49e-10	intron_variant,non_coding_transcript_variant
PGPEP1L	1	rs536751959	9.53e-10	intron_variant
RAB7A	1	rs535097052	9.57e-10	intron_variant
LINC02113	1	rs147058531	9.62e-10	intron_variant,non_coding_transcript_variant
CYP11B2	1	rs552541954	9.67e-10	upstream_gene_variant
ENSG00000296101	1	rs568222311	9.67e-10	intron_variant,non_coding_transcript_variant
GML	1	rs552541954	9.67e-10	downstream_gene_variant
LNCAROD	1	rs568222311	9.67e-10	intron_variant,non_coding_transcript_variant
LINC01507	1	rs368001488	9.7e-10	intron_variant,non_coding_transcript_variant
SLC12A7	1	rs190853870	9.73e-10	3_prime_UTR_variant
GPR137B	1	rs553685930	9.76e-10	intron_variant,non_coding_transcript_variant
STEAP2-AS1	1	rs36131496	9.81e-10	intron_variant,non_coding_transcript_variant
ENSG00000231153	1	rs78601722	9.83e-10	upstream_gene_variant
HINT1P2	1	rs78601722	9.83e-10	downstream_gene_variant
PPP1R9A	1	rs78601722	9.83e-10	intron_variant
AQP12B	1	rs370887151	9.86e-10	intron_variant
ENSG00000219159	1	rs370887151	9.86e-10	intron_variant,non_coding_transcript_variant
ARB2A	1	rs565399667	9.87e-10	intron_variant
ENSG00000296242	1	rs537958362	9.88e-10	downstream_gene_variant
KCNQ1	1	rs537958362	9.88e-10	intron_variant
ARRDC3-AS1	1	rs114692292	9.95e-10	intron_variant,non_coding_transcript_variant
ENSG00000250775	1	rs138118377	9.97e-10	downstream_gene_variant
ENSG00000289809	1	rs541884262	9.98e-10	intron_variant,non_coding_transcript_variant
LINC02631	1	rs557616740	9.99e-10	non_coding_transcript_exon_variant
ENSG00000304895	1	rs185172035	1e-09	intron_variant,non_coding_transcript_variant
ENSG00000310378	1	rs141136569	1.01e-09	intron_variant,non_coding_transcript_variant
ARHGAP15-AS1	1	rs202023552	1.02e-09	intron_variant,non_coding_transcript_variant
ENSG00000248969	1	rs13359524	1.02e-09	intron_variant,non_coding_transcript_variant
ENSG00000294190	1	rs534324585	1.02e-09	upstream_gene_variant
ENSG00000310039	1	rs184074426	1.02e-09	intron_variant,non_coding_transcript_variant
ENSG00000310077	1	rs184074426	1.02e-09	downstream_gene_variant
GALT	1	rs534324585	1.02e-09	downstream_gene_variant
IL11RA	1	rs534324585	1.02e-09	intron_variant
KIF26B	1	rs74597638	1.02e-09	intron_variant
LINC02336	1	rs184739995	1.02e-09	intron_variant,non_coding_transcript_variant
SPEF2	1	rs13359524	1.02e-09	intron_variant
COX7A2	1	rs534598069	1.03e-09	downstream_gene_variant
ENSG00000229309	1	rs113973315	1.03e-09	intron_variant,non_coding_transcript_variant
ENSG00000295942	1	rs181474862	1.03e-09	upstream_gene_variant
ENSG00000301949	1	rs113973315	1.03e-09	intron_variant,non_coding_transcript_variant
ENTR1P2	1	rs181474862	1.03e-09	downstream_gene_variant
HLA-DOA	1	rs9276987	1.03e-09	upstream_gene_variant
OXCT1	1	rs567896264	1.03e-09	intron_variant
ENSG00000250064	1	rs538887264	1.04e-09	intron_variant,non_coding_transcript_variant
ENSG00000289354	1	rs533984372	1.04e-09	upstream_gene_variant
MCF2L-AS1	1	rs533984372	1.04e-09	downstream_gene_variant
KRT18P55	1	rs535221841	1.05e-09	intron_variant,non_coding_transcript_variant
ZNF66	1	rs180802298	1.05e-09	upstream_gene_variant
ASIC2-AS1	1	rs116805456	1.06e-09	intron_variant,non_coding_transcript_variant
FSIP1	1	rs150388425	1.06e-09	intron_variant
ABTB1	1	rs9859117	1.07e-09	3_prime_UTR_variant,NMD_transcript_variant
ENPP6	1	rs542350576	1.07e-09	intron_variant
ENSG00000297071	1	rs9859117	1.07e-09	downstream_gene_variant
ENSG00000307416	1	rs12267266	1.07e-09	upstream_gene_variant
FGGY	1	rs143373449	1.08e-09	intron_variant
FGGY-DT	1	rs143373449	1.08e-09	upstream_gene_variant
ZBTB1	1	rs11158543	1.08e-09	upstream_gene_variant
ZBTB25	1	rs11158543	1.08e-09	intron_variant
BMPR2	1	rs568877166	1.09e-09	intron_variant
ENSG00000227088	1	rs368336452	1.09e-09	intron_variant,non_coding_transcript_variant
ENSG00000230968	1	rs368336452	1.09e-09	upstream_gene_variant
ENSG00000270435	1	rs192920351	1.09e-09	non_coding_transcript_exon_variant
ENSG00000279858	1	rs111335995	1.09e-09	upstream_gene_variant
ENSG00000286800	1	rs117855613	1.09e-09	intron_variant,non_coding_transcript_variant
ENSG00000308330	1	rs192920351	1.09e-09	intron_variant,non_coding_transcript_variant
RPL13AP12	1	rs568877166	1.09e-09	downstream_gene_variant
SH2D4A	1	rs111335995	1.09e-09	intron_variant
CATSPER4	1	rs533276019	1.1e-09	intron_variant
ENSG00000304204	1	rs550823828	1.1e-09	intron_variant,non_coding_transcript_variant
MAML3	1	rs4989956	1.1e-09	intron_variant
PSG4	1	rs533037605	1.1e-09	intron_variant,non_coding_transcript_variant
PTPRQ	1	rs550823828	1.1e-09	intron_variant
QPCTL	1	rs112197334	1.1e-09	synonymous_variant
ENSG00000233538	1	rs573572124	1.11e-09	intron_variant,non_coding_transcript_variant
ENSG00000286628	1	rs189786237	1.11e-09	intron_variant,non_coding_transcript_variant
ENSG00000290551	1	rs553742938	1.11e-09	intron_variant,non_coding_transcript_variant
ENSG00000293721	1	rs144044386	1.11e-09	intron_variant,non_coding_transcript_variant
ENSG00000298773	1	rs573572124	1.11e-09	downstream_gene_variant
ENSG00000303186	1	rs553742938	1.11e-09	intron_variant,non_coding_transcript_variant
ENSG00000305296	1	rs556185884	1.11e-09	intron_variant,non_coding_transcript_variant
HIGD2AP1	1	rs573572124	1.11e-09	downstream_gene_variant
SEMA4A	1	rs574891651	1.11e-09	intron_variant
ZBTB8OSP2	1	rs573572124	1.11e-09	non_coding_transcript_exon_variant
BPIFB3	1	rs138005320	1.12e-09	upstream_gene_variant
PUDPP3	1	rs138005320	1.12e-09	upstream_gene_variant
DMBT1L1	1	rs553904087	1.13e-09	intron_variant,non_coding_transcript_variant
ENSG00000254065	1	rs185879548	1.13e-09	non_coding_transcript_exon_variant
GHDC	1	rs12953110	1.13e-09	downstream_gene_variant
GPLD1	1	rs535259740	1.13e-09	intron_variant
HCRT	1	rs12953110	1.13e-09	upstream_gene_variant
ENSG00000295467	1	rs1445439	1.14e-09	downstream_gene_variant
LINC02231	1	rs1445439	1.14e-09	upstream_gene_variant
LINC02389	1	rs1445439	1.14e-09	downstream_gene_variant
MGMT	1	rs115225939	1.15e-09	intron_variant
ADGRD1	1	rs556463162	1.16e-09	upstream_gene_variant
BMP1	1	rs530060660	1.16e-09	intron_variant
ENSG00000285881	1	rs530060660	1.16e-09	upstream_gene_variant
ENSG00000298543	1	rs571653944	1.16e-09	intron_variant,non_coding_transcript_variant
ENSG00000296053	1	rs146898775	1.17e-09	upstream_gene_variant
ENSG00000307781	1	rs568955628	1.17e-09	upstream_gene_variant
ENSG00000297946	1	rs556306301	1.18e-09	downstream_gene_variant
ENSG00000302795	1	rs564994385	1.18e-09	intron_variant,non_coding_transcript_variant
ENSG00000304873	1	rs188259259	1.18e-09	downstream_gene_variant
MIR3195	1	rs556306301	1.18e-09	downstream_gene_variant
ENSG00000286689	1	rs191021597	1.19e-09	upstream_gene_variant
ENSG00000287042	1	rs191021597	1.19e-09	intron_variant,non_coding_transcript_variant
ENSG00000298997	1	rs4855569	1.19e-09	downstream_gene_variant
CDC25C	1	rs62380883	1.2e-09	intron_variant
ENSG00000287692	1	rs391783	1.2e-09	downstream_gene_variant
ANAPC10	1	rs567561496	1.21e-09	intron_variant
ENSG00000270914	1	rs74052928	1.21e-09	upstream_gene_variant
ENSG00000286829	1	rs4665699	1.21e-09	non_coding_transcript_exon_variant
MFN2	1	rs74052928	1.21e-09	downstream_gene_variant
MIIP	1	rs74052928	1.21e-09	intron_variant
CEP85	1	rs576075006	1.22e-09	intron_variant
ENSG00000288926	1	rs573050349	1.22e-09	upstream_gene_variant
ENSG00000306815	1	rs576075006	1.22e-09	upstream_gene_variant
IQCH-AS1	1	rs151119143	1.22e-09	intron_variant,non_coding_transcript_variant
STT3B	1	rs573050349	1.22e-09	intron_variant
FAM227B	1	rs368191668	1.23e-09	intron_variant
NUDT7	1	rs114814225	1.23e-09	5_prime_UTR_variant
ENSG00000255216	1	rs529670342	1.24e-09	intron_variant,non_coding_transcript_variant
ENSG00000297393	1	rs529670342	1.24e-09	upstream_gene_variant
ENSG00000297411	1	rs529670342	1.24e-09	downstream_gene_variant
PRKCA	1	rs562102879	1.24e-09	intron_variant,NMD_transcript_variant
RNA5SP445	1	rs562102879	1.24e-09	downstream_gene_variant
RNU6-928P	1	rs562102879	1.24e-09	downstream_gene_variant
TAMM41	1	rs536808721	1.24e-09	intron_variant
EEF1A1	1	rs551141218	1.25e-09	intron_variant
ENSG00000260242	1	rs59867744	1.25e-09	intron_variant,non_coding_transcript_variant
MTO1	1	rs551141218	1.25e-09	downstream_gene_variant
CLYBL	1	rs60423320	1.26e-09	intron_variant
DCAF13P1	1	rs545578896	1.26e-09	upstream_gene_variant
ENSG00000286757	1	rs60423320	1.26e-09	intron_variant,non_coding_transcript_variant
ENSG00000308564	1	rs146598271	1.26e-09	downstream_gene_variant
RNU1-18P	1	rs557064164	1.26e-09	upstream_gene_variant
ENSG00000266990	1	rs377186492	1.27e-09	upstream_gene_variant
GRIN3B	1	rs377186492	1.27e-09	intron_variant
EIF2AK3-AS1	1	rs565088672	1.28e-09	intron_variant,non_coding_transcript_variant
ENSG00000286068	1	rs543264410	1.28e-09	upstream_gene_variant
ZMIZ1-AS1	1	rs138465835	1.28e-09	intron_variant,non_coding_transcript_variant
BTG1	1	rs545706791	1.29e-09	downstream_gene_variant
ENSG00000299356	1	rs559886066	1.29e-09	intron_variant,non_coding_transcript_variant
ENSG00000300625	1	rs528524180	1.29e-09	intron_variant,non_coding_transcript_variant
LINC01482	1	rs576877158	1.29e-09	intron_variant,non_coding_transcript_variant
LINC01619	1	rs545706791	1.29e-09	intron_variant,non_coding_transcript_variant
LINC01843	1	rs528524180	1.29e-09	upstream_gene_variant
RNU6-456P	1	rs528524180	1.29e-09	upstream_gene_variant
ENSG00000301575	1	rs550464341	1.3e-09	intron_variant,non_coding_transcript_variant
ENSG00000301594	1	rs550464341	1.3e-09	downstream_gene_variant
TUB	1	rs60194537	1.3e-09	intron_variant
TUB-AS1	1	rs60194537	1.3e-09	intron_variant,non_coding_transcript_variant
FNDC5	1	rs542230162	1.31e-09	intron_variant
ENSG00000236957	1	rs555805184	1.32e-09	downstream_gene_variant
ENSG00000291226	1	rs555805184	1.32e-09	intron_variant,non_coding_transcript_variant
NCF4	1	rs760517	1.32e-09	intron_variant
NCF4-AS1	1	rs760517	1.32e-09	intron_variant,non_coding_transcript_variant
PLCB4	1	rs185528917	1.32e-09	intron_variant
SUGP2	1	rs187977540	1.32e-09	intron_variant,NMD_transcript_variant
ENSG00000307198	1	rs562913212	1.33e-09	intron_variant,non_coding_transcript_variant
IRS1	1	rs369376569	1.33e-09	intron_variant
KRTAP5-4	1	rs61867574	1.33e-09	synonymous_variant
KRTAP5-AS1	1	rs61867574	1.33e-09	downstream_gene_variant
DARS1-AS1	1	rs10928554	1.35e-09	intron_variant,non_coding_transcript_variant
DGLUCY	1	rs10136247	1.35e-09	intron_variant
ENSG00000293988	1	rs10136247	1.35e-09	intron_variant,non_coding_transcript_variant
ENSG00000310204	1	rs568618547	1.35e-09	intron_variant,non_coding_transcript_variant
SNORA11B	1	rs10136247	1.35e-09	upstream_gene_variant
TPRKBP2	1	rs568618547	1.35e-09	downstream_gene_variant
XPO6	1	rs568618547	1.35e-09	intron_variant
ENSG00000299089	1	rs149130738	1.36e-09	upstream_gene_variant
ENSG00000261810	1	rs565793549	1.38e-09	intron_variant,non_coding_transcript_variant
ENSG00000301941	1	rs541522191	1.38e-09	intron_variant,non_coding_transcript_variant
GRIN2A	1	rs565793549	1.38e-09	intron_variant
ZNF444	1	rs73063828	1.39e-09	downstream_gene_variant
ENSG00000287855	1	rs557094572	1.4e-09	intron_variant,non_coding_transcript_variant
NSUN6	1	rs116483949	1.4e-09	3_prime_UTR_variant,NMD_transcript_variant
ANKRD49P3	1	rs57039572	1.41e-09	downstream_gene_variant
ENSG00000233862	1	rs551026681	1.41e-09	intron_variant,non_coding_transcript_variant
CETP	1	rs141296072	1.42e-09	intron_variant
ENSG00000305642	1	rs535898454	1.42e-09	upstream_gene_variant
MYLK4	1	rs535898454	1.42e-09	intron_variant
WRNIP1	1	rs535898454	1.42e-09	upstream_gene_variant
ENSG00000279348	1	rs705653	1.43e-09	non_coding_transcript_exon_variant
LINC01963	1	rs705653	1.43e-09	upstream_gene_variant
TLN2	1	rs148897233	1.43e-09	intron_variant
ZNF423	1	rs8057047	1.43e-09	intron_variant
PASK	1	rs563563860	1.44e-09	5_prime_UTR_variant
ENSG00000250806	1	rs140004542	1.45e-09	intron_variant,non_coding_transcript_variant
GAB2	1	rs180773699	1.45e-09	intron_variant
ENSG00000227935	1	rs11207023	1.46e-09	upstream_gene_variant
ENSG00000293202	1	rs558065576	1.46e-09	intron_variant,non_coding_transcript_variant
ENSG00000301540	1	rs558065576	1.46e-09	upstream_gene_variant
SEPTIN3	1	rs558065576	1.46e-09	downstream_gene_variant
SLC25A38P1	1	rs78037977	1.46e-09	upstream_gene_variant
SLC25A5P1	1	rs558065576	1.46e-09	downstream_gene_variant
WBP2NL	1	rs558065576	1.46e-09	intron_variant
CDC73	1	rs571387134	1.47e-09	intron_variant
ENSG00000290377	1	rs184352734	1.47e-09	intron_variant,non_coding_transcript_variant
HK3	1	rs142849353	1.47e-09	intron_variant
LINC02087	1	rs184352734	1.47e-09	intron_variant,non_coding_transcript_variant
POPDC1-AS1	1	rs115240483	1.47e-09	intron_variant,non_coding_transcript_variant
SPECC1P1	1	rs184352734	1.47e-09	intron_variant,non_coding_transcript_variant
LINC00529	1	rs147113497	1.48e-09	intron_variant,non_coding_transcript_variant
DNAI7	1	rs549479504	1.5e-09	intron_variant
ENSG00000303153	1	rs571187241	1.5e-09	downstream_gene_variant
RPL32P29	1	rs571187241	1.5e-09	upstream_gene_variant
RPS29	1	rs571187241	1.5e-09	intron_variant
SPAG17	1	rs537582054	1.5e-09	splice_polypyrimidine_tract_variant,intron_variant
ENSG00000300665	1	rs540963177	1.51e-09	intron_variant,non_coding_transcript_variant
UBBP1	1	rs540963177	1.51e-09	downstream_gene_variant
ENSG00000299635	1	rs531552933	1.52e-09	intron_variant,non_coding_transcript_variant
FAM180A	1	rs531552933	1.52e-09	intron_variant
LINC02313	1	rs540411725	1.53e-09	intron_variant,non_coding_transcript_variant
PIK3R1	1	rs144938023	1.53e-09	intron_variant
BHMT	1	rs1644005	1.54e-09	intron_variant
DMGDH	1	rs1644005	1.54e-09	intron_variant,non_coding_transcript_variant
DMTN	1	rs556950334	1.54e-09	downstream_gene_variant
ENSG00000277007	1	rs554562919	1.54e-09	downstream_gene_variant
FHIP2B	1	rs556950334	1.54e-09	upstream_gene_variant
LINC03026	1	rs538520834	1.54e-09	intron_variant,non_coding_transcript_variant
RPTN	1	rs75957773	1.54e-09	missense_variant
ENSG00000285789	1	rs544324850	1.56e-09	intron_variant,non_coding_transcript_variant
ENSG00000309589	1	rs189782794	1.56e-09	upstream_gene_variant
HSD17B6	1	rs189782794	1.56e-09	intron_variant
CCR3	1	rs549428671	1.57e-09	intron_variant
ENSG00000260126	1	rs188766651	1.58e-09	intron_variant,non_coding_transcript_variant
ENSG00000287905	1	rs188766651	1.58e-09	intron_variant,non_coding_transcript_variant
ENSG00000296474	1	rs74097328	1.58e-09	intron_variant,non_coding_transcript_variant
ENSG00000309379	1	rs188766651	1.58e-09	intron_variant,non_coding_transcript_variant
PAK5	1	rs149248303	1.58e-09	intron_variant
ENSG00000305556	1	rs186916283	1.59e-09	downstream_gene_variant
GDNF	1	rs186916283	1.59e-09	upstream_gene_variant
GDNF-AS1	1	rs186916283	1.59e-09	intron_variant,non_coding_transcript_variant
ENSG00000290886	1	rs369423363	1.61e-09	intron_variant,non_coding_transcript_variant
ENSG00000301419	1	rs560230874	1.61e-09	non_coding_transcript_exon_variant
ERCC6L2-AS1	1	rs532391686	1.61e-09	non_coding_transcript_exon_variant
LINC01483	1	rs560230874	1.61e-09	intron_variant,non_coding_transcript_variant
EGFEM1P	1	rs552402302	1.62e-09	intron_variant,non_coding_transcript_variant
ENSG00000293389	1	rs552402302	1.62e-09	intron_variant,non_coding_transcript_variant
SEMA6A-AS2	1	rs186464904	1.62e-09	downstream_gene_variant
ENSG00000228021	1	rs184195997	1.64e-09	upstream_gene_variant
ENSG00000248840	1	rs17181428	1.64e-09	upstream_gene_variant
ENSG00000293213	1	rs17181428	1.64e-09	upstream_gene_variant
FBXW4	1	rs561077149	1.64e-09	intron_variant
RGS12	1	rs17181428	1.64e-09	intron_variant
LRRTM4	1	rs548411287	1.65e-09	intron_variant
ENSG00000306830	1	rs376544659	1.66e-09	intron_variant,non_coding_transcript_variant
GPS2	1	rs58540510	1.66e-09	upstream_gene_variant
NEURL4	1	rs58540510	1.66e-09	intron_variant
SORCS2	1	rs528585723	1.66e-09	downstream_gene_variant
ABCA3	1	rs562182670	1.67e-09	intron_variant
ARL14EPP1	1	rs547555676	1.67e-09	upstream_gene_variant
ENSG00000250397	1	rs576824842	1.67e-09	upstream_gene_variant
ENSG00000296116	1	rs535234575	1.67e-09	intron_variant,non_coding_transcript_variant
ENSG00000296133	1	rs535234575	1.67e-09	downstream_gene_variant
MACO1	1	rs551599729	1.67e-09	intron_variant
ENSG00000263321	1	rs185982438	1.68e-09	downstream_gene_variant
FN3KRP	1	rs185982438	1.68e-09	intron_variant,NMD_transcript_variant
CMC2	1	rs2084961	1.69e-09	intron_variant
ENSG00000278985	1	rs2084961	1.69e-09	downstream_gene_variant
ENSG00000303224	1	rs539351407	1.69e-09	intron_variant,non_coding_transcript_variant
ENSG00000286869	1	rs566256314	1.7e-09	intron_variant,non_coding_transcript_variant
ENSG00000306590	1	rs149293867	1.7e-09	intron_variant,non_coding_transcript_variant
PPP1R1C	1	rs76700098	1.7e-09	intron_variant
ENSG00000301744	1	rs17126453	1.71e-09	upstream_gene_variant
ENSG00000304371	1	rs77751480	1.71e-09	non_coding_transcript_exon_variant
SH3D19	1	rs144837568	1.71e-09	intron_variant
DOCK9	1	rs542386663	1.73e-09	intron_variant,NMD_transcript_variant
HOOK3	1	rs371623510	1.73e-09	intron_variant
PAQR3	1	rs112442092	1.73e-09	intron_variant,NMD_transcript_variant
ENSG00000232234	1	rs200035833	1.74e-09	intron_variant,non_coding_transcript_variant
ENSG00000285216	1	rs200035833	1.74e-09	intron_variant,non_coding_transcript_variant
ID4	1	rs6905736	1.74e-09	downstream_gene_variant
SETDB2	1	rs183534606	1.74e-09	intron_variant
SLC35B3	1	rs200035833	1.74e-09	3_prime_UTR_variant
SNRPGP14	1	rs183534606	1.74e-09	upstream_gene_variant
CDK6-AS1	1	rs80237580	1.75e-09	intron_variant,non_coding_transcript_variant
DOK2	1	rs34215892	1.76e-09	missense_variant
ENSG00000269102	1	rs146796420	1.76e-09	intron_variant,non_coding_transcript_variant
MIR643	1	rs146796420	1.76e-09	downstream_gene_variant
ZNF766	1	rs146796420	1.76e-09	intron_variant
B3GALT1	1	rs533740720	1.78e-09	intron_variant
CNTNAP5	1	rs557442046	1.78e-09	intron_variant
ENSG00000229242	1	rs188507366	1.78e-09	downstream_gene_variant
OVOL2	1	rs189259095	1.78e-09	intron_variant
ACVR1	1	rs147640451	1.8e-09	intron_variant
ANAPC13	1	rs77279071	1.8e-09	3_prime_UTR_variant
ATP11A	1	rs547468500	1.8e-09	intron_variant
FNIP1	1	rs558178550	1.8e-09	intron_variant
GRM7-AS3	1	rs575519465	1.8e-09	intron_variant,non_coding_transcript_variant
LEKR1	1	rs537582791	1.8e-09	intron_variant
COQ8B	1	rs138154061	1.81e-09	5_prime_UTR_variant
FRAS1	1	rs550954448	1.81e-09	intron_variant
ITPKC	1	rs138154061	1.81e-09	upstream_gene_variant
LINC02428	1	rs141850299	1.81e-09	intron_variant,non_coding_transcript_variant
NUDT16-DT	1	rs554983525	1.81e-09	intron_variant,non_coding_transcript_variant
RGSL1	1	rs575357250	1.81e-09	intron_variant
CACNA1C	1	rs547525840	1.82e-09	intron_variant
CEP43	1	rs62436761	1.82e-09	intron_variant
ENSG00000307563	1	rs531697205	1.82e-09	intron_variant,non_coding_transcript_variant
CAPN7	1	rs376778257	1.83e-09	intron_variant
COL6A4P1	1	rs376778257	1.83e-09	upstream_gene_variant
ENSG00000280660	1	rs114422741	1.83e-09	intron_variant,non_coding_transcript_variant
ENSG00000307437	1	rs530047003	1.83e-09	intron_variant,non_coding_transcript_variant
LGI1	1	rs114422741	1.83e-09	intron_variant
ENSG00000254754	1	rs544615023	1.84e-09	intron_variant,non_coding_transcript_variant
TSPAN14	1	rs10788639	1.84e-09	intron_variant
ENSG00000231606	1	rs575920201	1.86e-09	upstream_gene_variant
ENSG00000291185	1	rs547706414	1.86e-09	intron_variant,non_coding_transcript_variant
SRRM4	1	rs183923134	1.86e-09	intron_variant
SRRM4-AS1	1	rs183923134	1.86e-09	intron_variant,non_coding_transcript_variant
PDE1A	1	rs28627441	1.87e-09	intron_variant
ENSG00000305353	1	rs115933136	1.88e-09	upstream_gene_variant
ENSG00000305376	1	rs115933136	1.88e-09	intron_variant,non_coding_transcript_variant
SLC30A10	1	rs149132223	1.88e-09	intron_variant,non_coding_transcript_variant
ENSG00000285741	1	rs192182287	1.9e-09	intron_variant,non_coding_transcript_variant
ENSG00000293906	1	rs564723521	1.9e-09	upstream_gene_variant
SLC46A3	1	rs564723521	1.9e-09	intron_variant
ENSG00000298206	1	rs181831583	1.91e-09	intron_variant,non_coding_transcript_variant
ENSG00000294844	1	rs536908089	1.92e-09	downstream_gene_variant
FAM151B-DT	1	rs531503449	1.92e-09	intron_variant,non_coding_transcript_variant
ITIH5	1	rs531445303	1.92e-09	intron_variant
MSI2	1	rs150814287	1.92e-09	intron_variant
RALB	1	rs536908089	1.92e-09	intron_variant
SUMO2P2	1	rs565963683	1.92e-09	upstream_gene_variant
ZFYVE16	1	rs531503449	1.92e-09	non_coding_transcript_exon_variant
ENSG00000303513	1	rs146518271	1.93e-09	non_coding_transcript_exon_variant
KMO	1	rs534620455	1.93e-09	intron_variant
MED17	1	rs186253985	1.93e-09	intron_variant
OPN3	1	rs534620455	1.93e-09	downstream_gene_variant
CDH12	1	rs534487025	1.95e-09	intron_variant
ENSG00000282142	1	rs535847131	1.95e-09	intron_variant,non_coding_transcript_variant
ENSG00000253926	1	rs58452854	1.96e-09	non_coding_transcript_exon_variant
ENSG00000310008	1	rs531775237	1.96e-09	downstream_gene_variant
ENSG00000267284	1	rs185684413	1.97e-09	intron_variant,non_coding_transcript_variant
EPC1	1	rs149064226	1.97e-09	intron_variant
PHGDH	1	rs587627674	1.97e-09	intron_variant
RNF126	1	rs539556134	1.97e-09	3_prime_UTR_variant
CFTR	1	rs35453239	2.01e-09	non_coding_transcript_exon_variant
CFTR-AS2	1	rs35453239	2.01e-09	upstream_gene_variant
ENSG00000285860	1	rs34345136	2.02e-09	intron_variant,non_coding_transcript_variant
ENSG00000299263	1	rs34345136	2.02e-09	intron_variant,non_coding_transcript_variant
ACSS3	1	rs11830342	2.03e-09	intron_variant
BANK1	1	rs368611164	2.03e-09	intron_variant
BFSP2	1	rs563633705	2.03e-09	intron_variant
BFSP2-AS1	1	rs563633705	2.03e-09	intron_variant,non_coding_transcript_variant
COLGALT1	1	rs567748579	2.03e-09	missense_variant
EIF2AP4	1	rs149405463	2.03e-09	downstream_gene_variant
ENSG00000254631	1	rs575734354	2.03e-09	upstream_gene_variant
ENSG00000255440	1	rs575734354	2.03e-09	upstream_gene_variant
ENSG00000259309	1	rs184270621	2.03e-09	non_coding_transcript_exon_variant
ENSG00000295957	1	rs60038102	2.03e-09	intron_variant,non_coding_transcript_variant
ENSG00000295997	1	rs60038102	2.03e-09	intron_variant,non_coding_transcript_variant
ENSG00000298207	1	rs184455217	2.03e-09	intron_variant,non_coding_transcript_variant
ENSG00000304734	1	rs79632289	2.03e-09	intron_variant,non_coding_transcript_variant
IL15	1	rs532295410	2.03e-09	intron_variant
LETM1	1	rs540460107	2.03e-09	intron_variant
MIR548AL	1	rs575734354	2.03e-09	upstream_gene_variant
OR2K2	1	rs186276499	2.03e-09	upstream_gene_variant
PGM2L1	1	rs575734354	2.03e-09	intron_variant
SYN2	1	rs140056413	2.03e-09	intron_variant
TBC1D12	1	rs11188006	2.03e-09	intron_variant
ZFR2	1	rs576885080	2.03e-09	intron_variant
ENSG00000287999	1	rs4510515	2.07e-09	intron_variant,non_coding_transcript_variant
ENSG00000299747	1	rs78218185	2.09e-09	upstream_gene_variant
FMNL1	1	rs551898740	2.09e-09	intron_variant
FMNL1-AS1	1	rs551898740	2.09e-09	downstream_gene_variant
HLA-DRB9	1	rs78218185	2.09e-09	intron_variant,non_coding_transcript_variant
LINC02699	1	rs372720538	2.1e-09	intron_variant,non_coding_transcript_variant
ENSG00000259396	1	rs577187913	2.12e-09	upstream_gene_variant
HECTD4	1	rs528077558	2.12e-09	intron_variant
MPZL2	1	rs555578962	2.12e-09	intron_variant
NRG1	1	rs533850457	2.12e-09	intron_variant
NUSAP1	1	rs577187913	2.12e-09	intron_variant
FANCI	1	rs531173266	2.13e-09	intron_variant
DENND5B	1	rs193263011	2.14e-09	intron_variant
ENSG00000289464	1	rs114045542	2.14e-09	intron_variant,non_coding_transcript_variant
FSTL5	1	rs537877390	2.15e-09	intron_variant
ENSG00000287937	1	rs188964071	2.16e-09	upstream_gene_variant
ENSG00000299339	1	rs188964071	2.16e-09	intron_variant,non_coding_transcript_variant
IL1B	1	rs188964071	2.16e-09	3_prime_UTR_variant
USP3	1	rs7166997	2.16e-09	intron_variant
USP3-AS1	1	rs7166997	2.16e-09	non_coding_transcript_exon_variant
ENSG00000305212	1	rs1627507	2.17e-09	downstream_gene_variant
ACTE1P	1	rs532158083	2.18e-09	intron_variant,non_coding_transcript_variant
C16orf78	1	rs190252268	2.18e-09	upstream_gene_variant
ENSG00000262950	1	rs190252268	2.18e-09	intron_variant,non_coding_transcript_variant
ENSG00000269032	1	rs530042384	2.18e-09	upstream_gene_variant
ENSG00000293686	1	rs530042384	2.18e-09	downstream_gene_variant
ENSG00000306193	1	rs151158980	2.18e-09	intron_variant,non_coding_transcript_variant
HNRNPA3P4	1	rs551116405	2.18e-09	non_coding_transcript_exon_variant
MZF1-AS1	1	rs530042384	2.18e-09	intron_variant,non_coding_transcript_variant
OR7D1P	1	rs532363559	2.18e-09	upstream_gene_variant
WARS2P1	1	rs146525873	2.19e-09	upstream_gene_variant
ENSG00000301299	1	rs575488485	2.2e-09	upstream_gene_variant
S100A7L2	1	rs41265154	2.2e-09	upstream_gene_variant
ENSG00000277011	1	rs568578721	2.21e-09	upstream_gene_variant
ENSG00000278872	1	rs568578721	2.21e-09	downstream_gene_variant
GALNT9	1	rs568578721	2.21e-09	intron_variant
GALNT9-AS1	1	rs568578721	2.21e-09	non_coding_transcript_exon_variant
RARS2	1	rs4365903	2.21e-09	intron_variant
ENSG00000307575	1	rs145340271	2.22e-09	downstream_gene_variant
ENSG00000237453	1	rs145818426	2.24e-09	upstream_gene_variant
PTPN3	1	rs184309213	2.24e-09	intron_variant
TTC22	1	rs145818426	2.24e-09	intron_variant
ENSG00000296008	1	rs560895244	2.26e-09	intron_variant,non_coding_transcript_variant
AKT3	1	rs181802426	2.27e-09	intron_variant
MAPK10	1	rs115074357	2.27e-09	intron_variant,NMD_transcript_variant
ENSG00000304218	1	rs571310781	2.29e-09	intron_variant,non_coding_transcript_variant
LINC02435	1	rs571310781	2.29e-09	downstream_gene_variant
MIR646HG	1	rs533391655	2.29e-09	intron_variant,non_coding_transcript_variant
MRPL49P1	1	rs116310786	2.29e-09	non_coding_transcript_exon_variant
ATL2	1	rs191488417	2.31e-09	upstream_gene_variant
DNM3	1	rs528645525	2.31e-09	intron_variant
PIGC	1	rs528645525	2.31e-09	downstream_gene_variant
RNU6-157P	1	rs528645525	2.31e-09	upstream_gene_variant
INSR	1	rs547773337	2.33e-09	intron_variant
PGBD4P8	1	rs551201351	2.33e-09	downstream_gene_variant
ENSG00000236986	1	rs148761085	2.34e-09	intron_variant,non_coding_transcript_variant
NUP214	1	rs148761085	2.34e-09	intron_variant
RALY	1	rs11697947	2.34e-09	intron_variant
LINC02406	1	rs12817660	2.35e-09	intron_variant,non_coding_transcript_variant
PTPN13	1	rs147050420	2.35e-09	intron_variant
ENSG00000263567	1	rs374697264	2.37e-09	non_coding_transcript_exon_variant
ENSG00000286965	1	rs11684846	2.37e-09	non_coding_transcript_exon_variant
ENSG00000302515	1	rs11684846	2.37e-09	intron_variant,non_coding_transcript_variant
GPR160P2	1	rs374697264	2.37e-09	downstream_gene_variant
ENSG00000280238	1	rs540255916	2.39e-09	upstream_gene_variant
PIK3R6	1	rs144074828	2.39e-09	intron_variant,NMD_transcript_variant
ZSWIM8	1	rs540255916	2.39e-09	missense_variant
ENSG00000231601	1	rs543374088	2.43e-09	downstream_gene_variant
ENSG00000258931	1	rs143866551	2.44e-09	upstream_gene_variant
INTS9	1	rs188013426	2.45e-09	intron_variant
ENSG00000298702	1	rs114233038	2.46e-09	intron_variant,non_coding_transcript_variant
ENSG00000302235	1	rs554484818	2.46e-09	intron_variant,non_coding_transcript_variant
COL4A1	1	rs202002553	2.47e-09	intron_variant
ENSG00000289062	1	rs541718823	2.47e-09	downstream_gene_variant
PECR	1	rs143183611	2.48e-09	intron_variant
POLK	1	rs533637891	2.48e-09	intron_variant
ENSG00000259352	1	rs55881121	2.49e-09	upstream_gene_variant
ENSG00000304409	1	rs55881121	2.49e-09	upstream_gene_variant
PALD1	1	rs192859775	2.49e-09	intron_variant
SORD	1	rs55881121	2.49e-09	3_prime_UTR_variant
ENSG00000233724	1	rs150260588	2.5e-09	downstream_gene_variant
ENSG00000285803	1	rs541901128	2.51e-09	upstream_gene_variant
ENSG00000286041	1	rs200044816	2.51e-09	intron_variant,non_coding_transcript_variant
HM13	1	rs569407894	2.51e-09	upstream_gene_variant
RNA5SP472	1	rs200044816	2.51e-09	upstream_gene_variant
ENSG00000177699	1	rs181640607	2.52e-09	downstream_gene_variant
ENSG00000259097	1	rs857229	2.52e-09	intron_variant,non_coding_transcript_variant
ENSG00000295869	1	rs857229	2.52e-09	intron_variant,non_coding_transcript_variant
CSTP2	1	rs117693843	2.53e-09	upstream_gene_variant
ENSG00000261458	1	rs564877317	2.53e-09	non_coding_transcript_exon_variant
ENSG00000295809	1	rs28373140	2.53e-09	intron_variant,non_coding_transcript_variant
ENSG00000305587	1	rs4550510	2.56e-09	upstream_gene_variant
ENSG00000306812	1	rs17445108	2.56e-09	intron_variant,non_coding_transcript_variant
ENSG00000286765	1	rs148378392	2.57e-09	intron_variant,non_coding_transcript_variant
ENSG00000288939	1	rs148378392	2.57e-09	intron_variant,non_coding_transcript_variant
SFMBT2	1	rs148705878	2.57e-09	intron_variant
ENSG00000286728	1	rs189932800	2.59e-09	intron_variant,non_coding_transcript_variant
LINC01978	1	rs527394841	2.6e-09	intron_variant,non_coding_transcript_variant
TBC1D16	1	rs527394841	2.6e-09	intron_variant
ENSG00000234784	1	rs538887854	2.63e-09	upstream_gene_variant
ENSG00000276122	1	rs552717286	2.63e-09	downstream_gene_variant
ENSG00000280405	1	rs552717286	2.63e-09	upstream_gene_variant
ENSG00000288102	1	rs559861371	2.63e-09	intron_variant,non_coding_transcript_variant
ENSG00000289624	1	rs553771966	2.63e-09	intron_variant,non_coding_transcript_variant
ENSG00000307365	1	rs185450972	2.63e-09	downstream_gene_variant
FZD10-AS1	1	rs552717286	2.63e-09	downstream_gene_variant
LINC02822	1	rs559861371	2.63e-09	intron_variant,non_coding_transcript_variant
MEIS2	1	rs566098205	2.63e-09	intron_variant,NMD_transcript_variant
NLRP9P1	1	rs541301175	2.63e-09	intron_variant,non_coding_transcript_variant
SAMMSON	1	rs370203563	2.63e-09	intron_variant,non_coding_transcript_variant
TRIOBP	1	rs185450972	2.63e-09	intron_variant,NMD_transcript_variant
ENSG00000253041	1	rs146893379	2.65e-09	upstream_gene_variant
PLPPR1	1	rs146893379	2.65e-09	intron_variant
ENSG00000302921	1	rs564945281	2.67e-09	intron_variant,non_coding_transcript_variant
LINC02096	1	rs187378278	2.67e-09	intron_variant,non_coding_transcript_variant
ENSG00000289484	1	rs546869213	2.68e-09	intron_variant,non_coding_transcript_variant
LINC02819	1	rs546869213	2.68e-09	intron_variant,non_coding_transcript_variant
OR10J5	1	rs546869213	2.68e-09	missense_variant
RNU4ATAC16P	1	rs531879891	2.68e-09	upstream_gene_variant
WNK1	1	rs531879891	2.68e-09	intron_variant
QDPR	1	rs180812360	2.69e-09	intron_variant
ENSG00000280217	1	rs575397602	2.7e-09	non_coding_transcript_exon_variant
LINC01257	1	rs575397602	2.7e-09	intron_variant,non_coding_transcript_variant
NF1	1	rs147127744	2.7e-09	intron_variant
PRORP	1	rs180890258	2.71e-09	intron_variant
RPL23AP70	1	rs180890258	2.71e-09	upstream_gene_variant
BTBD2	1	rs533043855	2.72e-09	intron_variant
CHILL1	1	rs185352690	2.72e-09	downstream_gene_variant
ENSG00000275468	1	rs533043855	2.72e-09	upstream_gene_variant
FOXC2	1	rs61676736	2.72e-09	upstream_gene_variant
FOXC2-AS1	1	rs61676736	2.72e-09	non_coding_transcript_exon_variant
HMGB3P15	1	rs58685997	2.72e-09	downstream_gene_variant
SMARCAD1-DT	1	rs58685997	2.72e-09	intron_variant,non_coding_transcript_variant
TNFRSF10B	1	rs185352690	2.72e-09	upstream_gene_variant
TNFRSF10B-AS1	1	rs185352690	2.72e-09	intron_variant,non_coding_transcript_variant
ENSG00000226431	1	rs569770079	2.73e-09	upstream_gene_variant
NEURL1	1	rs569770079	2.73e-09	intron_variant
SLC5A11	1	rs533973787	2.73e-09	intron_variant
NAA25	1	rs566849191	2.75e-09	intron_variant
NHSL1	1	rs189129791	2.75e-09	intron_variant
SLC4A10	1	rs11693702	2.75e-09	intron_variant
USP14	1	rs140350158	2.75e-09	upstream_gene_variant
XRCC2	1	rs181104715	2.76e-09	upstream_gene_variant
AGPAT4	1	rs75917293	2.77e-09	intron_variant
ENSG00000294986	1	rs8087436	2.77e-09	intron_variant,non_coding_transcript_variant
POU2AF1	1	rs12799546	2.77e-09	intron_variant
SMIM36	1	rs143906073	2.77e-09	intron_variant,non_coding_transcript_variant
CTDP1-DT	1	rs138776210	2.79e-09	intron_variant,non_coding_transcript_variant
ENSG00000279707	1	rs533959313	2.79e-09	downstream_gene_variant
MACROD2	1	rs114460171	2.79e-09	intron_variant
SMAD2	1	rs533959313	2.79e-09	intron_variant
CCNB2P1	1	rs530326584	2.81e-09	downstream_gene_variant
RNU6-534P	1	rs530326584	2.81e-09	upstream_gene_variant
UMAD1	1	rs530326584	2.81e-09	intron_variant
ENSG00000301068	1	rs188270621	2.83e-09	intron_variant,non_coding_transcript_variant
RN7SL868P	1	rs188270621	2.83e-09	upstream_gene_variant
ZNF439	1	rs17001721	2.83e-09	downstream_gene_variant
LINC01885	1	rs192706539	2.84e-09	intron_variant,non_coding_transcript_variant
ENSG00000266743	1	rs537456083	2.86e-09	downstream_gene_variant
ENSG00000293739	1	rs144329831	2.87e-09	downstream_gene_variant
FENDRR	1	rs570622271	2.87e-09	intron_variant,non_coding_transcript_variant
NEDD9	1	rs145781990	2.87e-09	intron_variant
RASAL2	1	rs189321018	2.87e-09	intron_variant
ENSG00000295216	1	rs534974926	2.88e-09	intron_variant,non_coding_transcript_variant
ATP5MGP2	1	rs574307759	2.89e-09	upstream_gene_variant
CCDC146	1	rs9801498	2.89e-09	intron_variant
ENSG00000260177	1	rs542687655	2.89e-09	intron_variant,non_coding_transcript_variant
ENSG00000287029	1	rs61261797	2.89e-09	downstream_gene_variant
ENSG00000308238	1	rs542687655	2.89e-09	downstream_gene_variant
PBX1	1	rs568403791	2.89e-09	intron_variant,non_coding_transcript_variant
RPS3	1	rs373138683	2.89e-09	upstream_gene_variant
MAP7	1	rs536523812	2.91e-09	intron_variant
DECR1	1	rs566146972	2.92e-09	upstream_gene_variant
ENSG00000288001	1	rs568578032	2.92e-09	upstream_gene_variant
ENSG00000298563	1	rs566146972	2.92e-09	intron_variant,non_coding_transcript_variant
MSH4	1	rs187215358	2.92e-09	intron_variant
NBN	1	rs566146972	2.92e-09	intron_variant,NMD_transcript_variant
CELF6-AS1	1	rs556876869	2.93e-09	intron_variant,non_coding_transcript_variant
ENSG00000249380	1	rs527706212	2.93e-09	downstream_gene_variant
ENSG00000297865	1	rs77798824	2.93e-09	intron_variant,non_coding_transcript_variant
ENSG00000304753	1	rs527706212	2.93e-09	intron_variant,non_coding_transcript_variant
ENSG00000307747	1	rs189739278	2.93e-09	intron_variant,non_coding_transcript_variant
ESYT1	1	rs77798824	2.93e-09	intron_variant,NMD_transcript_variant
MYL6B-AS1	1	rs77798824	2.93e-09	downstream_gene_variant
ENSG00000295338	1	rs2989872	2.94e-09	intron_variant,non_coding_transcript_variant
PKD1L1	1	rs546864118	2.95e-09	intron_variant
TM4SF20	1	rs189415898	2.96e-09	intron_variant
AFF1	1	rs375875617	2.98e-09	intron_variant
ENSG00000293096	1	rs572510190	2.98e-09	downstream_gene_variant
ENSG00000294072	1	rs184831594	2.98e-09	upstream_gene_variant
IL12RB2	1	rs540197415	3e-09	intron_variant
RYR3	1	rs573204658	3e-09	intron_variant
ENSG00000309730	1	rs528990782	3.01e-09	intron_variant,non_coding_transcript_variant
ENSG00000310132	1	rs542584979	3.01e-09	downstream_gene_variant
ENSG00000257951	1	rs571673264	3.02e-09	upstream_gene_variant
ENSG00000293554	1	rs571673264	3.02e-09	upstream_gene_variant
ENSG00000298430	1	rs571673264	3.02e-09	downstream_gene_variant
PDCD2P2	1	rs571673264	3.02e-09	downstream_gene_variant
BMPR1B	1	rs549613935	3.03e-09	intron_variant
RNU6-1116P	1	rs556289247	3.03e-09	downstream_gene_variant
ENSG00000301142	1	rs556243178	3.04e-09	upstream_gene_variant
RMP24	1	rs137948973	3.04e-09	intron_variant
RPRD1A	1	rs137948973	3.04e-09	3_prime_UTR_variant
SLC17A1	1	rs10498730	3.04e-09	intron_variant
BFSP1	1	rs569524280	3.05e-09	upstream_gene_variant
ENSG00000232528	1	rs533899147	3.05e-09	upstream_gene_variant
ENSG00000277373	1	rs569524280	3.05e-09	upstream_gene_variant
ENSG00000286288	1	rs533899147	3.05e-09	intron_variant,non_coding_transcript_variant
SCD5	1	rs559205189	3.05e-09	intron_variant
RGS21	1	rs192807579	3.06e-09	intron_variant
LINC02538	1	rs561837122	3.07e-09	intron_variant,non_coding_transcript_variant
MYH11	1	rs111336720	3.07e-09	intron_variant
ENSG00000236550	1	rs142828423	3.09e-09	downstream_gene_variant
ENSG00000296776	1	rs142828423	3.09e-09	intron_variant,non_coding_transcript_variant
PIAS1	1	rs2046788	3.09e-09	intron_variant
SIRPB3P	1	rs142828423	3.09e-09	intron_variant,non_coding_transcript_variant
ENSG00000286914	1	rs59719828	3.11e-09	upstream_gene_variant
COP1	1	rs551128285	3.12e-09	intron_variant
ENSG00000287860	1	rs566858968	3.13e-09	intron_variant,non_coding_transcript_variant
CDH8	1	rs373986395	3.16e-09	intron_variant
ENSG00000303989	1	rs373986395	3.16e-09	upstream_gene_variant
KDM5A	1	rs542000946	3.16e-09	intron_variant
LHFPL3	1	rs565101569	3.16e-09	intron_variant
ENSG00000300258	1	rs1238556	3.17e-09	intron_variant,non_coding_transcript_variant
MOGAT2	1	rs1238556	3.17e-09	intron_variant
BHLHA15	1	rs181971715	3.19e-09	upstream_gene_variant
MYPN	1	rs542569679	3.19e-09	intron_variant
RPL17P41	1	rs556077143	3.19e-09	upstream_gene_variant
DYRK1A	1	rs547052804	3.22e-09	intron_variant
ZSWIM4	1	rs559219392	3.22e-09	intron_variant
ENSG00000306657	1	rs370205530	3.25e-09	downstream_gene_variant
LINC01079	1	rs74042187	3.26e-09	intron_variant,non_coding_transcript_variant
MARCHF1	1	rs578155468	3.26e-09	intron_variant
OR56B4	1	rs76989971	3.26e-09	downstream_gene_variant
RNY1P1	1	rs74042187	3.26e-09	downstream_gene_variant
ENSG00000295089	1	rs546396839	3.27e-09	upstream_gene_variant
ENSG00000301223	1	rs181661157	3.27e-09	downstream_gene_variant
ENSG00000306211	1	rs187058867	3.27e-09	intron_variant,non_coding_transcript_variant
RNU6-558P	1	rs536761922	3.28e-09	upstream_gene_variant
LINC01060	1	rs149254127	3.31e-09	intron_variant,non_coding_transcript_variant
GRID2	1	rs139656710	3.32e-09	intron_variant
NECTIN3-AS1	1	rs578014391	3.32e-09	intron_variant,non_coding_transcript_variant
ENSG00000286340	1	rs11963526	3.33e-09	intron_variant,non_coding_transcript_variant
ANKRD29	1	rs540050823	3.34e-09	3_prime_UTR_variant
ENSG00000289375	1	rs568542441	3.34e-09	downstream_gene_variant
UQCRHP1	1	rs568542441	3.34e-09	downstream_gene_variant
ACSM3	1	rs574490661	3.36e-09	5_prime_UTR_variant
ENSG00000260510	1	rs574490661	3.36e-09	downstream_gene_variant
THUMPD1	1	rs574490661	3.36e-09	5_prime_UTR_variant
UFL1-AS1	1	rs2205759	3.37e-09	intron_variant,non_coding_transcript_variant
PPP1R16B	1	rs545325890	3.39e-09	intron_variant
SERTAD2	1	rs13421997	3.39e-09	intron_variant,non_coding_transcript_variant
UBE4B	1	rs548304617	3.4e-09	intron_variant
ZFAT	1	rs528685246	3.4e-09	intron_variant
LOXL1	1	rs373664056	3.41e-09	intron_variant
ENSG00000298783	1	rs7179656	3.42e-09	non_coding_transcript_exon_variant
ENSG00000274818	1	rs12892262	3.43e-09	downstream_gene_variant
ENSG00000309883	1	rs552650287	3.43e-09	intron_variant,non_coding_transcript_variant
FBXO16	1	rs578077949	3.43e-09	downstream_gene_variant
PCNX1	1	rs12892262	3.43e-09	upstream_gene_variant
PNOC	1	rs578077949	3.43e-09	downstream_gene_variant
ZNF395	1	rs578077949	3.43e-09	downstream_gene_variant
LRRC4B	1	rs141284447	3.44e-09	intron_variant
ENSG00000258526	1	rs192545817	3.45e-09	intron_variant,non_coding_transcript_variant
ENSG00000304331	1	rs541062711	3.47e-09	downstream_gene_variant
TSPAN5	1	rs541062711	3.47e-09	intron_variant
VASH2	1	rs376872565	3.47e-09	intron_variant,non_coding_transcript_variant
ZFHX3-AS1	1	rs559048974	3.47e-09	upstream_gene_variant
ENSG00000270207	1	rs138582234	3.49e-09	non_coding_transcript_exon_variant
ENSG00000293803	1	rs74795823	3.49e-09	upstream_gene_variant
ENSG00000307917	1	rs557041458	3.49e-09	splice_acceptor_variant,non_coding_transcript_variant
GRM7	1	rs138582234	3.49e-09	intron_variant
MROH9	1	rs540355368	3.49e-09	intron_variant
TCF7	1	rs557041458	3.49e-09	intron_variant
ENSG00000258440	1	rs545393002	3.5e-09	downstream_gene_variant
ZBTB7A	1	rs3760904	3.5e-09	5_prime_UTR_variant
CYP2A13	1	rs570875313	3.51e-09	downstream_gene_variant
TEKT1	1	rs538313772	3.52e-09	intron_variant
ENSG00000248484	1	rs150594850	3.54e-09	intron_variant,non_coding_transcript_variant
ENSG00000290028	1	rs180859440	3.54e-09	downstream_gene_variant
ENSG00000296582	1	rs540213691	3.54e-09	intron_variant,non_coding_transcript_variant
ENSG00000299103	1	rs45473596	3.54e-09	downstream_gene_variant
ENSG00000310042	1	rs150594850	3.54e-09	non_coding_transcript_exon_variant
LNCBRM	1	rs540213691	3.54e-09	intron_variant,non_coding_transcript_variant
MN1	1	rs45473596	3.54e-09	missense_variant
ENSG00000289887	1	rs192726608	3.55e-09	upstream_gene_variant
ENSG00000272217	1	rs107860	3.59e-09	upstream_gene_variant
HCG25	1	rs107860	3.59e-09	non_coding_transcript_exon_variant
MED23	1	rs566851365	3.59e-09	intron_variant
PRDM1	1	rs74526772	3.59e-09	intron_variant
VPS52	1	rs107860	3.59e-09	intron_variant
ENSG00000231236	1	rs150200421	3.6e-09	downstream_gene_variant
ENSG00000236332	1	rs150200421	3.6e-09	upstream_gene_variant
ENSG00000299990	1	rs560880787	3.6e-09	downstream_gene_variant
RNA5SP45	1	rs560880787	3.6e-09	downstream_gene_variant
ENSG00000253656	1	rs182724326	3.61e-09	downstream_gene_variant
ENSG00000301491	1	rs182724326	3.61e-09	intron_variant,non_coding_transcript_variant
PHF20	1	rs200410144	3.61e-09	intron_variant
ENSG00000273275	1	rs112809838	3.62e-09	upstream_gene_variant
ENSG00000307578	1	rs111396174	3.62e-09	intron_variant,non_coding_transcript_variant
PNO1	1	rs112809838	3.62e-09	3_prime_UTR_variant
ENSG00000188897	1	rs7194752	3.63e-09	intron_variant
ENSG00000285898	1	rs151324278	3.63e-09	intron_variant,non_coding_transcript_variant
RMI2	1	rs7194752	3.63e-09	intron_variant
ENSG00000296489	1	rs56078635	3.64e-09	intron_variant,non_coding_transcript_variant
LINC01018	1	rs189749960	3.64e-09	non_coding_transcript_exon_variant
ADAM7-AS1	1	rs148026915	3.65e-09	intron_variant,non_coding_transcript_variant
ENSG00000261448	1	rs187083833	3.66e-09	intron_variant,non_coding_transcript_variant
XYLT1	1	rs187083833	3.66e-09	intron_variant
BNIP3L	1	rs567568330	3.68e-09	downstream_gene_variant
HECTD1	1	rs149558029	3.68e-09	intron_variant
PNMA2	1	rs567568330	3.68e-09	3_prime_UTR_variant
ENSG00000231901	1	rs556599756	3.7e-09	intron_variant,non_coding_transcript_variant
FAM238C	1	rs575398232	3.71e-09	non_coding_transcript_exon_variant
RPL12P24	1	rs188169395	3.71e-09	upstream_gene_variant
ZFPM2	1	rs188169395	3.71e-09	intron_variant
ZFPM2-AS1	1	rs188169395	3.71e-09	intron_variant,non_coding_transcript_variant
ENSG00000288813	1	rs4141168	3.73e-09	downstream_gene_variant
ENSG00000308207	1	rs530770579	3.73e-09	intron_variant,non_coding_transcript_variant
HLA-C	1	rs4141168	3.73e-09	upstream_gene_variant
RPL3P2	1	rs4141168	3.73e-09	upstream_gene_variant
SCYL1	1	rs1787663	3.73e-09	intron_variant
USP8P1	1	rs4141168	3.73e-09	non_coding_transcript_exon_variant
ENSG00000263745	1	rs7226923	3.74e-09	intron_variant,non_coding_transcript_variant
ENSG00000282876	1	rs539368329	3.76e-09	upstream_gene_variant
IFT52	1	rs539368329	3.76e-09	intron_variant
ENSG00000302927	1	rs565681406	3.77e-09	downstream_gene_variant
ENSG00000310362	1	rs79929503	3.77e-09	intron_variant,non_coding_transcript_variant
POGLUT1	1	rs7611041	3.77e-09	intron_variant
RNF144B	1	rs565681406	3.77e-09	intron_variant
ENSG00000289150	1	rs543478283	3.78e-09	intron_variant,non_coding_transcript_variant
OR52L2P	1	rs543478283	3.78e-09	downstream_gene_variant
CATSPERB	1	rs144193881	3.79e-09	intron_variant
ENSG00000303039	1	rs144193881	3.79e-09	intron_variant,non_coding_transcript_variant
VPS8	1	rs185281308	3.79e-09	intron_variant
ENSG00000204990	1	rs567948905	3.8e-09	downstream_gene_variant
ENSG00000302815	1	rs146952590	3.8e-09	intron_variant,non_coding_transcript_variant
CIBAR1-DT	1	rs145081654	3.81e-09	intron_variant,non_coding_transcript_variant
SGPP1	1	rs541974425	3.81e-09	intron_variant
ALOX5AP	1	rs79549449	3.82e-09	intron_variant
ENSG00000258107	1	rs539953138	3.84e-09	intron_variant,non_coding_transcript_variant
ENSG00000286040	1	rs539953138	3.84e-09	non_coding_transcript_exon_variant
ENSG00000297289	1	rs551213436	3.86e-09	intron_variant,non_coding_transcript_variant
PLCB1	1	rs227136	3.87e-09	intron_variant
ENSG00000269924	1	rs150430008	3.88e-09	downstream_gene_variant
ENSG00000289536	1	rs368839973	3.88e-09	downstream_gene_variant
IGHD7-27	1	rs368839973	3.88e-09	downstream_gene_variant
IGHJ1	1	rs368839973	3.88e-09	downstream_gene_variant
IGHJ1P	1	rs368839973	3.88e-09	downstream_gene_variant
IGHJ2	1	rs368839973	3.88e-09	downstream_gene_variant
IGHJ2P	1	rs368839973	3.88e-09	downstream_gene_variant
IGHJ3	1	rs368839973	3.88e-09	missense_variant
IGHJ3P	1	rs368839973	3.88e-09	upstream_gene_variant
IGHJ4	1	rs368839973	3.88e-09	upstream_gene_variant
IGHJ5	1	rs368839973	3.88e-09	upstream_gene_variant
IGHJ6	1	rs368839973	3.88e-09	upstream_gene_variant
ENSG00000265643	1	rs58348887	3.89e-09	intron_variant,non_coding_transcript_variant
FRG1-DT	1	rs185783614	3.91e-09	intron_variant,non_coding_transcript_variant
TRARG1	1	rs116002593	3.91e-09	splice_polypyrimidine_tract_variant,intron_variant
CCL22	1	rs223819	3.93e-09	intron_variant
ENSG00000245008	1	rs183388904	3.93e-09	intron_variant,non_coding_transcript_variant
ENSG00000308574	1	rs183388904	3.93e-09	downstream_gene_variant
MGAT5	1	rs115257047	3.93e-09	intron_variant
ABHD17AP6	1	rs571542790	3.94e-09	downstream_gene_variant
CCDC144NL	1	rs571542790	3.94e-09	non_coding_transcript_exon_variant
CCDC144NL-AS1	1	rs571542790	3.94e-09	intron_variant,non_coding_transcript_variant
ENSG00000305265	1	rs9909541	3.94e-09	intron_variant,non_coding_transcript_variant
IRF4	1	rs9392504	3.94e-09	downstream_gene_variant
SH3RF1	1	rs113183020	3.94e-09	intron_variant
TIMP2	1	rs9909541	3.94e-09	intron_variant
MYO16	1	rs149635091	3.98e-09	intron_variant
ENSG00000279929	1	rs560766521	4e-09	non_coding_transcript_exon_variant
LINC02247	1	rs560766521	4e-09	upstream_gene_variant
RAI14	1	rs533905741	4e-09	intron_variant
ENSG00000289577	1	rs557657244	4.02e-09	intron_variant,non_coding_transcript_variant
ENSG00000305505	1	rs115316322	4.02e-09	intron_variant,non_coding_transcript_variant
ETS1	1	rs4245080	4.02e-09	intron_variant
GALNS	1	rs12596491	4.02e-09	upstream_gene_variant
PABPN1L	1	rs12596491	4.02e-09	downstream_gene_variant
TRAPPC2L	1	rs12596491	4.02e-09	3_prime_UTR_variant
ENSG00000283040	1	rs546317140	4.04e-09	upstream_gene_variant
ENSG00000296088	1	rs546317140	4.04e-09	upstream_gene_variant
FAM41C	1	rs546317140	4.04e-09	upstream_gene_variant
DUSP16	1	rs147374839	4.05e-09	synonymous_variant
LINC00397	1	rs115949026	4.05e-09	intron_variant,non_coding_transcript_variant
BRPF3	1	rs563447432	4.06e-09	intron_variant
LINC02208	1	rs542280475	4.06e-09	intron_variant,non_coding_transcript_variant
LINC01720	1	rs115285331	4.07e-09	intron_variant,non_coding_transcript_variant
ENSG00000278863	1	rs116986872	4.09e-09	downstream_gene_variant
ENSG00000303188	1	rs116986872	4.09e-09	upstream_gene_variant
MIR4729	1	rs116986872	4.09e-09	downstream_gene_variant
SSC4D	1	rs191449430	4.09e-09	intron_variant
YPEL2	1	rs116986872	4.09e-09	intron_variant
ZP3	1	rs191449430	4.09e-09	upstream_gene_variant
ENSG00000256149	1	rs567582625	4.1e-09	intron_variant,non_coding_transcript_variant
ENSG00000282987	1	rs13070706	4.1e-09	intron_variant,non_coding_transcript_variant
ENSG00000294918	1	rs567582625	4.1e-09	intron_variant,non_coding_transcript_variant
FAM13C	1	rs541185488	4.11e-09	intron_variant
ENSG00000266905	1	rs7240215	4.15e-09	intron_variant,non_coding_transcript_variant
ENSG00000309250	1	rs7240215	4.15e-09	downstream_gene_variant
DSCR4	1	rs185901688	4.16e-09	intron_variant,non_coding_transcript_variant
KCNJ6	1	rs185901688	4.16e-09	intron_variant
VPS50	1	rs560529213	4.16e-09	intron_variant
ENSG00000289218	1	rs146599849	4.19e-09	intron_variant,non_coding_transcript_variant
ENSG00000294474	1	rs116628557	4.21e-09	intron_variant,non_coding_transcript_variant
CSNK1G1	1	rs76512413	4.22e-09	intron_variant
ENSG00000285929	1	rs116358071	4.22e-09	upstream_gene_variant
ENSG00000295823	1	rs116358071	4.22e-09	upstream_gene_variant
LINC00485	1	rs541543170	4.22e-09	intron_variant,non_coding_transcript_variant
NEMP2-DT	1	rs559868929	4.22e-09	intron_variant,non_coding_transcript_variant
ENSG00000226355	1	rs1220820	4.25e-09	upstream_gene_variant
ENSG00000230676	1	rs1220820	4.25e-09	intron_variant,non_coding_transcript_variant
ENSG00000297491	1	rs1220820	4.25e-09	downstream_gene_variant
ENSG00000302716	1	rs1220820	4.25e-09	upstream_gene_variant
ENSG00000304813	1	rs550584094	4.27e-09	intron_variant,non_coding_transcript_variant
PFKFB2	1	rs186658965	4.3e-09	intron_variant
ENSG00000259543	1	rs528345317	4.31e-09	intron_variant,non_coding_transcript_variant
TMC3-AS1	1	rs528345317	4.31e-09	intron_variant,non_coding_transcript_variant
LINC00667	1	rs34630948	4.32e-09	intron_variant,non_coding_transcript_variant
ENSG00000286635	1	rs188588106	4.36e-09	intron_variant,non_coding_transcript_variant
ATP2C2	1	rs577687984	4.37e-09	non_coding_transcript_exon_variant
ATP2C2-AS1	1	rs577687984	4.37e-09	non_coding_transcript_exon_variant
ENSG00000297494	1	rs534743336	4.37e-09	upstream_gene_variant
ENSG00000305404	1	rs577687984	4.37e-09	upstream_gene_variant
KALRN	1	rs534743336	4.37e-09	intron_variant
ENSG00000258902	1	rs146806896	4.4e-09	intron_variant,non_coding_transcript_variant
ENSG00000231604	1	rs189970624	4.41e-09	intron_variant,non_coding_transcript_variant
ENSG00000257611	1	rs182875432	4.41e-09	downstream_gene_variant
ENSG00000296830	1	rs185400420	4.41e-09	intron_variant,non_coding_transcript_variant
SPINDOC	1	rs185400420	4.41e-09	upstream_gene_variant
LINC02173	1	rs6852554	4.44e-09	intron_variant,non_coding_transcript_variant
RNF113B	1	rs139280197	4.44e-09	upstream_gene_variant
ENSG00000213875	1	rs114434639	4.45e-09	upstream_gene_variant
ENSG00000225152	1	rs57607301	4.46e-09	non_coding_transcript_exon_variant
LINC02641	1	rs57607301	4.46e-09	intron_variant,non_coding_transcript_variant
RANGAP1	1	rs368180176	4.46e-09	intron_variant
C10orf90	1	rs570002184	4.47e-09	intron_variant
CGAS	1	rs145958137	4.47e-09	intron_variant
ENSG00000289216	1	rs529683986	4.49e-09	downstream_gene_variant
ENSG00000291194	1	rs569262871	4.49e-09	non_coding_transcript_exon_variant
GUCA1B	1	rs529683986	4.49e-09	intron_variant
RPH3A	1	rs149700650	4.49e-09	intron_variant
ENSG00000307461	1	rs571008579	4.51e-09	downstream_gene_variant
DNAH12	1	rs189324776	4.52e-09	intron_variant
RNA5SP158	1	rs6856032	4.53e-09	upstream_gene_variant
ADGRF4	1	rs55726323	4.55e-09	intron_variant
ENSG00000286259	1	rs116411087	4.55e-09	upstream_gene_variant
CCDC148	1	rs562338160	4.57e-09	intron_variant
ENSG00000223849	1	rs578115783	4.57e-09	upstream_gene_variant
FANCC	1	rs578115783	4.57e-09	intron_variant
PDK4-AS1	1	rs146141739	4.58e-09	intron_variant,non_coding_transcript_variant
CPSF4L	1	rs79986344	4.59e-09	intron_variant
ENSG00000234426	1	rs192044882	4.59e-09	intron_variant,non_coding_transcript_variant
ENSG00000250603	1	rs137957345	4.6e-09	intron_variant,non_coding_transcript_variant
ABTB3	1	rs563148503	4.61e-09	intron_variant
ENSG00000306026	1	rs563148503	4.61e-09	intron_variant,non_coding_transcript_variant
CHD2	1	rs558768156	4.64e-09	3_prime_UTR_variant,NMD_transcript_variant
ENSG00000287704	1	rs561358834	4.65e-09	intron_variant,non_coding_transcript_variant
ENSG00000296146	1	rs561358834	4.65e-09	downstream_gene_variant
RNF213	1	rs550557109	4.66e-09	intron_variant
RNF213-AS1	1	rs550557109	4.66e-09	intron_variant,non_coding_transcript_variant
UTP20	1	rs77569927	4.66e-09	intron_variant
MGST3	1	rs142586739	4.67e-09	intron_variant
CYB5AP3	1	rs187909745	4.69e-09	downstream_gene_variant
ENSG00000286787	1	rs560443322	4.7e-09	intron_variant,non_coding_transcript_variant
ENSG00000301438	1	rs560443322	4.7e-09	downstream_gene_variant
KIF24	1	rs562892280	4.7e-09	intron_variant
MIPEP	1	rs529418944	4.7e-09	intron_variant
NUDT2	1	rs537054698	4.7e-09	5_prime_UTR_variant
PLD5	1	rs117881980	4.7e-09	intron_variant,NMD_transcript_variant
PLD5-AS1	1	rs117881980	4.7e-09	intron_variant,non_coding_transcript_variant
PSMF1	1	rs560443322	4.7e-09	upstream_gene_variant
RN7SKP12	1	rs117881980	4.7e-09	upstream_gene_variant
DAXX	1	rs539433562	4.74e-09	downstream_gene_variant
ENSG00000269896	1	rs58965274	4.74e-09	downstream_gene_variant
ENSG00000292993	1	rs58965274	4.74e-09	downstream_gene_variant
FRMD4B	1	rs560612591	4.74e-09	intron_variant
MORN1	1	rs58965274	4.74e-09	intron_variant
TAPBP	1	rs539433562	4.74e-09	upstream_gene_variant
ZBTB22	1	rs539433562	4.74e-09	missense_variant
BBX	1	rs560898308	4.77e-09	intron_variant
ENSG00000294889	1	rs560898308	4.77e-09	upstream_gene_variant
NFIX	1	rs570016910	4.77e-09	upstream_gene_variant
GRM5	1	rs573858437	4.78e-09	intron_variant
DAPK1	1	rs150020515	4.8e-09	intron_variant
DAPK1-IT1	1	rs150020515	4.8e-09	upstream_gene_variant
ENSG00000294752	1	rs567799359	4.8e-09	intron_variant,non_coding_transcript_variant
TMEM116	1	rs147864869	4.84e-09	intron_variant
ENSG00000309661	1	rs9836924	4.85e-09	downstream_gene_variant
ENSG00000287408	1	rs536166857	4.86e-09	upstream_gene_variant
FGFR1	1	rs185709135	4.86e-09	intron_variant
TMED3	1	rs536166857	4.86e-09	intron_variant
ENSG00000228683	1	rs564179596	4.87e-09	intron_variant,non_coding_transcript_variant
LINC01846	1	rs547002637	4.87e-09	intron_variant,non_coding_transcript_variant
CERS5	1	rs148129035	4.88e-09	intron_variant
ENSG00000272368	1	rs148129035	4.88e-09	intron_variant,non_coding_transcript_variant
ENSG00000287092	1	rs567066517	4.89e-09	intron_variant,non_coding_transcript_variant
ENSG00000298695	1	rs574819651	4.89e-09	downstream_gene_variant
ENSG00000301010	1	rs567066517	4.89e-09	upstream_gene_variant
LINC03016	1	rs116819050	4.91e-09	intron_variant,non_coding_transcript_variant
CDH23	1	rs534475300	4.94e-09	intron_variant
ENSG00000232930	1	rs528144526	4.94e-09	intron_variant,non_coding_transcript_variant
ENSG00000287893	1	rs528144526	4.94e-09	intron_variant,non_coding_transcript_variant
ENSG00000298106	1	rs6721008	4.94e-09	downstream_gene_variant
MIR661	1	rs559704737	4.94e-09	downstream_gene_variant
PLEC	1	rs559704737	4.94e-09	intron_variant
CERS4	1	rs527290878	4.96e-09	intron_variant
ENSG00000250126	1	rs546100599	4.96e-09	intron_variant,non_coding_transcript_variant
IFIT1B	1	rs77715068	4.96e-09	upstream_gene_variant
IFIT3	1	rs77715068	4.96e-09	intron_variant
LINC00534	1	rs149921709	4.96e-09	intron_variant,non_coding_transcript_variant
LINC01030	1	rs149921709	4.96e-09	intron_variant,non_coding_transcript_variant
LIPA	1	rs77715068	4.96e-09	intron_variant
STXBP5-AS1	1	rs531355832	4.96e-09	intron_variant,non_coding_transcript_variant
GATAD2A	1	rs546564802	4.97e-09	intron_variant
ULK4	1	rs149692427	4.98e-09	intron_variant
ENSG00000259598	1	rs376791038	5e-09	intron_variant,non_coding_transcript_variant
RASGRP1	1	rs376791038	5e-09	intron_variant
